X,Y,OBJECTID,PaccNumber,custCOMPANY_NAME,custDBA,pvNUMBER,custID,pvYEAR,pvEFFDATE,pvEXPIRE,contCREATED,contCALCDATE,contPOSTDATE,paccCOMPANY,addrNUMBER_MAIL,addrSTREET1_MAIL,addrSTREET2_MAIL,addrCITY_MAIL,stABBR_MAIL,addrZIP_MAIL,Full_Address,addrNUMBER_PHYSICAL,addrSTREET1_PHYSICAL,addrSTREET2_PHYSICAL,addrZIP_PHYSICAL,scID,scCODE,scNAME,pvscDESC,nbiCODE,pvrtCODE,pvrtDESC,CITY,addrCITY_PHYSICAL,stABBR_PHYSICAL,Id,postYear,GlobalID,created_user,created_date,last_edited_user,last_edited_date
523296.58896558,673171.815142155,1,9351819-BUS,ACCESS NEW TECHNOLOGY SOLUTIONS,ACCESS NEW TECHNOLOGY  SOLUTIONS,202100008367,28464,2021,2021/01/01,2021/12/31,2021/02/25,2021/01/31,2021/01/31,ACCESS NEW TECHNOLOGY SOLUTIONS,3110,KNIGHTSBRIDGE CURV,,MONTGOMERY,AL,361111206,3110 KNIGHTSBRIDGE CURV,3110,KNIGHTSBRIDGE CURV,,361111206,675,541600,CONSULTANT,CONSULTANT,,,Renew,YES,MONTGOMERY,AL,7,2021,{88F1CD02-8D76-4C72-AE54-01F081BC04A2},,,,
533706.706268661,664603.245337069,2,9356537-BUS,ACCESSORIES BY CHAISE,ACCESSORIES BY CHAISE,202200007076,8108,2021,2021/01/01,2021/12/31,2022/02/16,2022/01/27,2022/01/27,ACCESSORIES BY CHAISE,5708,VILLAS LN,APT A,MONTGOMERY,AL,36116,5708 VILLAS LN,5708,VILLAS LN,APT A,36116,787,0,,BUSINESS TO BE CONDUCTED IN A,,,Renew,YES,MONTGOMERY,AL,8,2022,{95EF32D7-CE74-4F4E-8F79-0EAE99BF57FB},,,,
533706.706268661,664603.245337069,3,9356537-BUS,ACCESSORIES BY CHAISE,ACCESSORIES BY CHAISE,202200007077,8108,2022,2022/01/01,2022/12/31,2022/02/16,2022/02/09,2022/02/09,ACCESSORIES BY CHAISE,5708,VILLAS LN,APT A,MONTGOMERY,AL,36116,5708 VILLAS LN,5708,VILLAS LN,APT A,36116,787,0,,BUSINESS TO BE CONDUCTED IN A,,,Renew,YES,MONTGOMERY,AL,8,2022,{46E94CF2-ADD4-496B-9158-EF08F8FE52A8},,,,
,,4,9341289-BUS,ACCLAIM INDUSTRIES,ACCLAIM INDUSTRIES,202100007791,10395,2021,2021/01/01,2021/12/31,2021/02/23,2021/02/02,2021/02/25,ACCLAIM INDUSTRIES,600,SOUTH COURT ST,,MONTGOMERY,AL,36104,600 COURST ST SOUTH,600,COURST ST SOUTH,,36104,559,339999,MISCELLANEOUS MANUFACTURINGSPECIALTY MANUFACTURING NOT DEFINED IN SEPARATE CATEGORIES,MISCELLANEOUS MANUFACTURINGURETHANE AND FOAM,,,Renew,YES,MONTGOMERY,AL,,2021,{DD9F780C-B95A-4E2B-BAA6-28E4728B3063},,,,
,,5,9355146-BUS,ACCO BRANDS USA LLC,ACCO BRANDS USA LLC,202300009754,3755,2023,2023/01/01,2023/12/31,2023/02/23,2023/02/03,2023/02/23,ACCO BRANDS USA LLC,,PO BOX 80600,,INDIANAPOLIS,IN,46280,4 CORPORATE DR,4,CORPORATE DR,,600478924,607,453998,ALL OTHER MISCELLANEOUS RETAILERS,ALL OTHER MISCELLANEOUS RETAILERS,,,Renew,NO,LAKE ZURICH,IL,,2023,{71E7B668-9EB7-4702-9550-69BE58136AFE},,,,
529112.96808083,668024.797549069,6,9367338-BUS,ACCURATE BUILDING SERVICES,ACCURATE BUILDING SERVICES,202100009012,19704,2021,2021/01/01,2021/12/31,2021/02/28,2021/02/25,2021/02/25,ACCURATE BUILDING SERVICES,3509,FALCON RIDGE CT,,MONTGOMERY,AL,36111,3509 FALCON RIDGE CT,3509,FALCON RIDGE CT,,36111,541,238990,CONTRACTORSALL OTHERS,CONTRACTORSALL OTHERS,,,Renew,YES,MONTGOMERY,AL,5,2021,{2BC99714-64EF-4EED-A79B-7185C517ADA5},,,,
,,7,044020-BUS,ACE CONSTRUCTION INC,ACE CONSTRUCTION INC,202300015123,47315,2023,2023/01/01,2023/12/31,2023/10/05,2023/10/01,2023/10/10,ACE CONSTRUCTION INC,7806,VAUGHN RD PMB 1136,,MONTGOMERY,AL,361161333,7806 VAUGHN RD PMB 1136,7806,VAUGHN RD PMB 1136,,361161333,787,0,,"CONSTRUCTION JOBS UNDER $10,000",,,New,YES,MONTGOMERY,AL,,2023,{354DB184-B898-4CB9-92B4-F6C25287A405},,,,
,,8,1730086-BUS,ACE ELECTRIC,ACE ELECTRIC,202200003963,26590,2022,2022/01/01,2022/12/31,2022/02/01,2022/02/02,2022/02/04,ACE ELECTRIC,,P O BOX 241322,,MONTGOMERY,AL,36124,244 MENDEL PKWY W,244,MENDEL PKWY W,,361175405,787,0,,ME# 03851 / 31559 BILLY R JORDAN,,,Renew,YES,MONTGOMERY,AL,,2022,{A7947D64-11B8-40E5-8B80-FB324AF314F3},,,,
,,9,1730086-BUS,ACE ELECTRIC,ACE ELECTRIC,202200003963,26590,2022,2022/01/01,2022/12/31,2022/02/01,2022/02/02,2022/02/04,ACE ELECTRIC,,P O BOX 241322,,MONTGOMERY,AL,36124,244 MENDEL PKWY W,244,MENDEL PKWY W,,361175405,538,238310,CONTRACTORSSPECIALTY TRADEELECTRICAL CONTRACTORS,CONTRACTOR - ELEC,,,Renew,YES,MONTGOMERY,AL,,2022,{3870E5A3-4F6A-43AC-AA80-E4675AC24B52},,,,
,,10,1730086-BUS,ACE ELECTRIC,ACE ELECTRIC,202300008443,26590,2023,2023/01/01,2023/12/31,2023/02/17,2023/01/31,2023/02/28,ACE ELECTRIC,,P O BOX 241322,,MONTGOMERY,AL,36124,244 MENDEL PKWY W,244,MENDEL PKWY W,,361175405,787,0,,ME# 03851 / 42324 BILLY R JORDAN EXP DATE 06/30/2023,,,Renew,YES,MONTGOMERY,AL,,2023,{BFC0BDD5-F600-41FB-BDB9-54E17F2A811A},,,,
,,11,1730086-BUS,ACE ELECTRIC,ACE ELECTRIC,202400001303,26590,2024,2024/01/01,2024/12/31,2024/01/22,2024/01/19,2024/01/26,ACE ELECTRIC,,P O BOX 241322,,MONTGOMERY,AL,36124,244 MENDEL PKWY W,244,MENDEL PKWY W,,361175405,787,0,,ME# 03851 BILLY R JORDAN EXP DATE 06/30/2024,,,Renew,YES,MONTGOMERY,AL,,2024,{79918881-D958-4C59-A0BE-1E1B1B2908E0},,,,
,,12,1730086-BUS,ACE ELECTRIC,ACE ELECTRIC,202400001303,26590,2024,2024/01/01,2024/12/31,2024/01/22,2024/01/19,2024/01/26,ACE ELECTRIC,,P O BOX 241322,,MONTGOMERY,AL,36124,244 MENDEL PKWY W,244,MENDEL PKWY W,,361175405,538,238310,CONTRACTORSSPECIALTY TRADEELECTRICAL CONTRACTORS,CONTRACTOR - ELEC,,,Renew,YES,MONTGOMERY,AL,,2024,{C3ACA8ED-43D1-484B-BF29-D42A6676C060},,,,
532897.635052163,660949.192605823,13,1790044-BUS,ACE GLASS INC,ACE GLASS INC,202100004090,1649,2021,2021/01/01,2021/12/31,2021/02/08,2021/01/31,2021/02/07,ACE GLASS INC,5036,BUSINESS PARK DR,,MONTGOMERY,AL,36116,5036 BUSINESS PARK DR,5036,BUSINESS PARK DR,,36116,589,444130,"BUILDING MATERIALSHARDWARE, PAINT, HOME CENTER, WALLPAPER, NURSERY",GLASS RETAIL,,,Renew,YES,MONTGOMERY,AL,6,2021,{FEC8D42C-0AE2-41CD-ACA8-3E9DB4E99009},,,,
532897.635052163,660949.192605823,14,1790044-BUS,ACE GLASS INC,ACE GLASS INC,202200005509,1649,2022,2022/01/01,2022/12/31,2022/02/10,2022/02/07,2022/02/07,ACE GLASS INC,5036,BUSINESS PARK DR,,MONTGOMERY,AL,36116,5036 BUSINESS PARK DR,5036,BUSINESS PARK DR,,36116,540,238920,CONTRACTORSSPECIALTY TRADEGLASS AND GLAZING CONTRACTORS,GLASS INSTALLATION CONTRACTOR,,,Renew,YES,MONTGOMERY,AL,6,2022,{DC64FF88-2B7C-4ECB-955A-72AFAE98042B},,,,
532897.635052163,660949.192605823,15,1790044-BUS,ACE GLASS INC,ACE GLASS INC,202300004139,1649,2023,2023/01/01,2023/12/31,2023/02/01,2023/02/01,2023/02/01,ACE GLASS INC,5036,BUSINESS PARK DR,,MONTGOMERY,AL,36116,5036 BUSINESS PARK DR,5036,BUSINESS PARK DR,,36116,589,444130,"BUILDING MATERIALSHARDWARE, PAINT, HOME CENTER, WALLPAPER, NURSERY",GLASS RETAIL,,,Renew,YES,MONTGOMERY,AL,6,2023,{2A917E73-B923-45C0-874C-ADD50D900F5F},,,,
532897.635052163,660949.192605823,16,1790044-BUS,ACE GLASS INC,ACE GLASS INC,202300004139,1649,2023,2023/01/01,2023/12/31,2023/02/01,2023/02/01,2023/02/01,ACE GLASS INC,5036,BUSINESS PARK DR,,MONTGOMERY,AL,36116,5036 BUSINESS PARK DR,5036,BUSINESS PARK DR,,36116,540,238920,CONTRACTORSSPECIALTY TRADEGLASS AND GLAZING CONTRACTORS,GLASS INSTALLATION CONTRACTOR,,,Renew,YES,MONTGOMERY,AL,6,2023,{61B0DFC4-993F-4171-8DA3-1138A50BEB81},,,,
532897.635052163,660949.192605823,17,1790044-BUS,ACE GLASS INC,ACE GLASS INC,202400004092,1649,2024,2024/01/01,2024/12/31,2024/02/06,2024/01/31,2024/01/31,ACE GLASS INC,5036,BUSINESS PARK DR,,MONTGOMERY,AL,36116,5036 BUSINESS PARK DR,5036,BUSINESS PARK DR,,36116,589,444130,"BUILDING MATERIALSHARDWARE, PAINT, HOME CENTER, WALLPAPER, NURSERY",GLASS RETAIL,,,Renew,YES,MONTGOMERY,AL,6,2024,{44099F1F-FAB7-4390-9B42-8DF0A6FB968B},,,,
,,18,9344575-BUS,ACE INDUSTRIES INC,ACE INDUSTRIES INC,202100009439,5310,2021,2021/01/01,2021/12/31,2021/02/13,2021/01/26,2021/01/26,ACE INDUSTRIES INC,6295,MCDONOUGH DR,,NORCROSS,GA,30093,6295 MCDONOUGH DR,6295,MCDONOUGH DR,,30093,749,811310,REPAIRS AND MAINTENANCECOMMERCIAL EQUIPMENT,REPAIR SERVICE,,,Renew,NO,NORCROSS,GA,,2021,{DE6BF6DC-879F-4B3A-BAED-94E194FA5768},,,,
,,19,043588-BUS,ACE MINI SELF STORAGE LLC,ACE MINI SELF STORAGE LLC,202300014606,46883,2023,2023/01/01,2023/12/31,2023/08/17,2023/07/28,2023/08/30,ACE MINI SELF STORAGE LLC,30,N GOULD ST,SUITE 6174,SHERIDAN,WY,828016317,3620 DAY ST,3620,DAY ST,,361082114,661,531100,RENTAL AND LEASINGREAL PROPERTY RENTAL,RENTAL AND LEASING - SELF STORAGE UNITS,,,New,YES,MONTGOMERY,AL,,2023,{6A5A4F2F-8643-46C6-BDFB-10F8BF87FE93},,,,
560190.766817495,676932.382424153,21,9343405-BUS,A L M INCOME TAX SERVICE,A L M INCOME TAX SERVICE,202200000582,15175,2022,2022/01/01,2022/12/31,2022/01/04,2022/01/03,2022/01/03,A L M INCOME TAX SERVICE,7454,WIMBERLY LN,,MONTGOMERY,AL,36117,7454 WIMBERLY LN,7454,WIMBERLY LN,,36117,787,0,,ALL BUSINESS TO BE CONDUCTED IN,,,Renew,YES,MONTGOMERY,AL,9,2022,{E067FA4F-992A-4776-A3E7-54301CFD748F},,,,
560190.766817495,676932.382424153,22,9343405-BUS,A L M INCOME TAX SERVICE,A L M INCOME TAX SERVICE,202300001759,15175,2023,2023/01/01,2023/12/31,2023/01/13,2023/01/10,2023/01/10,A L M INCOME TAX SERVICE,7454,WIMBERLY LN,,MONTGOMERY,AL,36117,7454 WIMBERLY LN,7454,WIMBERLY LN,,36117,787,0,,ALL BUSINESS TO BE CONDUCTED IN,,,Renew,YES,MONTGOMERY,AL,9,2023,{A501980F-F839-4304-9AFB-B826B3542D96},,,,
560190.766817495,676932.382424153,23,9343405-BUS,A L M INCOME TAX SERVICE,A L M INCOME TAX SERVICE,202400000530,15175,2024,2024/01/01,2024/12/31,2024/01/09,2024/01/09,2024/01/12,A L M INCOME TAX SERVICE,7454,WIMBERLY LN,,MONTGOMERY,AL,36117,7454 WIMBERLY LN,7454,WIMBERLY LN,,36117,669,541210,ACCOUNTING/TAX PREPARATION/BOOKKEEPING/PAYROLL SERVICES,TAX PREPARATION SERVICE,,,Renew,YES,MONTGOMERY,AL,9,2024,{5CDBB91F-0BD7-47B1-B8CE-6C372F1BF608},,,,
,,25,9347016-BUS,A M P S  LLC,A M P S  LLC,202400009411,5356,2024,2024/01/01,2024/12/31,2024/03/01,2024/02/07,2024/03/19,A M P S  LLC,,PO BOX 951,,DADEVILLE,AL,36853,PO BOX 951,PO BOX 951,PO BOX 951,,368530951,787,0,,10% RULE,,,Renew,NO,DADEVILLE,AL,,2024,{A289EE7A-ED28-4527-A7E0-D27CD6EDCCE2},,,HNAM,2025/04/04 19:19:32+00
,,26,7396829-BUS,A M S ENTERPRISES LLC,A M S ENTERPRISES LLC,202400008849,21130,2024,2024/01/01,2024/12/31,2024/02/26,2024/01/31,2024/03/01,A M S ENTERPRISES LLC,,PO BOX 20,,MONTGOMERY,AL,36101,323 BIBB ST,323,BIBB ST,,36104,675,541600,CONSULTANT,BUSINESS CONSULTING SERVICE,,,Renew,YES,MONTGOMERY,AL,,2024,{32AF2BDE-8165-4684-A368-D33FD161F581},,,,
,,27,038647-BUS,A MAYE BUILDING SERVICES LLC,A MAYE BUILDING SERVICES LLC,202100015168,41941,2021,2021/01/01,2021/12/31,2021/11/09,2021/11/20,2021/11/15,A MAYE BUILDING SERVICES LLC,4170,W MILL ST,,GEORGIANA,AL,360334710,4170 W MILL ST,4170,W MILL ST,,360334710,533,236320,"CONTRACTORSGENERAL CONTRACTORS, COMM. BLDG, RESIDENTIAL, SUBDIVISIONS, LANDSCAPING CONTRACTORS ","CONTRACTORSGENERAL CONTRACTORS, COMM. BLDG, RESIDENTIAL, SUBDIVISIONS, LANDSCAPING CONTRACTORS ",,,New,NO,GEORGIANA,AL,,2021,{C47A6659-D022-436F-83F6-714CB7D643F4},,,,
553243.951314829,673458.083926573,28,036757-BUS,A NEW DIRECTION BREAKING THE CYCLE OF POVERTY INC,A NEW DIRECTION BREAKING THE CYCLE OF POVERTY INC,202100011322,40051,2021,2021/01/01,2021/12/31,2021/03/31,2021/03/31,2021/03/31,A NEW DIRECTION BREAKING THE CYCLE OF POVERTY INC,6966,LAKEVIEW DR,,MONTGOMERY,AL,361174432,1711 TALIAFERRO TRL,1711,TALIAFERRO TRL,,361177758,709,621498,"OUTPATIENT CARE CENTERSCLINICS, ALL OTHER TYPES OF MEDICAL SERVICES",OUTPATIENT MENTAL HEALTH COUNSELING,,,New,YES,MONTGOMERY,AL,9,2021,{D9BBAB55-54C4-4C87-8375-E652D80BB22D},,,,
,,29,036756-BUS,A NEW DIRECTION BREAKING THE CYCLE OF POVERTY INC,A NEW DIRECTION BREAKING THE CYCLE OF POVERTY INC,202100011323,40050,2021,2021/01/01,2021/12/31,2021/03/31,2021/03/31,2021/03/31,A NEW DIRECTION BREAKING THE CYCLE OF POVERTY INC,6966,LAKEVIEW DR,,MONTGOMERY,AL,361174432,2742 CENTRAL PKWY,2742,CENTRAL PKWY,,361063243,709,621498,"OUTPATIENT CARE CENTERSCLINICS, ALL OTHER TYPES OF MEDICAL SERVICES",OUTPATIENT MENTAL HEALTH COUNSELING,,,New,YES,MONTGOMERY,AL,,2021,{B6DE9959-61AE-4821-8546-3829D5264325},,,,
,,32,9359944-BUS,A NEW PERSPECTIVE COUNSELING,A NEW PERSPECTIVE COUNSELING,202100002352,30822,2021,2021/01/01,2021/12/31,2021/01/29,2021/01/27,2021/01/27,A NEW PERSPECTIVE COUNSELING,1425,I85 PKWY,STE F,MONTGOMERY,AL,361062860,1425 I85 PKWY,1425,I85 PKWY,STE F ,361062860,787,0,,COURTNEY DIANNE CEPHAS,,,Renew,YES,MONTGOMERY,AL,,2021,{70FD5582-C9A3-4D49-930F-F9FFB411A617},,,,
536181.041543078,684890.642098159,33,039000-BUS,A ONE CUTS AND STYLES,A ONE CUTS AND STYLES,202300014402,42294,2023,2023/01/01,2023/12/31,2023/02/21,2023/02/21,2023/02/21,A ONE CUTS AND STYLES,5153,ATLANTA HWY,,MONTGOMERY,AL,36109,5153 ATLANTA HWY,5153,ATLANTA HWY,,36109,752,812100,BARBERSHOP,,,,New,YES,MONTGOMERY,AL,1,2023,{05905650-FA1B-4C31-BBBD-ED4FD3713BB2},,,,
,,34,9364391-BUS,A ONE DELIVERY,A ONE DELIVERY,202100011591,25609,2020,2020/01/01,2020/12/31,2021/03/25,2021/03/20,2021/03/25,A ONE DELIVERY,160,STONE PARK BLVD APT 302,,PIKE ROAD,AL,36064,160 STONE PARK BLVD APT 302,160,STONE PARK BLVD APT 302,,36064,626,492110,"COURIERSCOURIERS/LOCAL MESSENGERS, SERVICES, LOCAL DELIVERY SERVICES",COURIERSCOURIERS/LOCAL MESSENGERS SERVICES LOCAL DELIVERY SERVICES,,,Renew,NO,PIKE ROAD,AL,,2021,{D95561AE-A678-499A-9837-54CD06FD6AAB},,,,
,,35,9364345-BUS,A ONE EVENTS BY SHARONDA,A ONE EVENTS BY SHARONDA,202100010647,19289,2021,2021/01/01,2021/12/31,2021/03/09,2021/03/04,2021/03/04,A ONE EVENTS BY SHARONDA,3201,MILAN DR,,MONTGOMERY,AL,36109,60 BROOKWOOD DR,60,BROOKWOOD DR,,360932743,764,812900,ALL OTHER PERSONAL SERVICES,EVENT DECOR AND PLANNING SERVICES,,,Renew,NO,WETUMPKA,AL,,2021,{20B48788-F4E3-446B-9947-6682149F2C2F},,,,
,,36,5990269-BUS,A ONE PRODUCTS INCORPORATED,A ONE PRODUCTS INCORPORATED,202300010337,529,2023,2023/01/01,2023/12/31,2023/02/28,2023/01/31,2023/02/28,A ONE PRODUCTS INCORPORATED,2020,AVE F,ENSLEY,BIRMINGHAM,AL,35218,2020 AVE F,2020,AVE F,,35218,607,453998,ALL OTHER MISCELLANEOUS RETAILERS,MERCHANTS RETAIL,,,Renew,NO,BIRMINGHAM,AL,,2023,{4F7B18B5-A6A8-436F-A6C0-78BDDCA61DD6},,,,
,,37,9346469-BUS,A P G LAND PARTNERS LLP,A P G LAND PARTNERS LLP,202100001060,28128,2021,2021/01/01,2021/12/31,2021/01/19,2021/01/16,2021/01/16,A P G LAND PARTNERS LLP,,P O BOX 230725,,MONTGOMERY,AL,361230725,4228 LOMAC ST,4228,LOMAC ST,,36106,661,531100,RENTAL AND LEASINGREAL PROPERTY RENTAL,RENTAL AND LEASING,,,Renew,YES,MONTGOMERY,AL,,2021,{559A7B3F-4549-4163-AAC3-6AD4B42770A0},,,,
,,38,9346469-BUS,A P G LAND PARTNERS LLP,A P G LAND PARTNERS LLP,202200004668,28128,2022,2022/01/01,2022/12/31,2022/02/07,2022/01/20,2022/02/01,A P G LAND PARTNERS LLP,,P O BOX 230725,,MONTGOMERY,AL,361230725,4228 LOMAC ST,4228,LOMAC ST,,36106,661,531100,RENTAL AND LEASINGREAL PROPERTY RENTAL,RENTAL AND LEASING,,,Renew,YES,MONTGOMERY,AL,,2022,{7B127CD2-2362-48D8-BC37-AB881579FE9A},,,,
,,39,7340796-BUS,A P JANITORIAL,A P JANITORIAL,202200004372,14452,2022,2022/01/01,2022/12/31,2022/02/05,2022/01/14,2022/02/01,A P JANITORIAL,2912,TYLER RD,,MONTGOMERY,AL,36110,2912 TYLER RD,2912,TYLER RD,,36110,691,561720,JANITORIAL FIRMJANITORIAL CLEANING SERVICESINDIVIDUAL OR FIRM,JANITORIAL SERVICE,,,Renew,YES,MONTGOMERY,AL,,2022,{D51CF250-B736-48FA-AD5C-F49F31ACFED5},,,,
485093.34155333,648011.477995738,40,039424-BUS,A P TRUCKING SERVICES LLC,A P TRUCKING SERVICES LLC,202200008809,42718,2022,2022/01/01,2022/12/31,2022/02/28,2022/03/01,2022/03/01,A P TRUCKING SERVICES LLC,3510,ZACK GORDON PL,,HOPE HULL ,AL,36043,3510 ZACK GORDON PL,3510,ZACK GORDON PL,,36043,620,484122,"TRUCK TRANSPORTATIONLOCAL, LONG DISTANCE, FREIGHT-MOVING AND STORAGE",,,,New,YES,HOPE HULL ,AL,,2022,{0CCB489E-7DC4-41D4-BEA9-0319C1534192},,,,
,,41,9366438-BUS,ACE PACKAGING,ACE PACKAGING,202100000863,26294,2021,2021/01/01,2021/12/31,2021/01/15,2021/01/14,2021/01/14,ACE PACKAGING,261,WELCH AVE,,SPRINGS,AL,36089,261 WELCH AVE,261,WELCH AVE,,36089,580,422990,ALL OTHER WHOLESALE TRADENON-DURABLE,,,,Renew,NO,SPRINGS,AL,,2021,{ED16B0F9-5F9A-4E7E-A5A1-994EFE30405A},,,,
479254.941812828,660389.20914574,42,9361473-BUS,ACE PRECISION AMERICA INC,ACE PRECISION AMERICA INC,202100012819,10298,2021,2021/01/01,2021/12/31,2021/05/24,2021/05/21,2021/05/21,ACE PRECISION AMERICA INC,4269,ALATEX RD,,MONTGOMERY,AL,361084868,4269 ALATEX RD,4269,ALATEX RD,,361084868,746,811118,"REPAIRS AND MAINTENANCEAUTO, PAINT/BODY, OTHER VEHICULAR",REPAIRS AND MAINTENANCEAUTO PAINT/BODY OTHER VEHICULAR,,,Renew,YES,MONTGOMERY,AL,4,2021,{5EFBF90D-664D-4F25-B3FB-36277EA11DC0},,,,
,,43,037947-BUS,ACHIEVING VISIONARY SOLUTIONS INCORPORATED,ACHIEVING VISIONARY SOLUTIONS INCORPORATED,202200012965,41241,2022,2022/01/01,2022/12/31,2022/05/24,2022/04/20,2022/05/31,ACHIEVING VISIONARY SOLUTIONS INCORPORATED,414,W 2ND ST,APT B,ELMIRA,NY,149012619,414 W 2ND ST,414,W 2ND ST,APT B,149012619,697,562111,"SOLID WASTE COLLECTIONSCRAP DEALER, SCRAP YARD, JUNK COLLECTORS",RECYCLING,,,New,NO,ELMIRA,NY,,2022,{E9F18382-EAF8-4EAC-9D8C-90F9C73A2829},,,,
,,44,044435-BUS,ACI BUILDING SYSTEMS LLC,ACI BUILDING SYSTEMS LLC,202300015675,47730,2020,2020/01/01,2020/12/31,2023/12/21,2023/12/11,2023/12/01,ACI BUILDING SYSTEMS LLC,,PO BOX 1316,,BATESVILLE,MS,386061316,PO BOX 1316,PO BOX 1316,PO BOX 1316,,386061316,589,444130,"BUILDING MATERIALSHARDWARE, PAINT, HOME CENTER, WALLPAPER, NURSERY",,,,New,NO,BATESVILLE,MS,,2023,{2D58E4EE-029B-44BA-BB99-67CD2CAF8BA5},,,HNAM,2025/04/04 19:19:32+00
,,45,044435-BUS,ACI BUILDING SYSTEMS LLC,ACI BUILDING SYSTEMS LLC,202300015676,47730,2022,2022/01/01,2022/12/31,2023/12/21,2023/12/11,2023/12/01,ACI BUILDING SYSTEMS LLC,,PO BOX 1316,,BATESVILLE,MS,386061316,PO BOX 1316,PO BOX 1316,PO BOX 1316,,386061316,627,492200,SPECIAL DELIVERY LICENSE,,,,New,NO,BATESVILLE,MS,,2023,{C4E79DBC-3C7A-4EDE-93EA-86E8AA988822},,,HNAM,2025/04/04 19:19:32+00
,,47,035057-BUS,ACIMA CREDIT LLC,ACIMA CREDIT,202100014950,13354,2021,2021/01/01,2021/12/31,2021/10/14,2021/10/13,2021/10/22,ACIMA CREDIT LLC,13907,S MINUTEMAN DR,,DRAPER,UT,840209869,13907 S MINUTEMAN DR,13907,S MINUTEMAN DR,,840209869,665,532200,RENTAL AND LEASINGTANGIBLE PERSONAL PROPERTY,RENTAL AND LEASINGTANGIBLE PERSONAL PROPERTY,,,New,NO,DRAPER,UT,,2021,{517C0DE0-97AE-4C63-A458-70FE3B7417A6},,,,
,,48,9349290-BUS,ACME BRICK COMPANY,ACME BRICK COMPANY,202400006786,15437,2024,2024/01/01,2024/12/31,2024/02/16,2024/01/31,2024/02/16,ACME BRICK COMPANY,,P O BOX 425,,FORT WORTH,TX,761010425,703 HOWE ST,703,HOWE ST,,36104,630,493190,OTHER WAREHOUSING AND STORAGEDISTRIBUTION CENTERS,DISTRIBUTION CENTER 31000 SQ FEET,,,Renew,YES,MONTGOMERY,AL,,2024,{9775BDEF-7ED5-448D-959A-09675C257A78},,,,
512439.27701883,663373.772074237,49,5980002-BUS,ACME PROPANE GAS,ACME PROPANE GAS,202100002111,3763,2021,2021/01/01,2021/12/31,2021/01/28,2021/01/28,2021/01/28,ACME PROPANE GAS,,P O BOX 37,,HIGHLAND HOME,AL,36041,4285 NORMAN BRIDGE RD,4285,NORMAN BRIDGE RD,,36105,609,454312,LIQUEFIED PETROLEUM GAS (BOTTLED GAS) DEALERS,PROPANE GAS,,,Renew,YES,MONTGOMERY,AL,5,2021,{82D55A28-53F1-4A62-866E-EB90C94DEA3C},,,,
,,50,042030-BUS,ACRE GROUP LLC,ACRE GROUP LLC,202400003905,45324,2024,2024/01/01,2024/12/31,2024/02/06,2024/02/01,2024/02/05,ACRE GROUP LLC,2166,HIGHWAY 35,,PELHAM,AL,351242188,2166 HIGHWAY 35,2166,HIGHWAY 35,,351242188,533,236320,"CONTRACTORSGENERAL CONTRACTORS, COMM. BLDG, RESIDENTIAL, SUBDIVISIONS, LANDSCAPING CONTRACTORS ",LANDSCAPING CONTRACTOR,,,New,NO,PELHAM,AL,,2024,{9E46ED96-736F-4EA8-8404-45B3DB502DE1},,,,
,,51,7531065-BUS,ACTION COLLISION CENTER LLC,ACTION COLLISION CENTER LLC,202100006649,4074,2021,2021/01/01,2021/12/31,2021/01/26,2021/01/12,2021/01/12,ACTION COLLISION CENTER LLC,2447,MOONBRANCH DR,,DADEVILLE,AL,368533907,1045 EASTERN BLVD NORTH,1045,EASTERN BLVD NORTH,,36117,583,441115,"MOTOR VEHICLES, USED CAR DEALERS, PARTS, ACCESSORIES, SERVICE",AUTOMOBILE DEALER,,,Renew,YES,MONTGOMERY,AL,,2021,{6FF86BE0-D790-4D38-A25F-AA1E74A70328},,,,
510266.560563747,684244.352708325,52,7690350-BUS,ACTION LOCKSMITH SERVICE,ACTION LOCKSMITH SERVICE,202300004354,1135,2023,2023/01/01,2023/12/31,2023/02/02,2023/01/31,2023/02/01,ACTION LOCKSMITH SERVICE,207,MADISON AVE,,MONTGOMERY,AL,36104,207 MADISON AVE,207,MADISON AVE,,36104,589,444130,"BUILDING MATERIALSHARDWARE, PAINT, HOME CENTER, WALLPAPER, NURSERY",RETAIL SALES,,,Renew,YES,MONTGOMERY,AL,3,2023,{55CE2350-96E1-4C97-8762-2E557F1EC29B},,,,
510266.560563747,684244.352708325,53,7690350-BUS,ACTION LOCKSMITH SERVICE,ACTION LOCKSMITH SERVICE,202300004354,1135,2023,2023/01/01,2023/12/31,2023/02/02,2023/01/31,2023/02/01,ACTION LOCKSMITH SERVICE,207,MADISON AVE,,MONTGOMERY,AL,36104,207 MADISON AVE,207,MADISON AVE,,36104,689,561620,SECURITY SYSTEMS SERVICESLOCKSMITHS,LOCKSMITH,,,Renew,YES,MONTGOMERY,AL,3,2023,{398D9203-A18E-4AF6-B1E1-BCB379D0994E},,,,
510266.560563747,684244.352708325,54,7690350-BUS,ACTION LOCKSMITH SERVICE,ACTION LOCKSMITH SERVICE,202400000885,1135,2024,2024/01/01,2024/12/31,2024/01/12,2024/01/12,2024/01/22,ACTION LOCKSMITH SERVICE,207,MADISON AVE,,MONTGOMERY,AL,36104,207 MADISON AVE,207,MADISON AVE,,36104,589,444130,"BUILDING MATERIALSHARDWARE, PAINT, HOME CENTER, WALLPAPER, NURSERY",RETAIL SALES,,,Renew,YES,MONTGOMERY,AL,3,2024,{577FC48B-4FEB-444F-AAD9-21F998112050},,,,
,,55,9347470-BUS,ACTION PROPERTY MANAGEMENT LLC,MONTGOMERY HOMES,202300003387,28280,2023,2023/01/01,2023/12/31,2023/01/30,2023/01/27,2023/01/31,ACTION PROPERTY MANAGEMENT LLC,,P O BOX 6164,,MONTGOMERY,AL,36106,555 MCDONOUGH ST SOUTH,555,MCDONOUGH ST SOUTH,,36104,661,531100,RENTAL AND LEASINGREAL PROPERTY RENTAL,,,,Renew,YES,MONTGOMERY,AL,,2023,{5FF0BF9B-0726-4A64-96EF-B8E02B5CF311},,,,
,,56,9366591-BUS,ACTIVE ADVENTURE XL,MOUNTAIN HIGH OUTFITTERS,202300012738,13299,2023,2023/01/01,2023/12/31,2023/02/04,2023/01/24,2023/02/06,ACTIVE ADVENTURE XL,56,GOLDEN BELL CT,,INLET BEACH,FL,324618667,7264 EASTCHASE PARKWAY,7264,EASTCHASE PARKWAY,,36117,598,448190,"CLOTHING AND ACCESSORIESMEN, WOMEN, CHILDREN, INFANT, SHOE, JEWELRY",,,,Renew,YES,MONTGOMERY,AL,,2023,{44F1B98F-4841-458A-8F6C-37ABFFABEC7C},,,,
,,58,1521934-BUS,ACTON FLOORING INC,ACTON FLOORING INC,202100004888,20252,2021,2021/01/01,2021/12/31,2021/02/10,2021/02/02,2021/02/02,ACTON FLOORING INC,7324,PARKWAY DR,,LEEDS,AL,350944814,7324 PARKWAY DR,7324,PARKWAY DR,,350944814,533,236320,"CONTRACTORSGENERAL CONTRACTORS, COMM. BLDG, RESIDENTIAL, SUBDIVISIONS, LANDSCAPING CONTRACTORS ",CONTRACTOR,,,Renew,NO,LEEDS,AL,,2021,{02380405-7A31-440A-BE53-1794D4C68637},,,,
517211.290440664,677518.182433657,59,9349681-BUS,ACUMEN ASSESSMENT AND PSYCHOLOGICAL SVCS,AAPS,202100003733,15553,2021,2021/01/01,2021/12/31,2021/02/05,2021/01/29,2021/01/29,ACUMEN ASSESSMENT AND PSYCHOLOGICAL SVCS,6425,WYNWOOD PL,KAREN HARRIS HOLLINGER,MONTGOMERY,AL,361173460,1734 MULBERRY ST,1734,MULBERRY ST,,36106,707,621399,ALL OTHER MISCELLANEOUS HEALTH PRACTITIONERS,PSYCHOLOGY SERVICES,,,Renew,YES,MONTGOMERY,AL,7,2021,{25040F8C-59A6-48E3-AE56-AA347305A52B},,,,
525395.108062495,687769.585487239,60,5997992-BUS,ACUTECH DOCUMENT SOLUTIONS INC,ACUTECH DOCUMENT SOLUTIONS INC,202100004758,1984,2021,2021/01/01,2021/12/31,2021/02/10,2021/01/25,2021/02/10,ACUTECH DOCUMENT SOLUTIONS INC,,PO BOX 3505,,MONTGOMERY,AL,361090505,350 COLISEUM BLVD,350,COLISEUM BLVD,,361092712,607,453998,ALL OTHER MISCELLANEOUS RETAILERS,ALL OTHER MISCELLANEOUS RETAILERS,,,Renew,YES,MONTGOMERY,AL,2,2021,{BBA8307C-B7B6-4550-AA06-71C92E6789AD},,,,
,,61,042687-BUS,ACWORTH RECYCLING LLC,ATLAS DEMOLITION,202300012581,45982,2023,2023/01/01,2023/12/31,2023/04/05,2023/04/01,2023/04/12,ACWORTH RECYCLING LLC,85,SPRING PLACE RD NW,,CARTERSVILLE,GA,301214538,85 SPRING PLACE RD NW,85,SPRING PLACE RD NW,,301214538,541,238990,CONTRACTORSALL OTHERS,,,,New,NO,CARTERSVILLE,GA,,2023,{15D572AC-97FF-4B3D-A69D-B84ECE256A33},,,,
,,62,7399369-BUS,A PERFECT CUT LLC,A PERFECT CUT LLC,202200008579,27472,2022,2022/01/01,2022/12/31,2022/02/26,2022/01/24,2022/03/01,A PERFECT CUT LLC,,P O BOX 124,,WETUMPKA,AL,36092,P O BOX 124,P O BOX 124,P O BOX 124,,36092,693,561731,"LAWN SERVICEMOWING, WEEDING,",LAWN SERVICE,,,Renew,NO,WETUMPKA,AL,,2022,{BCBD8C19-3879-48F7-A62A-9257184DF7EE},,,HNAM,2025/04/04 19:19:32+00
540308.072987162,689485.32713449,63,1710792-BUS,A PLUMBER LLC,A PLUMBER LLC,202100002728,26515,2021,2021/01/01,2021/12/31,2021/01/31,2021/01/30,2021/01/30,A PLUMBER LLC,6606,LUXEMBORG CIRCLE,,MONTGOMERY,AL,36117,521 OLIVER RD,521,OLIVER RD,,36117,535,238110,CONTRACTORSSPECIALTY TRADEPLUMBING,CONTRACTOR - PLUMBING,,,Renew,YES,MONTGOMERY,AL,2,2021,{FF5FA5C6-9FAC-406E-8E3B-E86E129FAE59},,,,
540308.072987162,689485.32713449,64,1710792-BUS,A PLUMBER LLC,A PLUMBER LLC,202400003364,26515,2024,2024/01/01,2024/12/31,2024/02/02,2024/02/01,2024/01/31,A PLUMBER LLC,6606,LUXEMBORG CIRCLE,,MONTGOMERY,AL,36117,521 OLIVER RD,521,OLIVER RD,,36117,535,238110,CONTRACTORSSPECIALTY TRADEPLUMBING,CONTRACTOR - PLUMBING,,,Renew,YES,MONTGOMERY,AL,2,2024,{99F3A178-B7FB-4957-913A-F92ADBB61C5D},,,,
543735.781682912,685422.386441492,65,9353463-BUS,A PLUS BARBERING & STYLE LLC,A + BARBER SHOP,202200012569,8033,2022,2022/01/01,2022/12/31,2022/05/04,2022/05/04,2022/05/06,A PLUS BARBERING & STYLE LLC,3966,ATLANTA HWY,302,MONTGOMERY,AL,36109,5851 ATLANTA HWY ,5851,ATLANTA HWY ,,36117,787,0,,NO NIGHTCLUB OR LOUNGE ACTIVITIES ALLOWED ,,,Renew,YES,MONTGOMERY,AL,1,2022,{036806E0-DC25-4119-AE59-E587E5F266D8},,,,
543735.781682912,685422.386441492,66,9353463-BUS,A PLUS BARBERING & STYLE LLC,A + BARBER SHOP,202300013848,8033,2023,2023/01/01,2023/12/31,2023/06/02,2023/05/30,2023/06/13,A PLUS BARBERING & STYLE LLC,3966,ATLANTA HWY,302,MONTGOMERY,AL,36109,5851 ATLANTA HWY ,5851,ATLANTA HWY ,,36117,787,0,,ABOC # 130209 HERMAN BROWN EXP 09 30 24,,,Renew,YES,MONTGOMERY,AL,1,2023,{1B0F6CF1-C7BC-43C5-813E-EB99974DBF79},,,,
543735.781682912,685422.386441492,67,9353463-BUS,A PLUS BARBERING & STYLE LLC,A + BARBER SHOP,202300013848,8033,2023,2023/01/01,2023/12/31,2023/06/02,2023/05/30,2023/06/13,A PLUS BARBERING & STYLE LLC,3966,ATLANTA HWY,302,MONTGOMERY,AL,36109,5851 ATLANTA HWY ,5851,ATLANTA HWY ,,36117,787,0,,NO FOOD SALES PERMITTED ON PREMISES ,,,Renew,YES,MONTGOMERY,AL,1,2023,{B4E343B0-B4F2-4D79-8DA1-36575ED4B387},,,,
543735.781682912,685422.386441492,68,9353463-BUS,A PLUS BARBERING & STYLE LLC,A + BARBER SHOP,202300013848,8033,2023,2023/01/01,2023/12/31,2023/06/02,2023/05/30,2023/06/13,A PLUS BARBERING & STYLE LLC,3966,ATLANTA HWY,302,MONTGOMERY,AL,36109,5851 ATLANTA HWY ,5851,ATLANTA HWY ,,36117,787,0,,NO HOOKAH TOOLS OR TOBACCO PERMITTED ON PREMISES,,,Renew,YES,MONTGOMERY,AL,1,2023,{1DF6222E-DB00-4C5D-B449-D01469EBF181},,,,
,,69,040785-BUS,A PLUS PLUMBING,A PLUS PLUMBING,202200013696,44079,2022,2022/01/01,2022/12/31,2022/07/27,2022/07/20,2022/07/29,A PLUS PLUMBING,4322,49TH COURT N,,BIRMINGHAM,AL,35217,4322 49TH COURT N,4322,49TH COURT N,,35217,535,238110,CONTRACTORSSPECIALTY TRADEPLUMBING,PLUMBING CONTRACTOR,,,New,NO,BIRMINGHAM,AL,,2022,{F0A13AA9-2CF3-46A2-9500-22F29AEE0E6F},,,,
537647.577323914,704840.964074075,70,1529505-BUS,A PLUS QUALITY FENCE & DECKS,A PLUS QUALITY FENCES & DECKS,202200004366,3054,2022,2022/01/01,2022/12/31,2022/02/05,2022/01/31,2022/02/04,A PLUS QUALITY FENCE & DECKS,3180,WETUMPKA HWY,,MONTGOMERY,AL,361102734,3180 WETUMPKA HWY,3180,WETUMPKA HWY,,361102734,533,236320,"CONTRACTORSGENERAL CONTRACTORS, COMM. BLDG, RESIDENTIAL, SUBDIVISIONS, LANDSCAPING CONTRACTORS ",GENERAL CONTRACTOR,,,Renew,YES,MONTGOMERY,AL,,2022,{1C4DC778-D5AD-4DDD-BAAF-7050B31E7C64},,,,
537647.577323914,704840.964074075,71,1529505-BUS,A PLUS QUALITY FENCE & DECKS,A PLUS QUALITY FENCES & DECKS,202400004023,3054,2024,2024/01/01,2024/12/31,2024/02/06,2024/02/01,2024/02/06,A PLUS QUALITY FENCE & DECKS,3180,WETUMPKA HWY,,MONTGOMERY,AL,361102734,3180 WETUMPKA HWY,3180,WETUMPKA HWY,,361102734,787,0,,GC LICENSE #58793 EXP 12/31/2024,,,Renew,YES,MONTGOMERY,AL,,2024,{6D3B3DB6-C192-40D5-8444-E3945A7334FE},,,,
,,73,1529543-BUS,A PLUS SEAMLESS GUTTERS LLC,A PLUS QUALITY WINDOWS,202100000543,26431,2021,2021/01/01,2021/12/31,2021/01/13,2021/01/08,2021/01/08,A PLUS SEAMLESS GUTTERS LLC,4865,OLD SELMA RD,,MONTGOMERY,AL,36108,4865 OLD SELMA RD,4865,OLD SELMA RD,,36108,787,0,,HOME BUILDER #12246,,,Renew,YES,MONTGOMERY,AL,,2021,{211D60D2-7704-4E0A-BD57-2833620D8DA7},,,,
,,74,9358871-BUS,A PLUS TIRE AND AUTOMOTIVE LLC,A PLUS TIRE AND AUTOMOTIVE LLC,202100013530,16756,2021,2021/01/01,2021/12/31,2021/07/06,2021/07/01,2021/07/01,A PLUS TIRE AND AUTOMOTIVE LLC,2899,EAST SOUTH BLVD,,MONTGOMERY,AL,36116,2899 SOUTH BLVD EAST,2899,SOUTH BLVD EAST,,36116,746,811118,"REPAIRS AND MAINTENANCEAUTO, PAINT/BODY, OTHER VEHICULAR",REPAIRS AND MAINTENANCE - AUTO,,,Renew,YES,MONTGOMERY,AL,,2021,{F209E1E3-AE62-4894-9A87-D880F8491BD5},,,,
,,75,5996619-BUS,A RIFKIN COMPANY,A RIFKIN COMPANY,202100007153,1742,2021,2021/01/01,2021/12/31,2021/02/20,2021/02/02,2021/02/20,A RIFKIN COMPANY,,PO BOX 878,1400 SANS SOUCI PKWY,WILKES BARRE,PA,18703,1400 SANS SOUCI PKWY,1400,SANS SOUCI PKWY,,18703,607,453998,ALL OTHER MISCELLANEOUS RETAILERS,RETAIL  (SECURITY BAGS),,,Renew,NO,WILKES-BARRE,PA,,2021,{13AF0BED-7A25-4C63-BE78-51C331EA3A1A},,,,
,,76,5996619-BUS,A RIFKIN COMPANY,A RIFKIN COMPANY,202200007390,1742,2022,2022/01/01,2022/12/31,2022/02/18,2022/01/31,2022/02/18,A RIFKIN COMPANY,,PO BOX 878,1400 SANS SOUCI PKWY,WILKES BARRE,PA,18703,1400 SANS SOUCI PKWY,1400,SANS SOUCI PKWY,,18703,607,453998,ALL OTHER MISCELLANEOUS RETAILERS,RETAIL  (SECURITY BAGS),,,Renew,NO,WILKES-BARRE,PA,,2022,{478E6F87-AEBC-497A-8958-75EBF1A11727},,,,
,,77,5996619-BUS,A RIFKIN COMPANY,A RIFKIN COMPANY,202300006952,1742,2023,2023/01/01,2023/12/31,2023/02/10,2023/01/27,2023/02/10,A RIFKIN COMPANY,,PO BOX 878,1400 SANS SOUCI PKWY,WILKES BARRE,PA,18703,1400 SANS SOUCI PKWY,1400,SANS SOUCI PKWY,,18703,607,453998,ALL OTHER MISCELLANEOUS RETAILERS,RETAIL  (SECURITY BAGS),,,Renew,NO,WILKES-BARRE,PA,,2023,{9622BF5B-45BF-4B67-9FCF-AA18660281BB},,,,
517324.57925608,676625.059219904,78,7230179-BUS,A S FANTASY #3,A S FANTASY #3,202100014784,33387,2021,2021/01/01,2021/12/31,2021/09/22,2021/09/16,2021/09/16,A S FANTASY #3,2009,MULBERRY ST,,MONTGOMERY,AL,36106,2009 MULBERRY ST,2009,MULBERRY ST,,36106,787,0,,NO RETAIL SALES,,,Renew,YES,MONTGOMERY,AL,7,2021,{D5D98E05-F4A2-4959-9AC5-AED8354B7475},,,,
517324.57925608,676625.059219904,79,7230179-BUS,A S FANTASY #3,A S FANTASY #3,202200008925,33387,2022,2022/01/01,2022/12/31,2022/03/01,2022/03/02,2022/03/16,A S FANTASY #3,2009,MULBERRY ST,,MONTGOMERY,AL,36106,2009 MULBERRY ST,2009,MULBERRY ST,,36106,787,0,,COSMO LIC#42483  EXP 8/31/23,,,Renew,YES,MONTGOMERY,AL,7,2022,{61744058-9974-4B52-8A1F-5857F6E66EB4},,,,
517324.57925608,676625.059219904,80,7230179-BUS,A S FANTASY #3,A S FANTASY #3,202200008925,33387,2022,2022/01/01,2022/12/31,2022/03/01,2022/03/02,2022/03/16,A S FANTASY #3,2009,MULBERRY ST,,MONTGOMERY,AL,36106,2009 MULBERRY ST,2009,MULBERRY ST,,36106,753,812115,BEAUTY SHOP,,,,Renew,YES,MONTGOMERY,AL,7,2022,{EB0DACB0-8BDD-4C7C-AA1E-CC50C079C1C4},,,,
517324.57925608,676625.059219904,81,7230179-BUS,A S FANTASY #3,A S FANTASY #3,202300004040,33387,2023,2023/01/01,2023/12/31,2023/01/31,2023/01/31,2023/02/07,A S FANTASY #3,2009,MULBERRY ST,,MONTGOMERY,AL,36106,2009 MULBERRY ST,2009,MULBERRY ST,,36106,787,0,,NO NIGHT CLUB OR LOUNGE ACTIVITIES PERMITTED,,,Renew,YES,MONTGOMERY,AL,7,2023,{4AFBF399-46F6-43B9-BFDD-8039021758B1},,,,
517324.57925608,676625.059219904,82,7230179-BUS,A S FANTASY #3,A S FANTASY #3,202400012359,33387,2024,2024/01/01,2024/12/31,2024/06/12,2024/06/10,2024/06/17,A S FANTASY #3,2009,MULBERRY ST,,MONTGOMERY,AL,36106,2009 MULBERRY ST,2009,MULBERRY ST,,36106,787,0,,COSMO LIC#42483  EXP 8/31/25,,,Renew,YES,MONTGOMERY,AL,7,2024,{D1D173F7-799E-4FC6-A3D5-42FFFC59D1C3},,,,
517324.57925608,676625.059219904,83,7230179-BUS,A S FANTASY #3,A S FANTASY #3,202400012359,33387,2024,2024/01/01,2024/12/31,2024/06/12,2024/06/10,2024/06/17,A S FANTASY #3,2009,MULBERRY ST,,MONTGOMERY,AL,36106,2009 MULBERRY ST,2009,MULBERRY ST,,36106,753,812115,BEAUTY SHOP,,,,Renew,YES,MONTGOMERY,AL,7,2024,{606F86DF-C0A3-4F65-80EF-7B5A200EE387},,,,
,,84,5995658-BUS,A SAF T BOX STRG SYS OF AL LLC,A SAF T BOX STRG SYS OF AL LLC,202400005339,4505,2024,2024/01/01,2024/12/31,2024/02/10,2024/01/31,2024/02/09,A SAF T BOX STRG SYS OF AL LLC,,PO BOX 9265,,MONTGOMERY,AL,36108,2247 FORBES DR SOUTH,2247,FORBES DR SOUTH,,36110,665,532200,RENTAL AND LEASINGTANGIBLE PERSONAL PROPERTY,STORAGE CONTAINERS - RETAIL/RENTAL,,,Renew,YES,MONTGOMERY,AL,,2024,{7FDD5814-232E-4272-ABF0-DB8941FE9E16},,,,
,,85,9367779-BUS,AD AND R INC,AD AND R INC,202200013184,32575,2022,2022/01/01,2022/12/31,2022/06/08,2022/06/02,2022/06/08,AD AND R INC,,PO BOX 6717,,DIBERVILLE,MS,39540,PO BOX 6717,PO BOX 6717,PO BOX 6717,,39540,541,238990,CONTRACTORSALL OTHERS,CONTRACTORSALL OTHERS,,,Renew,NO,DIBERVILLE,MS,,2022,{A4DAB1DD-C9A3-491E-AFA3-19AD3676E64C},,,HNAM,2025/04/04 19:19:32+00
,,86,9360370-BUS,AD OPERATING,AMERICAN DELI DAY STREET,202200003473,37065,2022,2022/01/01,2022/12/31,2022/01/31,2022/02/01,2022/02/01,AD OPERATING,6213,TAYLOR RIDGE RD,,MONTGOMERY,AL,36116,3535 DAY ST,3535,DAY ST,,36108,735,722110,RESTAURANTFULL SERVICE FACILITY,RESTAURANTFULL SERVICE FACILITY,,,Renew,YES,MONTGOMERY,AL,,2022,{90F18AF4-6E76-49BB-BC7B-236D19D3C3D2},,,,
,,89,9364000-BUS,ADA CHIC DESIGNS,ADA CHIC DESIGNS,202100009406,18970,2021,2021/01/01,2021/12/31,2021/03/01,2021/02/28,2021/03/01,ADA CHIC DESIGNS,416,S PERRY ST,,MONTGOMERY,AL,361044236,416 S PERRY ST,416,S PERRY ST,,361044236,614,454395,ELECTRONICINTERNET SALES,ELECTRONICINTERNET SALES,,,Renew,YES,MONTGOMERY,AL,,2021,{CB266F58-4C5E-458A-9B5E-A2B28F4B31E9},,,,
,,90,9364000-BUS,ADA CHIC DESIGNS,ADA CHIC DESIGNS,202300012771,18970,2023,2023/01/01,2023/12/31,2023/04/11,2023/04/11,2023/04/24,ADA CHIC DESIGNS,416,S PERRY ST,,MONTGOMERY,AL,361044236,416 S PERRY ST,416,S PERRY ST,,361044236,614,454395,ELECTRONICINTERNET SALES,ELECTRONICINTERNET SALES,,,Renew,YES,MONTGOMERY,AL,,2023,{649681EB-C6FC-48DE-B190-8FE2F246DCF2},,,,
553484.79532133,674294.163947321,91,041041-BUS,ADAIR REALTY MANAGEMENT LLC,ADAIR REALTY MANAGEMENT LLC,202200014228,44335,2022,2022/01/01,2022/12/31,2022/08/25,2022/08/09,2022/08/26,ADAIR REALTY MANAGEMENT LLC,170,LIMESTONE LN,,WETUMPKA,AL,360932843,1322 OLD OAK PL,1322,OLD OAK PL,,361176880,663,531210,REAL ESTATEAGENT ONLY,,,,New,YES,MONTGOMERY,AL,9,2022,{71B313F1-65B3-4BF6-8DC4-158DAD3ECC39},,,,
553484.79532133,674294.163947321,92,041041-BUS,ADAIR REALTY MANAGEMENT LLC,ADAIR REALTY MANAGEMENT LLC,202200014228,44335,2022,2022/01/01,2022/12/31,2022/08/25,2022/08/09,2022/08/26,ADAIR REALTY MANAGEMENT LLC,170,LIMESTONE LN,,WETUMPKA,AL,360932843,1322 OLD OAK PL,1322,OLD OAK PL,,361176880,660,531000,"REAL ESTATELISTING, SERVICES, AGENCIES AND PROPERTY MANAGEMENT",,,,New,YES,MONTGOMERY,AL,9,2022,{615650DA-D7F9-4DA4-AC9B-45A3C1739303},,,,
,,93,041336-BUS,ADAM BUSH,BUSH CONTRACTORS AND SERVICES LLC,202300000011,44630,2022,2022/01/01,2022/12/31,2022/10/03,2022/10/03,2022/10/03,ADAM BUSH,3031,ASHLEY AVE,,MONTGOMERY,AL,361092124,3031 ASHLEY AVE,3031,ASHLEY AVE,,361092124,541,238990,CONTRACTORSALL OTHERS,PROPERY MAINTENANCE MANAGEMENT ,,,New,YES,MONTGOMERY,AL,,2022,{1F415179-8CEB-4565-A5DC-414BD523E506},,,,
549942.149191413,671325.909057073,94,9358189-BUS,ADAM J FINESILVER CPA,FINESILVER ADAM J,202100000415,35302,2021,2021/01/01,2021/12/31,2021/01/12,2021/01/11,2021/01/11,ADAM J FINESILVER CPA,,P O BOX 640325,,PIKE ROAD,AL,36064,6831 HALCYON PARK DR,6831,HALCYON PARK DR,,36117,668,541200,ACCOUNTANT/CPASINDIVIDUAL PROFESSIONAL LICENSE,,,,Renew,YES,MONTGOMERY,AL,9,2021,{770ACDB4-00C4-4EB9-8968-46AD8A48ECFB},,,,
549942.149191413,671325.909057073,95,9358189-BUS,ADAM J FINESILVER CPA,FINESILVER ADAM J,202300002653,35302,2023,2023/01/01,2023/12/31,2023/01/24,2023/01/23,2023/01/23,ADAM J FINESILVER CPA,,P O BOX 640325,,PIKE ROAD,AL,36064,6831 HALCYON PARK DR,6831,HALCYON PARK DR,,36117,668,541200,ACCOUNTANT/CPASINDIVIDUAL PROFESSIONAL LICENSE,,,,Renew,YES,MONTGOMERY,AL,9,2023,{02488076-49D6-4456-AC20-B28C82361E14},,,,
,,96,040563-BUS,ADAM MCGRAW,SURPLUS SENIOR ADVISORS,202200013495,43857,2022,2022/01/01,2022/12/31,2022/07/08,2022/07/05,2022/07/05,ADAM MCGRAW,7523,PINNACLE POINT CT,,MONTGOMERY,AL,36117,7523 PINNACLE POINT CT,7523,PINNACLE POINT CT,,36117,675,541600,CONSULTANT,,,,New,YES,MONTGOMERY,AL,,2022,{E4DE77B7-5F80-4CFE-95E7-893335E3192A},,,,
517843.775724247,679341.306412071,97,9360581-BUS,ADAMS FAMILY PRACTICE PC,ADAMS KYNARD L,202300010399,18170,2023,2023/01/01,2023/12/31,2023/02/28,2023/01/28,2023/02/28,ADAMS FAMILY PRACTICE PC,2100,CHESTNUT ST,,MONTGOMERY,AL,36106,2100 CHESTNUT ST,2100,CHESTNUT ST,,36106,703,621100,PHYSICIANINDIVIDUAL PROFESSIONAL LICENSE,,,,Renew,YES,MONTGOMERY,AL,3,2023,{A465FB5C-5AE2-4E5E-BC1E-8C858A6E1609},,,,
,,99,036393-BUS,ADAMS HEATING AND COOLING,ADAMS HEATING AND COOLING,202100006358,39686,2021,2021/01/01,2021/12/31,2021/02/17,2021/02/17,2021/02/17,ADAMS HEATING AND COOLING,3415,HARGROVE RD,,TISCALOOSA,AL,35405,,",",",",NPL,0,787,0,,RICHARD ADAMS- HVAC # 2008054  EXP 12/31/2021,,,New,NO,.,AL,,2021,{FD12EBFF-AE66-4674-A45F-F9A0B52BB7E8},,,HNAM,2025/04/04 19:25:06+00
509354.556154162,684434.200753823,100,9343190-BUS,ADAMS LIMITED PROPERTIES LLC,ALPS THE,202300003594,15100,2023,2023/01/01,2023/12/31,2023/01/30,2023/01/24,2023/01/31,ADAMS LIMITED PROPERTIES LLC,44,MARKET PLAZA STE 801,,MONTGOMERY,AL,361043646,10 JEFFERSON ST EAST,10,JEFFERSON ST EAST,,36104,661,531100,RENTAL AND LEASINGREAL PROPERTY RENTAL,,,,Renew,YES,MONTGOMERY,AL,3,2023,{10A892B1-D726-476E-B125-C2B2C8894880},,,,
509354.556154162,684434.200753823,101,9343190-BUS,ADAMS LIMITED PROPERTIES LLC,ALPS THE,202400001409,15100,2024,2024/01/01,2024/12/31,2024/01/23,2024/01/22,2024/01/23,ADAMS LIMITED PROPERTIES LLC,44,MARKET PLAZA STE 801,,MONTGOMERY,AL,361043646,10 JEFFERSON ST EAST,10,JEFFERSON ST EAST,,36104,661,531100,RENTAL AND LEASINGREAL PROPERTY RENTAL,,,,Renew,YES,MONTGOMERY,AL,3,2024,{563E6B27-400A-42C1-91AC-87AC1FD59D5E},,,,
,,102,5570009-BUS,ADAMS MOTORSPORTS INC,ADAMS MOTORSPORTS INC,202200010502,1969,2022,2022/01/01,2022/12/31,2022/03/16,2022/02/09,2022/03/16,ADAMS MOTORSPORTS INC,528,EASTERN BLVD NORTH,,MONTGOMERY,AL,36117,528 EASTERN BLVD NORTH,528,EASTERN BLVD NORTH,,36117,584,441229,"ALL OTHER MOTOR VEHICLE DEALERSFARM MACHINERY, TRACTORS, AIRPLANES, MOTORCYCLES, BOATS ",MOTORCYCLE DEALER,,,Renew,YES,MONTGOMERY,AL,,2022,{D791269F-DC35-49E2-971B-AB579E159558},,,,
,,103,036362-BUS,ADAMS TECHNOLOGY SOLUTIONS LLC,ADAMS TECHNOLOGY SOLUTIONS LLC,202100005435,39655,2021,2021/01/01,2021/12/31,2021/02/12,2021/02/10,2021/02/16,ADAMS TECHNOLOGY SOLUTIONS LLC,884,PLANTATION WAY,,MONTGOMERY,AL,361172217,884 PLANTATION WAY,884,PLANTATION WAY,,361172217,695,561990,ALL OTHER SUPPORT SERVICES,COMPUTER SYSTEM DESIGN SERVICES,,,New,YES,MONTGOMERY,AL,,2021,{60A6101E-9AAD-4A9C-9BC4-2337363CCF81},,,,
,,104,9349428-BUS,ADAPCO LLC,ADAPCO LLC,202200004857,6248,2022,2022/01/01,2022/12/31,2022/02/08,2022/01/24,2022/02/07,ADAPCO LLC,100,COLONIAL CENTER PKWY,SUITE 170,LAKE MARY,FL,32746,100 COLONIAL CENTER PKWY,100,COLONIAL CENTER PKWY,SUITE 170,32746,570,421990,"ALL OTHER WHOLESALE TRADEDURABLE, ELECTRICAL, TOYS, JEWELRY",ALL OTHER WHOLESALE TRADE,,,Renew,NO,LAKE MARY,FL,,2022,{31E50F34-38BC-4564-865F-9EE20F51217F},,,,
517367.220246911,671411.095238402,105,7395745-BUS,ADAPTED PHYSICAL ACTIVITIES SE,ADAPTED PHYSICAL ACTIVITIES SERVICES,202400005741,20982,2024,2024/01/01,2024/12/31,2024/02/12,2024/01/03,2024/02/02,ADAPTED PHYSICAL ACTIVITIES SE,3318,NARROW LANE RD,,MONTGOMERY,AL,36111,3318 NARROW LANE RD,3318,NARROW LANE RD,,36111,695,561990,ALL OTHER SUPPORT SERVICES,SERVICES,,,Renew,YES,MONTGOMERY,AL,7,2024,{EAA529DC-0A4E-46A2-801E-61ABE3711467},,,,
,,106,9368211-BUS,ADAPTHEALTH PATIENT CARE SOLUTIONS LLC,ADAPTHEALTH PATIENT CARE SOLUTIONS LLC,202100003641,38828,2020,2020/01/01,2020/12/31,2021/02/05,2021/02/01,2021/02/05,ADAPTHEALTH PATIENT CARE SOLUTIONS LLC,220,W GERMANTOWN PIKE,STE 250,PLYMOUTH MEETING,PA,19462,220 W GERMANTOWN PIKE,220,W GERMANTOWN PIKE,STE 250,19462,607,453998,ALL OTHER MISCELLANEOUS RETAILERS,ALL OTHER MISCELLANEOUS RETAILERS,,,New,NO,PLYMOUTH MEETING,PA,,2021,{2DE192C5-2195-43AE-A500-E470443FBC42},,,,
509543.706694495,682711.835104071,107,7390113-BUS,A T & T ALABAMA,A T & T ALABAMA,202100005632,965,2021,2021/01/01,2021/12/31,2021/02/13,2021/02/01,2021/02/13,A T & T ALABAMA,1010,N ST MARYS ST,15TH FLOOR,SAN ANTONIO,TX,78215,38 WASHINGTON AVE,38,WASHINGTON AVE,,36104,638,517320,TELECOMMUNICATIONSTELEPHONE LONG DISTANCE,,,,Renew,YES,MONTGOMERY,AL,3,2021,{845745AC-4644-4B1F-B966-833A71B03263},,,,
509543.706694495,682711.835104071,108,7390113-BUS,A T & T ALABAMA,A T & T ALABAMA,202200004601,965,2022,2022/01/01,2022/12/31,2022/02/07,2022/01/31,2022/02/07,A T & T ALABAMA,1010,N ST MARYS ST,15TH FLOOR,SAN ANTONIO,TX,78215,38 WASHINGTON AVE,38,WASHINGTON AVE,,36104,637,517310,TELECOMMUNICATIONSTELEPHONE LOCAL,,,,Renew,YES,MONTGOMERY,AL,3,2022,{164DBE53-CCB6-412D-B50A-D25F2BFA3E87},,,,
,,109,9350679-BUS,ACCESS INFO MGMT OF GA LLC,ACCESS INFO MGMT OF GA LLC,202100012226,6444,2021,2021/01/01,2021/12/31,2021/03/03,2021/02/17,2021/02/17,ACCESS INFO MGMT OF GA LLC,2071,FAIRVIEW AVE WEST,,MONTGOMERY,AL,36108,2071 FAIRVIEW AVE WEST,2071,FAIRVIEW AVE WEST,,36108,695,561990,ALL OTHER SUPPORT SERVICES,DOCUMENT STORAGE AND SERVICES,,,Renew,YES,MONTGOMERY,AL,,2021,{AB8B2807-7B5F-461B-BFB9-8F8F28C5C546},,,,
509543.706694495,682711.835104071,110,7390113-BUS,A T & T ALABAMA,A T & T ALABAMA,202400002175,965,2024,2024/01/01,2024/12/31,2024/01/29,2024/01/11,2024/01/11,A T & T ALABAMA,1010,N ST MARYS ST,15TH FLOOR,SAN ANTONIO,TX,78215,38 WASHINGTON AVE,38,WASHINGTON AVE,,36104,638,517320,TELECOMMUNICATIONSTELEPHONE LONG DISTANCE,,,,Renew,YES,MONTGOMERY,AL,3,2024,{7925BB02-1FDB-4CD0-8F8C-B7D829CDEFC6},,,,
,,111,9350679-BUS,ACCESS INFO MGMT OF GA LLC,ACCESS INFO MGMT OF GA LLC,202300012662,6444,2023,2023/01/01,2023/12/31,2023/03/27,2023/03/16,2023/03/27,ACCESS INFO MGMT OF GA LLC,2071,FAIRVIEW AVE WEST,,MONTGOMERY,AL,36108,2071 FAIRVIEW AVE WEST,2071,FAIRVIEW AVE WEST,,36108,607,453998,ALL OTHER MISCELLANEOUS RETAILERS,RETAIL,,,Renew,YES,MONTGOMERY,AL,,2023,{7291378C-4185-4164-9207-1F4FBEE6F45E},,,,
,,112,042743-BUS,A TO Z 21 INC,KWIK SHOP 502,202300012796,46038,2023,2023/01/01,2023/12/31,2023/04/12,2023/04/12,2023/04/24,A TO Z 21 INC,9692,BENT BROOK DR,,MONTGOMERY,AL,361175188,4020 TROY HWY,4020,TROY HWY,,361162600,592,445310,"BEER, OFF-PREMISE",,,,New,YES,MONTGOMERY,AL,,2023,{C097BADD-E0C6-439B-8DFB-511CF2FA30C3},,,,
,,113,042743-BUS,A TO Z 21 INC,KWIK SHOP 502,202300012796,46038,2023,2023/01/01,2023/12/31,2023/04/12,2023/04/12,2023/04/24,A TO Z 21 INC,9692,BENT BROOK DR,,MONTGOMERY,AL,361175188,4020 TROY HWY,4020,TROY HWY,,361162600,787,0,,TOBACCO SALES PERMITTED,,,New,YES,MONTGOMERY,AL,,2023,{C83A32C4-9654-4C63-966E-B1C5E7CD9063},,,,
,,114,042743-BUS,A TO Z 21 INC,KWIK SHOP 502,202400000644,46038,2024,2024/01/01,2024/12/31,2024/01/11,2024/01/08,2024/01/12,A TO Z 21 INC,9692,BENT BROOK DR,,MONTGOMERY,AL,361175188,4020 TROY HWY,4020,TROY HWY,,361162600,592,445310,"BEER, OFF-PREMISE",,,,New,YES,MONTGOMERY,AL,,2024,{CD78DA55-952B-481F-B6A7-978FC54BF183},,,,
,,115,042743-BUS,A TO Z 21 INC,KWIK SHOP 502,202400000644,46038,2024,2024/01/01,2024/12/31,2024/01/11,2024/01/08,2024/01/12,A TO Z 21 INC,9692,BENT BROOK DR,,MONTGOMERY,AL,361175188,4020 TROY HWY,4020,TROY HWY,,361162600,595,445325,TABLE WINE--OFF-PREMISE,,,,New,YES,MONTGOMERY,AL,,2024,{815B9DF0-57FF-46EC-A876-FE33EEE8F3BE},,,,
556459.750985578,683377.156936154,117,9345027-BUS,A TOUCH OF EDEN LLC,A TOUCH OF EDEN LLC,202300006393,21798,2023,2023/01/01,2023/12/31,2023/02/09,2023/01/31,2023/02/08,A TOUCH OF EDEN LLC,8125,DECKER LN,SUITE E,MONTGOMERY,AL,36117,8125 DECKER LN,8125,DECKER LN,SUITE E,36117,675,541600,CONSULTANT,CONSULTANT,,,Renew,YES,MONTGOMERY,AL,1,2023,{36B56B2D-3F68-4635-A542-98A6F584B529},,,,
523956.288105495,657403.045170575,118,037997-BUS,A THOMAS CONSTRUCTION,A THOMAS CONSTRUCTION,202100014239,41291,2021,2021/01/01,2021/12/31,2021/08/11,2021/08/02,2021/08/02,A THOMAS CONSTRUCTION,308,W WILDING DR,,MONTGOMERY,AL,361163738,308 W WILDING DR,308,W WILDING DR,,361163738,539,238510,CONTRACTORSSPECIALTY TRADECARPENTRY CONTRACTORS,CARPENTRY REMODELING,,,New,YES,MONTGOMERY,AL,6,2021,{D22717D0-276E-49ED-A8D6-94601F5A1AD1},,,,
,,119,8112327-BUS,A WESLEY PITTERS P C,PITTERS WESLEY A P C,202200010819,21462,2022,2022/01/01,2022/12/31,2022/03/22,2022/03/20,2022/03/28,A WESLEY PITTERS P C,,PO BOX 1973,,MONTGOMERY,AL,36102,1145 PERRY ST SOUTH,1145,PERRY ST SOUTH,,36104,666,541110,ATTORNEY/LAWYERSINDIVIDUAL PROFESSIONAL LICENSE,ATTORNEY,,,Renew,YES,MONTGOMERY,AL,,2022,{3301B4E4-8D41-46D0-B89C-09E10201AC39},,,,
546717.028345078,685088.273920737,120,9355767-BUS,A WIRELESS,A WIRELESS,202400004879,7858,2024,2024/01/01,2024/12/31,2024/02/09,2024/01/25,2024/02/12,A WIRELESS,251,LITTLE FALLS DR,,WILMINGTON,DE,198081674,6365 ATLANTA HWY,6365,ATLANTA HWY,,361174214,607,453998,ALL OTHER MISCELLANEOUS RETAILERS,,,,Renew,YES,MONTGOMERY,AL,1,2024,{33AF70C5-0539-4B4A-A751-E2902B5EF1C7},,,,
497621.021550413,673061.104405575,121,040768-BUS,A Z AUTO REPAIR LLC,A Z AUTO REPAIR LLC,202400011431,44062,2023,2023/01/01,2023/12/31,2024/04/24,2024/04/01,2024/05/15,A Z AUTO REPAIR LLC,3120,HAYNEVILLE ROAD ,,MONTGOMERY,AL,36108,3120 HAYNEVILLE ROAD ,3120,HAYNEVILLE ROAD ,,36108,585,441310,AUTOMOTIVE PARTS AND ACCESSORIES,,,,New,YES,MONTGOMERY ,AL,4,2024,{469E8966-54E3-4315-81BE-CCFBB6F5A884},,,,
542289.315087661,676945.03856682,122,041515-BUS,A&D HEALTHCARE TRAINING SERVICES,A&D HEALTHCARE TRAINING SERVICES,202300000298,44809,2022,2022/01/01,2022/12/31,2022/11/02,2022/12/20,2022/11/21,A&D HEALTHCARE TRAINING SERVICES,3339,RIDGEFIELD DR,,MONTGOMERY,AL,361063213,6324 WOODMERE BLVD,6324,WOODMERE BLVD,,361172537,702,611699,"EDUCATIONAL SERVICESTECHNICAL, COMPUTER, BUSINESS",CPR TRAINING AND HEALTHCARE SERVICES,,,New,YES,MONTGOMERY,AL,9,2022,{1CEB1D4C-0754-4728-838D-F7CB981A6CA0},,,,
507360.730745494,681306.074136071,123,6530596-BUS,A W GOLDTHWAITE PROPERTIES LLC,A W GOLDTHWAITE PROPERTIES LLC,202100008085,33266,2021,2021/01/01,2021/12/31,2021/02/24,1931/01/21,2021/02/23,A W GOLDTHWAITE PROPERTIES LLC,769,THORN PL,,MONTGOMERY,AL,36106,436 GOLDTHWAITE ST S,436,GOLDTHWAITE ST S,,36104,787,0,,PROPERTY MGMT/LEASING,,,Renew,YES,MONTGOMERY,AL,7,2021,{B2C83BA9-02C0-44AE-AE66-2E5A32D1D221},,,,
542289.315087661,676945.03856682,124,041515-BUS,A&D HEALTHCARE TRAINING SERVICES,A&D HEALTHCARE TRAINING SERVICES,202300006017,44809,2023,2023/01/01,2023/12/31,2023/02/08,2023/01/31,2023/02/07,A&D HEALTHCARE TRAINING SERVICES,3339,RIDGEFIELD DR,,MONTGOMERY,AL,361063213,6324 WOODMERE BLVD,6324,WOODMERE BLVD,,361172537,702,611699,"EDUCATIONAL SERVICESTECHNICAL, COMPUTER, BUSINESS",CPR TRAINING AND HEALTHCARE SERVICES,,,New,YES,MONTGOMERY,AL,9,2023,{99237F6E-AD93-4F84-8284-BF670F644F40},,,,
542289.315087661,676945.03856682,125,041515-BUS,A&D HEALTHCARE TRAINING SERVICES,A&D HEALTHCARE TRAINING SERVICES,202300006017,44809,2023,2023/01/01,2023/12/31,2023/02/08,2023/01/31,2023/02/07,A&D HEALTHCARE TRAINING SERVICES,3339,RIDGEFIELD DR,,MONTGOMERY,AL,361063213,6324 WOODMERE BLVD,6324,WOODMERE BLVD,,361172537,787,0,,NO MEDICAL PROCEDURES PERMITTED,,,New,YES,MONTGOMERY,AL,9,2023,{7EAC3291-123D-4DB8-B95D-5607CA3473F7},,,,
510629.414496828,677570.630819574,126,9367907-BUS,A&P WRECKER SERVICE,A&P WRECKER SERVICE,202100003206,32695,2021,2021/01/01,2021/12/31,2021/02/02,2021/01/29,2021/01/29,A&P WRECKER SERVICE,1164,S MCDONOUGH ST,,MONTGOMERY,AL,36104,1164 S MCDONOUGH ST,1164,S MCDONOUGH ST,,36104,747,811120,MOTOR VEHICLE TOWING,MOTOR VEHICLE TOWING,,,Renew,YES,MONTGOMERY,AL,7,2021,{F85A7FDE-1806-4F10-8CB5-DBD25A402316},,,,
510629.414496828,677570.630819574,127,9367907-BUS,A&P WRECKER SERVICE,A&P WRECKER SERVICE,202300006433,32695,2023,2023/01/01,2023/12/31,2023/02/09,2023/02/08,2023/02/21,A&P WRECKER SERVICE,1164,S MCDONOUGH ST,,MONTGOMERY,AL,36104,1164 S MCDONOUGH ST,1164,S MCDONOUGH ST,,36104,747,811120,MOTOR VEHICLE TOWING,MOTOR VEHICLE TOWING,,,Renew,YES,MONTGOMERY,AL,7,2023,{5264C6EA-069B-415D-8FE8-FA2231DF797B},,,,
510629.414496828,677570.630819574,128,9367907-BUS,A&P WRECKER SERVICE,A&P WRECKER SERVICE,202400007393,32695,2024,2024/01/01,2024/12/31,2024/02/20,2024/02/20,2024/02/27,A&P WRECKER SERVICE,1164,S MCDONOUGH ST,,MONTGOMERY,AL,36104,1164 S MCDONOUGH ST,1164,S MCDONOUGH ST,,36104,747,811120,MOTOR VEHICLE TOWING,MOTOR VEHICLE TOWING,,,Renew,YES,MONTGOMERY,AL,7,2024,{A323A43E-BB42-45FC-84C0-9670999D6852},,,,
533706.706268661,664603.245337069,129,9356537-BUS,ACCESSORIES BY CHAISE,ACCESSORIES BY CHAISE,202200007075,8108,2020,2020/01/01,2020/12/31,2022/02/16,2022/01/27,2022/01/27,ACCESSORIES BY CHAISE,5708,VILLAS LN,APT A,MONTGOMERY,AL,36116,5708 VILLAS LN,5708,VILLAS LN,APT A,36116,787,0,,BUSINESS TO BE CONDUCTED IN A,,,Renew,YES,MONTGOMERY,AL,8,2022,{31D0871B-2863-450A-8042-211ADAE6C77E},,,,
479277.885008413,660253.23008699,130,3990374-BUS,A-HITECO INC,A-HITECO INC,202200013015,4246,2022,2022/01/01,2022/12/31,2022/03/01,2022/02/10,2022/03/01,A-HITECO INC,4285,ALATEX RD,,MONTGOMERY,AL,36108,4285 ALATEX RD,4285,ALATEX RD,,36108,559,339999,MISCELLANEOUS MANUFACTURINGSPECIALTY MANUFACTURING NOT DEFINED IN SEPARATE CATEGORIES,MANUFACTURING,,,Renew,YES,MONTGOMERY,AL,4,2022,{763ED7FD-8B4A-4124-9756-37655D135E30},,,,
479277.885008413,660253.23008699,132,3990374-BUS,A-HITECO INC,A-HITECO INC,202300003066,4246,2023,2023/01/01,2023/12/31,2023/01/26,2023/01/20,2023/01/27,A-HITECO INC,4285,ALATEX RD,,MONTGOMERY,AL,36108,4285 ALATEX RD,4285,ALATEX RD,,36108,695,561990,ALL OTHER SUPPORT SERVICES,SERVICE,,,Renew,YES,MONTGOMERY,AL,4,2023,{0821B098-AE9D-45B8-A9B5-4336FC354C09},,,,
,,133,9368211-BUS,ADAPTHEALTH PATIENT CARE SOLUTIONS LLC,ADAPTHEALTH PATIENT CARE SOLUTIONS LLC,202300013091,38828,2023,2023/01/01,2023/12/31,2023/04/24,2023/04/20,2023/04/20,ADAPTHEALTH PATIENT CARE SOLUTIONS LLC,220,W GERMANTOWN PIKE,STE 250,PLYMOUTH MEETING,PA,19462,220 W GERMANTOWN PIKE,220,W GERMANTOWN PIKE,STE 250,19462,607,453998,ALL OTHER MISCELLANEOUS RETAILERS,ALL OTHER MISCELLANEOUS RETAILERS,,,New,NO,PLYMOUTH MEETING,PA,,2023,{C8C4C24E-0DC7-4D5B-96F5-17D53B55FDEC},,,,
,,134,9368211-BUS,ADAPTHEALTH PATIENT CARE SOLUTIONS LLC,ADAPTHEALTH PATIENT CARE SOLUTIONS LLC,202400010750,38828,2024,2024/01/01,2024/12/31,2024/04/01,2024/02/01,2024/04/08,ADAPTHEALTH PATIENT CARE SOLUTIONS LLC,220,W GERMANTOWN PIKE,STE 250,PLYMOUTH MEETING,PA,19462,220 W GERMANTOWN PIKE,220,W GERMANTOWN PIKE,STE 250,19462,665,532200,RENTAL AND LEASINGTANGIBLE PERSONAL PROPERTY,RENTAL AND LEASINGTANGIBLE PERSONAL PROPERTY,,,New,NO,PLYMOUTH MEETING,PA,,2024,{D0515C34-28DC-44B5-8CE6-D2E0F82C6BD9},,,,
,,135,5991320-BUS,ADCO BOILER CO LTD,ADCO BOILER COMPANY LTD,202400008088,491,2024,2024/01/01,2024/12/31,2024/02/23,2024/02/01,2024/02/07,ADCO BOILER CO LTD,3657,PINE LN,,BESSEMER,AL,35022,3657 PINE LN SE,3657,PINE LN SE,,350225641,589,444130,"BUILDING MATERIALSHARDWARE, PAINT, HOME CENTER, WALLPAPER, NURSERY",BOILER PARTS RETAILER,,,Renew,NO,BESSEMER,AL,,2024,{874C33A0-37EC-43DB-B073-F7DF4B9276F2},,,,
,,136,9364950-BUS,ADL RISK SERVICES LLC,ADL RISK SERVICES LLC,202300010368,31917,2023,2023/01/01,2023/12/31,2023/02/22,2023/02/01,2023/02/21,ADL RISK SERVICES LLC,556,CLAY ST,,MONTGOMERY,AL,36104,556 CLAY ST,556,CLAY ST,,36104,658,524292,"AGENT OFFICEADMINISTRATION OF THIRD PARTIES, PENSION FUNDS, ANNUITIES",AGENT OFFICEADMINISTRATION OF THIRD PARTIES PENSION FUNDS ANNUITIES,,,Renew,YES,MONTGOMERY,AL,,2023,{C210C37F-330F-45F6-AB73-0E3718079818},,,,
552121.58052808,683794.758135073,137,7398025-BUS,ADDICITION & MENTAL HEALTH SVC,BRADFORD HEALTH SERVICES,202200007257,27330,2022,2022/01/01,2022/12/31,2022/02/18,2022/02/01,2022/02/17,ADDICITION & MENTAL HEALTH SVC,2101,MAGNOLIA AVE SOUTH,SUITE 518,BIRMINGHAM,AL,35205,386 ST LUKES DR,386,ST LUKES DR,,36117,709,621498,"OUTPATIENT CARE CENTERSCLINICS, ALL OTHER TYPES OF MEDICAL SERVICES",OUTPATIENT CHEMICAL,,,Renew,YES,MONTGOMERY,AL,9,2022,{EF17A13C-50A5-44A5-90CE-558A8764F6DA},,,,
552121.58052808,683794.758135073,138,7398025-BUS,ADDICITION & MENTAL HEALTH SVC,BRADFORD HEALTH SERVICES,202300012366,27330,2023,2023/01/01,2023/12/31,2023/03/29,2023/03/22,2023/03/29,ADDICITION & MENTAL HEALTH SVC,2101,MAGNOLIA AVE SOUTH,SUITE 518,BIRMINGHAM,AL,35205,386 ST LUKES DR,386,ST LUKES DR,,36117,709,621498,"OUTPATIENT CARE CENTERSCLINICS, ALL OTHER TYPES OF MEDICAL SERVICES",OUTPATIENT CHEMICAL,,,Renew,YES,MONTGOMERY,AL,9,2023,{443B47BC-A2F1-42B5-AF6D-B50DCE2DD034},,,,
,,139,9364950-BUS,ADL RISK SERVICES LLC,ADL RISK SERVICES LLC,202400008683,31917,2024,2024/01/01,2024/12/31,2024/02/26,2024/02/01,2024/02/26,ADL RISK SERVICES LLC,556,CLAY ST,,MONTGOMERY,AL,36104,556 CLAY ST,556,CLAY ST,,36104,658,524292,"AGENT OFFICEADMINISTRATION OF THIRD PARTIES, PENSION FUNDS, ANNUITIES",AGENT OFFICEADMINISTRATION OF THIRD PARTIES PENSION FUNDS ANNUITIES,,,Renew,YES,MONTGOMERY,AL,,2024,{792E1935-7A8D-4374-B48D-02874706AF6C},,,,
,,140,9362361-BUS,"ADMIRED PROPERTIES, LLC",ADMIRED PROPERTIES LLC,202200002335,18625,2022,2022/01/01,2022/12/31,2022/01/24,2022/01/21,2022/01/11,"ADMIRED PROPERTIES, LLC",,PO BOX 240734,,MONTGOMERY,AL,361240734,PO BOX 240734,PO BOX 240734,PO BOX 240734,,361240734,661,531100,RENTAL AND LEASINGREAL PROPERTY RENTAL,RENTAL AND LEASINGREAL PROPERTY RENTAL,,,Renew,YES,MONTGOMERY,AL,,2022,{5BA14B19-8EB9-404D-A840-80950AC21AA0},,,HNAM,2025/04/04 19:19:32+00
,,142,9362361-BUS,"ADMIRED PROPERTIES, LLC",ADMIRED PROPERTIES LLC,202400000025,18625,2024,2024/01/01,2024/12/31,2024/01/02,2023/12/29,2024/01/02,"ADMIRED PROPERTIES, LLC",,PO BOX 240734,,MONTGOMERY,AL,361240734,PO BOX 240734,PO BOX 240734,PO BOX 240734,,361240734,661,531100,RENTAL AND LEASINGREAL PROPERTY RENTAL,RENTAL AND LEASINGREAL PROPERTY RENTAL,,,Renew,YES,MONTGOMERY,AL,,2024,{9DE5E0EC-7DE1-4624-BBAC-F4788B0C82AB},,,HNAM,2025/04/04 19:19:32+00
,,143,7290251-BUS,ADONNAS FIT STOP INC,ADONNA'S FIT STOP,202100002527,2151,2021,2021/01/01,2021/12/31,2021/01/07,2021/01/06,2021/01/12,ADONNAS FIT STOP INC,7157,TIMBERMILL DR,,MONTGOMERY,AL,361177405,NPL,NPL,NPL,,,607,453998,ALL OTHER MISCELLANEOUS RETAILERS,ALL OTHER MISCELLANEOUS RETAILERS,,,Renew,NO,,,,2021,{2E06554D-A31C-4FD7-ACC6-EE377B5F299E},,,HNAM,2025/04/04 19:19:32+00
,,144,9345036-BUS,ADMINISTRATIVE MGMT PROF INC,ADMIN MGMT PROFESSIONALS INC,202200010624,21802,2022,2022/01/01,2022/12/31,2022/03/17,2021/12/31,2022/03/22,ADMINISTRATIVE MGMT PROF INC,9200,CRESCENT LODGE CIRCLE,,PIKE ROAD,AL,36064,9200 CRESCENT LODGE CIRCLE,9200,CRESCENT LODGE CIRCLE,,36064,684,561439,"ADMINISTRATIVE SERVICESANSWERING, EMPLOYMENT OFFICE, SECRETARIAL CALL CENTERS",ADMINISTRATIVE SERVICES,,,Renew,NO,PIKE ROAD,AL,,2022,{3FDDB7F5-B855-409E-89DD-51CDFD3C7643},,,,
,,145,9362361-BUS,"ADMIRED PROPERTIES, LLC",ADMIRED PROPERTIES LLC,202400000036,18625,2020,2020/01/01,2020/12/31,2024/01/02,2023/12/29,2024/01/02,"ADMIRED PROPERTIES, LLC",,PO BOX 240734,,MONTGOMERY,AL,361240734,PO BOX 240734,PO BOX 240734,PO BOX 240734,,361240734,661,531100,RENTAL AND LEASINGREAL PROPERTY RENTAL,RENTAL AND LEASINGREAL PROPERTY RENTAL,,,Renew,YES,MONTGOMERY,AL,,2024,{6235CE85-E697-400C-B504-84E44A0BFAB8},,,HNAM,2025/04/04 19:19:32+00
,,146,7290251-BUS,ADONNAS FIT STOP INC,ADONNA'S FIT STOP,202200001361,2151,2022,2022/01/01,2022/12/31,2022/01/06,2022/01/05,2022/01/05,ADONNAS FIT STOP INC,7157,TIMBERMILL DR,,MONTGOMERY,AL,361177405,NPL,NPL,NPL,,,607,453998,ALL OTHER MISCELLANEOUS RETAILERS,ALL OTHER MISCELLANEOUS RETAILERS,,,Renew,NO,,,,2022,{FF87960B-5264-4822-B137-AF6C9048BFC4},,,HNAM,2025/04/04 19:19:32+00
,,147,9362361-BUS,"ADMIRED PROPERTIES, LLC",ADMIRED PROPERTIES LLC,202400000037,18625,2021,2021/01/01,2021/12/31,2024/01/02,2023/12/29,2024/01/02,"ADMIRED PROPERTIES, LLC",,PO BOX 240734,,MONTGOMERY,AL,361240734,PO BOX 240734,PO BOX 240734,PO BOX 240734,,361240734,661,531100,RENTAL AND LEASINGREAL PROPERTY RENTAL,RENTAL AND LEASINGREAL PROPERTY RENTAL,,,Renew,YES,MONTGOMERY,AL,,2024,{08D15243-0369-4484-A40A-D7384E2D31E2},,,HNAM,2025/04/04 19:19:32+00
,,148,7290251-BUS,ADONNAS FIT STOP INC,ADONNA'S FIT STOP,202200001361,2151,2022,2022/01/01,2022/12/31,2022/01/06,2022/01/05,2022/01/05,ADONNAS FIT STOP INC,7157,TIMBERMILL DR,,MONTGOMERY,AL,361177405,NPL,NPL,NPL,,,727,713900,"AMUSEMENTARCADES, GOLF CLUBS, MARINAS, FITNESS, BOWLING CENTERS",AMUSEMENTARCADES GOLF CLUBS MARINAS FITNESS BOWLING CENTERS,,,Renew,NO,,,,2022,{BAF4ED43-7B43-43AB-81BF-8F35C70D8FFA},,,HNAM,2025/04/04 19:19:32+00
,,149,7395150-BUS,ADP INC - ES DIVISION,ADP INC   EMPLOYER SERVICE DIV,202100009691,2424,2021,2021/01/01,2021/12/31,2021/03/04,2021/03/04,2021/03/04,ADP INC - ES DIVISION,,ONE ADP BLVD MAILSTOP 340,,ROSELAND,NJ,7068,1 ADP BLVD # MS-340,1,ADP BLVD # MS-340,,70681728,567,421410,"COMMERCIAL EQUIPMENT AND SUPPLIES WHOLESALECOMPUTER, OFFICE ETC.",DATA PROCESSING SYSTEMS SUPPLIES,,,Renew,NO,ROSELAND,NJ,,2021,{E353C684-3048-4C6F-AE0E-E32525E03293},,,,
,,150,7395150-BUS,ADP INC - ES DIVISION,ADP INC   EMPLOYER SERVICE DIV,202100009691,2424,2021,2021/01/01,2021/12/31,2021/03/04,2021/03/04,2021/03/04,ADP INC - ES DIVISION,,ONE ADP BLVD MAILSTOP 340,,ROSELAND,NJ,7068,1 ADP BLVD # MS-340,1,ADP BLVD # MS-340,,70681728,644,519210,DATA PROCESSING SERVICES,DATA PROCESSING SERVICE,,,Renew,NO,ROSELAND,NJ,,2021,{786D20DE-248E-4863-B54F-A5AC643A6693},,,,
,,151,7395150-BUS,ADP INC - ES DIVISION,ADP INC   EMPLOYER SERVICE DIV,202200007265,2424,2022,2022/01/01,2022/12/31,2022/02/18,2022/01/24,2022/02/18,ADP INC - ES DIVISION,,ONE ADP BLVD MAILSTOP 340,,ROSELAND,NJ,7068,1 ADP BLVD # MS-340,1,ADP BLVD # MS-340,,70681728,644,519210,DATA PROCESSING SERVICES,DATA PROCESSING SERVICE,,,Renew,NO,ROSELAND,NJ,,2022,{3FD9CE45-CD48-4817-BB45-3373C2B423C5},,,,
,,152,7395150-BUS,ADP INC - ES DIVISION,ADP INC   EMPLOYER SERVICE DIV,202400007309,2424,2024,2024/01/01,2024/12/31,2024/02/20,2024/02/01,2024/02/02,ADP INC - ES DIVISION,,ONE ADP BLVD MAILSTOP 340,,ROSELAND,NJ,7068,1 ADP BLVD # MS-340,1,ADP BLVD # MS-340,,70681728,644,519210,DATA PROCESSING SERVICES,DATA PROCESSING SERVICE,,,Renew,NO,ROSELAND,NJ,,2024,{AD76D378-B20A-4294-A52F-8CD604ECA51B},,,,
,,153,042421-BUS,ADRIANNA DUNNICAN,NOVA REIGNS  LLC,202300011548,45716,2023,2023/01/01,2023/12/31,2023/03/10,2023/03/03,2023/03/03,ADRIANNA DUNNICAN,4672,ROSSER LOOP DR,,BESSEMER,AL,350226176,4672 ROSSER LOOP DR,4672,ROSSER LOOP DR,,350226176,787,0,,ONE DAY ONLY ,,,New,NO,BESSEMER,AL,,2023,{8816A74D-2844-4C43-A0A3-D52FADADF99F},,,,
,,154,041331-BUS,ADRIENE  TIMMONS,D AND E KITCHEN AND CATERING,202300000008,44625,2022,2022/01/01,2022/12/31,2022/10/03,2022/10/03,2022/10/03,ADRIENE  TIMMONS,260,TAYLOR XING,,MILLBROOK,AL,360542731,2530 E SOUTH BLVD,2530,E SOUTH BLVD,,361162508,787,0,,NO HOOKAH TOOLS OR TOBACCO PERMITTED ON PREMISES ,,,New,YES,MONTGOMERY,AL,,2022,{7AE05159-8B0D-409D-9D8A-B3238F4B1524},,,,
524938.427545413,688167.023996823,155,9362292-BUS,ADRIENNE BELL,ANA,202100008163,18559,2021,2021/01/01,2021/12/31,2021/02/24,2021/01/31,2021/01/31,ADRIENNE BELL,732,SANDHURST DR,,MONTGOMERY,AL,36109,425 COLISEUM BLVD,425,COLISEUM BLVD,,36109,607,453998,ALL OTHER MISCELLANEOUS RETAILERS,RETAIL SALES,,,Renew,YES,MONTGOMERY,AL,2,2021,{63B2D874-7481-469D-BFC0-AF91265B98EC},,,,
540420.53896958,688303.732056737,156,9343554-BUS,ADRIENNE FLUELLEN,DIMENSIONS BY JIREH,202100012923,15203,2020,2020/01/01,2020/12/31,2021/05/28,2021/05/20,2021/05/28,ADRIENNE FLUELLEN,4154,BROOKTREE RD,,MONTGOMERY,AL,36116,5520 WARES FERRY RD,5520,WARES FERRY RD,,36117,753,812115,BEAUTY SHOP,BEAUTY STYLIST(1),,,Renew,YES,MONTGOMERY,AL,2,2021,{1BC79C77-B0B4-4458-970C-A315EA0E65A7},,,,
517042.214991413,686290.943759486,157,046031-BUS,ADRIANA FRANCO,LA CASONA DE FRANCO,202400012730,49328,2024,2024/01/01,2024/12/31,2024/07/03,2024/07/01,2024/07/17,ADRIANA FRANCO,1404,E AUDUBON RD,,MONTGOMERY,AL,361112616,1751 UPPER WETUMPKA RD,1751,UPPER WETUMPKA RD,,361071225,787,0,,NO ALCOHOL SALES ,,,New,YES,MONTGOMERY,AL,3,2024,{7047D8AD-7F24-486F-82D2-CEA438F2B910},,,,
540420.53896958,688303.732056737,158,9343554-BUS,ADRIENNE FLUELLEN,DIMENSIONS BY JIREH,202400005978,15203,2024,2024/01/01,2024/12/31,2024/02/13,2024/02/13,2024/02/15,ADRIENNE FLUELLEN,4154,BROOKTREE RD,,MONTGOMERY,AL,36116,5520 WARES FERRY RD,5520,WARES FERRY RD,,36117,753,812115,BEAUTY SHOP,BEAUTY STYLIST(1),,,Renew,YES,MONTGOMERY,AL,2,2024,{D88A94DA-EBE1-41D5-A877-B537A0F1D74C},,,,
517042.214991413,686290.943759486,159,046031-BUS,ADRIANA FRANCO,LA CASONA DE FRANCO,202400012730,49328,2024,2024/01/01,2024/12/31,2024/07/03,2024/07/01,2024/07/17,ADRIANA FRANCO,1404,E AUDUBON RD,,MONTGOMERY,AL,361112616,1751 UPPER WETUMPKA RD,1751,UPPER WETUMPKA RD,,361071225,787,0,,NO ATM MACHINES ,,,New,YES,MONTGOMERY,AL,3,2024,{32C53F7C-3DE4-47E6-8328-015DDD1EEE94},,,,
,,160,043767-BUS,ADRIENNE'S DOWNTOWN BAR,ADDRIENNE EDWARDS,202300014784,47062,2023,2023/01/01,2023/12/31,2023/08/31,2023/08/31,2023/09/29,ADRIENNE'S DOWNTOWN BAR,51,ABBY LN,,MILLBROOK,AL,360543044,51 ABBY LN,51,ABBY LN,,360543044,787,0,,EXPIRATION DATE: 9-3-2023,,,New,NO,MILLBROOK,AL,,2023,{DDE99672-8B56-453B-A24B-E6078A81AAAC},,,,
,,161,043767-BUS,ADRIENNE'S DOWNTOWN BAR,ADDRIENNE EDWARDS,202300014784,47062,2023,2023/01/01,2023/12/31,2023/08/31,2023/08/31,2023/09/29,ADRIENNE'S DOWNTOWN BAR,51,ABBY LN,,MILLBROOK,AL,360543044,51 ABBY LN,51,ABBY LN,,360543044,787,0,,EVENT NAME: LABOR DAY CLASSIC MIXER,,,New,NO,MILLBROOK,AL,,2023,{D7A3E73D-89D3-44B4-BFE1-4BFDA20359FC},,,,
542454.39710658,656974.113285653,162,038778-BUS,ADRIENNE HARRIS AND KRISTEN DORSEY WILLIAMS,STYLED BY A K LLP,202100015338,42072,2021,2021/01/01,2021/12/31,2021/12/06,2021/12/01,2021/12/01,ADRIENNE HARRIS AND KRISTEN DORSEY WILLIAMS,5813,BLEVINS CIR,,MONTGOMERY,AL,361166525,5813 BLEVINS CIR,5813,BLEVINS CIR,,361166525,598,448190,"CLOTHING AND ACCESSORIESMEN, WOMEN, CHILDREN, INFANT, SHOE, JEWELRY",,,,New,YES,MONTGOMERY,AL,6,2021,{FC2ADFE4-A337-42C0-8F61-AE2C627993CA},,,,
542454.39710658,656974.113285653,163,038778-BUS,ADRIENNE HARRIS AND KRISTEN DORSEY WILLIAMS,STYLED BY A K LLP,202100015338,42072,2021,2021/01/01,2021/12/31,2021/12/06,2021/12/01,2021/12/01,ADRIENNE HARRIS AND KRISTEN DORSEY WILLIAMS,5813,BLEVINS CIR,,MONTGOMERY,AL,361166525,5813 BLEVINS CIR,5813,BLEVINS CIR,,361166525,787,0,,ONLINE BOUTIQUE,,,New,YES,MONTGOMERY,AL,6,2021,{F0C31B2B-FC93-4C48-AB0B-08F28FE5E1B7},,,,
,,164,5994156-BUS,ADTRAN INC,ADTRAN INC,202200009519,1429,2022,2022/01/01,2022/12/31,2022/03/07,2022/01/20,2022/03/09,ADTRAN INC,901,EXPLORER BLVD NW,,HUNTSVILLE,AL,358062807,901 EXPLORER BLVD,901,EXPLORER BLVD,,358062807,607,453998,ALL OTHER MISCELLANEOUS RETAILERS,RETAIL SALES/SERVICES,,,Renew,NO,HUNTSVILLE,AL,,2022,{C6152398-2070-4DD0-BDFE-3944A630CBA0},,,,
,,165,5994156-BUS,ADTRAN INC,ADTRAN INC,202300005985,1429,2023,2023/01/01,2023/12/31,2023/02/08,2023/01/26,2023/02/08,ADTRAN INC,901,EXPLORER BLVD NW,,HUNTSVILLE,AL,358062807,901 EXPLORER BLVD,901,EXPLORER BLVD,,358062807,607,453998,ALL OTHER MISCELLANEOUS RETAILERS,RETAIL SALES/SERVICES,,,Renew,NO,HUNTSVILLE,AL,,2023,{E18DD091-162A-49FA-A304-C2F570961CF9},,,,
,,166,6140136-BUS,ADVANCE AMERICA CASH ADVANCE,ADVANCE AMERICA 1620,202300008923,20655,2023,2023/01/01,2023/12/31,2023/02/21,2023/02/07,2023/02/21,ADVANCE AMERICA CASH ADVANCE,251,LITTLE FALLS DR,,WILMINGTON,DE,198081674,3893 EASTERN BLVD,3893,EASTERN BLVD,STE 200,36116,650,522298,PAWN SHOPWHETHER TITLE PAWN OR MERCHANDISE,PAWN BROKER,,,Renew,YES,MONTGOMERY,AL,,2023,{039D5224-2EE7-497C-9FC1-9B2D2F77CAD6},,,,
548032.900385246,685749.759474404,167,6140137-BUS,ADVANCE AMERICA CASH ADVANCE,ADVANCE AMERICA CASH ADVANCE #1650,202100003620,20656,2021,2021/01/01,2021/12/31,2021/02/05,2021/02/01,2021/02/04,ADVANCE AMERICA CASH ADVANCE,,P O BOX 3058,,SPARTANBURG,SC,29304,6533 ATLANTA HWY,6533,ATLANTA HWY,,36117,650,522298,PAWN SHOPWHETHER TITLE PAWN OR MERCHANDISE,PAWN BROKER,,,Renew,YES,MONTGOMERY,AL,1,2021,{0EC3BBAB-3B9E-4229-BB1D-5BD73585AA7F},,,,
548032.900385246,685749.759474404,168,6140137-BUS,ADVANCE AMERICA CASH ADVANCE,ADVANCE AMERICA CASH ADVANCE #1650,202100003620,20656,2021,2021/01/01,2021/12/31,2021/02/05,2021/02/01,2021/02/04,ADVANCE AMERICA CASH ADVANCE,,P O BOX 3058,,SPARTANBURG,SC,29304,6533 ATLANTA HWY,6533,ATLANTA HWY,,36117,652,522991,CONSUMER LENDING,MONEY LENDER,,,Renew,YES,MONTGOMERY,AL,1,2021,{776CD95E-930A-4512-A23D-799C6D0941E9},,,,
530928.36897758,656145.527672492,169,8030536-BUS,ADULT AND PEDIATRIC MEDICINE P,MORGAN THEODORE MCKINLEY SR,202200001235,14747,2022,2022/01/01,2022/12/31,2022/01/11,2022/01/04,2022/01/11,ADULT AND PEDIATRIC MEDICINE P,4825,VIRGINIA LOOP RD,,MONTGOMERY,AL,36116,4825 VIRGINIA LOOP RD,4825,VIRGINIA LOOP RD,,36116,707,621399,ALL OTHER MISCELLANEOUS HEALTH PRACTITIONERS,ALL OTHER MISCELLANEOUS HEALTH PRACTITIONERS,,,Renew,YES,MONTGOMERY,AL,6,2022,{8897F41C-C4E4-4966-B9FE-D3941E0CBED7},,,,
529325.883993577,684827.01558499,170,6140138-BUS,ADVANCE AMERICA CASH ADVANCE,ADVANCE AMERICA CASH ADVANCE 1605,202100003473,20657,2021,2021/01/01,2021/12/31,2021/02/04,2021/01/29,2021/02/04,ADVANCE AMERICA CASH ADVANCE,251,LITTLE FALLS DR,,WILMINGTON,DE,198081674,3988 ATLANTA HWY,3988,ATLANTA HWY,,361092919,652,522991,CONSUMER LENDING,MONEY LENDER,,,Renew,YES,MONTGOMERY,AL,1,2021,{FD61C205-511D-4A80-902B-A0ECBDC35B3E},,,,
529325.883993577,684827.01558499,171,6140138-BUS,ADVANCE AMERICA CASH ADVANCE,ADVANCE AMERICA CASH ADVANCE 1605,202400009701,20657,2024,2024/01/01,2024/12/31,2024/03/05,2024/01/24,2024/03/01,ADVANCE AMERICA CASH ADVANCE,251,LITTLE FALLS DR,,WILMINGTON,DE,198081674,3988 ATLANTA HWY,3988,ATLANTA HWY,,361092919,650,522298,PAWN SHOPWHETHER TITLE PAWN OR MERCHANDISE,,,,Renew,YES,MONTGOMERY,AL,1,2024,{F8EF8117-A2F5-433E-8823-D2DB0D3AA518},,,,
,,172,5530236-BUS,ADVANCE AUTO PARTS,ADVANCE AUTO PARTS,202100005550,2303,2021,2021/01/01,2021/12/31,2021/02/13,2021/01/31,2021/01/30,ADVANCE AUTO PARTS,,PO BOX 2710,,ROANOKE,VA,240012710,2400 E SOUTH BLVD,2400,E SOUTH BLVD,,361162506,561,421015,AUTO PARTS AND ACCESSORIES WHOLESALE,AUTO PARTS WHOLESALE SALES,,,Renew,YES,MONTGOMERY,AL,,2021,{7A8FEE80-AEAC-4065-8FF0-BAC7FF9C0493},,,,
,,173,5530236-BUS,ADVANCE AUTO PARTS,ADVANCE AUTO PARTS,202200007970,2303,2022,2022/01/01,2022/12/31,2022/02/24,2022/01/31,2022/02/02,ADVANCE AUTO PARTS,,PO BOX 2710,,ROANOKE,VA,240012710,2400 E SOUTH BLVD,2400,E SOUTH BLVD,,361162506,561,421015,AUTO PARTS AND ACCESSORIES WHOLESALE,AUTO PARTS WHOLESALE SALES,,,Renew,YES,MONTGOMERY,AL,,2022,{292B28A6-3B0D-4D42-8CF8-B8C21D048F08},,,,
,,174,5530236-BUS,ADVANCE AUTO PARTS,ADVANCE AUTO PARTS,202400006234,2303,2024,2024/01/01,2024/12/31,2024/02/14,2024/01/31,2024/01/31,ADVANCE AUTO PARTS,,PO BOX 2710,,ROANOKE,VA,240012710,2400 E SOUTH BLVD,2400,E SOUTH BLVD,,361162506,561,421015,AUTO PARTS AND ACCESSORIES WHOLESALE,AUTO PARTS WHOLESALE SALES,,,Renew,YES,MONTGOMERY,AL,,2024,{0F16730B-190C-4245-9335-C5A035238C9D},,,,
,,175,5530236-BUS,ADVANCE AUTO PARTS,ADVANCE AUTO PARTS,202400006234,2303,2024,2024/01/01,2024/12/31,2024/02/14,2024/01/31,2024/01/31,ADVANCE AUTO PARTS,,PO BOX 2710,,ROANOKE,VA,240012710,2400 E SOUTH BLVD,2400,E SOUTH BLVD,,361162506,585,441310,AUTOMOTIVE PARTS AND ACCESSORIES,AUTOMOBILE PARTS RETAIL,,,Renew,YES,MONTGOMERY,AL,,2024,{F76A422C-B992-4372-8282-354125C73FA9},,,,
541979.61951283,684572.654217072,176,5530283-BUS,ADVANCE AUTO PARTS #5083,ADVANCE AUTO PARTS #5083,202100005516,20516,2021,2021/01/01,2021/12/31,2021/02/13,2021/01/26,2021/02/12,ADVANCE AUTO PARTS #5083,,PO BOX 2710,ATTN: LEASE & PROP TAX,ROANOKE,VA,24001,5700 ATLANTA HWY,5700,ATLANTA HWY,,36117,561,421015,AUTO PARTS AND ACCESSORIES WHOLESALE,AUTO PARTS WHOLESALE,,,Renew,YES,MONTGOMERY,AL,9,2021,{B7BEBFA9-2010-4501-988F-F71E8BAA10E7},,,,
541979.61951283,684572.654217072,177,5530283-BUS,ADVANCE AUTO PARTS #5083,ADVANCE AUTO PARTS #5083,202300008210,20516,2023,2023/01/01,2023/12/31,2023/02/15,2023/02/01,2023/02/16,ADVANCE AUTO PARTS #5083,,PO BOX 2710,ATTN: LEASE & PROP TAX,ROANOKE,VA,24001,5700 ATLANTA HWY,5700,ATLANTA HWY,,36117,561,421015,AUTO PARTS AND ACCESSORIES WHOLESALE,AUTO PARTS WHOLESALE,,,Renew,YES,MONTGOMERY,AL,9,2023,{CC1AE177-AABA-4D59-BBC9-582B5D09F9C9},,,,
549121.829637829,665680.255322158,178,5530367-BUS,ADVANCE AUTO PARTS #6095,ADVANCE AUTO PARTS #6095,202100005276,20527,2021,2021/01/01,2021/12/31,2021/02/12,2021/02/01,2021/02/11,ADVANCE AUTO PARTS #6095,,PO BOX 2710,LEASE & PROPERTY TAX DIV,ROANOKE,VA,24001,3601 MALCOLM DR,3601,MALCOLM DR,,36116,585,441310,AUTOMOTIVE PARTS AND ACCESSORIES,,,,Renew,YES,MONTGOMERY,AL,8,2021,{D015C393-03F5-4F9D-A529-6C2F88B47756},,,,
,,179,5530258-BUS,ADVANCE AUTO PARTS #9360,ADVANCE AUTO PARTS #9360,202300008308,20513,2023,2023/01/01,2023/12/31,2023/02/16,2023/02/01,2023/02/16,ADVANCE AUTO PARTS #9360,,PO BOX 2710,ATTN: LEASE & PROP TAX,ROANOKE,VA,24001,460 FAIRVIEW AVE WEST,460,FAIRVIEW AVE WEST,,36105,585,441310,AUTOMOTIVE PARTS AND ACCESSORIES,,,,Renew,YES,MONTGOMERY,AL,,2023,{31CE61AF-C0D9-492E-BAB7-3EE53E53BAC8},,,,
,,180,5530258-BUS,ADVANCE AUTO PARTS #9360,ADVANCE AUTO PARTS #9360,202300008308,20513,2023,2023/01/01,2023/12/31,2023/02/16,2023/02/01,2023/02/16,ADVANCE AUTO PARTS #9360,,PO BOX 2710,ATTN: LEASE & PROP TAX,ROANOKE,VA,24001,460 FAIRVIEW AVE WEST,460,FAIRVIEW AVE WEST,,36105,561,421015,AUTO PARTS AND ACCESSORIES WHOLESALE,,,,Renew,YES,MONTGOMERY,AL,,2023,{3058AA04-2895-4973-8E13-905E694DB516},,,,
522745.255750664,685225.044644572,181,5530270-BUS,ADVANCE AUTO PARTS 9470,ADVANCE AUTO PARTS 9470,202200009381,20515,2022,2022/01/01,2022/12/31,2022/03/04,2022/01/31,2022/03/15,ADVANCE AUTO PARTS 9470,,PO BOX 2710,ATTN: LEASE & PROP TAX,ROANOKE,VA,24001,3036 ATLANTA HWY,3036,ATLANTA HWY,,36109,561,421015,AUTO PARTS AND ACCESSORIES WHOLESALE,AUTO PARTS WHOLESALE,,,Renew,YES,MONTGOMERY,AL,1,2022,{44A12123-D86F-462B-A120-2AEB74E660BC},,,,
525050.068726327,688830.22706674,182,9344491-BUS,ADVANCED BUSINESS SOLUTIONS II,ADVANCED BUSINESS SOLUTIONS II,202300004734,5858,2023,2023/01/01,2023/12/31,2023/02/03,2023/02/02,2023/02/02,ADVANCED BUSINESS SOLUTIONS II,600,SILVER MOON CT,,MONTGOMERY,AL,36117,503 COLISEUM BLVD,503,COLISEUM BLVD,,36109,669,541210,ACCOUNTING/TAX PREPARATION/BOOKKEEPING/PAYROLL SERVICES,,,,Renew,YES,MONTGOMERY,AL,2,2023,{974C3B1A-C0C2-4BF2-8F71-29021D4BCDBB},,,,
,,183,9362109-BUS,ADVANCED CLINICAL EMP STAFFING LL,ADVANCED CLINICAL EMP STAFFING LL,202300007712,37477,2023,2023/01/01,2023/12/31,2023/02/14,2023/01/31,2023/02/14,ADVANCED CLINICAL EMP STAFFING LL,,PO BOX 1076,,ONEONTA,AL,351210014,PO BOX 1076,PO BOX 1076,PO BOX 1076,,351210014,683,561320,TEMPORARY HELP SERVICESPROVIDE EMPLOYEES,TEMPORARY HELP SERVICESPROVIDE EMPLOYEES,,,Renew,NO,ONEONTA,AL,,2023,{2E1437F1-8DA4-444D-BEE0-B4A9AE5C33B5},,,HNAM,2025/04/04 19:19:32+00
,,184,9362109-BUS,ADVANCED CLINICAL EMP STAFFING LL,ADVANCED CLINICAL EMP STAFFING LL,202400001799,37477,2024,2024/01/01,2024/12/31,2024/01/25,2024/01/22,2024/02/05,ADVANCED CLINICAL EMP STAFFING LL,,PO BOX 1076,,ONEONTA,AL,351210014,PO BOX 1076,PO BOX 1076,PO BOX 1076,,351210014,683,561320,TEMPORARY HELP SERVICESPROVIDE EMPLOYEES,TEMPORARY HELP SERVICESPROVIDE EMPLOYEES,,,Renew,NO,ONEONTA,AL,,2024,{569D1F2F-A984-4A8C-841A-AD0A5B792FC1},,,HNAM,2025/04/04 19:19:32+00
,,185,9363279-BUS,ADVANCED ELECTRICAL COMPANY LLC,ADVANCED ELECTRICAL COMPANY LLC,202300004302,31535,2023,2023/01/01,2023/12/31,2023/02/02,2023/01/20,2023/02/01,ADVANCED ELECTRICAL COMPANY LLC,,PO BOX 669,,PELHAM,AL,351240669,PO BOX 669,PO BOX 669,PO BOX 669,,351240669,787,0,,MARK L ANDERSON ELECTRICAL # 05178 EXP 03 30 23,,,Renew,NO,PELHAM,AL,,2023,{835BCE90-CCD3-4974-B74F-4D4B5D9ADAA3},,,HNAM,2025/04/04 19:19:32+00
,,186,9363279-BUS,ADVANCED ELECTRICAL COMPANY LLC,ADVANCED ELECTRICAL COMPANY LLC,202400007046,31535,2024,2024/01/01,2024/12/31,2024/02/18,2024/02/01,2024/02/06,ADVANCED ELECTRICAL COMPANY LLC,,PO BOX 669,,PELHAM,AL,351240669,PO BOX 669,PO BOX 669,PO BOX 669,,351240669,538,238310,CONTRACTORSSPECIALTY TRADEELECTRICAL CONTRACTORS,,,,Renew,NO,PELHAM,AL,,2024,{1DC7848B-29FE-47C5-8391-0878DA2CC88C},,,HNAM,2025/04/04 19:19:32+00
546678.97822433,684210.428235486,187,7396506-BUS,ADVANCED COMPUTER TECHNOLOGIES LLC,ACTWORLD.NET,202100010213,1813,2021,2021/01/01,2021/12/31,2021/03/04,2021/03/04,2021/03/01,ADVANCED COMPUTER TECHNOLOGIES LLC,1333,COLLEGE PKWY,SUITE 111,GULF BREEZE,FL,32563,101 MARKET PL,101,MARKET PL,,36117,645,519999,"INTERNET SERVICE PROVIDERS, WEB SEARCH PORTALS",WEB BASED APPLICATION SERVICE,,,Renew,YES,MONTGOMERY,AL,9,2021,{589996B3-510C-4183-993B-D514A856E59E},,,,
,,188,9362432-BUS,ADVANCED GENERATOR TECHNOLOGIES,ADVANCED GENERATOR TECHNOLOGIES,202100006005,18690,2021,2021/01/01,2021/12/31,2021/02/16,2021/01/21,2021/02/15,ADVANCED GENERATOR TECHNOLOGIES,3404,FAR HILL CIR,,CAHABA HEIGHTS,AL,35243,3404 FAR HILL CIR,3404,FAR HILL CIR,,35243,535,238110,CONTRACTORSSPECIALTY TRADEPLUMBING,CONTRACTORSSPECIALTY TRADEGASFITTING,,,Renew,NO,CAHABA HEIGHTS,AL,,2021,{3020DAD2-C52C-4AE1-8D15-C05CF0EDF51E},,,,
,,189,9362432-BUS,ADVANCED GENERATOR TECHNOLOGIES,ADVANCED GENERATOR TECHNOLOGIES,202200006245,18690,2022,2022/01/01,2022/12/31,2022/02/14,2022/01/31,2022/02/01,ADVANCED GENERATOR TECHNOLOGIES,3404,FAR HILL CIR,,CAHABA HEIGHTS,AL,35243,3404 FAR HILL CIR,3404,FAR HILL CIR,,35243,535,238110,CONTRACTORSSPECIALTY TRADEPLUMBING,CONTRACTORSSPECIALTY TRADEGASFITTING,,,Renew,NO,CAHABA HEIGHTS,AL,,2022,{802E9661-200B-48D0-9EA3-0FB03160294F},,,,
,,190,041385-BUS,ADVANCED INTERIORS,ADVANCED INTERIORS,202300000095,44679,2022,2022/01/01,2022/12/31,2022/10/11,2022/10/11,2022/10/17,ADVANCED INTERIORS,18355,MALLARD DR,,SAUCIER,MS,395748712,18355 MALLARD DR,18355,MALLARD DR,,395748712,533,236320,"CONTRACTORSGENERAL CONTRACTORS, COMM. BLDG, RESIDENTIAL, SUBDIVISIONS, LANDSCAPING CONTRACTORS ","DRYWALL, HANG & fINISH, PLYWOOD, FRP, INSULATION AND ACOUSTICAL CEILINGS",,,New,NO,SAUCIER,MS,,2022,{D6F5FE51-883D-40C7-95EC-759DF745628C},,,,
,,191,9364594-BUS,ADVANCED POWER TECHNOLOGIES LLC,ADVANCED POWER TECHNOLOGIES LLC,202100002532,25787,2021,2021/01/01,2021/12/31,2021/01/30,2021/01/14,2021/01/30,ADVANCED POWER TECHNOLOGIES LLC,1500,N POWERLINE ROAD,,PAMPANO BEACH,FL,33069,1500 N POWERLINE ROAD,1500,N POWERLINE ROAD,,33069,787,0,,JAMES C. ELBERT ELEC # 06823-32517,,,Renew,NO,PAMPANO BEACH,FL,,2021,{38A15E72-342B-46E8-A2CE-DBD63E268675},,,,
,,192,9355649-BUS,ADVANCED PROTECTION INDUSTRIES,NATIONAL MONITORING CENTER,202300005733,28942,2023,2023/01/01,2023/12/31,2023/02/07,2023/01/31,2023/02/07,ADVANCED PROTECTION INDUSTRIES,25341,COMMERCENTRE DR,,LAKE FOREST,CA,92630,25341 COMMERCENTRE DR,25341,COMMERCENTRE DR,,92630,787,0,,AESBL #23-001456  NAT'L MONITORING CTR,,,Renew,NO,LAKE FOREST,CA,,2023,{D555400A-89B5-4F70-8BD4-91DAD2AE0B18},,,,
,,193,032040-BUS,ADVANCED SURFACES CORPORATION,ADVANCED SURFACES CORPORATION,202200005462,10299,2022,2022/01/01,2022/12/31,2022/01/24,2022/01/20,2022/01/25,ADVANCED SURFACES CORPORATION,,PO BOX 1648,,VILLA RICA,GA,301806425,PO BOX 1648,PO BOX 1648,PO BOX 1648,,301806425,541,238990,CONTRACTORSALL OTHERS,FLOORING CONTRACTOR,,,New,NO,VILLA RICA,GA,,2022,{12A4CDBE-8BB6-45D1-8DCB-13664B702509},,,HNAM,2025/04/04 19:19:32+00
,,194,7399786-BUS,ADVANCED RESTORATION LLC,ADVANCED RESTORATION LLC,202300004928,27522,2023,2023/01/01,2023/12/31,2023/02/04,2023/01/13,2023/02/07,ADVANCED RESTORATION LLC,1755,US HWY 231,STE A,WETUMPKA,AL,36093,1755 US HWY 231,1755,US HWY 231,STE A,36093,691,561720,JANITORIAL FIRMJANITORIAL CLEANING SERVICESINDIVIDUAL OR FIRM,FLOOR CLEANING SERVICE,,,Renew,NO,WETUMPKA,AL,,2023,{91CD6584-1500-46CF-97D4-6E6FC98EB961},,,,
,,195,032040-BUS,ADVANCED SURFACES CORPORATION,ADVANCED SURFACES CORPORATION,202300003230,10299,2023,2023/01/01,2023/12/31,2023/01/27,2023/01/27,2023/01/27,ADVANCED SURFACES CORPORATION,,PO BOX 1648,,VILLA RICA,GA,301806425,PO BOX 1648,PO BOX 1648,PO BOX 1648,,301806425,541,238990,CONTRACTORSALL OTHERS,FLOORING CONTRACTOR,,,New,NO,VILLA RICA,GA,,2023,{9B1EB295-6A77-4474-BF10-D2231DB146FA},,,HNAM,2025/04/04 19:19:32+00
479277.885008413,660253.23008699,196,3990374-BUS,A-HITECO INC,A-HITECO INC,202400003404,4246,2024,2024/01/01,2024/12/31,2024/02/02,2024/01/19,2024/02/01,A-HITECO INC,4285,ALATEX RD,,MONTGOMERY,AL,36108,4285 ALATEX RD,4285,ALATEX RD,,36108,559,339999,MISCELLANEOUS MANUFACTURINGSPECIALTY MANUFACTURING NOT DEFINED IN SEPARATE CATEGORIES,MANUFACTURING,,,Renew,YES,MONTGOMERY,AL,4,2024,{BF167561-3C74-452C-B66D-874B1C50543A},,,,
,,197,043713-BUS,A-TEAM STAFFING LLC,A-TEAM STAFFING LLC,202400013917,47008,2024,2024/01/01,2024/12/31,2024/10/01,2024/10/01,2024/10/07,A-TEAM STAFFING LLC,,PO BOX 240962,,MONTGOMERY,AL,361240962,PO BOX 240962,PO BOX 240962,PO BOX 240962,,361240962,683,561320,TEMPORARY HELP SERVICESPROVIDE EMPLOYEES,TEMPORARY STAFFING AGENCY ,,,New,YES,MONTGOMERY,AL,,2024,{542CCEC9-BE67-4E06-B8DA-24F3B66881B8},,,HNAM,2025/04/04 19:19:32+00
529834.857713163,672689.775095738,199,046244-BUS,A-PALMER ELECTRIC CO LLC,A-PALMER ELECTRIC CO LLC,202400013150,49541,2024,2024/01/01,2024/12/31,2024/08/01,2024/08/01,2024/08/14,A-PALMER ELECTRIC CO LLC,1912,GREEN ACRES DR,,MONTGOMERY,AL,361063403,1912 GREEN ACRES DR,1912,GREEN ACRES DR,,361063403,787,0,,ELECTRICAL     LIC: 08959    HENRY PALMER    EXP 06 30 2025,,,New,YES,MONTGOMERY,AL,5,2024,{C139B3F3-A2A7-4A0D-97D1-8B2EF716936E},,,,
525470.338555079,669167.076760575,200,9366412-BUS,A-Z MAINTENANCE HANDYMAN SERVICE,A-Z MAINTENANCE HANDYMAN SERVICE,202100004185,26270,2021,2021/01/01,2021/12/31,2021/02/08,2021/02/05,2021/02/10,A-Z MAINTENANCE HANDYMAN SERVICE,3576,FOXHALL DR,,MONTGOMERY,AL,36111,3576 FOXHALL DR,3576,FOXHALL DR,,36111,787,0,,CONSTRUCTION,,,Renew,YES,MONTGOMERY,AL,5,2021,{1038CC37-B36F-43A7-AEEB-8934DA78288A},,,,
,,201,044270-BUS,A.G. GASTON CONSTRUCTION COMPANY INC,A.G. GASTON CONSTRUCTION COMPANY INC,202300015536,47565,2023,2023/01/01,2023/12/31,2023/11/14,2023/11/03,2023/11/30,A.G. GASTON CONSTRUCTION COMPANY INC,3878,VILLAGE CENTER DR,,HOOVER,AL,352266263,3878 VILLAGE CENTER DR,3878,VILLAGE CENTER DR,,352266263,787,0,,GC LIC#14788  EXP 8/31/2024,,,New,NO,HOOVER,AL,,2023,{91A9CA51-CF3B-4E55-BEB1-A83AAF21C9BC},,,,
,,203,039873-BUS,A1 PRESSURE WASHING SERVICES,A1 PRESSURE WASHING SERVICES,202300015140,43167,2023,2023/01/01,2023/12/31,2023/10/10,2023/10/05,2023/10/10,A1 PRESSURE WASHING SERVICES,,PO BOX 211352,,MONTGOMERY,AL,361211352,PO BOX 211352,PO BOX 211352,PO BOX 211352,,361211352,764,812900,ALL OTHER PERSONAL SERVICES,MOBILE PRESSURE WASHING AND CAR WASHING ,,,New,YES,MONTGOMERY,AL,,2023,{22E261FA-99D0-4047-8DC6-0A0C49DE0DA6},,,HNAM,2025/04/04 19:19:32+00
,,204,036754-BUS,A1 LAWN CARE,A1 LAWN CARE,202200010658,40048,2022,2022/01/01,2022/12/31,2022/03/18,2022/03/17,2022/03/21,A1 LAWN CARE,153,SOUTHERN HILLS DR,,WETUMPKA,AL,36093,153 SOUTHERN HILLS DR,153,SOUTHERN HILLS DR,,36093,693,561731,"LAWN SERVICEMOWING, WEEDING,",,,,New,NO,WETUMPKA,AL,,2022,{0DA7FD29-2C62-4AC7-8B1A-4E81E68A3C46},,,,
,,206,7398295-BUS,A3 SMART HOME LP,A3 SMART HOME LP,202300015370,27356,2023,2023/01/01,2023/12/31,2023/11/02,2023/11/01,2023/11/17,A3 SMART HOME LP,1277,TREAT BLVD,STE 1000,WALNUT CREEK,CA,945978863,1277 TREAT BLVD,1277,TREAT BLVD,STE 1000,94597,787,0,,"AESBL # 24-000855 SECURITY ALARM FIN. EXP;12/31/24",,,Renew,NO,WALNUT CREEK,CA,,2023,{BF322AF1-8BCC-4B29-B0AE-705BD80E00BA},,,,
,,207,7398295-BUS,A3 SMART HOME LP,A3 SMART HOME LP,202300015370,27356,2023,2023/01/01,2023/12/31,2023/11/02,2023/11/01,2023/11/17,A3 SMART HOME LP,1277,TREAT BLVD,STE 1000,WALNUT CREEK,CA,945978863,1277 TREAT BLVD,1277,TREAT BLVD,STE 1000,94597,689,561620,SECURITY SYSTEMS SERVICESLOCKSMITHS,BURGLAR ALARM MONITORING/RETAIL,,,Renew,NO,WALNUT CREEK,CA,,2023,{E72B5FE2-F214-4519-8DA3-218BCEB27803},,,,
,,208,7398295-BUS,A3 SMART HOME LP,A3 SMART HOME LP,202400006737,27356,2024,2024/01/01,2024/12/31,2024/02/16,2024/02/01,2024/02/05,A3 SMART HOME LP,1277,TREAT BLVD,STE 1000,WALNUT CREEK,CA,945978863,1277 TREAT BLVD,1277,TREAT BLVD,STE 1000,94597,689,561620,SECURITY SYSTEMS SERVICESLOCKSMITHS,BURGLAR ALARM MONITORING/RETAIL,,,Renew,NO,WALNUT CREEK,CA,,2024,{3FEC33E4-BCD9-4327-86B6-118E7C2C1C99},,,,
,,209,9362893-BUS,AA AUTO LLC,AA AUTO LLC,202300000877,11369,2023,2023/01/01,2023/12/31,2023/01/04,2023/01/01,2023/01/06,AA AUTO LLC,3307,MOBILE HWY,,MONTGOMERY,AL,36108,3307 MOBILE HWY,3307,MOBILE HWY,,36108,583,441115,"MOTOR VEHICLES, USED CAR DEALERS, PARTS, ACCESSORIES, SERVICE",MOTOR VEHICLES USED CAR DEALERS PARTS ACCESSORIES SERVICE,,,Renew,YES,MONTGOMERY,AL,,2023,{D063BE14-B067-42C7-BC72-14A98987B3C6},,,,
517535.23434658,703457.060673907,210,9362461-BUS,A2Z ROBOTICS CORP,A2Z ROBOTICS CORP,202200005291,18718,2022,2022/01/01,2022/12/31,2022/02/09,2022/01/25,2022/02/09,A2Z ROBOTICS CORP,600,BIRNAMWOOD DR,,SUWANEE,GA,300247581,3261 ALABAMA RIVER PKWY,3261,ALABAMA RIVER PKWY,,36110,764,812900,ALL OTHER PERSONAL SERVICES,MACHINE AND COMPUTER SYSTEM SERVICE,,,Renew,YES,MONTGOMERY,AL,3,2022,{9EABA060-FCAF-4A76-8C74-02888A8DDBD1},,,,
517535.23434658,703457.060673907,211,9362461-BUS,A2Z ROBOTICS CORP,A2Z ROBOTICS CORP,202300007761,18718,2023,2023/01/01,2023/12/31,2023/02/14,2023/01/31,2023/02/14,A2Z ROBOTICS CORP,600,BIRNAMWOOD DR,,SUWANEE,GA,300247581,3261 ALABAMA RIVER PKWY,3261,ALABAMA RIVER PKWY,,36110,764,812900,ALL OTHER PERSONAL SERVICES,MACHINE AND COMPUTER SYSTEM SERVICE,,,Renew,YES,MONTGOMERY,AL,3,2023,{ACCE5CAA-CD71-475A-B656-6C54F8D21958},,,,
,,212,9362893-BUS,AA AUTO LLC,AA AUTO LLC,202400000030,11369,2024,2024/01/01,2024/12/31,2024/01/02,2024/01/01,2024/01/02,AA AUTO LLC,3307,MOBILE HWY,,MONTGOMERY,AL,36108,3307 MOBILE HWY,3307,MOBILE HWY,,36108,583,441115,"MOTOR VEHICLES, USED CAR DEALERS, PARTS, ACCESSORIES, SERVICE",MOTOR VEHICLES USED CAR DEALERS PARTS ACCESSORIES SERVICE,,,Renew,YES,MONTGOMERY,AL,,2024,{920EC183-6B2C-4F91-A2D7-2E1D4E3947D2},,,,
543798.716924496,654819.829208404,214,9362721-BUS,AAA CONSTRUCTION,AAA CONSTRUCTION,202300006797,25234,2023,2023/01/01,2023/12/31,2023/02/10,2023/02/08,2023/02/23,AAA CONSTRUCTION,6090,TAYLOR RD,,MONTGOMERY,AL,36116,6090 TAYLOR RD,6090,TAYLOR RD,,36116,533,236320,"CONTRACTORSGENERAL CONTRACTORS, COMM. BLDG, RESIDENTIAL, SUBDIVISIONS, LANDSCAPING CONTRACTORS ",,,,Renew,YES,MONTGOMERY,AL,6,2023,{D2A1650C-6271-49FD-97FE-9B8A970E0C83},,,,
543798.716924496,654819.829208404,215,9362721-BUS,AAA CONSTRUCTION,AAA CONSTRUCTION,202100003240,25234,2021,2021/01/01,2021/12/31,2021/02/02,2021/01/29,2021/01/29,AAA CONSTRUCTION,6090,TAYLOR RD,,MONTGOMERY,AL,36116,6090 TAYLOR RD,6090,TAYLOR RD,,36116,787,0,,YUDANY RUIZ HBLB#25242,,,Renew,YES,MONTGOMERY,AL,6,2021,{5BE94919-E698-4854-8977-F5F93F74EF88},,,,
543798.716924496,654819.829208404,216,9362721-BUS,AAA CONSTRUCTION,AAA CONSTRUCTION,202400000281,25234,2024,2024/01/01,2024/12/31,2024/01/05,2024/01/03,2024/01/05,AAA CONSTRUCTION,6090,TAYLOR RD,,MONTGOMERY,AL,36116,6090 TAYLOR RD,6090,TAYLOR RD,,36116,787,0,,YUDANY RUIZ #25242 EXP 12 31 24,,,Renew,YES,MONTGOMERY,AL,6,2024,{3D84A68B-C8F9-419F-9AA5-E2DCFECD5786},,,,
497319.603189997,673179.926674493,217,4210002-BUS,AAA COOPER TRANSPORTATION,AAA COOPER TRANSPORTATION,202300002925,4079,2023,2023/01/01,2023/12/31,2023/01/25,2023/01/24,2023/02/06,AAA COOPER TRANSPORTATION,,P O BOX 6827,,DOTHAN,AL,36302,3130 HAYNEVILLE RD,3130,HAYNEVILLE RD,,36108,621,484230,TRUCK TRANSPORTATIONTERMINALSTATE REGULATED,TRUCK TERMINAL,,,Renew,YES,MONTGOMERY,AL,4,2023,{1B8D00E1-FCC3-4AC6-BA09-0E2852CC032C},,,,
,,218,042474-BUS,AAA SATELLITE LLC,AAA SATELLITE LLC,202300011762,45769,2023,2023/01/01,2023/12/31,2023/03/15,2023/03/10,2023/03/16,AAA SATELLITE LLC,7164,KAW DR,,KANSAS CITY,KS,661112428,7164 KAW DR,7164,KAW DR,,661112428,541,238990,CONTRACTORSALL OTHERS,,,,New,NO,KANSAS CITY,KS,,2023,{E21975EE-7DC5-4C69-AC9A-435E71017644},,,,
,,220,043024-BUS,AAA SIGN CO INC,AAA SIGN CO INC,202300013578,46319,2023,2023/01/01,2023/12/31,2023/05/19,2023/05/01,2023/05/01,AAA SIGN CO INC,,PO BOX 211410,,AUGUSTA,GA,309171410,PO BOX 211410,PO BOX 211410,PO BOX 211410,,309171410,787,0,,GC LICENSE#S-58049 RAYMOND PETERS JR(AAA SIGN CO INC),,,New,NO,AUGUSTA,GA,,2023,{910FC008-1184-4AA6-ADF5-7CDD2721E0FA},,,HNAM,2025/04/04 19:19:32+00
,,221,043024-BUS,AAA SIGN CO INC,AAA SIGN CO INC,202400010352,46319,2024,2024/01/01,2024/12/31,2024/03/18,2024/03/13,2024/03/22,AAA SIGN CO INC,,PO BOX 211410,,AUGUSTA,GA,309171410,PO BOX 211410,PO BOX 211410,PO BOX 211410,,309171410,533,236320,"CONTRACTORSGENERAL CONTRACTORS, COMM. BLDG, RESIDENTIAL, SUBDIVISIONS, LANDSCAPING CONTRACTORS ",SIGN INSTALLATION AND REPAIR SERVICE,,,New,NO,AUGUSTA,GA,,2024,{304598CA-41EF-4AC2-907D-077F9CF52FC5},,,HNAM,2025/04/04 19:19:32+00
,,222,9367635-BUS,AADVANCED APPEARANCE SPECIALIST,AADVANCED APPEARANCE SPECIALIST,202100013668,19982,2021,2021/01/01,2021/12/31,2021/01/28,2021/01/28,2021/01/28,AADVANCED APPEARANCE SPECIALIST,,LOVEJOY RD,,FORT WALTON BEACH,FL,32548,303 B LOVEJOY RD,303 B LOVEJOY RD,LOVEJOY RD,,32548,691,561720,JANITORIAL FIRMJANITORIAL CLEANING SERVICESINDIVIDUAL OR FIRM,JANITORIAL FIRMJANITORIAL CLEANING SERVICESINDIVIDUAL OR FIRM,,,Renew,NO,FORT WALTON BEACH,FL,,2021,{CF8B4CA1-47F5-46CD-B0CE-0293C75612BD},,,HNAM,2025/04/04 19:03:29+00
,,223,9352868-BUS,"AARON S , LLC","AARON S, LLC",202100013899,34654,2021,,,2021/02/20,2021/02/01,2021/02/17,"AARON S , LLC",,PO BOX 100039,,KENNESAW,GA,30156,PO BOX 100039,PO BOX 100039,PO BOX 100039,,30156,787,0,,,,,Renew,NO,KENNESAW,GA,,2021,{A7E70999-15D6-4C5E-874C-A158E08348DC},,,HNAM,2025/04/04 19:19:32+00
545058.472935162,687934.47032807,224,036324-BUS,AAHHS MOBILE MECHANIC,AAHHS MOBILE MECHANIC,202100004341,39617,2021,2021/01/01,2021/12/31,2021/02/08,2021/02/05,2021/02/10,AAHHS MOBILE MECHANIC,6235,HINCHCLIFF RD,,MONTGOMERY,AL,361173119,6235 HINCHCLIFF RD,6235,HINCHCLIFF RD,,361173119,787,0,,MOBILE MECHANIC,,,New,YES,MONTGOMERY,AL,2,2021,{227D4D49-5259-4EB3-89A3-5223A14B8736},,,,
529414.215837911,678665.92981007,225,042076-BUS,AAHANU INC,LIONS PRIDE 16,202400002741,45370,2024,2024/01/01,2024/12/31,2024/01/22,2024/01/22,2024/01/26,AAHANU INC,1111,PERRY HILL RD,,MONTGOMERY,AL,361095222,1111 PERRY HILL RD,1111,PERRY HILL RD,,361095222,597,447110,GASOLINE RETAILSELLING GASOLINE WITH OR WITHOUT CONVENIENCE STORES,,,,New,YES,MONTGOMERY,AL,1,2024,{2F9042B2-B8BC-479F-AFCA-090489616833},,,,
525018.020233996,685731.716531493,226,040230-BUS,AARON'S SALES AND LEASE OWNERSHIP LLC,AARON'S SALES AND LEASE OWNERSHIP #C2075,202300007977,43524,2023,2023/01/01,2023/12/31,2023/02/15,2023/01/31,2023/02/13,AARON'S SALES AND LEASE OWNERSHIP LLC,400,GALLERIA PKWY SE,STE 300,ATLANTA,GA,303393182,3452 ATLANTA HWY,3452,ATLANTA HWY,,36109,665,532200,RENTAL AND LEASINGTANGIBLE PERSONAL PROPERTY,RENT TO OWN RETAIL,,,New,YES,MONTGOMERY,AL,1,2023,{2A634E90-8D3F-452D-BA97-E6D6E16B389F},,,,
,,228,9364502-BUS,AARONS PLUMBING,AARONS PLUMBING,202100001916,25701,2021,2021/01/01,2021/12/31,2021/01/26,2021/01/20,2021/01/27,AARONS PLUMBING,1557,COOSA RIVER RD,,DEATSVILLE RD,AL,36022,1557 COOSA RIVER RD,1557,COOSA RIVER RD,,36022,787,0,,Aaron Fullerton MP#-3758 EXP 12/31/2021,,,Renew,NO,DEATSVILLE RD,AL,,2021,{5F4DFFD8-3B6F-4B0F-82B3-09223E6566E2},,,,
,,229,9364502-BUS,AARONS PLUMBING,AARONS PLUMBING,202300011675,25701,2023,2023/01/01,2023/12/31,2023/03/14,2023/03/14,2023/03/14,AARONS PLUMBING,1557,COOSA RIVER RD,,DEATSVILLE RD,AL,36022,1557 COOSA RIVER RD,1557,COOSA RIVER RD,,36022,787,0,,"SURETY BOND, # LS1214245, EXP 10/29/23",,,Renew,NO,DEATSVILLE RD,AL,,2023,{6FC74A5C-B0F0-458B-9891-D8247804151B},,,,
,,230,035567-BUS,AARUSH TWELVE HOSPITALITY INC,TRAVEL INN,202100008072,13864,2021,2021/01/01,2021/12/31,2021/01/29,2021/01/20,2021/01/20,AARUSH TWELVE HOSPITALITY INC,970,W SOUTH BLVD,,MONTGOMERY,AL,361053021,970 W SOUTH BLVD,970,W SOUTH BLVD,,361053021,731,721000,"ACCOMMODATIONSHOTELS, MOTELS, AND SIMILAR FACILITIES",,,,Renew,YES,MONTGOMERY,AL,,2021,{11954DA7-4F66-4063-9FC4-FFB5300AEEAE},,,,
,,231,035567-BUS,AARUSH TWELVE HOSPITALITY INC,TRAVEL INN,202300008071,13864,2023,2023/01/01,2023/12/31,2023/02/15,2023/02/01,2023/02/16,AARUSH TWELVE HOSPITALITY INC,970,W SOUTH BLVD,,MONTGOMERY,AL,361053021,970 W SOUTH BLVD,970,W SOUTH BLVD,,361053021,771,,CATEGORY FOR NUMBER OF VENDING MACHINES FOR ALL TYPES VENDING-5 MACHINES OR LESS,,,,Renew,YES,MONTGOMERY,AL,,2023,{F78D8E9C-19E3-4D05-9AF6-00E522EF2F91},,,,
,,233,040826-BUS,AB AND C ELECTRICAL LLC,AB AND C ELECTRICAL LLC,202200013786,44120,2022,2022/01/01,2022/12/31,2022/08/01,2022/08/01,2022/07/29,AB AND C ELECTRICAL LLC,,PO BOX 2322,,GULFPORT,MS,395052322,PO BOX 2322,PO BOX 2322,PO BOX 2322,,395052322,787,0,,"GC LIC #56536, EXP 12/31/2022",,,New,NO,GULFPORT,MS,,2022,{48D95AAE-BE71-40A0-8443-CB2E310873FA},,,HNAM,2025/04/04 19:19:32+00
561945.560223911,678755.001482323,234,9353686-BUS,AARYAN AND PRATHA INC,LIONS PRIDE NO TWO,202300001788,15833,2020,2020/01/01,2020/12/31,2023/01/13,2023/01/10,2023/01/03,AARYAN AND PRATHA INC,9264,BOYD COOPER PKWY,,MONTGOMERY,AL,36117,9264 BOYD COOPER PKWY,9264,BOYD COOPER PKWY,,36117,597,447110,GASOLINE RETAILSELLING GASOLINE WITH OR WITHOUT CONVENIENCE STORES,GASOLINE RETAIL,,,Renew,YES,MONTGOMERY,AL,9,2023,{1988954E-5141-4DC4-8CA1-21DFF663CC59},,,,
561945.560223911,678755.001482323,235,9353686-BUS,AARYAN AND PRATHA INC,LIONS PRIDE NO TWO,202300001790,15833,2022,2022/01/01,2022/12/31,2023/01/13,2023/01/10,2023/01/03,AARYAN AND PRATHA INC,9264,BOYD COOPER PKWY,,MONTGOMERY,AL,36117,9264 BOYD COOPER PKWY,9264,BOYD COOPER PKWY,,36117,597,447110,GASOLINE RETAILSELLING GASOLINE WITH OR WITHOUT CONVENIENCE STORES,GASOLINE RETAIL,,,Renew,YES,MONTGOMERY,AL,9,2023,{40AAEABF-A732-4C7F-B8F3-152A3C8C6E52},,,,
515577.287146997,666931.386678159,236,9364031-BUS,AB JANITORIAL SERVICE,AB JANITORIAL SERVICE,202200013131,18999,2021,2021/01/01,2021/12/31,2022/06/03,2022/06/03,2022/06/10,AB JANITORIAL SERVICE,1340,AVALON LN,,MONTGOMERY,AL,36111,1340 AVALON LN,1340,AVALON LN,,36111,691,561720,JANITORIAL FIRMJANITORIAL CLEANING SERVICESINDIVIDUAL OR FIRM,,,,Renew,YES,MONTGOMERY,AL,7,2022,{B2A4AE87-A723-44E7-8295-0D6A9D0631F0},,,,
515577.287146997,666931.386678159,237,9364031-BUS,AB JANITORIAL SERVICE,AB JANITORIAL SERVICE,202200013131,18999,2021,2021/01/01,2021/12/31,2022/06/03,2022/06/03,2022/06/10,AB JANITORIAL SERVICE,1340,AVALON LN,,MONTGOMERY,AL,36111,1340 AVALON LN,1340,AVALON LN,,36111,787,0,,IN A PROPERLY ZONED AREA ,,,Renew,YES,MONTGOMERY,AL,7,2022,{ABF9120F-6055-4B02-85B1-03F62B9336B7},,,,
515577.287146997,666931.386678159,238,9364031-BUS,AB JANITORIAL SERVICE,AB JANITORIAL SERVICE,202200013131,18999,2021,2021/01/01,2021/12/31,2022/06/03,2022/06/03,2022/06/10,AB JANITORIAL SERVICE,1340,AVALON LN,,MONTGOMERY,AL,36111,1340 AVALON LN,1340,AVALON LN,,36111,787,0,,NO RETAIL SALES PERMITTED,,,Renew,YES,MONTGOMERY,AL,7,2022,{3AFB6CE9-F9E1-400D-81EC-B5830CF38B96},,,,
,,239,9354893-BUS,ABB CONCISE OPTICAL GROUP LLC,ABB CONCISE OPTICAL GROUP LLC,202100005172,7617,2021,2021/01/01,2021/12/31,2021/02/11,2021/02/01,2021/02/11,ABB CONCISE OPTICAL GROUP LLC,12301,NW 39TH STREET,,CORAL SPRINGS,FL,33065,12301 NW 39TH STREET,12301,NW 39TH STREET,,33065,570,421990,"ALL OTHER WHOLESALE TRADEDURABLE, ELECTRICAL, TOYS, JEWELRY",,,,Renew,NO,CORAL SPRINGS,FL,,2021,{686A5A97-89E8-46BD-B14D-4214CC39C6DF},,,,
,,240,046870-BUS,AB PROPERTY SERVICES INC,HAPPY FLOORS,202400014133,50167,2021,2021/01/01,2021/12/31,2024/10/28,2024/10/15,2024/10/28,AB PROPERTY SERVICES INC,18000,NE 5TH AVE,,MIAMI,FL,331621012,18000 NE 5TH AVE,18000,NE 5TH AVE,,331621012,627,492200,SPECIAL DELIVERY LICENSE,,,,New,NO,MIAMI,FL,,2024,{E23114AD-34A6-4225-9EBC-E835222B7EB3},,,,
,,241,046870-BUS,AB PROPERTY SERVICES INC,HAPPY FLOORS,202400014135,50167,2023,2023/01/01,2023/12/31,2024/10/28,2024/10/15,2024/10/28,AB PROPERTY SERVICES INC,18000,NE 5TH AVE,,MIAMI,FL,331621012,18000 NE 5TH AVE,18000,NE 5TH AVE,,331621012,580,422990,ALL OTHER WHOLESALE TRADENON-DURABLE,,,,New,NO,MIAMI,FL,,2024,{D7C79C92-2BEC-4497-931A-4BE017E213FC},,,,
,,242,1528420-BUS,ABBA CONTRACT INC,ABBA CONTRACT INC,202200012518,3212,2022,2022/01/01,2022/12/31,2022/04/21,2022/01/31,2022/04/15,ABBA CONTRACT INC,2500,CONE DR,,BIRMINGHAM,AL,35217,2500 CONE DR,2500,CONE DR,,35217,580,422990,ALL OTHER WHOLESALE TRADENON-DURABLE,WHOLESALE SALES,,,Renew,NO,BIRMINGHAM,AL,,2022,{909A8BD5-BE6F-4EBF-A082-67C039301DAC},,,,
,,243,1528420-BUS,ABBA CONTRACT INC,ABBA CONTRACT INC,202100000618,3212,2021,2021/01/01,2021/12/31,2021/01/14,2021/01/08,2021/01/08,ABBA CONTRACT INC,2500,CONE DR,,BIRMINGHAM,AL,35217,2500 CONE DR,2500,CONE DR,,35217,541,238990,CONTRACTORSALL OTHERS,SUB CONTRACTOR,,,Renew,NO,BIRMINGHAM,AL,,2021,{A650831B-7026-45F6-827A-97431C203731},,,,
,,244,1528420-BUS,ABBA CONTRACT INC,ABBA CONTRACT INC,202300001462,3212,2023,2023/01/01,2023/12/31,2023/01/11,2023/01/11,2023/01/11,ABBA CONTRACT INC,2500,CONE DR,,BIRMINGHAM,AL,35217,2500 CONE DR,2500,CONE DR,,35217,541,238990,CONTRACTORSALL OTHERS,SUB CONTRACTOR,,,Renew,NO,BIRMINGHAM,AL,,2023,{E94FA991-6B23-489A-BB57-7375B419D30B},,,,
,,245,5030178-BUS,ABC SUPPLY CO INC,AMERICAN BUILDERS & CONTRACTOR SUPPLY CO,202300010511,1413,2023,2023/01/01,2023/12/31,2023/02/07,2023/01/19,2023/01/19,ABC SUPPLY CO INC,,ONE ABC PKWY,P O BOX 838,BELOIT,WI,535120838,1250 SOUTH BLVD EAST,1250,SOUTH BLVD EAST,,36116,589,444130,"BUILDING MATERIALSHARDWARE, PAINT, HOME CENTER, WALLPAPER, NURSERY",BUILDING SUPPLIES/MATERIALS,,,Renew,YES,MONTGOMERY,AL,,2023,{5C3C5C94-91EF-446B-A455-5131B129EC87},,,,
,,246,046978-BUS,ABDULLAH JIHAD,ATLANTA TEES,202400014271,50275,2024,2024/01/01,2024/12/31,2024/11/15,2024/11/01,2024/11/22,ABDULLAH JIHAD,2381,SAWMILL RD SW,,MARIETTA,GA,300644249,2381 SAWMILL RD SW,2381,SAWMILL RD SW,,300644249,787,0,,BY INVITATION ONLY ,,,New,NO,MARIETTA,GA,,2024,{F47B1767-0C55-4147-A21A-B694A5F7CCC5},,,,
,,247,046978-BUS,ABDULLAH JIHAD,ATLANTA TEES,202400014271,50275,2024,2024/01/01,2024/12/31,2024/11/15,2024/11/01,2024/11/22,ABDULLAH JIHAD,2381,SAWMILL RD SW,,MARIETTA,GA,300644249,2381 SAWMILL RD SW,2381,SAWMILL RD SW,,300644249,787,0,,BUSINESS TO BE CONDUCTED IN A PROPERLY ZONED AREA ,,,New,NO,MARIETTA,GA,,2024,{6EA72568-FEA4-4E28-B22C-E32180CFC7AD},,,,
,,248,5030178-BUS,ABC SUPPLY CO INC,AMERICAN BUILDERS & CONTRACTOR SUPPLY CO,202100008087,1413,2021,2021/01/01,2021/12/31,2021/02/24,2021/02/01,2021/02/01,ABC SUPPLY CO INC,,ONE ABC PKWY,P O BOX 838,BELOIT,WI,535120838,1250 SOUTH BLVD EAST,1250,SOUTH BLVD EAST,,36116,589,444130,"BUILDING MATERIALSHARDWARE, PAINT, HOME CENTER, WALLPAPER, NURSERY",BUILDING SUPPLIES/MATERIALS,,,Renew,YES,MONTGOMERY,AL,,2021,{DE2AE881-3CA3-4D21-84B7-534C58A23497},,,,
,,249,046978-BUS,ABDULLAH JIHAD,ATLANTA TEES,202400014271,50275,2024,2024/01/01,2024/12/31,2024/11/15,2024/11/01,2024/11/22,ABDULLAH JIHAD,2381,SAWMILL RD SW,,MARIETTA,GA,300644249,2381 SAWMILL RD SW,2381,SAWMILL RD SW,,300644249,787,0,,NO ALCOHOL SALES PERMITTED ,,,New,NO,MARIETTA,GA,,2024,{F205DC76-4881-422E-B63E-BE36BB9BCB64},,,,
,,250,9352963-BUS,ABEL ELECTRIC INC AND GROUPS,SUMMIT SERVICE HEATING AND AIR,202300000895,34681,2023,2023/01/01,2023/12/31,2023/01/04,2023/01/03,2023/01/03,ABEL ELECTRIC INC AND GROUPS,53,LEE RD 2163,,SALEM,AL,36874,53 LEE RD 2163,53,LEE RD 2163,,36874,538,238310,CONTRACTORSSPECIALTY TRADEELECTRICAL CONTRACTORS,CONTRACTORS - ELEC,,,Renew,NO,SALEM,AL,,2023,{54B27B36-3A46-4D24-B8E7-DA594C7DC50D},,,,
,,251,9352963-BUS,ABEL ELECTRIC INC AND GROUPS,SUMMIT SERVICE HEATING AND AIR,202400011039,34681,2024,2024/01/01,2024/12/31,2024/04/11,2024/04/03,2024/04/03,ABEL ELECTRIC INC AND GROUPS,53,LEE RD 2163,,SALEM,AL,36874,53 LEE RD 2163,53,LEE RD 2163,,36874,538,238310,CONTRACTORSSPECIALTY TRADEELECTRICAL CONTRACTORS,CONTRACTORS - ELEC,,,Renew,NO,SALEM,AL,,2024,{BC853C08-39F5-4FFB-AFAD-78071F776141},,,,
,,256,041416-BUS,ABJC EVENT CENTER,ABJC EVENT CENTER,202300000133,44710,2022,2022/01/01,2022/12/31,2022/10/14,2022/10/14,2022/10/31,ABJC EVENT CENTER,886,PLANTATION WAY,,MONTGOMERY,AL,361172217,886 PLANTATION WAY,886,PLANTATION WAY,,361172217,797,531101,Non ABC Licensed Event Venue,,,,New,YES,MONTGOMERY,AL,,2022,{0E7B67E7-26B3-4BAE-BEC1-355FE07886E7},,,,
,,257,039710-BUS,ALABAMA LUXURY RESTROOMS & PORTABLE TOILET SERVICES,ALABAMA RESTROOMS & PORTABLE TOILET SERVICES,202300002940,43004,2023,2023/01/01,2023/12/31,2023/01/25,2023/01/24,2023/01/27,ALABAMA LUXURY RESTROOMS & PORTABLE TOILET SERVICES,3066,ZELDA RD,PMB 347,MONTGOMERY,AL,36108,3066 ZELDA RD,3066,ZELDA RD,PMB 347,36108,787,0,,BY INVITATION ONLY,,,New,YES,MONTGOMERY,AL,,2023,{453E231D-D13D-4DAF-89D9-67B3DE4E2D82},,,,
531912.676392164,676352.915079154,258,038365-BUS,ABLE NON EMERGENCY MEDICAL TRANSPORT SERVICE LLC,ABLE NON EMERGENCY MEDICAL TRANSPORT SERVICE LLC,202100014880,41659,2021,2021/01/01,2021/12/31,2021/10/04,2021/10/01,2021/10/01,ABLE NON EMERGENCY MEDICAL TRANSPORT SERVICE LLC,,PO BOX 464,,FORT DEPOSIT,AL,360320464,4200 CARMICHAEL CT N,4200,CARMICHAEL CT N,,361063621,787,0,,2019 DODGE GRD CARAVAN - TAG# 1056BG0,,,New,YES,MONTGOMERY,AL,5,2021,{35658850-7B01-4027-99D2-AA25CACE45D9},,,,
531912.676392164,676352.915079154,259,038365-BUS,ABLE NON EMERGENCY MEDICAL TRANSPORT SERVICE LLC,ABLE NON EMERGENCY MEDICAL TRANSPORT SERVICE LLC,202100014880,41659,2021,2021/01/01,2021/12/31,2021/10/04,2021/10/01,2021/10/01,ABLE NON EMERGENCY MEDICAL TRANSPORT SERVICE LLC,,PO BOX 464,,FORT DEPOSIT,AL,360320464,4200 CARMICHAEL CT N,4200,CARMICHAEL CT N,,361063621,787,0,,2019 DODGE GRD CARAVAN - TAG# HGH229,,,New,YES,MONTGOMERY,AL,5,2021,{3961055C-7A80-46C6-9C3D-FFEB11F9CAFD},,,,
,,260,039710-BUS,ALABAMA LUXURY RESTROOMS & PORTABLE TOILET SERVICES,ALABAMA RESTROOMS & PORTABLE TOILET SERVICES,202300002940,43004,2023,2023/01/01,2023/12/31,2023/01/25,2023/01/24,2023/01/27,ALABAMA LUXURY RESTROOMS & PORTABLE TOILET SERVICES,3066,ZELDA RD,PMB 347,MONTGOMERY,AL,36108,3066 ZELDA RD,3066,ZELDA RD,PMB 347,36108,787,0,,IN A PROPERLY ZONED AREA,,,New,YES,MONTGOMERY,AL,,2023,{5F90F7EF-4DF6-4FD4-98CF-D8E04BA2A54D},,,,
,,262,5070014-BUS,ALABAMA MACHINERY AND SUPPLY,ALABAMA MACHINERY AND SUPPLY,202100005863,501,2021,2021/01/01,2021/12/31,2021/02/15,2021/01/27,2021/01/27,ALABAMA MACHINERY AND SUPPLY,,P O BOX 20,,MONTGOMERY,AL,36101,323 BIBB ST,323,BIBB ST,,36104,555,332999,"METAL FABRICATIONCUTLERY, STRUCTURAL, MACHINE SHOPS",MACHINE SHOP,,,Renew,YES,MONTGOMERY,AL,,2021,{B8993507-7A4D-4415-9EA0-7DB8929CC09A},,,,
,,263,5070014-BUS,ALABAMA MACHINERY AND SUPPLY,ALABAMA MACHINERY AND SUPPLY,202100005863,501,2021,2021/01/01,2021/12/31,2021/02/15,2021/01/27,2021/01/27,ALABAMA MACHINERY AND SUPPLY,,P O BOX 20,,MONTGOMERY,AL,36101,323 BIBB ST,323,BIBB ST,,36104,589,444130,"BUILDING MATERIALSHARDWARE, PAINT, HOME CENTER, WALLPAPER, NURSERY",DEALER BLDG MAT,,,Renew,YES,MONTGOMERY,AL,,2021,{8CA76525-4093-4A4E-AC32-DACDEB5C9FC6},,,,
531912.676392164,676352.915079154,264,038365-BUS,ABLE NON EMERGENCY MEDICAL TRANSPORT SERVICE LLC,ABLE NON EMERGENCY MEDICAL TRANSPORT SERVICE LLC,202100014880,41659,2021,2021/01/01,2021/12/31,2021/10/04,2021/10/01,2021/10/01,ABLE NON EMERGENCY MEDICAL TRANSPORT SERVICE LLC,,PO BOX 464,,FORT DEPOSIT,AL,360320464,4200 CARMICHAEL CT N,4200,CARMICHAEL CT N,,361063621,628,492210,"CHAUFFEUR, EACH",,,,New,YES,MONTGOMERY,AL,5,2021,{29DE1455-A10E-41B8-961C-DDA003D446C0},,,,
,,265,5070014-BUS,ALABAMA MACHINERY AND SUPPLY,ALABAMA MACHINERY AND SUPPLY,202300010179,501,2023,2023/01/01,2023/12/31,2023/02/27,2022/12/31,2023/02/27,ALABAMA MACHINERY AND SUPPLY,,P O BOX 20,,MONTGOMERY,AL,36101,323 BIBB ST,323,BIBB ST,,36104,555,332999,"METAL FABRICATIONCUTLERY, STRUCTURAL, MACHINE SHOPS",MACHINE SHOP,,,Renew,YES,MONTGOMERY,AL,,2023,{3FCE5A29-1926-4CFF-B208-1C808D4B4AF8},,,,
537343.466055494,684258.719805576,266,739A208             -BUS,ALABAMA ANIMAL ALLIANCE INC,ALABAMA ANIMAL ALLIANCE INC,202200006530,33591,2022,2022/01/01,2022/12/31,2022/02/15,2022/01/31,2022/02/14,ALABAMA ANIMAL ALLIANCE INC,5316,ATLANTA HWY,,MONTGOMERY,AL,36109,5316 ATLANTA HWY,5316,ATLANTA HWY,,36109,787,0,,NO RETAIL SALES,,,Renew,YES,MONTGOMERY,AL,1,2022,{B463DD92-ADB4-4B30-BE45-58450595BD6F},,,,
,,267,5990003-BUS,ALABAMA ARTIFICIAL LIMB CO,ALABAMA ARTIFICIAL LIMB CO,202300014933,8,2023,2023/01/01,2023/12/31,2023/09/15,2023/09/14,2023/09/21,ALABAMA ARTIFICIAL LIMB CO,102,"WOODMONT BLVD., STE 120",,NASHVILLE,TN,37205,1223 SOUTH BLVD EAST,1223,SOUTH BLVD EAST,,36116,596,446199,"HEALTH CARE STORESDRUG, PHARMACY, COSMETIC, OPTICAL, HEALTH FOOD",ARTIFICIAL LIMBS,,,Renew,YES,MONTGOMERY,AL,,2023,{C3CC7811-6142-4775-953D-95A86CC0C08E},,,,
,,268,7396325-BUS,ALABAMA ASSOCIATION FOR JUSTIC,ALABAMA ASSOCIATION FOR JUSTICE,202400004962,21066,2024,2024/01/01,2024/12/31,2024/02/09,2024/01/31,2024/01/31,ALABAMA ASSOCIATION FOR JUSTIC,,P O BOX 1187,,MONTGOMERY,AL,36101,532 PERRY ST SOUTH,532,PERRY ST SOUTH,,36104,787,0,,JUSTIN BAILEY,,,Renew,YES,MONTGOMERY,AL,,2024,{2DDFCF88-2591-4295-ADBB-2F2EBB65BCAD},,,,
537343.466055494,684258.719805576,269,739A208             -BUS,ALABAMA ANIMAL ALLIANCE INC,ALABAMA ANIMAL ALLIANCE INC,202100002424,33591,2021,2021/01/01,2021/12/31,2021/01/29,2021/01/29,2021/01/29,ALABAMA ANIMAL ALLIANCE INC,5316,ATLANTA HWY,,MONTGOMERY,AL,36109,5316 ATLANTA HWY,5316,ATLANTA HWY,,36109,709,621498,"OUTPATIENT CARE CENTERSCLINICS, ALL OTHER TYPES OF MEDICAL SERVICES",MEDICAL CLINIC - ANIMALS,,,Renew,YES,MONTGOMERY,AL,1,2021,{CB043363-636D-4AC5-89FD-9C16AA2EDF1F},,,,
,,270,7396325-BUS,ALABAMA ASSOCIATION FOR JUSTIC,ALABAMA ASSOCIATION FOR JUSTICE,202400004962,21066,2024,2024/01/01,2024/12/31,2024/02/09,2024/01/31,2024/01/31,ALABAMA ASSOCIATION FOR JUSTIC,,P O BOX 1187,,MONTGOMERY,AL,36101,532 PERRY ST SOUTH,532,PERRY ST SOUTH,,36104,677,541810,LOBBYING SERVICES,LOBBYIST SERVICES,,,Renew,YES,MONTGOMERY,AL,,2024,{8761F21F-DA43-4942-B07D-262A5BE2B637},,,,
,,271,5530013-BUS,ALABAMA AUTO CARRIAGE INC,ALABAMA AUTO CARRIAGE INC,202300009220,9,2023,2023/01/01,2023/12/31,2023/02/21,2023/02/01,2023/02/06,ALABAMA AUTO CARRIAGE INC,2359,FAIRVIEW AVE WEST,,MONTGOMERY,AL,36108,2359 FAIRVIEW AVE WEST,2359,FAIRVIEW AVE WEST,,36108,580,422990,ALL OTHER WHOLESALE TRADENON-DURABLE,MERCHANTS WHOLESALE,,,Renew,YES,MONTGOMERY,AL,,2023,{F47D2C65-4F4F-46A1-8C61-690A47F4E668},,,,
517356.251108747,679469.874396406,272,8040051-BUS,ALABAMA BACK PAIN CLINIC,NEILL JOHN D,202200003001,14958,2022,2022/01/01,2022/12/31,2022/01/14,2022/01/06,2022/01/13,ALABAMA BACK PAIN CLINIC,1237,MULBERRY ST,,MONTGOMERY,AL,36106,1237 MULBERRY ST,1237,MULBERRY ST,,36106,705,621310,CHIROPRACTORINDIVIDUAL PROFESSIONAL LICENSE,CHIROPRACTOR,,,Renew,YES,MONTGOMERY,AL,3,2022,{72BDCDF6-8572-4FC4-9E48-4FC66C11FC1F},,,,
516272.153211329,696177.909221739,273,038744-BUS,ALABAMA AUTO GROUP AND REPAIR,ALABAMA AUTO GROUP AND REPAIR,202100015309,42038,2021,2021/01/01,2021/12/31,2021/11/30,2021/12/01,2021/12/01,ALABAMA AUTO GROUP AND REPAIR,2719,LOWER WETUMPKA RD,,MONTGOMERY,AL,361101923,2719 LOWER WETUMPKA RD,2719,LOWER WETUMPKA RD,,361101923,746,811118,"REPAIRS AND MAINTENANCEAUTO, PAINT/BODY, OTHER VEHICULAR",,,,New,YES,MONTGOMERY,AL,3,2021,{B35B9F98-70D8-48C3-B7E2-056EA5B3AF22},,,,
,,274,1520124-BUS,ALABAMA BARRICADE INC,ALABAMA BARRICADE INC,202400004272,3019,2024,2024/01/01,2024/12/31,2024/02/07,2024/02/01,2024/02/05,ALABAMA BARRICADE INC,,PO BOX 487,,MOODY ,AL,35004,PO BOX 487,PO BOX 487,PO BOX 487,,350040487,607,453998,ALL OTHER MISCELLANEOUS RETAILERS,,,,Renew,NO,MOODY,AL,,2024,{3320C028-9206-4A23-B9C3-5096F9849E46},,,HNAM,2025/04/04 19:19:32+00
517356.251108747,679469.874396406,275,8040051-BUS,ALABAMA BACK PAIN CLINIC,NEILL JOHN D,202300004528,14958,2023,2023/01/01,2023/12/31,2023/02/03,2023/01/31,2023/02/02,ALABAMA BACK PAIN CLINIC,1237,MULBERRY ST,,MONTGOMERY,AL,36106,1237 MULBERRY ST,1237,MULBERRY ST,,36106,705,621310,CHIROPRACTORINDIVIDUAL PROFESSIONAL LICENSE,CHIROPRACTOR,,,Renew,YES,MONTGOMERY,AL,3,2023,{21D61622-562A-4EB3-AFF9-24934049F399},,,,
517356.251108747,679469.874396406,276,8040051-BUS,ALABAMA BACK PAIN CLINIC,NEILL JOHN D,202400003501,14958,2024,2024/01/01,2024/12/31,2024/02/04,2024/02/01,2024/02/01,ALABAMA BACK PAIN CLINIC,1237,MULBERRY ST,,MONTGOMERY,AL,36106,1237 MULBERRY ST,1237,MULBERRY ST,,36106,705,621310,CHIROPRACTORINDIVIDUAL PROFESSIONAL LICENSE,CHIROPRACTOR,,,Renew,YES,MONTGOMERY,AL,3,2024,{951F32F4-7124-44E2-949B-F1BDBF95E0E9},,,,
,,277,044007-BUS,ALABAMA BETTER BUILT HOMES INC,ALABAMA BETTER BUILT HOMES INC,202300015099,47302,2023,2023/01/01,2023/12/31,2023/10/03,2023/09/29,2023/10/13,ALABAMA BETTER BUILT HOMES INC,939,COUNTY ROAD 583,,VERBENA,AL,360913385,939 COUNTY ROAD 583,939,COUNTY ROAD 583,,360913385,787,0,,HB LIC# 2267 EXP 12/31/23,,,New,NO,VERBENA,AL,,2023,{1F97B5B1-83D9-4DFD-89B5-FF2C6C396956},,,,
,,278,023035-BUS,ALABAMA BRICK DELIVERY INC,ALABAMA BRICK DELIVERY INC,202300012712,4193,2023,2023/01/01,2023/12/31,2023/04/10,2023/04/10,2023/04/12,ALABAMA BRICK DELIVERY INC,0,P O BOX 5462,,BIRMINGHAM,AL,35207,P O BOX 5462,0 P O BOX 5462,P O BOX 5462,,35207,627,492200,SPECIAL DELIVERY LICENSE,,,,New,NO,BIRMINGHAM,AL,,2023,{2FC1450B-FD7B-492C-B4FD-35CB73464D57},,,HNAM,2025/04/04 19:25:06+00
560272.747952744,675446.42640657,279,7398213-BUS,ALABAMA BUSINESS SERVICES MONTGOMERY LLC,ALABAMA BUSINESS SERVICES MONTGOMERY LLC,202200007002,27349,2022,2022/01/01,2022/12/31,2022/02/17,2022/01/31,2022/02/14,ALABAMA BUSINESS SERVICES MONTGOMERY LLC,9818,MID PINES CT,,MONTGOMERY,AL,361175147,9818 MID PINES CT,9818,MID PINES CT,,361175147,787,0,,PROPERLY ZONED AREA,,,Renew,YES,MONTGOMERY,AL,9,2022,{4878626C-BF10-4848-8459-CBA6CEDCF0B2},,,,
560272.747952744,675446.42640657,280,7398213-BUS,ALABAMA BUSINESS SERVICES MONTGOMERY LLC,ALABAMA BUSINESS SERVICES MONTGOMERY LLC,202300006476,27349,2023,2023/01/01,2023/12/31,2023/02/09,2023/01/25,2023/01/25,ALABAMA BUSINESS SERVICES MONTGOMERY LLC,9818,MID PINES CT,,MONTGOMERY,AL,361175147,9818 MID PINES CT,9818,MID PINES CT,,361175147,787,0,,ALL BUSINESS TO BE CONDUCTED IN,,,Renew,YES,MONTGOMERY,AL,9,2023,{22769D36-D434-40A9-9E81-6DC2576CF177},,,,
560272.747952744,675446.42640657,281,7398213-BUS,ALABAMA BUSINESS SERVICES MONTGOMERY LLC,ALABAMA BUSINESS SERVICES MONTGOMERY LLC,202200007002,27349,2022,2022/01/01,2022/12/31,2022/02/17,2022/01/31,2022/02/14,ALABAMA BUSINESS SERVICES MONTGOMERY LLC,9818,MID PINES CT,,MONTGOMERY,AL,361175147,9818 MID PINES CT,9818,MID PINES CT,,361175147,764,812900,ALL OTHER PERSONAL SERVICES,BUSINESS SERVICES,,,Renew,YES,MONTGOMERY,AL,9,2022,{A18822F8-1D5B-48C3-A1C2-4D13F1A87EB0},,,,
560272.747952744,675446.42640657,282,7398213-BUS,ALABAMA BUSINESS SERVICES MONTGOMERY LLC,ALABAMA BUSINESS SERVICES MONTGOMERY LLC,202400003434,27349,2024,2024/01/01,2024/12/31,2024/02/03,2024/01/23,2024/02/05,ALABAMA BUSINESS SERVICES MONTGOMERY LLC,9818,MID PINES CT,,MONTGOMERY,AL,361175147,9818 MID PINES CT,9818,MID PINES CT,,361175147,787,0,,ALL BUSINESS TO BE CONDUCTED IN,,,Renew,YES,MONTGOMERY,AL,9,2024,{A0BC2155-7411-46CB-81AC-EB655907027A},,,,
560272.747952744,675446.42640657,283,7398213-BUS,ALABAMA BUSINESS SERVICES MONTGOMERY LLC,ALABAMA BUSINESS SERVICES MONTGOMERY LLC,202400003434,27349,2024,2024/01/01,2024/12/31,2024/02/03,2024/01/23,2024/02/05,ALABAMA BUSINESS SERVICES MONTGOMERY LLC,9818,MID PINES CT,,MONTGOMERY,AL,361175147,9818 MID PINES CT,9818,MID PINES CT,,361175147,764,812900,ALL OTHER PERSONAL SERVICES,BUSINESS SERVICES,,,Renew,YES,MONTGOMERY,AL,9,2024,{97105A65-F5C7-4A1B-B060-900EAABF112F},,,,
,,287,5070014-BUS,ALABAMA MACHINERY AND SUPPLY,ALABAMA MACHINERY AND SUPPLY,202300010179,501,2023,2023/01/01,2023/12/31,2023/02/27,2022/12/31,2023/02/27,ALABAMA MACHINERY AND SUPPLY,,P O BOX 20,,MONTGOMERY,AL,36101,323 BIBB ST,323,BIBB ST,,36104,607,453998,ALL OTHER MISCELLANEOUS RETAILERS,MERCHANT RETAIL,,,Renew,YES,MONTGOMERY,AL,,2023,{D842BD37-7141-4B50-8193-BAD608B76251},,,,
,,288,5070014-BUS,ALABAMA MACHINERY AND SUPPLY,ALABAMA MACHINERY AND SUPPLY,202400006920,501,2024,2024/01/01,2024/12/31,2024/02/16,2024/01/22,2024/02/05,ALABAMA MACHINERY AND SUPPLY,,P O BOX 20,,MONTGOMERY,AL,36101,323 BIBB ST,323,BIBB ST,,36104,580,422990,ALL OTHER WHOLESALE TRADENON-DURABLE,MERCHANTS WHOLESALE,,,Renew,YES,MONTGOMERY,AL,,2024,{5E591E93-28F2-450D-AC3E-152090E87E4B},,,,
,,289,5070014-BUS,ALABAMA MACHINERY AND SUPPLY,ALABAMA MACHINERY AND SUPPLY,202300010179,501,2023,2023/01/01,2023/12/31,2023/02/27,2022/12/31,2023/02/27,ALABAMA MACHINERY AND SUPPLY,,P O BOX 20,,MONTGOMERY,AL,36101,323 BIBB ST,323,BIBB ST,,36104,589,444130,"BUILDING MATERIALSHARDWARE, PAINT, HOME CENTER, WALLPAPER, NURSERY",DEALER BLDG MAT,,,Renew,YES,MONTGOMERY,AL,,2023,{704D284E-B591-4146-B3EF-97DDE2596873},,,,
544700.982180327,694747.094498076,290,9348407-BUS,ALABAMA MAINTENANCE INC,ALABAMA MAINTENANCE INC,202100013776,5955,2021,2021/01/01,2021/12/31,2021/07/16,2021/07/12,2021/07/12,ALABAMA MAINTENANCE INC,6320,DEERWOOD CT,,MONTGOMERY,AL,36117,6320 DEERWOOD CT,6320,DEERWOOD CT,,36117,787,0,,TONY PRUITT HVAC #09026/2009026 EXP 12/31/21,,,Renew,YES,MONTGOMERY,AL,2,2021,{4B3B2782-874A-4AF1-A349-8B1AF44F0D83},,,,
544700.982180327,694747.094498076,291,9348407-BUS,ALABAMA MAINTENANCE INC,ALABAMA MAINTENANCE INC,202200011135,5955,2022,2022/01/01,2022/12/31,2022/03/29,2022/03/20,2022/03/31,ALABAMA MAINTENANCE INC,6320,DEERWOOD CT,,MONTGOMERY,AL,36117,6320 DEERWOOD CT,6320,DEERWOOD CT,,36117,607,453998,ALL OTHER MISCELLANEOUS RETAILERS,ALL OTHER MISCELLANEOUS RETAILERS,,,Renew,YES,MONTGOMERY,AL,2,2022,{1A8CA32F-3C94-47FC-8C9A-8CA177CDFF9B},,,,
544700.982180327,694747.094498076,292,9348407-BUS,ALABAMA MAINTENANCE INC,ALABAMA MAINTENANCE INC,202100013776,5955,2021,2021/01/01,2021/12/31,2021/07/16,2021/07/12,2021/07/12,ALABAMA MAINTENANCE INC,6320,DEERWOOD CT,,MONTGOMERY,AL,36117,6320 DEERWOOD CT,6320,DEERWOOD CT,,36117,607,453998,ALL OTHER MISCELLANEOUS RETAILERS,ALL OTHER MISCELLANEOUS RETAILERS,,,Renew,YES,MONTGOMERY,AL,2,2021,{E6DA3083-4377-4C73-A2FE-A66DC0A2D7DE},,,,
,,293,9365688-BUS,ALABAMA MECHANICAL SERVICE LLC,ALABAMA MECHANICAL SERVICE LLC,202100006309,19359,2021,2021/01/01,2021/12/31,2021/02/17,2021/01/20,2021/02/16,ALABAMA MECHANICAL SERVICE LLC,,PO BOX 101,,RAMER,AL,36069,PO BOX 101,PO BOX 101,PO BOX 101,,36069,787,0,,SCOTT BAKER - HVAC#00206 / 004397,,,Renew,NO,RAMER,AL,,2021,{670CEAE8-2BB4-44D5-99E8-AE8065570E64},,,HNAM,2025/04/04 19:19:32+00
,,294,9365688-BUS,ALABAMA MECHANICAL SERVICE LLC,ALABAMA MECHANICAL SERVICE LLC,202200005177,19359,2022,2022/01/01,2022/12/31,2022/02/09,2022/02/08,2022/02/08,ALABAMA MECHANICAL SERVICE LLC,,PO BOX 101,,RAMER,AL,36069,PO BOX 101,PO BOX 101,PO BOX 101,,36069,787,0,,SCOTT BAKER  HVAC #00206 / 004397,,,Renew,NO,RAMER,AL,,2022,{F1ECA71B-3DA6-4E2E-B3E7-9F469B2D5BF7},,,HNAM,2025/04/04 19:19:32+00
541183.075830329,685959.63438274,295,041675-BUS,ALABAMA MANHATTAN,ALABAMA MANHATTAN,202400004314,44969,2024,2024/01/01,2024/12/31,2024/02/07,2024/01/25,2024/02/06,ALABAMA MANHATTAN,9266,HARRINGTON CIR,,MONTGOMERY,AL,361178476,1061 EASTDALE MALL,1061,EASTDALE MALL,UNIT B9,361172115,598,448190,"CLOTHING AND ACCESSORIESMEN, WOMEN, CHILDREN, INFANT, SHOE, JEWELRY",RETAIL MENS CLOTHING,,,New,YES,MONTGOMERY,AL,1,2024,{9E1653D0-64F3-4EF1-B1F9-54ED469DCBD8},,,,
,,296,9365688-BUS,ALABAMA MECHANICAL SERVICE LLC,ALABAMA MECHANICAL SERVICE LLC,202200005177,19359,2022,2022/01/01,2022/12/31,2022/02/09,2022/02/08,2022/02/08,ALABAMA MECHANICAL SERVICE LLC,,PO BOX 101,,RAMER,AL,36069,PO BOX 101,PO BOX 101,PO BOX 101,,36069,536,238111,CONTRACTORSSPECIALTY TRADEHEATING AND AIR CONDITIONING,,,,Renew,NO,RAMER,AL,,2022,{2A2D1FF2-0ED8-4B6D-BBDF-6C9C6FA8BD3D},,,HNAM,2025/04/04 19:19:32+00
541183.075830329,685959.63438274,297,041675-BUS,ALABAMA MANHATTAN,ALABAMA MANHATTAN,202300000585,44969,2022,2022/01/01,2022/12/31,2022/12/07,2022/12/05,2022/12/13,ALABAMA MANHATTAN,9266,HARRINGTON CIR,,MONTGOMERY,AL,361178476,1061 EASTDALE MALL,1061,EASTDALE MALL,UNIT B9,361172115,598,448190,"CLOTHING AND ACCESSORIESMEN, WOMEN, CHILDREN, INFANT, SHOE, JEWELRY",RETAIL MENS CLOTHING,,,New,YES,MONTGOMERY,AL,1,2022,{7696E346-71A5-4D10-8EFA-5A57D23C9837},,,,
,,298,9365688-BUS,ALABAMA MECHANICAL SERVICE LLC,ALABAMA MECHANICAL SERVICE LLC,202300004110,19359,2023,2023/01/01,2023/12/31,2023/02/01,2023/02/01,2023/02/01,ALABAMA MECHANICAL SERVICE LLC,,PO BOX 101,,RAMER,AL,36069,PO BOX 101,PO BOX 101,PO BOX 101,,36069,787,0,,SCOTT BAKER  HVAC #00206 / 004397,,,Renew,NO,RAMER,AL,,2023,{F2FB9FA8-CD46-4209-84CE-E11EE72EF15C},,,HNAM,2025/04/04 19:19:32+00
,,299,9366996-BUS,ALABAMA MERCHANDISING,ALABAMA MERCHANDISING,202300002663,38472,2023,2023/01/01,2023/12/31,2023/01/24,2023/01/23,2023/01/23,ALABAMA MERCHANDISING,213,DISTRIBUTION DR,,HOMEWOOD,AL,35209,213 DISTRIBUTION DR,213,DISTRIBUTION DR,,35209,627,492200,SPECIAL DELIVERY LICENSE,SPECIAL DELIVERY LICENSE,,,Renew,NO,HOMEWOOD,AL,,2023,{0D5E8B85-A3B8-46D1-B4CF-D5DA218793FB},,,,
492832.808685914,672537.91910024,300,036015-BUS,ALABAMA METAL BUILDINGS AND COMPONENTS INC,ALABAMA METAL BUILDINGS AND COMPONENTS INC,202100012698,39307,2021,2021/01/01,2021/12/31,2021/03/02,2021/02/22,2021/02/22,ALABAMA METAL BUILDINGS AND COMPONENTS INC,3466,HAYNEVILLE RD,,MONTGOMERY,AL,361083905,3466 HAYNEVILLE RD,3466,HAYNEVILLE RD,,361083905,555,332999,"METAL FABRICATIONCUTLERY, STRUCTURAL, MACHINE SHOPS",METAL ROOF MANUFACTURE ,,,Renew,YES,MONTGOMERY,AL,4,2021,{DDD3BF2E-928B-4061-9D7D-3A58FAD75EA5},,,,
565299.005288661,680110.601461403,301,9354249-BUS,ALABAMA MUNICIPAL ELECTRIC AUTHORITY,ALABAMA MUNICIPAL ELECTRIC AUTHORITY,202300003162,22372,2023,2023/01/01,2023/12/31,2023/01/27,2023/01/26,2023/01/27,ALABAMA MUNICIPAL ELECTRIC AUTHORITY,80,TECHNACENTER DR,,MONTGOMERY,AL,36117,80 TECHNACENTER DR,80,TECHNACENTER DR,,36117,775,920010,CATEGORY FOR NUMBER OF EMPLOYEES AS A BASIS FOR CALCULATING LICENSE,CATEGORY NUMBER OF EMPLOYEES,,,Renew,YES,MONTGOMERY,AL,1,2023,{A0F72616-BEE7-42B6-9448-B767AD9F53FD},,,,
544393.157336663,669387.761686653,302,4720030-BUS,ALABAMA MOTORIST ASSOC INC,A A A WORLDWIDE TRAVEL,202200010217,1419,2022,2022/01/01,2022/12/31,2022/03/11,2022/01/28,2022/03/24,ALABAMA MOTORIST ASSOC INC,3333,FAIRVIEW RD,(A-379),COSTA MESA,CA,926261610,6901 VAUGHN RD,6901,VAUGHN RD,,36116,685,561510,TRAVEL AGENCIES,,,,Renew,YES,MONTGOMERY,AL,9,2022,{B5DC639F-E1D9-4ED7-9F47-5092C65FD77B},,,,
,,304,9359927-BUS,ALABAMA MUSIC EDUCATIONAL CENT,ALMEC LLC,202400000426,35620,2024,2024/01/01,2024/12/31,2024/01/08,2024/01/08,2024/01/08,ALABAMA MUSIC EDUCATIONAL CENT,1460,ANN ST,,MONTGOMERY,AL,36107,1460 ANN ST,1460,ANN ST,,36107,661,531100,RENTAL AND LEASINGREAL PROPERTY RENTAL,,,,Renew,YES,MONTGOMERY,AL,,2024,{D5B5E60C-0971-4E55-80B1-6164B6703CD8},,,,
544393.157336663,669387.761686653,305,4720030-BUS,ALABAMA MOTORIST ASSOC INC,A A A WORLDWIDE TRAVEL,202300008734,1419,2023,2023/01/01,2023/12/31,2023/02/18,2023/01/31,2023/02/18,ALABAMA MOTORIST ASSOC INC,3333,FAIRVIEW RD,(A-379),COSTA MESA,CA,926261610,6901 VAUGHN RD,6901,VAUGHN RD,,36116,685,561510,TRAVEL AGENCIES,,,,Renew,YES,MONTGOMERY,AL,9,2023,{76F556F8-97C5-4C50-AC5F-0CDCBD9B1985},,,,
,,306,5990855-BUS,ALABAMA NUMISMATICS,ALABAMA NUMISMATICS,202400009577,413,2024,2024/01/01,2024/12/31,2024/02/13,2024/01/25,2024/02/13,ALABAMA NUMISMATICS,,PO BOX 241501,,MONTGOMERY,AL,361241501,PO BOX 241501,PO BOX 241501,PO BOX 241501,,361241501,787,0,,"NO SALES TAX REPORTING FROM JUNE 1, 2018- MAY 30, 2023 ",,,Renew,YES,MONTGOMERY,AL,,2024,{A8D4F167-0D00-441E-B327-3070900BCDAF},,,HNAM,2025/04/04 19:19:32+00
537944.182373747,706717.28020332,308,5990642-BUS,ALABAMA OFFICE SUPPLY,ALABAMA OFFICE SUPPLY,202100008004,1841,2021,2021/01/01,2021/12/31,2021/02/23,2021/01/31,2021/01/31,ALABAMA OFFICE SUPPLY,,P O BOX 467,,OPELIKA,AL,36803,3501 WETUMPKA HWY,3501,WETUMPKA HWY,,36110,607,453998,ALL OTHER MISCELLANEOUS RETAILERS,OFFICE SUPPLIES,,,Renew,YES,MONTGOMERY,AL,,2021,{5CB7DB13-4F87-494D-B7A1-D5BDCBDB3DFF},,,,
537944.182373747,706717.28020332,309,5990642-BUS,ALABAMA OFFICE SUPPLY,ALABAMA OFFICE SUPPLY,202300007970,1841,2023,2023/01/01,2023/12/31,2023/02/15,2023/01/31,2023/02/15,ALABAMA OFFICE SUPPLY,,P O BOX 467,,OPELIKA,AL,36803,3501 WETUMPKA HWY,3501,WETUMPKA HWY,,36110,607,453998,ALL OTHER MISCELLANEOUS RETAILERS,OFFICE SUPPLIES,,,Renew,YES,MONTGOMERY,AL,,2023,{F5EE35D1-74B0-4504-B2E1-B94B1B55EC94},,,,
531606.860074662,676351.214623243,310,9353017-BUS,ALABAMA ONCOLOGY HEMATOLOGY,AVERY ROBERT ALLEN,202300007510,34699,2023,2023/01/01,2023/12/31,2023/02/14,2023/01/31,2023/02/07,ALABAMA ONCOLOGY HEMATOLOGY,4145,CARMICHAEL RD,,MONTGOMERY,AL,36106,4145 CARMICHAEL RD,4145,CARMICHAEL RD,,36106,703,621100,PHYSICIANINDIVIDUAL PROFESSIONAL LICENSE,PHYSICIAN - IND,,,Renew,YES,MONTGOMERY,AL,5,2023,{45EE8DEC-51F2-4B11-B517-60E10CB5B63D},,,,
531606.860074662,676351.214623243,311,9353017-BUS,ALABAMA ONCOLOGY HEMATOLOGY,AVERY ROBERT ALLEN,202400006563,34699,2024,2024/01/01,2024/12/31,2024/02/15,2024/01/20,2024/02/28,ALABAMA ONCOLOGY HEMATOLOGY,4145,CARMICHAEL RD,,MONTGOMERY,AL,36106,4145 CARMICHAEL RD,4145,CARMICHAEL RD,,36106,703,621100,PHYSICIANINDIVIDUAL PROFESSIONAL LICENSE,PHYSICIAN - IND,,,Renew,YES,MONTGOMERY,AL,5,2024,{678F639E-CC54-4182-94F0-344A11B27521},,,,
531606.860074662,676351.214623243,312,8030295-BUS,ALABAMA ONCOLOGY HEMATOLOGY,BARNES HARRY M III,202400006565,14682,2024,2024/01/01,2024/12/31,2024/02/15,2024/01/20,2024/02/28,ALABAMA ONCOLOGY HEMATOLOGY,4145,CARMICHAEL RD,,MONTGOMERY,AL,36106,4145 CARMICHAEL RD,4145,CARMICHAEL RD,,36106,703,621100,PHYSICIANINDIVIDUAL PROFESSIONAL LICENSE,PHYSICIAN,,,Renew,YES,MONTGOMERY,AL,5,2024,{FB228757-17A3-4C37-B0DE-71D221408FDE},,,,
531606.860074662,676351.214623243,313,9354841-BUS,ALABAMA ONCOLOGY HEMATOLOGY,BELLAM NARESH,202400006566,22653,2024,2024/01/01,2024/12/31,2024/02/15,2024/01/20,2024/02/28,ALABAMA ONCOLOGY HEMATOLOGY,4145,CARMICHAEL RD,,MONTGOMERY,AL,36106,4145 CARMICHAEL RD,4145,CARMICHAEL RD,,36106,703,621100,PHYSICIANINDIVIDUAL PROFESSIONAL LICENSE,PHYSICIAN - IND,,,Renew,YES,MONTGOMERY,AL,5,2024,{ACB80CCB-956F-4870-B955-00565B42FC00},,,,
530858.502647497,675880.886823736,314,9352284-BUS,ALABAMA ONCOLOGY HEMATOLOGY,BOOZER KARLENE R  CRNP,202100003524,28618,2021,2021/01/01,2021/12/31,2021/02/04,2021/01/29,2021/02/04,ALABAMA ONCOLOGY HEMATOLOGY,4145,CARMICHAEL RD,,MONTGOMERY,AL,36106,4142 CARMICHAEL RD,4142,CARMICHAEL RD,,36106,707,621399,ALL OTHER MISCELLANEOUS HEALTH PRACTITIONERS,CERTIFIED NURSE PRACTITIONER,,,Renew,YES,MONTGOMERY,AL,5,2021,{402264F1-712B-4976-891B-A487C4DA7E75},,,,
531606.860074662,676351.214623243,315,8031067-BUS,ALABAMA ONCOLOGY HEMATOLOGY,DAVIDSON STEPHEN LEE MD,202200008340,14888,2022,2022/01/01,2022/12/31,2022/02/25,2022/02/02,2022/02/25,ALABAMA ONCOLOGY HEMATOLOGY,4145,CARMICHAEL RD,,MONTGOMERY,AL,36106,4145 CARMICHAEL RD,4145,CARMICHAEL RD,,36106,703,621100,PHYSICIANINDIVIDUAL PROFESSIONAL LICENSE,PHYSICIAN,,,Renew,YES,MONTGOMERY,AL,5,2022,{3BDCC127-DC91-4001-A02F-ED0359A41E4F},,,,
531606.860074662,676351.214623243,316,8031067-BUS,ALABAMA ONCOLOGY HEMATOLOGY,DAVIDSON STEPHEN LEE MD,202400006637,14888,2024,2024/01/01,2024/12/31,2024/02/15,2024/01/20,2024/02/28,ALABAMA ONCOLOGY HEMATOLOGY,4145,CARMICHAEL RD,,MONTGOMERY,AL,36106,4145 CARMICHAEL RD,4145,CARMICHAEL RD,,36106,703,621100,PHYSICIANINDIVIDUAL PROFESSIONAL LICENSE,PHYSICIAN,,,Renew,YES,MONTGOMERY,AL,5,2024,{2C7B3E2E-3DA6-4077-A458-AAACB403821B},,,,
531606.860074662,676351.214623243,317,9352283-BUS,ALABAMA ONCOLOGY HEMATOLOGY,ENGLISH MELISSA MONK  CRNP,202300007466,28617,2023,2023/01/01,2023/12/31,2023/02/14,2023/01/31,2023/02/07,ALABAMA ONCOLOGY HEMATOLOGY,4145,CARMICHAEL RD,,MONTGOMERY,AL,36106,4145 CARMICHAEL RD,4145,CARMICHAEL RD,,36106,707,621399,ALL OTHER MISCELLANEOUS HEALTH PRACTITIONERS,CERTIFIED NURSE PRACTITIONER,,,Renew,YES,MONTGOMERY,AL,5,2023,{CDD70197-3DBF-44F3-BFF6-73CECF70165A},,,,
531606.860074662,676351.214623243,318,9352283-BUS,ALABAMA ONCOLOGY HEMATOLOGY,ENGLISH MELISSA MONK  CRNP,202400006640,28617,2024,2024/01/01,2024/12/31,2024/02/15,2024/01/20,2024/02/28,ALABAMA ONCOLOGY HEMATOLOGY,4145,CARMICHAEL RD,,MONTGOMERY,AL,36106,4145 CARMICHAEL RD,4145,CARMICHAEL RD,,36106,707,621399,ALL OTHER MISCELLANEOUS HEALTH PRACTITIONERS,CERTIFIED NURSE PRACTITIONER,,,Renew,YES,MONTGOMERY,AL,5,2024,{C8E8B135-9807-4264-ABCB-019F17E63B3F},,,,
531606.860074662,676351.214623243,319,9360776-BUS,ALABAMA ONCOLOGY HEMATOLOGY,JERKINS ASHTON P,202400006962,18351,2024,2024/01/01,2024/12/31,2024/02/18,2024/01/20,2024/02/28,ALABAMA ONCOLOGY HEMATOLOGY,4145,CARMICHAEL RD,,MONTGOMERY,AL,36106,4145 CARMICHAEL RD,4145,CARMICHAEL RD,,36106,707,621399,ALL OTHER MISCELLANEOUS HEALTH PRACTITIONERS,CERTIFIED NURSE PRACTITIONER,,,Renew,YES,MONTGOMERY,AL,5,2024,{E8D4E51A-1BE2-4182-85D3-D504721480AD},,,,
531606.860074662,676351.214623243,320,8031186-BUS,ALABAMA ONCOLOGY HEMATOLOGY,MCDANIEL SCOTT MD,202300007516,14929,2023,2023/01/01,2023/12/31,2023/02/14,2023/01/31,2023/02/07,ALABAMA ONCOLOGY HEMATOLOGY,4145,CARMICHAEL RD,,MONTGOMERY,AL,36106,4145 CARMICHAEL RD,4145,CARMICHAEL RD,,36106,703,621100,PHYSICIANINDIVIDUAL PROFESSIONAL LICENSE,,,,Renew,YES,MONTGOMERY,AL,5,2023,{E02322DA-DEB4-4894-B7CE-9137D1F3B672},,,,
531606.860074662,676351.214623243,321,8031186-BUS,ALABAMA ONCOLOGY HEMATOLOGY,MCDANIEL SCOTT MD,202400006972,14929,2024,2024/01/01,2024/12/31,2024/02/18,2024/01/20,2024/02/28,ALABAMA ONCOLOGY HEMATOLOGY,4145,CARMICHAEL RD,,MONTGOMERY,AL,36106,4145 CARMICHAEL RD,4145,CARMICHAEL RD,,36106,703,621100,PHYSICIANINDIVIDUAL PROFESSIONAL LICENSE,,,,Renew,YES,MONTGOMERY,AL,5,2024,{EFB0CBB6-4459-4877-B6B0-71F90B3805D8},,,,
531606.860074662,676351.214623243,322,9345395-BUS,ALABAMA ONCOLOGY HEMATOLOGY,REARDON JOHN DR,202400006986,21883,2024,2024/01/01,2024/12/31,2024/02/18,2024/01/20,2024/02/28,ALABAMA ONCOLOGY HEMATOLOGY,4145,CARMICHAEL RD,,MONTGOMERY,AL,36106,4145 CARMICHAEL RD,4145,CARMICHAEL RD,,36106,703,621100,PHYSICIANINDIVIDUAL PROFESSIONAL LICENSE,PHYSICIAN - IND,,,Renew,YES,MONTGOMERY,AL,5,2024,{434635F7-3785-4A35-8C96-53C203428058},,,,
531606.860074662,676351.214623243,323,9356375-BUS,ALABAMA ONCOLOGY HEMATOLOGY,ROBERTS CATHERINE W   CRNP,202200008320,16031,2022,2022/01/01,2022/12/31,2022/02/25,2022/02/02,2022/02/25,ALABAMA ONCOLOGY HEMATOLOGY,4145,CARMICHAEL RD,,MONTGOMERY,AL,36106,4145 CARMICHAEL RD,4145,CARMICHAEL RD,,36106,707,621399,ALL OTHER MISCELLANEOUS HEALTH PRACTITIONERS,CERTIFIED NURSE PRACTITIONER,,,Renew,YES,MONTGOMERY,AL,5,2022,{630951F0-C88C-4126-BE1A-F25B06B60E1F},,,,
531606.860074662,676351.214623243,324,044784-BUS,ALABAMA ONCOLOGY HEMATOLOGY,STACY H GLASS,202400006642,48080,2024,2024/01/01,2024/12/31,2024/02/15,2024/01/20,2024/02/28,ALABAMA ONCOLOGY HEMATOLOGY,,PO BOX 230667,,MONTGOMERY,AL,361230667,4145 CARMICHAEL RD,4145,CARMICHAEL RD,,361062803,707,621399,ALL OTHER MISCELLANEOUS HEALTH PRACTITIONERS,,,,New,YES,MONTGOMERY,AL,5,2024,{3F7FC498-EE1A-4B4C-8294-352655FC56F5},,,,
531606.860074662,676351.214623243,325,8030541-BUS,ALABAMA ONCOLOGY HEMATOLOGY,THOMPSON KEITH A,202200008354,14751,2022,2022/01/01,2022/12/31,2022/02/25,2022/02/02,2022/02/25,ALABAMA ONCOLOGY HEMATOLOGY,4145,CARMICHAEL RD,,MONTGOMERY,AL,36106,4145 CARMICHAEL RD,4145,CARMICHAEL RD,,36106,703,621100,PHYSICIANINDIVIDUAL PROFESSIONAL LICENSE,PHYSICIAN,,,Renew,YES,MONTGOMERY,AL,5,2022,{083E25B3-F6A1-42CF-9571-20043E8F2E72},,,,
531606.860074662,676351.214623243,326,9352287-BUS,ALABAMA ONCOLOGY HEMATOLOGY,TURNER DONNA W CRNP,202200008328,34441,2022,2022/01/01,2022/12/31,2022/02/25,2022/02/02,2022/02/25,ALABAMA ONCOLOGY HEMATOLOGY,4145,CARMICHAEL RD,,MONTGOMERY,AL,36106,4145 CARMICHAEL RD,4145,CARMICHAEL RD,,36106,707,621399,ALL OTHER MISCELLANEOUS HEALTH PRACTITIONERS,CERTIFIED NURSE PRACTITIONER,,,Renew,YES,MONTGOMERY,AL,5,2022,{055A6073-C7D0-423B-9B5B-E2197789BC34},,,,
531606.860074662,676351.214623243,327,042224-BUS,ALABAMA ONCOLOGY HEMATOLOGY ASSOCIATES,BENSON PATTY B NP,202300008276,45518,2023,2023/01/01,2023/12/31,2023/02/16,2023/02/13,2023/02/13,ALABAMA ONCOLOGY HEMATOLOGY ASSOCIATES,4145,CARMICHAEL RD,,MONTGOMERY,AL,361062803,4145 CARMICHAEL RD,4145,CARMICHAEL RD,,361062803,707,621399,ALL OTHER MISCELLANEOUS HEALTH PRACTITIONERS,,,,New,YES,MONTGOMERY,AL,5,2023,{3471FF67-69FF-4528-A705-817DED5493C7},,,,
,,328,039438-BUS,ALABAMA CANCER CARE LLC,ALEKSIDZE NINO MD,202400007697,42732,2024,2024/01/01,2024/12/31,2024/02/21,2024/02/01,2024/02/08,ALABAMA CANCER CARE LLC,1400,AFFLINK PLACE,STE 101,TUSCALOOSA,AL,35406,1400 AFFLINK PLACE,1400,AFFLINK PLACE,STE 101,35406,703,621100,PHYSICIANINDIVIDUAL PROFESSIONAL LICENSE,,,,New,NO,TUSCALOOSA,AL,,2024,{929D9B37-A30E-470F-9870-DEFAA5B81388},,,,
531606.860074662,676351.214623243,329,042224-BUS,ALABAMA ONCOLOGY HEMATOLOGY ASSOCIATES,BENSON PATTY B NP,202400006568,45518,2024,2024/01/01,2024/12/31,2024/02/15,2024/01/20,2024/02/28,ALABAMA ONCOLOGY HEMATOLOGY ASSOCIATES,4145,CARMICHAEL RD,,MONTGOMERY,AL,361062803,4145 CARMICHAEL RD,4145,CARMICHAEL RD,,361062803,707,621399,ALL OTHER MISCELLANEOUS HEALTH PRACTITIONERS,,,,New,YES,MONTGOMERY,AL,5,2024,{3F1C7292-677D-4797-A8F5-4C4026E14488},,,,
552278.640253328,682720.686464325,331,9367180-BUS,ALABAMA CANCER CARE LLC,BELELCAZAR ASTRID MD,202400007698,38649,2024,2024/01/01,2024/12/31,2024/02/21,2024/02/01,2024/02/08,ALABAMA CANCER CARE LLC,1400,AFFLINK PLACE,101,TUSCALOOSA,AL,35406,300 ST LUKES DR,300,ST LUKES DR,,36117,703,621100,PHYSICIANINDIVIDUAL PROFESSIONAL LICENSE,PHYSICIANINDIVIDUAL PROFESSIONAL LICENSE,,,Renew,YES,MONTGOMERY,AL,9,2024,{D88F273F-265B-4997-A98A-BC24CADAF59A},,,,
552043.257850081,682697.077587657,333,040282-BUS,ALABAMA CENTER FOR REPRODUCTIVE MEDICINE PLLC,LONG CECIL MD,202200014486,43576,2022,2022/01/01,2022/12/31,2022/05/27,2022/05/18,2022/05/27,ALABAMA CENTER FOR REPRODUCTIVE MEDICINE PLLC,2006,BROOKWOOD MEDICAL CENTER DR,STE 302,BIRMINGHAM,AL,35209,7209 COPPERFIELD DR,7209,COPPERFIELD DR,,36117,709,621498,"OUTPATIENT CARE CENTERSCLINICS, ALL OTHER TYPES OF MEDICAL SERVICES",,,,New,YES,MONTGOMERY,AL,9,2022,{E79AF1A1-3789-49BD-8D05-50A53D40D0B5},,,,
511830.35008708,682378.532292992,334,5940661-BUS,ALABAMA CATTLEMENS ASSOCIATION,ALABAMA CATTLEMENS ASSOCIATION,202400003651,1938,2024,2024/01/01,2024/12/31,2024/02/05,2024/02/01,2024/02/05,ALABAMA CATTLEMENS ASSOCIATION,201,SOUTH BAINBRIDGE ST,,MONTGOMERY,AL,36104,201 BAINBRIDGE ST SOUTH,201,BAINBRIDGE ST SOUTH,,36104,607,453998,ALL OTHER MISCELLANEOUS RETAILERS,GIFT SHOP,,,Renew,YES,MONTGOMERY,AL,3,2024,{5C85922C-A416-435B-885F-88701371C1D9},,,,
,,335,043506-BUS,ALABAMA COMFORT CONTROLS LLC,ALABAMA COMFORT CONTROLS LLC,202400003479,46801,2024,2024/01/01,2024/12/31,2024/02/03,2024/01/31,2024/02/05,ALABAMA COMFORT CONTROLS LLC,,PO BOX 2769,,ALBERTVILLE,AL,359500046,PO BOX 2769,PO BOX 2769,PO BOX 2769,,359500046,787,0,,TRAVIS K W CRYAR  HVAC #22027 EXP 12 31 24,,,New,NO,ALBERTVILLE,AL,,2024,{12E02136-0D99-4B54-B0F1-8126F1C59323},,,HNAM,2025/04/04 19:19:32+00
511830.35008708,682378.532292992,336,5940661-BUS,ALABAMA CATTLEMENS ASSOCIATION,ALABAMA CATTLEMENS ASSOCIATION,202100004823,1938,2021,2021/01/01,2021/12/31,2021/02/04,2021/01/29,2021/02/04,ALABAMA CATTLEMENS ASSOCIATION,201,SOUTH BAINBRIDGE ST,,MONTGOMERY,AL,36104,201 BAINBRIDGE ST SOUTH,201,BAINBRIDGE ST SOUTH,,36104,607,453998,ALL OTHER MISCELLANEOUS RETAILERS,GIFT SHOP,,,Renew,YES,MONTGOMERY,AL,3,2021,{5BB600BE-0C09-470D-80A6-307914A54CFA},,,,
509404.958940495,683559.285180822,337,9357265-BUS,ALABAMA CLEANING SERVICE,ALABAMA CLEANING SERVICE,202200002234,22929,2022,2022/01/01,2022/12/31,2022/01/21,2022/01/20,2022/01/20,ALABAMA CLEANING SERVICE,44,MARKET PLAZA,SUITE 801,MONTGOMERY,AL,36104,44 MARKET PLAZA,44,MARKET PLAZA,,36104,691,561720,JANITORIAL FIRMJANITORIAL CLEANING SERVICESINDIVIDUAL OR FIRM,,,,Renew,YES,MONTGOMERY,AL,3,2022,{4EFEFE78-7C52-4AA1-A117-1350D7F1DCFE},,,,
530941.773478329,675957.006422155,338,9367366-BUS,ALABAMA CONSTRUCTION PROS LLC,ALABAMA CONSTRUCTION PROS,202100014196,19730,2021,2021/01/01,2021/12/31,2021/08/09,2021/08/20,2021/08/12,ALABAMA CONSTRUCTION PROS LLC,4144,CARMICHAEL RD,,MONTGOMERY,AL,36106,4144 CARMICHAEL RD,4144,CARMICHAEL RD,,36106,787,0,,JAMES SATCHELL- AL HOME BUILDER #26908 ,,,Renew,YES,MONTGOMERY,AL,5,2021,{B759CA2A-AA7A-443D-AA8B-44D6A4609244},,,,
530941.773478329,675957.006422155,339,9367366-BUS,ALABAMA CONSTRUCTION PROS LLC,ALABAMA CONSTRUCTION PROS,202200009194,19730,2022,2022/01/01,2022/12/31,2022/03/02,2022/03/01,2022/03/01,ALABAMA CONSTRUCTION PROS LLC,4144,CARMICHAEL RD,,MONTGOMERY,AL,36106,4144 CARMICHAEL RD,4144,CARMICHAEL RD,,36106,533,236320,"CONTRACTORSGENERAL CONTRACTORS, COMM. BLDG, RESIDENTIAL, SUBDIVISIONS, LANDSCAPING CONTRACTORS ","CONTRACTORSGENERAL CONTRACTORS, COMM. BLDG, RESIDENTIAL, SUBDIVISIONS, LANDSCAPING CONTRACTORS ",,,Renew,YES,MONTGOMERY,AL,5,2022,{E0B061D9-2F1E-4B15-A4BE-59EC8AEC4710},,,,
530941.773478329,675957.006422155,340,9367366-BUS,ALABAMA CONSTRUCTION PROS LLC,ALABAMA CONSTRUCTION PROS,202300011261,19730,2023,2023/01/01,2023/12/31,2023/03/08,2023/03/08,2023/03/14,ALABAMA CONSTRUCTION PROS LLC,4144,CARMICHAEL RD,,MONTGOMERY,AL,36106,4144 CARMICHAEL RD,4144,CARMICHAEL RD,,36106,787,0,,"NO JOBS OVER 50,000.00 PERMITTED",,,Renew,YES,MONTGOMERY,AL,5,2023,{88B45DDA-F8C2-47D4-9C76-9A09058B15C8},,,,
,,341,9367179-BUS,ALABAMA CONTRACT SALES,ALABAMA CONTRACT SALES,202300003634,38648,2023,2023/01/01,2023/12/31,2023/01/31,2023/01/31,2023/01/31,ALABAMA CONTRACT SALES,,PO BOX 3490,,AUBURN,AL,36830,PO BOX 3490,PO BOX 3490,PO BOX 3490,,36830,541,238990,CONTRACTORSALL OTHERS,,,,Renew,NO,AUBURN,AL,,2023,{8A37D9B3-90D1-46DB-A6DD-55F78DA8A298},,,HNAM,2025/04/04 19:19:32+00
530941.773478329,675957.006422155,342,9367366-BUS,ALABAMA CONSTRUCTION PROS LLC,ALABAMA CONSTRUCTION PROS,202300011261,19730,2023,2023/01/01,2023/12/31,2023/03/08,2023/03/08,2023/03/14,ALABAMA CONSTRUCTION PROS LLC,4144,CARMICHAEL RD,,MONTGOMERY,AL,36106,4144 CARMICHAEL RD,4144,CARMICHAEL RD,,36106,787,0,,PER ALABAMA GENERAL CONTRACTOR BOARD,,,Renew,YES,MONTGOMERY,AL,5,2023,{4916E264-172C-4C38-A561-A036388047E2},,,,
544037.21579133,669547.888334908,343,5910110-BUS,ALABAMA CVS PHARMACY LLC,C V S PHARMACY #3095,202100002005,26814,2021,2021/01/01,2021/12/31,2021/01/27,2021/01/25,2021/01/25,ALABAMA CVS PHARMACY LLC,,ONE CVS DR,MC1160,WOONSOCKET,RI,2895,6891 VAUGHN RD,6891,VAUGHN RD,,36117,595,445325,TABLE WINE--OFF-PREMISE,WINE OFF PREMISE,,,Renew,YES,MONTGOMERY,AL,9,2021,{3BBAE5D2-1C6E-435B-83D0-BC2C78133CB3},,,,
544037.21579133,669547.888334908,345,5910110-BUS,ALABAMA CVS PHARMACY LLC,C V S PHARMACY #3095,202200002762,26814,2022,2022/01/01,2022/12/31,2022/01/26,2022/01/20,2022/01/24,ALABAMA CVS PHARMACY LLC,,ONE CVS DR,MC1160,WOONSOCKET,RI,2895,6891 VAUGHN RD,6891,VAUGHN RD,,36117,595,445325,TABLE WINE--OFF-PREMISE,WINE OFF PREMISE,,,Renew,YES,MONTGOMERY,AL,9,2022,{A0915223-BBAB-4747-8059-2D8584C8ECA2},,,,
544037.21579133,669547.888334908,346,5910110-BUS,ALABAMA CVS PHARMACY LLC,C V S PHARMACY #3095,202300004068,26814,2023,2023/01/01,2023/12/31,2023/02/01,2023/02/01,2023/02/03,ALABAMA CVS PHARMACY LLC,,ONE CVS DR,MC1160,WOONSOCKET,RI,2895,6891 VAUGHN RD,6891,VAUGHN RD,,36117,595,445325,TABLE WINE--OFF-PREMISE,WINE OFF PREMISE,,,Renew,YES,MONTGOMERY,AL,9,2023,{01C80AA5-AAD9-459E-AE32-B49B65C0F829},,,,
,,347,5910061-BUS,ALABAMA CVS PHARMACY LLC,C V S PHARMACY #4856,202100002006,26804,2021,2021/01/01,2021/12/31,2021/01/27,2021/01/25,2021/01/25,ALABAMA CVS PHARMACY LLC,,ONE CVS DR,MC1160,WOONSOCKET,RI,2895,3190 ZELDA RD,3190,ZELDA RD,,36106,592,445310,"BEER, OFF-PREMISE",BEER OFF PREMISE,,,Renew,YES,MONTGOMERY,AL,,2021,{F67A329A-F779-4891-BAB3-C91357788E8D},,,,
,,348,5910061-BUS,ALABAMA CVS PHARMACY LLC,C V S PHARMACY #4856,202100002006,26804,2021,2021/01/01,2021/12/31,2021/01/27,2021/01/25,2021/01/25,ALABAMA CVS PHARMACY LLC,,ONE CVS DR,MC1160,WOONSOCKET,RI,2895,3190 ZELDA RD,3190,ZELDA RD,,36106,596,446199,"HEALTH CARE STORESDRUG, PHARMACY, COSMETIC, OPTICAL, HEALTH FOOD",DRUG STORE RETAIL,,,Renew,YES,MONTGOMERY,AL,,2021,{2BF4453C-278B-4FC4-B0FC-E4C4769B70C4},,,,
544037.21579133,669547.888334908,349,5910110-BUS,ALABAMA CVS PHARMACY LLC,C V S PHARMACY #3095,202400001946,26814,2024,2024/01/01,2024/12/31,2024/01/26,2024/01/25,2024/01/25,ALABAMA CVS PHARMACY LLC,,ONE CVS DR,MC1160,WOONSOCKET,RI,2895,6891 VAUGHN RD,6891,VAUGHN RD,,36117,596,446199,"HEALTH CARE STORESDRUG, PHARMACY, COSMETIC, OPTICAL, HEALTH FOOD",DRUG STORE RETAIL,,,Renew,YES,MONTGOMERY,AL,9,2024,{831B9921-EA38-4C0F-BF76-18EAB05DD468},,,,
,,350,9366991-BUS,ALABAMA ONCOLOGY HEMATOLOGY ASSOCIATES,COBB HOLLY,202300007465,38467,2023,2023/01/01,2023/12/31,2023/02/14,2023/01/31,2023/02/07,ALABAMA ONCOLOGY HEMATOLOGY ASSOCIATES,4151,CARMICHAEL RD,,MONTGOMERY,AL,36106,4151 CARMICHAEL RD,4151,CARMICHAEL RD,,36106,707,621399,ALL OTHER MISCELLANEOUS HEALTH PRACTITIONERS,CERTIFIED NURSE PRACTITIONER,,,Renew,YES,MONTGOMERY,AL,,2023,{FC7DF533-5A9A-47E5-8188-011F4AF528A8},,,,
,,351,9366991-BUS,ALABAMA ONCOLOGY HEMATOLOGY ASSOCIATES,COBB HOLLY,202100003525,38467,2021,2021/01/01,2021/12/31,2021/02/04,2021/01/29,2021/02/04,ALABAMA ONCOLOGY HEMATOLOGY ASSOCIATES,4151,CARMICHAEL RD,,MONTGOMERY,AL,36106,4151 CARMICHAEL RD,4151,CARMICHAEL RD,,36106,707,621399,ALL OTHER MISCELLANEOUS HEALTH PRACTITIONERS,CERTIFIED NURSE PRACTITIONER,,,Renew,YES,MONTGOMERY,AL,,2021,{7A60D163-05B8-4EFE-9C4D-DE1D7D80F23A},,,,
531606.860074662,676351.214623243,352,039325-BUS,ALABAMA ONCOLOGY HEMATOLOGY ASSOCIATES,KNIGHT LAUREN,202200007073,42619,2022,2022/01/01,2022/12/31,2022/02/17,2022/02/15,2022/02/15,ALABAMA ONCOLOGY HEMATOLOGY ASSOCIATES,4145,CARMICHAEL RD,,MONTGOMERY,AL,36106,4145 CARMICHAEL RD,4145,CARMICHAEL RD,,36106,707,621399,ALL OTHER MISCELLANEOUS HEALTH PRACTITIONERS,CERTIFIED NURSE PRACTITIONER,,,New,YES,MONTGOMERY,AL,5,2022,{04BED42B-9567-483B-84EB-912FAF2F9F05},,,,
531606.860074662,676351.214623243,353,042223-BUS,ALABAMA ONCOLOGY HEMATOLOGY ASSOCIATES,COOK JON MARIE NP,202400006594,45517,2024,2024/01/01,2024/12/31,2024/02/15,2024/01/20,2024/02/28,ALABAMA ONCOLOGY HEMATOLOGY ASSOCIATES,4145,CARMICHAEL RD,,MONTGOMERY,AL,361062803,4145 CARMICHAEL RD,4145,CARMICHAEL RD,,361062803,707,621399,ALL OTHER MISCELLANEOUS HEALTH PRACTITIONERS,NURSE PRACTITIONER ,,,New,YES,MONTGOMERY,AL,5,2024,{5C365FD4-B1DA-48D6-A288-8FA1681EA039},,,,
531606.860074662,676351.214623243,354,9365013-BUS,ALABAMA ONCOLOGY HEMATOLOGY ASSOCIATES,MANN ASHLEY,202400006971,31975,2024,2024/01/01,2024/12/31,2024/02/18,2024/01/20,2024/02/28,ALABAMA ONCOLOGY HEMATOLOGY ASSOCIATES,4145,CARMICHAEL RD,,MONTGOMERY,AL,36106,4145 CARMICHAEL RD,4145,CARMICHAEL RD,,361062803,707,621399,ALL OTHER MISCELLANEOUS HEALTH PRACTITIONERS,ALL OTHER MISCELLANEOUS HEALTH PRACTITIONERS,,,Renew,YES,MONTGOMERY,AL,5,2024,{6E888C65-B315-44EC-AD68-A96DC8583294},,,,
531606.860074662,676351.214623243,355,044808-BUS,ALABAMA ONCOLOGY HEMATOLOGY ASSOCIATES,REYNOLDS JACKSON,202400006987,48104,2024,2024/01/01,2024/12/31,2024/02/18,2024/01/20,2024/02/28,ALABAMA ONCOLOGY HEMATOLOGY ASSOCIATES,,PO BOX 230667,,MONTGOMERY,AL,361230667,4145 CARMICHAEL RD,4145,CARMICHAEL RD,,361062803,703,621100,PHYSICIANINDIVIDUAL PROFESSIONAL LICENSE,,,,New,YES,MONTGOMERY,AL,5,2024,{C1C6B63F-88EC-4550-A143-3E644B555C97},,,,
521167.870125912,692364.91127032,356,042230-BUS,ALABAMA OPEN HORSEMAN'S ASSOCIATION,ALABAMA OPEN HORSEMAN'S ASSOCIATION,202400002467,45524,2024,2024/12/01,2024/12/31,2024/01/30,2024/01/22,2024/01/22,ALABAMA OPEN HORSEMAN'S ASSOCIATION,1162,COUNTY ROAD 25,,JEMISON,AL,350853224,1555 FEDERAL DR,1555,FEDERAL DR,,361071125,799,,Transient Promoter,,,,New,YES,MONTGOMERY,AL,3,2024,{D6C8072F-EE8F-4895-9657-1536979CB74C},,,,
531606.860074662,676351.214623243,357,039323-BUS,ALABAMA ONCOLOGY HEMATOLOGY ASSOCIATES,RACHEL NOTARESCHI CRNP,202200007069,42617,2022,2022/01/01,2022/12/31,2022/02/17,2022/02/15,2022/02/15,ALABAMA ONCOLOGY HEMATOLOGY ASSOCIATES,4145,CARMICHAEL RD,,MONTGOMERY,AL,36106,4145 CARMICHAEL RD,4145,CARMICHAEL RD,,36106,707,621399,ALL OTHER MISCELLANEOUS HEALTH PRACTITIONERS,CERTIFIED NURSE PRACTITIONER,,,New,YES,MONTGOMERY,AL,5,2022,{2FC209E1-31A6-4D94-9898-115636E4B980},,,,
,,358,8030336-BUS,ALABAMA ORTHROPAEDIC SPCLTS PA,THORNBURY D DAVIS,202100006673,4104,2021,2021/01/01,2021/12/31,2021/02/18,2021/02/01,2021/02/01,ALABAMA ORTHROPAEDIC SPCLTS PA,,P O BOX 235003,,MONTGOMERY,AL,36123,4294 LOMAC ST,4294,LOMAC ST,,36106,704,621200,DENTISTINDIVIDUAL PROFESSIONAL LICENSE,PHYSICIAN,,,Renew,YES,MONTGOMERY,AL,,2021,{1CBED3B7-C6D4-4C73-968F-4F260C768645},,,,
531606.860074662,676351.214623243,359,9367145-BUS,ALABAMA ONCOLOGY HEMATOLOGY ASSOCIATES,RHYE ASHLEY,202100003505,38615,2021,2021/01/01,2021/12/31,2021/02/04,2021/01/29,2021/02/04,ALABAMA ONCOLOGY HEMATOLOGY ASSOCIATES,4145,CARMICHAEL RD,,MONTGOMERY,AL,36106,4145 CARMICHAEL RD,4145,CARMICHAEL RD,,36106,707,621399,ALL OTHER MISCELLANEOUS HEALTH PRACTITIONERS,CERTIFIED NURSE PRACTITIONER,,,Renew,YES,MONTGOMERY,AL,5,2021,{C495194F-D293-44B2-9D99-8DE9E5336665},,,,
,,361,039194-BUS,ALABAMA OZ INVESTMENTS LLC,RED BLUFF COTTAGE,202300012291,42488,2023,2023/01/01,2023/12/31,2023/03/27,2023/03/23,2023/03/24,ALABAMA OZ INVESTMENTS LLC,,PO BOX 241033,,MONTGOMERY,AL,36124,551 CLAY ST,551,CLAY ST,,36104,731,721000,"ACCOMMODATIONSHOTELS, MOTELS, AND SIMILAR FACILITIES",BED AND BREAKFAST INN,,,New,YES,MONTGOMERY,AL,,2023,{FF8C043A-7668-4D02-9142-D49490EE3355},,,,
,,362,039194-BUS,ALABAMA OZ INVESTMENTS LLC,RED BLUFF COTTAGE,202400003671,42488,2024,2024/01/01,2024/12/31,2024/02/05,2024/02/01,2024/02/05,ALABAMA OZ INVESTMENTS LLC,,PO BOX 241033,,MONTGOMERY,AL,36124,551 CLAY ST,551,CLAY ST,,36104,787,0,,NO RETAIL SALES,,,New,YES,MONTGOMERY,AL,,2024,{CD534906-CCEF-4C35-994D-DDAD4EE4AF4E},,,,
,,363,5995062-BUS,ALABAMA PAPER COMPANY,ALABAMA PAPER COMPANY,202300005574,4380,2023,2023/01/01,2023/12/31,2023/02/07,2023/01/19,2023/02/06,ALABAMA PAPER COMPANY,289,ARMORY RD,,GOODWATER,AL,350724701,239 ARMORY RD,239,ARMORY RD,,35072,607,453998,ALL OTHER MISCELLANEOUS RETAILERS,RETAIL SALES,,,Renew,NO,GOODWATER,AL,,2023,{21B89FB0-AA98-41AB-8F11-8E62132CAD25},,,,
,,364,9364145-BUS,ALABAMA PETROLEUM TECHNOLOGY,ALABAMA PETROLEUM TECHNOLOGY,202100007231,19102,2021,2021/01/01,2021/12/31,2021/02/21,2021/01/31,2021/01/31,ALABAMA PETROLEUM TECHNOLOGY,198,MINNIE KNIGHT RD,,TITUS,AL,360803037,198 MINNIE KNIGHT RD,198,MINNIE KNIGHT RD,,360803037,695,561990,ALL OTHER SUPPORT SERVICES,ALL OTHER SUPPORT SERVICES,,,Renew,NO,TITUS,AL,,2021,{CB07FAB0-2E6F-4A75-BA28-E186BE377DB0},,,,
,,365,9366158-BUS,ALABAMA PIPE AND SUPPLY CO INC,ALABAMA PIPE AND SUPPLY CO INC,202100006933,26040,2021,2021/01/01,2021/12/31,2021/02/20,2021/02/01,2021/02/01,ALABAMA PIPE AND SUPPLY CO INC,,PO BOX 70,,IRVINGTON,AL,365440070,PO BOX 70,PO BOX 70,PO BOX 70,,365440070,559,339999,MISCELLANEOUS MANUFACTURINGSPECIALTY MANUFACTURING NOT DEFINED IN SEPARATE CATEGORIES,CONCRETE PIPE AND PRECAST MANUFACTURER,,,Renew,NO,IRVINGTON,AL,,2021,{0927A87D-3171-4E8F-9DE8-ADB5DAF89667},,,HNAM,2025/04/04 19:19:32+00
537706.239280079,684526.990266405,366,9364043-BUS,ALABAMA PIZZA LLC,DOMINOS 5821,202400005504,19008,2024,2024/01/01,2024/12/31,2024/02/11,2024/01/29,2024/02/02,ALABAMA PIZZA LLC,7220,WINDSOR DR,,ALLENTOWN,PA,18106,5338 ATLANTA HWY,5338,ATLANTA HWY,,36117,735,722110,RESTAURANTFULL SERVICE FACILITY,RESTAURANTFULL SERVICE FACILITY,,,Renew,YES,MONTGOMERY,AL,1,2024,{7450A69C-9DEE-450C-BA77-72D3B0F1BCDB},,,,
,,367,9365401-BUS,ALABAMA PLUMBING CONTRACTORS,ALABAMA PLUMBING CONTRACTORS,202100003126,38176,2021,2021/01/01,2021/12/31,2021/02/02,2021/02/01,2021/02/01,ALABAMA PLUMBING CONTRACTORS,610,INDIAN CREST DR,,INDIAN SPGS,AL,351243071,610 INDIAN CREST DR,610,INDIAN CREST DR,,351243071,787,0,,JAMES SHIRLEY - MPG#4240,,,Renew,NO,INDIAN SPGS,AL,,2021,{894C1C5D-AE3F-493B-ADD4-4BDFA47A40A6},,,,
,,368,9365401-BUS,ALABAMA PLUMBING CONTRACTORS,ALABAMA PLUMBING CONTRACTORS,202100003126,38176,2021,2021/01/01,2021/12/31,2021/02/02,2021/02/01,2021/02/01,ALABAMA PLUMBING CONTRACTORS,610,INDIAN CREST DR,,INDIAN SPGS,AL,351243071,610 INDIAN CREST DR,610,INDIAN CREST DR,,351243071,787,0,,BRENT VACARELLA - MP#0743,,,Renew,NO,INDIAN SPGS,AL,,2021,{3AD7D3CA-7111-43B8-BC88-225B0B6C3040},,,,
510243.82570108,683145.744997405,369,4910002-BUS,ALABAMA POWER CO,ALABAMA POWER CO,202300005641,33073,2023,2023/01/01,2023/12/31,2023/02/06,2023/01/31,2023/02/03,ALABAMA POWER CO,200,DEXTER AVE,,MONTGOMERY,AL,361043739,200 DEXTER AVE,200,DEXTER AVE,,36104,750,811412,"REPAIRS/MAINTENANCEAPPLIANCES, HOUSEHOLD, SMALL EQUIPMENT",,,,Renew,YES,MONTGOMERY,AL,3,2023,{DF179529-CD29-4980-B7B8-BE8E511E64E1},,,,
,,370,5910061-BUS,ALABAMA CVS PHARMACY LLC,C V S PHARMACY #4856,202200002765,26804,2022,2022/01/01,2022/12/31,2022/01/26,2022/01/20,2022/01/24,ALABAMA CVS PHARMACY LLC,,ONE CVS DR,MC1160,WOONSOCKET,RI,2895,3190 ZELDA RD,3190,ZELDA RD,,36106,592,445310,"BEER, OFF-PREMISE",BEER OFF PREMISE,,,Renew,YES,MONTGOMERY,AL,,2022,{223DFF02-81D2-4E3A-83D7-8EFF352B87F2},,,,
510243.82570108,683145.744997405,371,4910002-BUS,ALABAMA POWER CO,ALABAMA POWER CO,202100002426,33073,2021,2021/01/01,2021/12/31,2021/01/29,2021/01/28,2021/02/01,ALABAMA POWER CO,200,DEXTER AVE,,MONTGOMERY,AL,361043739,200 DEXTER AVE,200,DEXTER AVE,,36104,750,811412,"REPAIRS/MAINTENANCEAPPLIANCES, HOUSEHOLD, SMALL EQUIPMENT",APPLIANCE REPAIR,,,Renew,YES,MONTGOMERY,AL,3,2021,{FF1DC983-36BA-49D8-8842-55367D9093E3},,,,
,,372,5910061-BUS,ALABAMA CVS PHARMACY LLC,C V S PHARMACY #4856,202400001949,26804,2024,2024/01/01,2024/12/31,2024/01/26,2024/01/25,2024/01/25,ALABAMA CVS PHARMACY LLC,,ONE CVS DR,MC1160,WOONSOCKET,RI,2895,3190 ZELDA RD,3190,ZELDA RD,,36106,592,445310,"BEER, OFF-PREMISE",BEER OFF PREMISE,,,Renew,YES,MONTGOMERY,AL,,2024,{BAC6EA29-1CAD-43EC-B898-ED8953059272},,,,
,,373,5910061-BUS,ALABAMA CVS PHARMACY LLC,C V S PHARMACY #4856,202200002765,26804,2022,2022/01/01,2022/12/31,2022/01/26,2022/01/20,2022/01/24,ALABAMA CVS PHARMACY LLC,,ONE CVS DR,MC1160,WOONSOCKET,RI,2895,3190 ZELDA RD,3190,ZELDA RD,,36106,594,445320,TABLE WINEON-PREMISE,WINE RETAIL,,,Renew,YES,MONTGOMERY,AL,,2022,{F54F0E7B-28AA-4E88-9DD0-DDB6CE4587EA},,,,
,,374,5910061-BUS,ALABAMA CVS PHARMACY LLC,C V S PHARMACY #4856,202400001949,26804,2024,2024/01/01,2024/12/31,2024/01/26,2024/01/25,2024/01/25,ALABAMA CVS PHARMACY LLC,,ONE CVS DR,MC1160,WOONSOCKET,RI,2895,3190 ZELDA RD,3190,ZELDA RD,,36106,594,445320,TABLE WINEON-PREMISE,WINE RETAIL,,,Renew,YES,MONTGOMERY,AL,,2024,{1EC28024-6063-423F-B05A-35136AB2CEF5},,,,
,,375,5910061-BUS,ALABAMA CVS PHARMACY LLC,C V S PHARMACY #4856,202400001949,26804,2024,2024/01/01,2024/12/31,2024/01/26,2024/01/25,2024/01/25,ALABAMA CVS PHARMACY LLC,,ONE CVS DR,MC1160,WOONSOCKET,RI,2895,3190 ZELDA RD,3190,ZELDA RD,,36106,596,446199,"HEALTH CARE STORESDRUG, PHARMACY, COSMETIC, OPTICAL, HEALTH FOOD",DRUG STORE RETAIL,,,Renew,YES,MONTGOMERY,AL,,2024,{2E8EE8D3-7DE4-4C65-9510-A8373A515D84},,,,
,,376,5910105-BUS,ALABAMA CVS PHARMACY LLC,C V S PHARMACY 4970,202200002834,26813,2022,2022/01/01,2022/12/31,2022/01/26,2022/01/20,2022/01/24,ALABAMA CVS PHARMACY LLC,,ONE CVS DR,MC1160,WOONSOCKET,RI,2895,1525 FOREST AVE,1525,FOREST AVE,,36106,595,445325,TABLE WINE--OFF-PREMISE,TABLE WINE OFF PREMISE ONLY,,,Renew,YES,MONTGOMERY,AL,,2022,{287C158B-8D41-4B41-8808-7010747D8DB5},,,,
,,377,5910105-BUS,ALABAMA CVS PHARMACY LLC,C V S PHARMACY 4970,202300004241,26813,2023,2023/01/01,2023/12/31,2023/02/01,2023/02/01,2023/02/03,ALABAMA CVS PHARMACY LLC,,ONE CVS DR,MC1160,WOONSOCKET,RI,2895,1525 FOREST AVE,1525,FOREST AVE,,36106,592,445310,"BEER, OFF-PREMISE",BEER OFF PREMISE,,,Renew,YES,MONTGOMERY,AL,,2023,{11492AC8-4BE7-44DB-AE53-053E1BD821C6},,,,
550959.31612033,684755.269009322,378,5910067-BUS,ALABAMA CVS PHARMACY LLC,C V S PHARMACY #4869,202100002007,26807,2021,2021/01/01,2021/12/31,2021/01/27,2021/01/25,2021/01/25,ALABAMA CVS PHARMACY LLC,,ONE CVS DR,MC1160,WOONSOCKET,RI,2895,6990 ATLANTA HWY,6990,ATLANTA HWY,,36117,592,445310,"BEER, OFF-PREMISE",BEER OFF PREMISE,,,Renew,YES,MONTGOMERY,AL,1,2021,{F9BEF0E7-DB18-4D22-8396-D3462D811D01},,,,
506765.506542247,673743.894050486,379,5910046-BUS,ALABAMA CVS PHARMACY LLC,C V S PHARMACY INC #4895,202100002010,26800,2021,2021/01/01,2021/12/31,2021/01/27,2021/01/25,2021/01/25,ALABAMA CVS PHARMACY LLC,,ONE CVS DR,MC1160,WOONSOCKET,RI,2895,3000 ROSA L PARKS AVE,3000,ROSA L PARKS AVE,,36105,596,446199,"HEALTH CARE STORESDRUG, PHARMACY, COSMETIC, OPTICAL, HEALTH FOOD",DRUG STORE RETAIL,,,Renew,YES,MONTGOMERY,AL,4,2021,{952BAD51-5400-450F-9179-6E0DEE32BE9B},,,,
506765.506542247,673743.894050486,380,5910046-BUS,ALABAMA CVS PHARMACY LLC,C V S PHARMACY INC #4895,202300004092,26800,2023,2023/01/01,2023/12/31,2023/02/01,2023/02/01,2023/02/03,ALABAMA CVS PHARMACY LLC,,ONE CVS DR,MC1160,WOONSOCKET,RI,2895,3000 ROSA L PARKS AVE,3000,ROSA L PARKS AVE,,36105,592,445310,"BEER, OFF-PREMISE",BEER RETAIL OFF PREMISE,,,Renew,YES,MONTGOMERY,AL,4,2023,{8E26350F-FC47-4C8C-890A-FC0E7EEF5790},,,,
506765.506542247,673743.894050486,381,5910046-BUS,ALABAMA CVS PHARMACY LLC,C V S PHARMACY INC #4895,202300004092,26800,2023,2023/01/01,2023/12/31,2023/02/01,2023/02/01,2023/02/03,ALABAMA CVS PHARMACY LLC,,ONE CVS DR,MC1160,WOONSOCKET,RI,2895,3000 ROSA L PARKS AVE,3000,ROSA L PARKS AVE,,36105,596,446199,"HEALTH CARE STORESDRUG, PHARMACY, COSMETIC, OPTICAL, HEALTH FOOD",DRUG STORE RETAIL,,,Renew,YES,MONTGOMERY,AL,4,2023,{88FC3078-375F-4DE6-B169-26FBA8A8F79E},,,,
506765.506542247,673743.894050486,382,5910046-BUS,ALABAMA CVS PHARMACY LLC,C V S PHARMACY INC #4895,202400001948,26800,2024,2024/01/01,2024/12/31,2024/01/26,2024/01/25,2024/01/25,ALABAMA CVS PHARMACY LLC,,ONE CVS DR,MC1160,WOONSOCKET,RI,2895,3000 ROSA L PARKS AVE,3000,ROSA L PARKS AVE,,36105,596,446199,"HEALTH CARE STORESDRUG, PHARMACY, COSMETIC, OPTICAL, HEALTH FOOD",DRUG STORE RETAIL,,,Renew,YES,MONTGOMERY,AL,4,2024,{4AC21873-A6BB-456B-B6AE-B2C2BD30C539},,,,
517409.898639247,665063.012462154,383,5910049-BUS,ALABAMA CVS PHARMACY LLC,C V S PHARMACY INC #4906,202100002011,26802,2021,2021/01/01,2021/12/31,2021/01/27,2021/01/25,2021/01/25,ALABAMA CVS PHARMACY LLC,,ONE CVS DR,MC1160,WOONSOCKET,RI,2895,4240 NARROW LANE RD,4240,NARROW LANE RD,,36111,592,445310,"BEER, OFF-PREMISE",BEER RETAIL OFF PREMISE,,,Renew,YES,MONTGOMERY,AL,7,2021,{4EB99392-6ADE-458F-AD6E-74EDE1E20401},,,,
517409.898639247,665063.012462154,384,5910049-BUS,ALABAMA CVS PHARMACY LLC,C V S PHARMACY INC #4906,202100002011,26802,2021,2021/01/01,2021/12/31,2021/01/27,2021/01/25,2021/01/25,ALABAMA CVS PHARMACY LLC,,ONE CVS DR,MC1160,WOONSOCKET,RI,2895,4240 NARROW LANE RD,4240,NARROW LANE RD,,36111,595,445325,TABLE WINE--OFF-PREMISE,TABLE WINE OFF PREMISE ONLY,,,Renew,YES,MONTGOMERY,AL,7,2021,{346AC4E1-DF42-459A-8DC5-5E330542E8AB},,,,
517409.898639247,665063.012462154,385,5910049-BUS,ALABAMA CVS PHARMACY LLC,C V S PHARMACY INC #4906,202100002011,26802,2021,2021/01/01,2021/12/31,2021/01/27,2021/01/25,2021/01/25,ALABAMA CVS PHARMACY LLC,,ONE CVS DR,MC1160,WOONSOCKET,RI,2895,4240 NARROW LANE RD,4240,NARROW LANE RD,,36111,596,446199,"HEALTH CARE STORESDRUG, PHARMACY, COSMETIC, OPTICAL, HEALTH FOOD",RETAIL DRUG STORE,,,Renew,YES,MONTGOMERY,AL,7,2021,{34E09EB4-2D23-403F-AAC8-7B972716C570},,,,
555289.501685664,676927.491685905,386,9359981-BUS,ALABAMA CVS PHARMACY LLC,CVS PHARMACY #16946,202400001932,30856,2024,2024/01/01,2024/12/31,2024/01/26,2024/01/25,2024/01/25,ALABAMA CVS PHARMACY LLC,,ONE CVS DR,MC1160,WOONSOCKET,RI,2895,2576 BERRYHILL RD,2576,BERRYHILL RD,,36117,596,446199,"HEALTH CARE STORESDRUG, PHARMACY, COSMETIC, OPTICAL, HEALTH FOOD",HEALTH CARE STORESDRUG PHARMACY COSMETIC OPTICAL HEALTH FOOD,,,Renew,YES,MONTGOMERY,AL,9,2024,{E653E035-5E3B-4EC6-94A3-E46E955F2109},,,,
555289.501685664,676927.491685905,387,9359981-BUS,ALABAMA CVS PHARMACY LLC,CVS PHARMACY #16946,202300004253,30856,2023,2023/01/01,2023/12/31,2023/02/02,2023/02/01,2023/02/03,ALABAMA CVS PHARMACY LLC,,ONE CVS DR,MC1160,WOONSOCKET,RI,2895,2576 BERRYHILL RD,2576,BERRYHILL RD,,36117,596,446199,"HEALTH CARE STORESDRUG, PHARMACY, COSMETIC, OPTICAL, HEALTH FOOD",HEALTH CARE STORESDRUG PHARMACY COSMETIC OPTICAL HEALTH FOOD,,,Renew,YES,MONTGOMERY,AL,9,2023,{21ADFFBD-51FB-4ADF-9BBA-F032D6E44177},,,,
555289.501685664,676927.491685905,388,9359981-BUS,ALABAMA CVS PHARMACY LLC,CVS PHARMACY #16946,202100002019,30856,2021,2021/01/01,2021/12/31,2021/01/27,2021/01/25,2021/01/25,ALABAMA CVS PHARMACY LLC,,ONE CVS DR,MC1160,WOONSOCKET,RI,2895,2576 BERRYHILL RD,2576,BERRYHILL RD,,36117,596,446199,"HEALTH CARE STORESDRUG, PHARMACY, COSMETIC, OPTICAL, HEALTH FOOD",HEALTH CARE STORESDRUG PHARMACY COSMETIC OPTICAL HEALTH FOOD,,,Renew,YES,MONTGOMERY,AL,9,2021,{82E47514-CFB6-4D91-A491-E0CA24252ACF},,,,
555289.501685664,676927.491685905,389,9359981-BUS,ALABAMA CVS PHARMACY LLC,CVS PHARMACY #16946,202200002841,30856,2022,2022/01/01,2022/12/31,2022/01/26,2022/01/20,2022/01/24,ALABAMA CVS PHARMACY LLC,,ONE CVS DR,MC1160,WOONSOCKET,RI,2895,2576 BERRYHILL RD,2576,BERRYHILL RD,,36117,596,446199,"HEALTH CARE STORESDRUG, PHARMACY, COSMETIC, OPTICAL, HEALTH FOOD",HEALTH CARE STORESDRUG PHARMACY COSMETIC OPTICAL HEALTH FOOD,,,Renew,YES,MONTGOMERY,AL,9,2022,{3A3DEC61-E24C-4DC7-8C6B-7447F293E552},,,,
,,390,5910097-BUS,"ALABAMA CVS PHARMACY, LLC",C V S PHARMACY #4947,202100002014,26811,2021,2021/01/01,2021/12/31,2021/01/27,2021/01/25,2021/01/25,"ALABAMA CVS PHARMACY, LLC",,ONE CVS DR,MC1160,WOONSOCKET,RI,2895,4790 MOBILE HWY,4790,MOBILE HWY,,36108,592,445310,"BEER, OFF-PREMISE",BEER OFF PREMISE,,,Renew,YES,MONTGOMERY,AL,,2021,{34E2D03B-EE40-412F-9E8C-8B3DA19EFDC7},,,,
,,391,5910097-BUS,"ALABAMA CVS PHARMACY, LLC",C V S PHARMACY #4947,202100002014,26811,2021,2021/01/01,2021/12/31,2021/01/27,2021/01/25,2021/01/25,"ALABAMA CVS PHARMACY, LLC",,ONE CVS DR,MC1160,WOONSOCKET,RI,2895,4790 MOBILE HWY,4790,MOBILE HWY,,36108,787,0,,NO WINE SALES,,,Renew,YES,MONTGOMERY,AL,,2021,{FAE1BD66-C6CB-4961-ABCB-22EF439510F6},,,,
510243.82570108,683145.744997405,392,4910002-BUS,ALABAMA POWER CO,ALABAMA POWER CO,202400002692,33073,2024,2024/01/01,2024/12/31,2024/01/31,2024/01/31,2024/01/31,ALABAMA POWER CO,200,DEXTER AVE,,MONTGOMERY,AL,361043739,200 DEXTER AVE,200,DEXTER AVE,,36104,588,443112,"ELECTRONIC AND APPLIANCE STOREHOUSEHOLD, RADIO, TELEVISION, COMPUTERS",APPLIANCE SALES,,,Renew,YES,MONTGOMERY,AL,3,2024,{FA612F68-E6A0-433A-B5F5-6624B4CAF191},,,,
,,393,7396320-BUS,ALABAMA PRESS ASSOCIATION INC,ALABAMA PRESS ASSOCIATION INC,202200008652,21064,2022,2022/01/01,2022/12/31,2022/02/26,2022/01/24,2022/03/01,ALABAMA PRESS ASSOCIATION INC,2180,PARKWAY LAKE DR,,HOOVER,AL,352441803,2180 PARKWAY LAKE DR,2180,PARKWAY LAKE DR,,352441803,677,541810,LOBBYING SERVICES,LOBBYIST SERVICES,,,Renew,NO,HOOVER,AL,,2022,{9CF7E3F6-F0ED-46BF-90E6-C1A115302B80},,,,
537134.777168412,657711.38805782,394,038655-BUS,ALABAMA PREMIER BUILDERS LLC,ALABAMA PREMIER BUILDERS LLC,202400012341,41949,2024,2024/01/01,2024/12/31,2024/06/11,2024/06/11,2024/06/13,ALABAMA PREMIER BUILDERS LLC,5001,SHORT LEAF PINE DR,,MONTGOMERY,AL,361165111,5001 SHORT LEAF PINE DR,5001,SHORT LEAF PINE DR,,361165111,541,238990,CONTRACTORSALL OTHERS,CARPENTRY FRAMING,,,New,YES,MONTGOMERY,AL,6,2024,{D73B0F29-CE6A-4C70-95FD-77FB18375594},,,,
552423.317785494,669927.548664823,395,9344262-BUS,ALABAMA PRIMARY HEALTH CARE ASSOCIATION,ALABAMA PRIMARY HEALTH CARE ASSOCIATION,202200007202,15334,2022,2022/01/01,2022/12/31,2022/02/18,2022/02/01,2022/02/17,ALABAMA PRIMARY HEALTH CARE ASSOCIATION,8244,OLD FEDERAL RD,,MONTGOMERY,AL,36117,8244 OLD FEDERAL RD,8244,OLD FEDERAL RD,,36117,787,0,,ASSISTANCE SERVICE,,,Renew,YES,MONTGOMERY,AL,9,2022,{6344E141-610F-4D41-88D3-84D08BA28F95},,,,
552423.317785494,669927.548664823,396,9344262-BUS,ALABAMA PRIMARY HEALTH CARE ASSOCIATION,ALABAMA PRIMARY HEALTH CARE ASSOCIATION,202300008106,15334,2023,2023/01/01,2023/12/31,2023/02/15,2023/01/31,2023/02/15,ALABAMA PRIMARY HEALTH CARE ASSOCIATION,8244,OLD FEDERAL RD,,MONTGOMERY,AL,36117,8244 OLD FEDERAL RD,8244,OLD FEDERAL RD,,36117,787,0,,ASSISTANCE SERVICE,,,Renew,YES,MONTGOMERY,AL,9,2023,{EBEC6A38-F256-401A-BFE1-6055510A9591},,,,
,,397,9353174-BUS,ALABAMA PROFESSIONAL SECURITY,ALABAMA PROF SEC TRAINING ACADEMY,202100002098,34751,2021,2021/01/01,2021/12/31,2021/01/28,2021/01/20,2021/01/20,ALABAMA PROFESSIONAL SECURITY,140,MENDEL PKWY,,MONTGOMERY,AL,36117,140 MENDEL PKWY,140,MENDEL PKWY,,36117,764,812900,ALL OTHER PERSONAL SERVICES,PERSONNEL TRAINING,,,Renew,YES,MONTGOMERY,AL,,2021,{E0D904D7-4053-4B59-ACB9-5777E1732176},,,,
552423.317785494,669927.548664823,398,9344262-BUS,ALABAMA PRIMARY HEALTH CARE ASSOCIATION,ALABAMA PRIMARY HEALTH CARE ASSOCIATION,202400009731,15334,2024,2024/01/01,2024/12/31,2024/02/23,2024/02/01,2024/02/16,ALABAMA PRIMARY HEALTH CARE ASSOCIATION,8244,OLD FEDERAL RD,,MONTGOMERY,AL,36117,8244 OLD FEDERAL RD,8244,OLD FEDERAL RD,,36117,727,713900,"AMUSEMENTARCADES, GOLF CLUBS, MARINAS, FITNESS, BOWLING CENTERS",MEMBERSHIP FEES,,,Renew,YES,MONTGOMERY,AL,9,2024,{4D798BEC-1D1A-412F-B40E-17F2C6ED21AC},,,,
,,399,2750015-BUS,ALABAMA PRINTERS,ALABAMA PRINTERS,202100007610,266,2021,2021/01/01,2021/12/31,2021/02/22,2021/02/18,2021/02/18,ALABAMA PRINTERS,748,DECATUR ST SOUTH,,MONTGOMERY,AL,36104,748 DECATUR ST SOUTH,748,DECATUR ST SOUTH,,36104,551,323112,"PRINTINGSCREEN, QUICK, DIGITAL, BOOKS, LITHOGRAPHIC, HANDBILLS",PRINTERS,,,Renew,YES,MONTGOMERY,AL,,2021,{7CBE3F6E-7597-4C3B-814A-3E6E8291C36D},,,,
,,400,9353174-BUS,ALABAMA PROFESSIONAL SECURITY,ALABAMA PROF SEC TRAINING ACADEMY,202400002229,34751,2024,2024/01/01,2024/12/31,2024/01/29,2024/01/25,2024/01/25,ALABAMA PROFESSIONAL SECURITY,140,MENDEL PKWY,,MONTGOMERY,AL,36117,140 MENDEL PKWY,140,MENDEL PKWY,,36117,764,812900,ALL OTHER PERSONAL SERVICES,,,,Renew,YES,MONTGOMERY,AL,,2024,{93E89903-5CDE-4CFF-ADCB-A7641D568598},,,,
,,401,9353174-BUS,ALABAMA PROFESSIONAL SECURITY,ALABAMA PROF SEC TRAINING ACADEMY,202200004593,34751,2022,2022/01/01,2022/12/31,2022/02/07,2022/02/01,2022/02/01,ALABAMA PROFESSIONAL SECURITY,140,MENDEL PKWY,,MONTGOMERY,AL,36117,140 MENDEL PKWY,140,MENDEL PKWY,,36117,764,812900,ALL OTHER PERSONAL SERVICES,,,,Renew,YES,MONTGOMERY,AL,,2022,{35FAB550-8F34-44F6-A680-D6662F90E070},,,,
,,402,9342442-BUS,ALABAMA RECOVERY,ALABAMA RECOVERY,202100000635,34069,2021,2021/01/01,2021/12/31,2021/01/14,2021/01/14,2021/01/14,ALABAMA RECOVERY,,P O BOX 886,,MILLBROOK,AL,36054,P O BOX 886,P O BOX 886,P O BOX 886,,36054,747,811120,MOTOR VEHICLE TOWING,,,,Renew,NO,MILLBROOK,AL,,2021,{42D1A631-B63A-4C67-8AA1-C378D2E9A145},,,HNAM,2025/04/04 19:19:32+00
,,403,9343169-BUS,ALABAMA PSYCHOLOGICAL ASSO INC,ALABAMA PSYCHOLOGICAL ASSOC INC,202300009511,15085,2023,2023/01/01,2023/12/31,2023/02/22,2023/02/01,2023/02/03,ALABAMA PSYCHOLOGICAL ASSO INC,,P O BOX 5022,,MONTGOMERY,AL,36103,P O BOX 5022,P O BOX 5022,P O BOX 5022,,36103,727,713900,"AMUSEMENTARCADES, GOLF CLUBS, MARINAS, FITNESS, BOWLING CENTERS",MEMBERSHIP FEES,,,Renew,YES,MONTGOMERY,AL,,2023,{4C4F9D0A-FEF8-4BEB-8C10-69749E182465},,,HNAM,2025/04/04 19:19:32+00
,,404,7340929-BUS,ALABAMA PROFESSIONAL SERVICES,ALABAMA PROFESSIONAL SERVICES,202100010735,14463,2021,2021/01/01,2021/12/31,2021/03/16,2021/03/04,2021/03/04,ALABAMA PROFESSIONAL SERVICES,,P O BOX 100909,,IRONDALE,AL,35210,P O BOX 100909,P O BOX 100909,P O BOX 100909,,35210,787,0,,CERTIFICATE-2020-5000201,,,Renew,NO,IRONDALE,AL,,2021,{51BA74EF-4878-4FDA-94F0-8BC528A3221D},,,HNAM,2025/04/04 19:19:32+00
511191.477677163,683480.357189074,405,5995005-BUS,ALABAMA RECVY COALITN-FIN,ALABAMA RECVY COALITN-FIN SECT,202100000806,4328,2021,2021/01/01,2021/12/31,2021/01/15,2021/01/15,2021/01/15,ALABAMA RECVY COALITN-FIN,445,DEXTER AVE,SUITE 10025,MONTGOMERY,AL,36104,445 DEXTER AVE,445,DEXTER AVE,SUITE 10025,36104,695,561990,ALL OTHER SUPPORT SERVICES,ALL OTHER SUPPORT SERVICES/RETAIL,,,Renew,YES,MONTGOMERY,AL,3,2021,{5F707E83-9F81-4446-97E6-BB6309AC519B},,,,
511191.477677163,683480.357189074,406,5995005-BUS,ALABAMA RECVY COALITN-FIN,ALABAMA RECVY COALITN-FIN SECT,202300005091,4328,2023,2023/01/01,2023/12/31,2023/02/06,2023/01/19,2023/01/19,ALABAMA RECVY COALITN-FIN,445,DEXTER AVE,SUITE 10025,MONTGOMERY,AL,36104,445 DEXTER AVE,445,DEXTER AVE,SUITE 10025,36104,695,561990,ALL OTHER SUPPORT SERVICES,ALL OTHER SUPPORT SERVICES/RETAIL,,,Renew,YES,MONTGOMERY,AL,3,2023,{B07855DC-26B7-47E2-B6C0-48D8BC1843CA},,,,
,,407,044434-BUS,"ALABAMA ROOF RX, LLC","ALABAMA ROOF RX, LLC",202400002713,47729,2024,2024/01/01,2024/12/31,2024/01/31,2024/01/31,2024/02/01,"ALABAMA ROOF RX, LLC",4000,FOWLER LAKE RD,,BIRMINGHAM,AL,352426600,4000 FOWLER LAKE RD,4000,FOWLER LAKE RD,,352426600,787,0,,"AL HOMEBUILDERS ROOFING LIC #31525, EXP 12/31/2024",,,New,NO,BIRMINGHAM,AL,,2024,{E1FB3C5F-D1A8-4638-AD73-369076CE8F91},,,,
,,408,7347610-BUS,ALABAMA RESTAURANT CLEANERS IN,ALABAMA RESTAURANT CLEANERS INC,202100005885,14512,2021,2021/01/01,2021/12/31,2021/02/15,2021/01/29,2021/02/15,ALABAMA RESTAURANT CLEANERS IN,6083,WILLIAM O LN,,GARDENDALE,AL,35071,6083 WILLIAM O LN,6083,WILLIAM O LN,,35071,691,561720,JANITORIAL FIRMJANITORIAL CLEANING SERVICESINDIVIDUAL OR FIRM,JANITORIAL SERVICE,,,Renew,NO,GARDENDALE,AL,,2021,{99DD281F-9740-4F05-A297-1D0AFD66D5D7},,,,
,,409,044434-BUS,"ALABAMA ROOF RX, LLC","ALABAMA ROOF RX, LLC",202400002713,47729,2024,2024/01/01,2024/12/31,2024/01/31,2024/01/31,2024/02/01,"ALABAMA ROOF RX, LLC",4000,FOWLER LAKE RD,,BIRMINGHAM,AL,352426600,4000 FOWLER LAKE RD,4000,FOWLER LAKE RD,,352426600,533,236320,"CONTRACTORSGENERAL CONTRACTORS, COMM. BLDG, RESIDENTIAL, SUBDIVISIONS, LANDSCAPING CONTRACTORS ",ROOFING CONTRACTOR,,,New,NO,BIRMINGHAM,AL,,2024,{3157427C-B9E1-4AB1-8D80-25FD0FBAFACC},,,,
,,410,036201-BUS,ALABAMA ROOFING LLC,ALABAMA ROOFING LLC,202200010944,39494,2022,2022/01/01,2022/12/31,2022/03/24,2022/03/21,2022/03/25,ALABAMA ROOFING LLC,1034,MAIN STREET,BOX 332,GARDENDALE,AL,35071,1034 MAIN STREET,1034,MAIN STREET,BOX 332,35071,787,0,,"AL HOMEBUILDER LIC #26011, BRANDON HUNT, EXP 12/31/22",,,New,NO,GARDENDALE,AL,,2022,{43D7218F-04FD-4602-88A2-DE1C65A63C30},,,,
,,411,5910097-BUS,"ALABAMA CVS PHARMACY, LLC",C V S PHARMACY #4947,202200002832,26811,2022,2022/01/01,2022/12/31,2022/01/26,2022/01/20,2022/01/24,"ALABAMA CVS PHARMACY, LLC",,ONE CVS DR,MC1160,WOONSOCKET,RI,2895,4790 MOBILE HWY,4790,MOBILE HWY,,36108,787,0,,NO WINE SALES,,,Renew,YES,MONTGOMERY,AL,,2022,{F915ABAB-FECF-4734-ABFE-5376257559D4},,,,
536088.503670413,702255.750084408,412,9351954,ALABAMA RV AND STORAGE LLC,ALABAMA RV AND STORAGE LLC,202200008698,39502,2022,2022/01/01,2022/12/31,2022/02/28,2022/02/26,2022/02/26,ALABAMA RV AND STORAGE LLC,,PO BOX 210367,,MONTGOMERY,AL,361210367,3041 WETUMPKA HWY,3041,WETUMPKA HWY,,361102714,746,811118,"REPAIRS AND MAINTENANCEAUTO, PAINT/BODY, OTHER VEHICULAR",REPAIRS AND MAINTENANCE,,,New,YES,MONTGOMERY,AL,2,2022,{554EB85C-D6EF-49BE-A860-0B651F1DF247},,,,
,,413,5910097-BUS,"ALABAMA CVS PHARMACY, LLC",C V S PHARMACY #4947,202300004115,26811,2023,2023/01/01,2023/12/31,2023/02/01,2023/02/01,2023/02/03,"ALABAMA CVS PHARMACY, LLC",,ONE CVS DR,MC1160,WOONSOCKET,RI,2895,4790 MOBILE HWY,4790,MOBILE HWY,,36108,592,445310,"BEER, OFF-PREMISE",BEER OFF PREMISE,,,Renew,YES,MONTGOMERY,AL,,2023,{8794AC4C-E949-4219-BB4D-1206A32BA1ED},,,,
536088.503670413,702255.750084408,414,9351954,ALABAMA RV AND STORAGE LLC,ALABAMA RV AND STORAGE LLC,202400005608,39502,2024,2024/01/01,2024/12/31,2024/02/12,2024/01/25,2024/02/13,ALABAMA RV AND STORAGE LLC,,PO BOX 210367,,MONTGOMERY,AL,361210367,3041 WETUMPKA HWY,3041,WETUMPKA HWY,,361102714,746,811118,"REPAIRS AND MAINTENANCEAUTO, PAINT/BODY, OTHER VEHICULAR",REPAIRS AND MAINTENANCE,,,New,YES,MONTGOMERY,AL,2,2024,{EFC8FD40-5DF5-4448-B899-450752C69BDA},,,,
,,415,5910097-BUS,"ALABAMA CVS PHARMACY, LLC",C V S PHARMACY #4947,202400001939,26811,2024,2024/01/01,2024/12/31,2024/01/26,2024/01/25,2024/01/25,"ALABAMA CVS PHARMACY, LLC",,ONE CVS DR,MC1160,WOONSOCKET,RI,2895,4790 MOBILE HWY,4790,MOBILE HWY,,36108,787,0,,NO WINE SALES,,,Renew,YES,MONTGOMERY,AL,,2024,{07DA666E-2445-4C05-BCAC-87A28C076944},,,,
,,416,5910097-BUS,"ALABAMA CVS PHARMACY, LLC",C V S PHARMACY #4947,202400001939,26811,2024,2024/01/01,2024/12/31,2024/01/26,2024/01/25,2024/01/25,"ALABAMA CVS PHARMACY, LLC",,ONE CVS DR,MC1160,WOONSOCKET,RI,2895,4790 MOBILE HWY,4790,MOBILE HWY,,36108,596,446199,"HEALTH CARE STORESDRUG, PHARMACY, COSMETIC, OPTICAL, HEALTH FOOD",DRUG STORE RETAIL,,,Renew,YES,MONTGOMERY,AL,,2024,{9ADE12EE-ABFE-4DB8-B863-F8E93E1935BF},,,,
,,417,9353928-BUS,ALABAMA DENTAL PROFESSIONALS PC,MONTGOMERY FAMILY DENTAL CARE,202200009274,15915,2022,2022/01/01,2022/12/31,2022/02/03,2022/02/03,2022/02/01,ALABAMA DENTAL PROFESSIONALS PC,251,LITTLE FALLS DR,,WILMINGTON,DE,198081674,2560 BELL RD,2560,BELL RD,,36117,709,621498,"OUTPATIENT CARE CENTERSCLINICS, ALL OTHER TYPES OF MEDICAL SERVICES",DENTAL CLINIC,,,Renew,YES,MONTGOMERY,AL,,2022,{A7C0472D-17CA-43C6-B766-AC1E6ED883E3},,,,
,,418,043947-BUS,ALABAMA DECKS AND EXTERIORS LLC,ALABAMA DECKS AND EXTERIORS LLC,202300015018,47242,2023,2023/01/01,2023/12/31,2023/09/22,2023/09/01,2023/09/26,ALABAMA DECKS AND EXTERIORS LLC,405,GROVE HILL CIR,,ALABASTER,AL,350077734,405 GROVE HILL CIR,405,GROVE HILL CIR,,350077734,787,0,,"STEPHEN WILSON LIC #25927, EXP 12/31/2023",,,New,NO,ALABASTER,AL,,2023,{E227BD81-5871-4BB2-AAE9-EB3F793E0911},,,,
537374.249458496,693947.806070402,419,1527800-BUS,ALABAMA DESIGN AND CONSTRUCTIO,ALABAMA DESIGN AND CONSTRUCTION INC,202300008538,20405,2023,2023/01/01,2023/12/31,2023/02/17,2023/02/15,2023/02/28,ALABAMA DESIGN AND CONSTRUCTIO,1049,LAGOON BUSINESS LOOP,,MONTGOMERY,AL,36117,1049 LAGOON BUSINESS LOOP,1049,LAGOON BUSINESS LOOP,,36117,787,0,,AL GEN CONTRACTOR LIC # 21745 EXP DATE 03/31/2023,,,Renew,YES,MONTGOMERY,AL,2,2023,{A550B4E3-400B-434C-832C-3579E4809224},,,,
491581.612697497,679122.945300236,420,9359635-BUS,ALABAMA DIESEL REPAIR,ALABAMA DIESEL REPAIR,202100008108,9910,2021,2021/01/01,2021/12/31,2021/01/25,2021/01/25,2021/01/25,ALABAMA DIESEL REPAIR,2908,BIRMINGHAM HWY,,MONTGOMERY,AL,36108,2908 BIRMINGHAM HWY,2908,BIRMINGHAM HWY,,36108,607,453998,ALL OTHER MISCELLANEOUS RETAILERS,RETAIL SALES,,,Renew,YES,MONTGOMERY,AL,4,2021,{6F89E7AA-FDDA-4486-9C66-C81F74B890F2},,,,
537374.249458496,693947.806070402,421,1527800-BUS,ALABAMA DESIGN AND CONSTRUCTIO,ALABAMA DESIGN AND CONSTRUCTION INC,202400000844,20405,2024,2024/01/01,2024/12/31,2024/01/12,2024/01/10,2024/01/10,ALABAMA DESIGN AND CONSTRUCTIO,1049,LAGOON BUSINESS LOOP,,MONTGOMERY,AL,36117,1049 LAGOON BUSINESS LOOP,1049,LAGOON BUSINESS LOOP,,36117,533,236320,"CONTRACTORSGENERAL CONTRACTORS, COMM. BLDG, RESIDENTIAL, SUBDIVISIONS, LANDSCAPING CONTRACTORS ",HBL 8466 R CAMPBELL12312024,,,Renew,YES,MONTGOMERY,AL,2,2024,{401CAF9B-0F7A-43B8-BE62-0FC28159BC54},,,,
491490.250347413,679055.380802825,423,9340867-BUS,ALABAMA DIESEL SERVICE,ALABAMA DIESEL SERVICE,202100008737,27925,2021,2021/01/01,2021/12/31,2021/02/27,2021/01/31,2021/02/26,ALABAMA DIESEL SERVICE,2912,BIRMINGHAM HWY,,MONTGOMERY,AL,36108,2912 BIRMINGHAM HWY,2912,BIRMINGHAM HWY,,36108,583,441115,"MOTOR VEHICLES, USED CAR DEALERS, PARTS, ACCESSORIES, SERVICE",AUTO DEALER USED,,,Renew,YES,MONTGOMERY,AL,4,2021,{0CE70205-2A79-4D46-AEB9-6D6F40D2F4DD},,,,
491490.250347413,679055.380802825,424,9340867-BUS,ALABAMA DIESEL SERVICE,ALABAMA DIESEL SERVICE,202400008662,27925,2024,2024/01/01,2024/12/31,2024/02/26,2024/02/01,2024/02/26,ALABAMA DIESEL SERVICE,2912,BIRMINGHAM HWY,,MONTGOMERY,AL,36108,2912 BIRMINGHAM HWY,2912,BIRMINGHAM HWY,,36108,583,441115,"MOTOR VEHICLES, USED CAR DEALERS, PARTS, ACCESSORIES, SERVICE",AUTO DEALER USED,,,Renew,YES,MONTGOMERY,AL,4,2024,{6E1CF157-BBDB-4758-A249-479FACCDBFAC},,,,
,,425,7397343-BUS,ALABAMA DIVERSIFIED HEALTH SER,ALABAMA DIVERSIFIED HEALTH SERVICE,202300006511,21208,2023,2023/01/01,2023/12/31,2023/02/09,2023/02/03,2023/02/03,ALABAMA DIVERSIFIED HEALTH SER,500,EASTERN BLVD NORTH,,MONTGOMERY,AL,36117,500 EASTERN BLVD NORTH,500,EASTERN BLVD NORTH,,36117,695,561990,ALL OTHER SUPPORT SERVICES,GROUP PROGRAM AGENT (COMM. ONLY),,,Renew,YES,MONTGOMERY,AL,,2023,{2A2A7743-E06E-4BB5-8CF5-CFE9B9CB1B7D},,,,
,,426,7397343-BUS,ALABAMA DIVERSIFIED HEALTH SER,ALABAMA DIVERSIFIED HEALTH SERVICE,202100005697,21208,2021,2021/01/01,2021/12/31,2021/02/14,2021/01/27,2021/02/14,ALABAMA DIVERSIFIED HEALTH SER,500,EASTERN BLVD NORTH,,MONTGOMERY,AL,36117,500 EASTERN BLVD NORTH,500,EASTERN BLVD NORTH,,36117,695,561990,ALL OTHER SUPPORT SERVICES,GROUP PROGRAM AGENT (COMM. ONLY),,,Renew,YES,MONTGOMERY,AL,,2021,{6C85ED1D-F02E-4308-AAFA-D09440475088},,,,
,,427,7397343-BUS,ALABAMA DIVERSIFIED HEALTH SER,ALABAMA DIVERSIFIED HEALTH SERVICE,202400007714,21208,2024,2024/01/01,2024/12/31,2024/02/21,2024/02/01,2024/02/14,ALABAMA DIVERSIFIED HEALTH SER,500,EASTERN BLVD NORTH,,MONTGOMERY,AL,36117,500 EASTERN BLVD NORTH,500,EASTERN BLVD NORTH,,36117,695,561990,ALL OTHER SUPPORT SERVICES,GROUP PROGRAM AGENT (COMM. ONLY),,,Renew,YES,MONTGOMERY,AL,,2024,{E914FF99-1FFD-41F0-9D32-7B0D8F4BFDB7},,,,
536991.444777913,685917.45533324,428,9349591-BUS,ALABAMA ELDERLY HOUSING INC,CAMELLIA GARDENS,202200003676,15523,2022,2022/01/01,2022/12/31,2022/02/01,2022/02/01,2022/02/01,ALABAMA ELDERLY HOUSING INC,265,EVELYN DR,,MONTGOMERY,AL,36109,265 EVELYN DR,265,EVELYN DR,,36109,661,531100,RENTAL AND LEASINGREAL PROPERTY RENTAL,,,,Renew,YES,MONTGOMERY,AL,1,2022,{1B8EB145-8D64-4C1A-99E9-BF96525054EC},,,,
536991.444777913,685917.45533324,429,9349591-BUS,ALABAMA ELDERLY HOUSING INC,CAMELLIA GARDENS,202400009359,15523,2024,2024/01/01,2024/12/31,2024/02/29,2024/02/14,2024/03/01,ALABAMA ELDERLY HOUSING INC,265,EVELYN DR,,MONTGOMERY,AL,36109,265 EVELYN DR,265,EVELYN DR,,36109,661,531100,RENTAL AND LEASINGREAL PROPERTY RENTAL,SENIOR LIVING COMPLEX,,,Renew,YES,MONTGOMERY,AL,1,2024,{D345EADA-5D73-45DD-B45F-70E21F77DE35},,,,
,,430,9360171-BUS,ALABAMA DUCT AND FABRICATION INC,ALABAMA DUCT AND FABRICATION INC,202400011387,36870,2022,2022/01/01,2022/12/31,2023/03/14,2023/03/07,2023/03/14,ALABAMA DUCT AND FABRICATION INC,557,A GEORGE TODD DR,,MONTGOMERY,AL,361172233,557 A GEORGE TODD DR,557,A GEORGE TODD DR,,361172233,541,238990,CONTRACTORSALL OTHERS,CONTRACTORSALL OTHERS,,,New,YES,MONTGOMERY,AL,,2023,{1FFCB63A-36F2-4C3D-A07B-FFF86515BC29},,,,
,,431,9359909-BUS,ALABAMA ELECTRIC CO INC,ALABAMA ELECTRIC CO INC,202100001559,35605,2021,2021/01/01,2021/12/31,2021/01/24,2021/01/24,2021/01/24,ALABAMA ELECTRIC CO INC,,PO BOX 8277,,DOTHAN,AL,363040277,PO BOX 8277,PO BOX 8277,PO BOX 8277,,363040277,787,0,,DAVID SLOOP AL ME# 00098 34770,,,Renew,NO,DOTHAN,AL,,2021,{31BE0408-9182-40AE-AE8F-EC0A6038E3EA},,,HNAM,2025/04/04 19:19:32+00
,,432,9359909-BUS,ALABAMA ELECTRIC CO INC,ALABAMA ELECTRIC CO INC,202200014338,35605,2022,2022/01/01,2022/12/31,2022/09/12,2022/04/28,2022/09/08,ALABAMA ELECTRIC CO INC,,PO BOX 8277,,DOTHAN,AL,363040277,PO BOX 8277,PO BOX 8277,PO BOX 8277,,363040277,787,0,,DAVID M SLOOP AL EC# 00098 ,,,Renew,NO,DOTHAN,AL,,2022,{D5D0C68E-9D00-4EC6-B3CE-58503398174C},,,HNAM,2025/04/04 19:19:32+00
,,433,5991732-BUS,ALABAMA SCALE SYSTEMS,ALABAMA SCALE SYSTEMS,202100006017,899,2021,2021/01/01,2021/12/31,2021/02/16,2021/01/21,2021/02/15,ALABAMA SCALE SYSTEMS,3418,CAZASSA RD,,MEMPHIS,TN,38116,2401 PAWNEE VILLAGE RD,2401,PAWNEE VILLAGE RD,,352171399,695,561990,ALL OTHER SUPPORT SERVICES,REPAIR SERVICE,,,Renew,NO,BIRMINGHAM,AL,,2021,{D68357B7-C5AC-40D1-9065-C49D4355BEF3},,,,
,,434,8040116-BUS,ALABAMA FAMILY CHIROPRACTIC CL,RUSSELL CURTIS LEROY DC,202300000578,14974,2022,2022/01/01,2022/12/31,2022/11/30,2022/11/22,2022/11/22,ALABAMA FAMILY CHIROPRACTIC CL,,P O BOX 6438,,MONTGOMERY,AL,361066438,1714 THIRD ST WEST,1714,THIRD ST WEST,,36106,705,621310,CHIROPRACTORINDIVIDUAL PROFESSIONAL LICENSE,,,,Renew,YES,MONTGOMERY,AL,,2022,{8D35CD4E-481A-411D-854F-FB39BB095FC5},,,,
,,435,5991732-BUS,ALABAMA SCALE SYSTEMS,ALABAMA SCALE SYSTEMS,202400008561,899,2024,2024/01/01,2024/12/31,2024/02/25,2024/01/31,2024/02/28,ALABAMA SCALE SYSTEMS,3418,CAZASSA RD,,MEMPHIS,TN,38116,2401 PAWNEE VILLAGE RD,2401,PAWNEE VILLAGE RD,,352171399,695,561990,ALL OTHER SUPPORT SERVICES,REPAIR SERVICE,,,Renew,NO,BIRMINGHAM,AL,,2024,{A2137F0C-D683-418C-BC8F-6851FF49AFC1},,,,
,,436,5991732-BUS,ALABAMA SCALE SYSTEMS,ALABAMA SCALE SYSTEMS,202200008242,899,2022,2022/01/01,2022/12/31,2022/02/25,2022/01/31,2022/02/02,ALABAMA SCALE SYSTEMS,3418,CAZASSA RD,,MEMPHIS,TN,38116,2401 PAWNEE VILLAGE RD,2401,PAWNEE VILLAGE RD,,352171399,607,453998,ALL OTHER MISCELLANEOUS RETAILERS,RETAIL - SCALES,,,Renew,NO,BIRMINGHAM,AL,,2022,{81B322BD-C991-4F97-8179-3B625DB6C2BC},,,,
,,437,045769-BUS,ALABAMA SECURE TRANSPORT LLC,ALABAMA SECURE TRANSPORT LLC,202400012131,49066,2024,2024/01/01,2024/12/31,2024/06/03,2024/06/01,2024/06/10,ALABAMA SECURE TRANSPORT LLC,,PO BOX 242927,,MONTGOMERY,AL,361242927,4204 SELMA HWY,4204,SELMA HWY,SUITE 103,361084837,787,0,,NO-FULLFILLMENT OF CANNABIS ORDER PERMITTED,,,New,YES,MONTGOMERY,AL,,2024,{7A599B9E-CB42-4463-AE2F-A1E5477D908F},,,,
,,438,045769-BUS,ALABAMA SECURE TRANSPORT LLC,ALABAMA SECURE TRANSPORT LLC,202400012131,49066,2024,2024/01/01,2024/12/31,2024/06/03,2024/06/01,2024/06/10,ALABAMA SECURE TRANSPORT LLC,,PO BOX 242927,,MONTGOMERY,AL,361242927,4204 SELMA HWY,4204,SELMA HWY,SUITE 103,361084837,787,0,,TRANSPORTING/STORAGE OF CANNABIS NOT PERMITTED,,,New,YES,MONTGOMERY,AL,,2024,{6D52ACB0-C6F5-4F06-9FB1-ED6E1DA0B739},,,,
,,439,5991732-BUS,ALABAMA SCALE SYSTEMS,ALABAMA SCALE SYSTEMS,202400008561,899,2024,2024/01/01,2024/12/31,2024/02/25,2024/01/31,2024/02/28,ALABAMA SCALE SYSTEMS,3418,CAZASSA RD,,MEMPHIS,TN,38116,2401 PAWNEE VILLAGE RD,2401,PAWNEE VILLAGE RD,,352171399,607,453998,ALL OTHER MISCELLANEOUS RETAILERS,RETAIL - SCALES,,,Renew,NO,BIRMINGHAM,AL,,2024,{5EAF4B82-33F6-4E8D-B16A-B9C082E752BC},,,,
,,440,045769-BUS,ALABAMA SECURE TRANSPORT LLC,ALABAMA SECURE TRANSPORT LLC,202400012131,49066,2024,2024/01/01,2024/12/31,2024/06/03,2024/06/01,2024/06/10,ALABAMA SECURE TRANSPORT LLC,,PO BOX 242927,,MONTGOMERY,AL,361242927,4204 SELMA HWY,4204,SELMA HWY,SUITE 103,361084837,682,551100,"MANAGEMENT COMPANIESOFFICES, ENTERPRISES, REGIONAL. CORPORATE",BUSINESS OFFICE ONLY,,,New,YES,MONTGOMERY,AL,,2024,{A09A5F8F-BA3A-4063-BE82-E2E699E03240},,,,
,,441,040600-BUS,ALABAMA SECURITY INVESTIGATORS,ALABAMA SECURITY INVESTIGATORS,202200013542,43894,2022,2022/01/01,2022/12/31,2022/07/13,2022/05/20,2022/07/29,ALABAMA SECURITY INVESTIGATORS,1550,MOORE ROAD ,,MONTGOMERY,AL,36069,1550 MOORE ROAD ,1550,MOORE ROAD ,,36069,687,561610,SECURITY GUARD,UNARMED SECURITY GUARD,,,New,YES,MONTGOMERY,AL,,2022,{F246F6DC-0EB7-461F-8BFE-CBA84CA8E57B},,,,
,,442,9361123-BUS,ALABAMA SEPTIC SERVICES LLC,ALABAMA SEPTIC SERVICES LLC,202100008783,24944,2021,2021/01/01,2021/12/31,2021/02/27,2021/02/01,2021/02/26,ALABAMA SEPTIC SERVICES LLC,6576,PUMPKIN RD,,MONTGOMERY,AL,36108,6576 PUMPKIN RD,6576,PUMPKIN RD,,36108,541,238990,CONTRACTORSALL OTHERS,CONTRACTOR-SEPTIC/SEWER SERVICES,,,Renew,YES,MONTGOMERY,AL,,2021,{41C3C5DC-3A28-4F8A-8855-EC9A666A91AB},,,,
,,443,9361123-BUS,ALABAMA SEPTIC SERVICES LLC,ALABAMA SEPTIC SERVICES LLC,202200007109,24944,2022,2022/01/01,2022/12/31,2022/02/11,2022/02/07,2022/02/09,ALABAMA SEPTIC SERVICES LLC,6576,PUMPKIN RD,,MONTGOMERY,AL,36108,6576 PUMPKIN RD,6576,PUMPKIN RD,,36108,787,0,,JIMMY G. LIGHTSEY- AL WASTEWTR BD ADVANCE 2 INSTALLER # 2778/3322,,,Renew,YES,MONTGOMERY,AL,,2022,{182F882B-EC46-41A3-A43F-3EA5B3A88818},,,,
,,444,9361123-BUS,ALABAMA SEPTIC SERVICES LLC,ALABAMA SEPTIC SERVICES LLC,202300004451,24944,2023,2023/01/01,2023/12/31,2023/02/02,2023/02/01,2023/02/07,ALABAMA SEPTIC SERVICES LLC,6576,PUMPKIN RD,,MONTGOMERY,AL,36108,6576 PUMPKIN RD,6576,PUMPKIN RD,,36108,787,0,,JIMMY G. LIGHTSEY- AL WASTEWTR BD ADVANCE 2 INSTALLER # 2778/3322,,,Renew,YES,MONTGOMERY,AL,,2023,{43C00668-814A-4917-976B-32DF295E7145},,,,
,,445,9361123-BUS,ALABAMA SEPTIC SERVICES LLC,ALABAMA SEPTIC SERVICES LLC,202300004451,24944,2023,2023/01/01,2023/12/31,2023/02/02,2023/02/01,2023/02/07,ALABAMA SEPTIC SERVICES LLC,6576,PUMPKIN RD,,MONTGOMERY,AL,36108,6576 PUMPKIN RD,6576,PUMPKIN RD,,36108,787,0,,JIMMY G. LIGHTSEY- AL WASTEWTR BD PUMPER # 2854/3322,,,Renew,YES,MONTGOMERY,AL,,2023,{60893A56-483E-4518-90DA-41094A6E8221},,,,
538942.017976496,673126.204669073,446,5990400-BUS,ALABAMA SHAKESPEARE FESTIVAL,ALABAMA SHAKESPEARE FESTIVAL,202200001301,20,2022,2022/01/01,2022/12/31,2022/01/12,2022/01/07,2022/01/07,ALABAMA SHAKESPEARE FESTIVAL,1,FESTIVAL DR,,MONTGOMERY,AL,36117,1 FESTIVAL DR,1,FESTIVAL DR,,36117,740,722400,"RESTAURANT, LIQUOR",,,,Renew,YES,MONTGOMERY,AL,9,2022,{B0D49527-24D3-40F0-9164-C837EAB2C735},,,,
538942.017976496,673126.204669073,447,5990400-BUS,ALABAMA SHAKESPEARE FESTIVAL,ALABAMA SHAKESPEARE FESTIVAL,202200001301,20,2022,2022/01/01,2022/12/31,2022/01/12,2022/01/07,2022/01/07,ALABAMA SHAKESPEARE FESTIVAL,1,FESTIVAL DR,,MONTGOMERY,AL,36117,1 FESTIVAL DR,1,FESTIVAL DR,,36117,607,453998,ALL OTHER MISCELLANEOUS RETAILERS,GIFT SHOP,,,Renew,YES,MONTGOMERY,AL,9,2022,{DEDBACC5-B835-43A8-A6A4-14394BAE795D},,,,
538942.017976496,673126.204669073,448,5990400-BUS,ALABAMA SHAKESPEARE FESTIVAL,ALABAMA SHAKESPEARE FESTIVAL,202300008153,20,2023,2023/01/01,2023/12/31,2023/02/15,2023/01/31,2023/02/15,ALABAMA SHAKESPEARE FESTIVAL,1,FESTIVAL DR,,MONTGOMERY,AL,36117,1 FESTIVAL DR,1,FESTIVAL DR,,36117,607,453998,ALL OTHER MISCELLANEOUS RETAILERS,GIFT SHOP,,,Renew,YES,MONTGOMERY,AL,9,2023,{78589C80-C696-451C-8CEC-D36542C07C9A},,,,
,,449,9367279-BUS,ALABAMA STATE EMPLOYEES ASSOCIATION,ALABAMA STATE EMPLOYEES ASSOCIATION,202300005089,38744,2023,2023/01/01,2023/12/31,2023/02/06,2023/01/19,2023/01/19,ALABAMA STATE EMPLOYEES ASSOCIATION,110,N JACKSON ST,,MONTGOMERY,AL,36104,110 JACKSON ST NORTH,110,JACKSON ST NORTH,,36104,695,561990,ALL OTHER SUPPORT SERVICES,,,,Renew,YES,MONTGOMERY,AL,,2023,{6C2A030A-1D3F-42E8-B359-E1267B7D805E},,,,
,,450,5090003-BUS,ALABAMA STEEL SUPPLY INC,ALABAMA STEEL SUPPLY INC,202200009275,24,2022,2022/01/01,2022/12/31,2022/03/03,2022/03/03,2022/03/14,ALABAMA STEEL SUPPLY INC,,P O BOX 11251,,MONTGOMERY,AL,36111,2 WESTERN BLVD,2,WESTERN BLVD,,36108,589,444130,"BUILDING MATERIALSHARDWARE, PAINT, HOME CENTER, WALLPAPER, NURSERY",BUILDING MATERIALS,,,Renew,YES,MONTGOMERY,AL,,2022,{BB3BEB8C-A330-4936-92AE-5E442FBB146F},,,,
,,451,5090003-BUS,ALABAMA STEEL SUPPLY INC,ALABAMA STEEL SUPPLY INC,202200009275,24,2022,2022/01/01,2022/12/31,2022/03/03,2022/03/03,2022/03/14,ALABAMA STEEL SUPPLY INC,,P O BOX 11251,,MONTGOMERY,AL,36111,2 WESTERN BLVD,2,WESTERN BLVD,,36108,555,332999,"METAL FABRICATIONCUTLERY, STRUCTURAL, MACHINE SHOPS",METAL FABRICATION STRUCTURAL,,,Renew,YES,MONTGOMERY,AL,,2022,{DCBE76F0-CF37-477F-BA8C-01EB4ADE076B},,,,
,,452,5090003-BUS,ALABAMA STEEL SUPPLY INC,ALABAMA STEEL SUPPLY INC,202200009275,24,2022,2022/01/01,2022/12/31,2022/03/03,2022/03/03,2022/03/14,ALABAMA STEEL SUPPLY INC,,P O BOX 11251,,MONTGOMERY,AL,36111,2 WESTERN BLVD,2,WESTERN BLVD,,36108,565,421310,"CONSTRUCTION MATERIALS WHOLESALELUMBER, ROOFING, BRICKS ETC.",CONSTRUCTION MATERIALS WHOLESALE,,,Renew,YES,MONTGOMERY,AL,,2022,{1765F6CE-F0B5-437D-BDC7-85775CD7492F},,,,
,,453,5090003-BUS,ALABAMA STEEL SUPPLY INC,ALABAMA STEEL SUPPLY INC,202400010634,24,2024,2024/01/01,2024/12/31,2024/03/27,2024/03/26,2024/03/29,ALABAMA STEEL SUPPLY INC,,P O BOX 11251,,MONTGOMERY,AL,36111,2 WESTERN BLVD,2,WESTERN BLVD,,36108,589,444130,"BUILDING MATERIALSHARDWARE, PAINT, HOME CENTER, WALLPAPER, NURSERY",BUILDING MATERIALS,,,Renew,YES,MONTGOMERY,AL,,2024,{26D3BEED-358A-4FDE-BE03-4E2D6A79825C},,,,
,,454,5090003-BUS,ALABAMA STEEL SUPPLY INC,ALABAMA STEEL SUPPLY INC,202400010634,24,2024,2024/01/01,2024/12/31,2024/03/27,2024/03/26,2024/03/29,ALABAMA STEEL SUPPLY INC,,P O BOX 11251,,MONTGOMERY,AL,36111,2 WESTERN BLVD,2,WESTERN BLVD,,36108,565,421310,"CONSTRUCTION MATERIALS WHOLESALELUMBER, ROOFING, BRICKS ETC.",CONSTRUCTION MATERIALS WHOLESALE,,,Renew,YES,MONTGOMERY,AL,,2024,{E6B9AF10-B28B-4B69-B500-12A96E58CC41},,,,
552249.449038744,683616.937952653,455,5994131-BUS,ALABAMA FAMILY PRACTICE,ALABAMA FAMILY PRACTICE,202100001159,4164,2021,2021/01/01,2021/12/31,2021/01/21,2021/01/21,2021/01/21,ALABAMA FAMILY PRACTICE,370,ST LUKES DR,,MONTGOMERY,AL,36117,370 ST LUKES DR,370,ST LUKES DR,,36117,607,453998,ALL OTHER MISCELLANEOUS RETAILERS,RETAIL SALES,,,Renew,YES,MONTGOMERY,AL,9,2021,{66E6C8FC-E4CC-4DDD-A8B9-8C4CA1B34413},,,,
552249.449038744,683616.937952653,456,043605-BUS,ALABAMA FAMILY PRACTICE P.C.,LINDSEY H THOMAS,202400001560,46900,2024,2024/01/01,2024/12/31,2024/01/23,2024/01/22,2024/01/26,ALABAMA FAMILY PRACTICE P.C.,370,SAINT LUKES DR,,MONTGOMERY,AL,361177108,370 SAINT LUKES DR,370,SAINT LUKES DR,,361177108,703,621100,PHYSICIANINDIVIDUAL PROFESSIONAL LICENSE,PHYSICIAN,,,New,YES,MONTGOMERY,AL,9,2024,{2C3FA6E8-7B11-4B56-AA93-F3EEA52ED8BD},,,,
552249.449038744,683616.937952653,457,8030701-BUS,ALABAMA FAMILY PRACTICE PC,LINDSEY KATHY,202100001157,14806,2021,2021/01/01,2021/12/31,2021/01/21,2021/01/21,2021/01/21,ALABAMA FAMILY PRACTICE PC,370,ST LUKES DR,,MONTGOMERY,AL,36117,370 ST LUKES DR,370,ST LUKES DR,,36117,703,621100,PHYSICIANINDIVIDUAL PROFESSIONAL LICENSE,PHYSICIAN,,,Renew,YES,MONTGOMERY,AL,9,2021,{AEB08FF1-F118-4CF6-ADB9-9A9A9E320419},,,,
552249.449038744,683616.937952653,458,8030701-BUS,ALABAMA FAMILY PRACTICE PC,LINDSEY KATHY,202300005188,14806,2023,2023/01/01,2023/12/31,2023/02/06,2023/02/01,2023/02/06,ALABAMA FAMILY PRACTICE PC,370,ST LUKES DR,,MONTGOMERY,AL,36117,370 ST LUKES DR,370,ST LUKES DR,,36117,703,621100,PHYSICIANINDIVIDUAL PROFESSIONAL LICENSE,PHYSICIAN,,,Renew,YES,MONTGOMERY,AL,9,2023,{45D1FA18-9F94-4C66-B46C-7540C9D05CDC},,,,
552249.449038744,683616.937952653,459,8030700-BUS,ALABAMA FAMILY PRACTICE PC,LINDSEY MARK,202300005175,14805,2023,2023/01/01,2023/12/31,2023/02/06,2023/02/06,2023/02/06,ALABAMA FAMILY PRACTICE PC,370,ST LUKES DR,,MONTGOMERY,AL,36117,370 ST LUKES DR,370,ST LUKES DR,,36117,703,621100,PHYSICIANINDIVIDUAL PROFESSIONAL LICENSE,PHYSICIAN,,,Renew,YES,MONTGOMERY,AL,9,2023,{CFEBD044-BBB8-4E7F-BD13-0BFC229D7BE8},,,,
552296.408262413,683433.426180571,460,039370-BUS,ALABAMA FERTILITY,BOUKNIGHT JANET MD,202400008663,42664,2024,2024/01/01,2024/12/31,2024/02/26,2024/01/25,2024/02/26,ALABAMA FERTILITY,3490,INDEPENDENCE DR,,HOMEWOOD,AL,35209,356 ST LUKES DR,356,ST LUKES DR,,36117,703,621100,PHYSICIANINDIVIDUAL PROFESSIONAL LICENSE,PHYSICIAN ,,,New,YES,MONTGOMERY,AL,9,2024,{6CB5BB4F-C5BE-4275-BEE3-483FD99CB58E},,,,
552296.408262413,683433.426180571,461,039368-BUS,ALABAMA FERTILITY,ALLEMAND MICHAEL MD,202300007002,42662,2023,2023/01/01,2023/12/31,2023/02/11,2023/01/31,2023/02/07,ALABAMA FERTILITY,3490,INDEPENDENCE DR,,HOMEWOOD ,AL,35209,356 ST LUKES DR,356,ST LUKES DR,,36117,703,621100,PHYSICIANINDIVIDUAL PROFESSIONAL LICENSE,PHYSICIAN ,,,New,YES,MONTGOMERY,AL,9,2023,{F46E7084-DC0B-4460-9098-10669B72AB2C},,,,
552296.408262413,683433.426180571,462,042238-BUS,ALABAMA FERTILITY,CRISWELL BRANDI NP,202300011203,45532,2023,2023/01/01,2023/12/31,2023/02/17,2023/01/31,2023/02/27,ALABAMA FERTILITY,3490,INDEPENDENCE DR,,HOMEWOOD,AL,352095604,356 SAINT LUKES DR,356,SAINT LUKES DR,,361177108,707,621399,ALL OTHER MISCELLANEOUS HEALTH PRACTITIONERS,NURSE PRACTITIONER,,,New,YES,MONTGOMERY,AL,9,2023,{FB23DC4D-81D1-4A82-8B9C-7CB4261639EB},,,,
552296.408262413,683433.426180571,463,039371-BUS,ALABAMA FERTILITY,MALIZIA BETH MD,202300007004,42665,2023,2023/01/01,2023/12/31,2023/02/11,2023/01/31,2023/02/07,ALABAMA FERTILITY,3490,INDEPENDENCE DR,,HOMEWOOD ,AL,35209,356 ST LUKES DR,356,ST LUKES DR,,36117,703,621100,PHYSICIANINDIVIDUAL PROFESSIONAL LICENSE,PHYSICIAN ,,,New,YES,MONTGOMERY,AL,9,2023,{718FAFDF-2392-4BE2-8203-13F357CC3A2E},,,,
,,464,9362438-BUS,ALABAMA FIRE CONTROL SYSTEMS,ALABAMA FIRE CONTROL SYSTEMS,202100005897,18695,2021,2021/01/01,2021/12/31,2021/02/15,2021/02/14,2021/02/18,ALABAMA FIRE CONTROL SYSTEMS,,PO BOX 1809,,ALABASTER,AL,35009,PO BOX 1809,PO BOX 1809,PO BOX 1809,,35009,787,0,,STATE FIRE ALARM PERMIT #A-0637,,,Renew,NO,ALABASTER,AL,,2021,{2516FDF8-1128-4DA4-B273-DC0089773138},,,HNAM,2025/04/04 19:19:32+00
,,465,9367932-BUS,ALABAMA FIRE SPRINKLER CONTRACTORS LLC,ALABAMA FIRE SPRINKLER CONTRACTORS LLC,202200000119,32719,2022,2022/01/01,2022/12/31,2021/12/27,2021/12/06,2021/12/06,ALABAMA FIRE SPRINKLER CONTRACTORS LLC,,PO BOX 1809,,ALABASTER,AL,350072069,PO BOX 1809,PO BOX 1809,PO BOX 1809,,350072069,541,238990,CONTRACTORSALL OTHERS,CONTRACTORSALL OTHERS,,,Renew,NO,ALABASTER,AL,,2021,{EF04992C-DF19-4B28-B9AB-A6E18C7FFBFC},,,HNAM,2025/04/04 19:19:32+00
552296.408262413,683433.426180571,466,039371-BUS,ALABAMA FERTILITY,MALIZIA BETH MD,202400008654,42665,2024,2024/01/01,2024/12/31,2024/02/26,2024/01/25,2024/02/26,ALABAMA FERTILITY,3490,INDEPENDENCE DR,,HOMEWOOD ,AL,35209,356 ST LUKES DR,356,ST LUKES DR,,36117,703,621100,PHYSICIANINDIVIDUAL PROFESSIONAL LICENSE,PHYSICIAN ,,,New,YES,MONTGOMERY,AL,9,2024,{7699FC90-2BE1-416B-8BC6-AEC04B95A8EC},,,,
509395.788027078,684436.365447655,469,7310371-BUS,ALABAMA GAZETTE PUBLISHING LLC,ALABAMA GAZETTE PUBLISHING LLC,202100007987,14382,2021,2021/01/01,2021/12/31,2021/02/23,2021/01/31,2021/01/31,ALABAMA GAZETTE PUBLISHING LLC,12,EAST JEFFERSON ST,,MONTGOMERY,AL,36104,12 JEFFERSON ST EAST,12,JEFFERSON ST EAST,,36104,676,541800,"ADVERTISINGALL ADVERTISING, PUBLIC RELATIONS",ADVERTISING,,,Renew,YES,MONTGOMERY,AL,3,2021,{1498E633-E7E5-4C39-A825-2293C6C3964F},,,,
,,470,038115-BUS,ALABAMA HIGH RISE CLEANING LLC,ALABAMA HIGH RISE CLEANING LLC,202200004043,41409,2022,2022/01/01,2022/12/31,2022/01/18,2022/01/04,2022/01/13,ALABAMA HIGH RISE CLEANING LLC,1316,SEVERAL WAY,,HOOVER,AL,35244,1316 SEVERAL WAY,1316,SEVERAL WAY,,35244,691,561720,JANITORIAL FIRMJANITORIAL CLEANING SERVICESINDIVIDUAL OR FIRM,,,,New,NO,HOOVER,AL,,2022,{94C45A7E-2271-4321-BEED-D068A7A073A5},,,,
527820.885035079,676074.731908493,471,9345940-BUS,ALABAMA HEATING AND AIR,ALABAMA HEATING AND AIR CONTRACTORS LLC,202400000776,28033,2024,2024/01/01,2024/12/31,2024/01/12,2024/01/10,2024/01/10,ALABAMA HEATING AND AIR,3627,LANCASTER LN,,MONTGOMERY,AL,361062611,3627 LANCASTER LN,3627,LANCASTER LN,,361062611,787,0,,ERICK F SANCHEZ CARBAJAL #2010086  12312024,,,Renew,YES,MONTGOMERY,AL,7,2024,{A128FC96-3506-4D12-937F-4E026F1F43AF},,,,
527820.885035079,676074.731908493,472,9345940-BUS,ALABAMA HEATING AND AIR,ALABAMA HEATING AND AIR CONTRACTORS LLC,202300000928,28033,2023,2023/01/01,2023/12/31,2023/01/04,2023/01/01,2023/01/06,ALABAMA HEATING AND AIR,3627,LANCASTER LN,,MONTGOMERY,AL,361062611,3627 LANCASTER LN,3627,LANCASTER LN,,361062611,536,238111,CONTRACTORSSPECIALTY TRADEHEATING AND AIR CONDITIONING,CONTRACTOR - HVAC,,,Renew,YES,MONTGOMERY,AL,7,2023,{22752438-DA0E-4225-84F5-B07950A9D657},,,,
527820.885035079,676074.731908493,473,9345940-BUS,ALABAMA HEATING AND AIR,ALABAMA HEATING AND AIR CONTRACTORS LLC,202300000928,28033,2023,2023/01/01,2023/12/31,2023/01/04,2023/01/01,2023/01/06,ALABAMA HEATING AND AIR,3627,LANCASTER LN,,MONTGOMERY,AL,361062611,3627 LANCASTER LN,3627,LANCASTER LN,,361062611,787,0,,ERICK F SANCHEZ CARBAJAL #10086 / 01563,,,Renew,YES,MONTGOMERY,AL,7,2023,{B3E98B33-84E1-40BF-A5EC-4A9A6D489CF8},,,,
,,474,038115-BUS,ALABAMA HIGH RISE CLEANING LLC,ALABAMA HIGH RISE CLEANING LLC,202300004189,41409,2023,2023/01/01,2023/12/31,2023/02/01,2023/01/20,2023/02/01,ALABAMA HIGH RISE CLEANING LLC,1316,SEVERAL WAY,,HOOVER,AL,35244,1316 SEVERAL WAY,1316,SEVERAL WAY,,35244,691,561720,JANITORIAL FIRMJANITORIAL CLEANING SERVICESINDIVIDUAL OR FIRM,,,,New,NO,HOOVER,AL,,2023,{FFB4C78B-9364-40B5-9CBB-34957C0AA5B5},,,,
511915.986070663,683362.996531405,476,9341496-BUS,ALABAMA HISTORICAL COMMISSION,GOAT HILL MUSEUM GIFT STORE,202200010913,4667,2022,2022/01/01,2022/12/31,2022/03/23,2022/02/14,2022/03/23,ALABAMA HISTORICAL COMMISSION,,P O BOX 300900,,MONTGOMERY,AL,36130,600 DEXTER AVE,600,DEXTER AVE,,36104,607,453998,ALL OTHER MISCELLANEOUS RETAILERS,GIFT SHOP,,,Renew,YES,MONTGOMERY,AL,3,2022,{5B3AC4D4-5B4F-4FD1-81F2-339007C04463},,,,
536844.387657329,690776.543384075,478,9354933-BUS,ALABAMA HOME AND BUILDING REPAIR,ALABAMA HOME AND BUILDING REPAIR,202100011567,28639,2021,2021/01/01,2021/12/31,2021/04/07,2021/04/01,2021/04/09,ALABAMA HOME AND BUILDING REPAIR,632,GLADE PARK DR,,MONTGOMERY,AL,36109,632 GLADE PARK DR,632,GLADE PARK DR,,36109,787,0,,HOME BUILDERS LIC#25554 TOSH GRAY,,,Renew,YES,MONTGOMERY,AL,2,2021,{0C8F3A90-EA88-44DA-A10B-EE75AB4ECC6C},,,,
,,479,9365609-BUS,ALABAMA HOME PROS LLC,ALABAMA HOME PROS LLC,202100011809,38371,2021,2021/01/01,2021/12/31,2021/04/15,2021/04/09,2021/04/16,ALABAMA HOME PROS LLC,2402,DEMONBRUEN DR,,MILLBROOK,AL,360544391,1962 COMMERCE ST,1962,COMMERCE ST,,360544200,787,0,,WALKER E DOLAN III MP-3625  EXP 12/31/21,,,Renew,NO,MILLBROOK,AL,,2021,{1EC90196-3DF9-4A92-B685-4D895BEF4A52},,,,
,,480,9365609-BUS,ALABAMA HOME PROS LLC,ALABAMA HOME PROS LLC,202100011809,38371,2021,2021/01/01,2021/12/31,2021/04/15,2021/04/09,2021/04/16,ALABAMA HOME PROS LLC,2402,DEMONBRUEN DR,,MILLBROOK,AL,360544391,1962 COMMERCE ST,1962,COMMERCE ST,,360544200,750,811412,"REPAIRS/MAINTENANCEAPPLIANCES, HOUSEHOLD, SMALL EQUIPMENT","REPAIRS/MAINTENANCEAPPLIANCES, HOUSEHOLD, SMALL EQUIPMENT",,,Renew,NO,MILLBROOK,AL,,2021,{F5E842D0-E91A-4AE6-88F3-43C5DFE590EF},,,,
,,481,9361905-BUS,ALABAMA HOME PRODUCTS,ALABAMA HOME PRODUCTS,202200002090,37291,2022,2022/01/01,2022/12/31,2022/01/20,2022/01/20,2022/01/10,ALABAMA HOME PRODUCTS,813,SHADES CREST RD,,BIRMINGHAM,AL,352261901,813 SHADES CREST RD,813,SHADES CREST RD,,352261901,627,492200,SPECIAL DELIVERY LICENSE,SPECIAL DELIVERY LICENSE,,,Renew,NO,BIRMINGHAM,AL,,2022,{F3461EA2-E6E1-4CE9-BDB0-DF68B0ADC424},,,,
,,482,9361905-BUS,ALABAMA HOME PRODUCTS,ALABAMA HOME PRODUCTS,202300001674,37291,2023,2023/01/01,2023/12/31,2023/01/13,2023/01/06,2023/01/06,ALABAMA HOME PRODUCTS,813,SHADES CREST RD,,BIRMINGHAM,AL,352261901,813 SHADES CREST RD,813,SHADES CREST RD,,352261901,627,492200,SPECIAL DELIVERY LICENSE,SPECIAL DELIVERY LICENSE,,,Renew,NO,BIRMINGHAM,AL,,2023,{2EF392C6-1FD1-463B-9538-0A68D55FA21C},,,,
,,483,9365609-BUS,ALABAMA HOME PROS LLC,ALABAMA HOME PROS LLC,202200010420,38371,2022,2022/01/01,2022/12/31,2022/03/15,2022/03/20,2022/03/28,ALABAMA HOME PROS LLC,2402,DEMONBRUEN DR,,MILLBROOK,AL,360544391,1962 COMMERCE ST,1962,COMMERCE ST,,360544200,750,811412,"REPAIRS/MAINTENANCEAPPLIANCES, HOUSEHOLD, SMALL EQUIPMENT","REPAIRS/MAINTENANCEAPPLIANCES, HOUSEHOLD, SMALL EQUIPMENT",,,Renew,NO,MILLBROOK,AL,,2022,{3EB9620A-B5BB-452A-9438-102517FD3073},,,,
,,484,9365609-BUS,ALABAMA HOME PROS LLC,ALABAMA HOME PROS LLC,202400007607,38371,2024,2024/01/01,2024/12/31,2024/02/21,2024/02/21,2024/02/27,ALABAMA HOME PROS LLC,2402,DEMONBRUEN DR,,MILLBROOK,AL,360544391,1962 COMMERCE ST,1962,COMMERCE ST,,360544200,787,0,,AL PROPANE LIC #08063,,,Renew,NO,MILLBROOK,AL,,2024,{806F2831-97E4-4214-A9B8-A393B2FF031C},,,,
,,485,9365609-BUS,ALABAMA HOME PROS LLC,ALABAMA HOME PROS LLC,202400007607,38371,2024,2024/01/01,2024/12/31,2024/02/21,2024/02/21,2024/02/27,ALABAMA HOME PROS LLC,2402,DEMONBRUEN DR,,MILLBROOK,AL,360544391,1962 COMMERCE ST,1962,COMMERCE ST,,360544200,787,0,,WALTER EDWARD DOLAN III - HVAC#23030 EXP: 12/31/2024,,,Renew,NO,MILLBROOK,AL,,2024,{9AC766A1-E8D7-41C6-9332-29DC9E68C5EF},,,,
,,486,9346933-BUS,ALABAMA HOMECARE OF MONTGOMERY LLC,ALABAMA HOMECARE OF MONTGOMERY,202200003927,5763,2022,2022/01/01,2022/12/31,2022/02/02,2022/01/12,2022/01/12,ALABAMA HOMECARE OF MONTGOMERY LLC,,P O BOX 51266,,LAFAYETTE,LA,705051266,400 SOUTH UNIT ST,400,SOUTH UNIT ST,STE 285,36104,695,561990,ALL OTHER SUPPORT SERVICES,HOME HEALTH SERVICES,,,Renew,YES,MONTGOMERY,AL,,2022,{003B5670-9A70-4963-8396-639E77C55D30},,,,
,,487,9346933-BUS,ALABAMA HOMECARE OF MONTGOMERY LLC,ALABAMA HOMECARE OF MONTGOMERY,202300005885,5763,2023,2023/01/01,2023/12/31,2023/02/08,2023/01/20,2023/02/07,ALABAMA HOMECARE OF MONTGOMERY LLC,,P O BOX 51266,,LAFAYETTE,LA,705051266,400 SOUTH UNIT ST,400,SOUTH UNIT ST,STE 285,36104,695,561990,ALL OTHER SUPPORT SERVICES,HOME HEALTH SERVICES,,,Renew,YES,MONTGOMERY,AL,,2023,{3C5C568B-D1DC-4A32-AB04-3C5E24616C94},,,,
555678.196774412,677512.42653966,488,7010138-BUS,ALABAMA HOTEL PROPERTIES LLC,HAMPTON INN & SUITES - EAST CHASE,202200004242,33290,2022,2022/01/01,2022/12/31,2022/02/04,2022/01/20,2022/02/07,ALABAMA HOTEL PROPERTIES LLC,2000,MALLORY LANE,STE 130 - UNIT 372,FRANKLIN,TN,37067,7651 EASTCHASE PKWY,7651,EASTCHASE PKWY,,36117,639,517322,"TELECOMMUNICATIONSCELLULAR AND OTHER WIRELESS, PAGING",TELEPHONE/MISC SERVICES,,,Renew,YES,MONTGOMERY,AL,9,2022,{266059D4-5DEC-4BAE-9596-5AAD0D37F308},,,,
555678.196774412,677512.42653966,489,7010138-BUS,ALABAMA HOTEL PROPERTIES LLC,HAMPTON INN & SUITES - EAST CHASE,202300006445,33290,2023,2023/01/01,2023/12/31,2023/02/09,2023/01/25,2023/02/08,ALABAMA HOTEL PROPERTIES LLC,2000,MALLORY LANE,STE 130 - UNIT 372,FRANKLIN,TN,37067,7651 EASTCHASE PKWY,7651,EASTCHASE PKWY,,36117,590,445120,"FOOD AND BEVERAGE STORESGROCERY, CONVENIENCE STORE, MARKETS",CONVENIENCE SHOP,,,Renew,YES,MONTGOMERY,AL,9,2023,{3B53B48C-CCA7-49D5-9E51-EBC998C67AE4},,,,
555678.196774412,677512.42653966,490,7010138-BUS,ALABAMA HOTEL PROPERTIES LLC,HAMPTON INN & SUITES - EAST CHASE,202400004187,33290,2024,2024/01/01,2024/12/31,2024/02/07,2024/01/31,2024/02/08,ALABAMA HOTEL PROPERTIES LLC,2000,MALLORY LANE,STE 130 - UNIT 372,FRANKLIN,TN,37067,7651 EASTCHASE PKWY,7651,EASTCHASE PKWY,,36117,639,517322,"TELECOMMUNICATIONSCELLULAR AND OTHER WIRELESS, PAGING",TELEPHONE/MISC SERVICES,,,Renew,YES,MONTGOMERY,AL,9,2024,{899E09C0-5F4B-4631-9610-71291155CFCA},,,,
506709.344581079,682668.59404882,492,7395801-BUS,ALABAMA HYDRATECH LLC,ALABAMA HYDRATECH LLC,202400009620,2567,2024,2024/01/01,2024/12/31,2024/02/14,2024/02/12,2024/02/16,ALABAMA HYDRATECH LLC,215,WHITMAN ST,,MONTGOMERY,AL,36104,215 WHITMAN ST,215,WHITMAN ST,,36104,750,811412,"REPAIRS/MAINTENANCEAPPLIANCES, HOUSEHOLD, SMALL EQUIPMENT",SERVICE AND REPAIRS,,,Renew,YES,MONTGOMERY,AL,3,2024,{926C50C7-341B-4A6A-8239-853FE0CE4999},,,,
568302.005844329,679110.939090654,493,1710200-BUS,ALABAMA INDUSTRIAL SERV CO INC,ALABAMA INDUSTRIAL SERV CO INC,202100006346,15,2021,2021/01/01,2021/12/31,2021/02/17,2021/01/31,2021/01/30,ALABAMA INDUSTRIAL SERV CO INC,,PO BOX 640845,,PIKE ROAD,AL,360640845,163 KERSHAW INDUSTRIAL BLVD,163,KERSHAW INDUSTRIAL BLVD,,361176065,536,238111,CONTRACTORSSPECIALTY TRADEHEATING AND AIR CONDITIONING,CONTRACTOR - HVAC/REFRIG,,,Renew,YES,MONTGOMERY,AL,,2021,{EDBA756F-BB4A-49D2-80C0-CA962417ABE6},,,,
568302.005844329,679110.939090654,494,1710200-BUS,ALABAMA INDUSTRIAL SERV CO INC,ALABAMA INDUSTRIAL SERV CO INC,202100006346,15,2021,2021/01/01,2021/12/31,2021/02/17,2021/01/31,2021/01/30,ALABAMA INDUSTRIAL SERV CO INC,,PO BOX 640845,,PIKE ROAD,AL,360640845,163 KERSHAW INDUSTRIAL BLVD,163,KERSHAW INDUSTRIAL BLVD,,361176065,787,0,,ROBERT E MILLS  REFRIG #50353,,,Renew,YES,MONTGOMERY,AL,,2021,{8450059F-03E0-4ACE-9B4E-A14B5E3C33BC},,,,
568302.005844329,679110.939090654,495,1710200-BUS,ALABAMA INDUSTRIAL SERV CO INC,ALABAMA INDUSTRIAL SERV CO INC,202200004351,15,2022,2022/01/01,2022/12/31,2022/02/05,2022/01/31,2022/02/04,ALABAMA INDUSTRIAL SERV CO INC,,PO BOX 640845,,PIKE ROAD,AL,360640845,163 KERSHAW INDUSTRIAL BLVD,163,KERSHAW INDUSTRIAL BLVD,,361176065,787,0,,ROBERT E MILLS  HVAC #1983806,,,Renew,YES,MONTGOMERY,AL,,2022,{530B1A46-7257-4DBB-97C8-A9DF1EB3BB1B},,,,
568302.005844329,679110.939090654,496,1710200-BUS,ALABAMA INDUSTRIAL SERV CO INC,ALABAMA INDUSTRIAL SERV CO INC,202300003292,15,2023,2023/01/01,2023/12/31,2023/01/27,2023/01/25,2023/01/25,ALABAMA INDUSTRIAL SERV CO INC,,PO BOX 640845,,PIKE ROAD,AL,360640845,163 KERSHAW INDUSTRIAL BLVD,163,KERSHAW INDUSTRIAL BLVD,,361176065,787,0,,ROBERT E MILLS  HVAC #1983806 EXP DATE 12/31/2023,,,Renew,YES,MONTGOMERY,AL,,2023,{CB165E14-5B96-444A-B145-63810938E830},,,,
533918.114966579,676320.874132738,497,041649-BUS,ALABAMA SURGICAL ARTS LLC,JOSEPH W IVORY,202300000550,44943,2022,2022/01/01,2022/12/31,2022/12/01,2022/12/01,2022/12/01,ALABAMA SURGICAL ARTS LLC,4590,WOODMERE BLVD,,MONTGOMERY,AL,361062918,4590 WOODMERE BLVD,4590,WOODMERE BLVD,,361062918,703,621100,PHYSICIANINDIVIDUAL PROFESSIONAL LICENSE,ORAL AND COSMETIC SURGERY,,,New,YES,MONTGOMERY,AL,5,2022,{789352FF-CBA0-42EB-852A-46625ABE98B9},,,,
509404.958940495,683559.285180822,501,9358575-BUS,ALABAMA SWEET TEA CO LLC,ALABAMA SWEET TEA CO LLC,202200003172,9757,2022,2022/01/01,2022/12/31,2022/01/28,2022/01/27,2022/01/28,ALABAMA SWEET TEA CO LLC,44,MARKET PLAZA  STE 801,,MONTGOMERY,AL,361043646,44 MARKET PLAZA,44,MARKET PLAZA,,36104,598,448190,"CLOTHING AND ACCESSORIESMEN, WOMEN, CHILDREN, INFANT, SHOE, JEWELRY",CLOTHING AND ACCESSORIES,,,Renew,YES,MONTGOMERY,AL,3,2022,{C88B08E6-5B06-4ACA-A6C3-DA70702422D4},,,,
533918.114966579,676320.874132738,502,9363796-BUS,ALABAMA SURGICAL ARTS LLC,NIZAM SAMI II,202100000168,37869,2021,2021/01/01,2021/12/31,2021/01/05,2021/01/04,2021/01/04,ALABAMA SURGICAL ARTS LLC,4590,WOODMERE BLVD,,MONTGOMERY,AL,36106,4590 WOODMERE BLVD,4590,WOODMERE BLVD,,36106,703,621100,PHYSICIANINDIVIDUAL PROFESSIONAL LICENSE,PHYSICIANINDIVIDUAL PROFESSIONAL LICENSE,,,Renew,YES,MONTGOMERY,AL,5,2021,{A3CC6346-1AE4-4F44-9AE4-2C3217F7A464},,,,
509404.958940495,683559.285180822,503,9358575-BUS,ALABAMA SWEET TEA CO LLC,ALABAMA SWEET TEA CO LLC,202200003172,9757,2022,2022/01/01,2022/12/31,2022/01/28,2022/01/27,2022/01/28,ALABAMA SWEET TEA CO LLC,44,MARKET PLAZA  STE 801,,MONTGOMERY,AL,361043646,44 MARKET PLAZA,44,MARKET PLAZA,,36104,543,312100,"BEVERAGE MANUFACTURINGALL TYPES OF SOFT DRINKS, BOTTLED WATER, BREWERIES, WINERIES",BEVERAGE MFG,,,Renew,YES,MONTGOMERY,AL,3,2022,{7CE7F7B4-8F61-4E3F-AB40-C73BF981CABF},,,,
509404.958940495,683559.285180822,504,9358575-BUS,ALABAMA SWEET TEA CO LLC,ALABAMA SWEET TEA CO LLC,202300011321,9757,2023,2023/01/01,2023/12/31,2023/03/09,2023/01/31,2023/03/07,ALABAMA SWEET TEA CO LLC,44,MARKET PLAZA  STE 801,,MONTGOMERY,AL,361043646,44 MARKET PLAZA,44,MARKET PLAZA,,36104,598,448190,"CLOTHING AND ACCESSORIESMEN, WOMEN, CHILDREN, INFANT, SHOE, JEWELRY",CLOTHING AND ACCESSORIES,,,Renew,YES,MONTGOMERY,AL,3,2023,{AA9C2EA4-91B9-48FD-9CC8-D85A9A1B7C85},,,,
509404.958940495,683559.285180822,505,9358575-BUS,ALABAMA SWEET TEA CO LLC,ALABAMA SWEET TEA CO LLC,202400001874,9757,2024,2024/01/01,2024/12/31,2024/01/25,2024/01/23,2024/01/23,ALABAMA SWEET TEA CO LLC,44,MARKET PLAZA  STE 801,,MONTGOMERY,AL,361043646,44 MARKET PLAZA,44,MARKET PLAZA,,36104,598,448190,"CLOTHING AND ACCESSORIESMEN, WOMEN, CHILDREN, INFANT, SHOE, JEWELRY",CLOTHING AND ACCESSORIES,,,Renew,YES,MONTGOMERY,AL,3,2024,{F144544C-C421-43C0-86D3-C56B1F047813},,,,
523836.12725658,679676.316240743,506,4830003-BUS,ALABAMA TELECASTERS INC,ALABAMA TELECASTERS INC,202100012323,33062,2021,2021/01/01,2021/12/31,2021/04/12,2021/04/05,2021/04/05,ALABAMA TELECASTERS INC,1,TELEVISION PL,,CHARLOTTE,NC,28205,3251 HARRISON RD,3251,HARRISON RD,,36109,636,515100,BROADCASTINGRADIO AND TELEVISION STATIONS,TELEVISION STATION,,,Renew,YES,MONTGOMERY,AL,1,2021,{7E73C37F-A48D-4502-B807-FDE659B91B7F},,,,
523836.12725658,679676.316240743,507,4830003-BUS,ALABAMA TELECASTERS INC,ALABAMA TELECASTERS INC,202300008695,33062,2023,2023/01/01,2023/12/31,2023/02/17,2023/02/01,2023/02/17,ALABAMA TELECASTERS INC,1,TELEVISION PL,,CHARLOTTE,NC,28205,3251 HARRISON RD,3251,HARRISON RD,,36109,636,515100,BROADCASTINGRADIO AND TELEVISION STATIONS,TELEVISION STATION,,,Renew,YES,MONTGOMERY,AL,1,2023,{EA3D148E-6525-4CD7-B3C1-107057DC71B1},,,,
523836.12725658,679676.316240743,508,9342601-BUS,ALABAMA TELECASTERS INC,W B M M-TV,202100011687,34090,2021,2021/01/01,2021/12/31,2021/04/12,2021/04/05,2021/04/05,ALABAMA TELECASTERS INC,,PO BOX 32488,,CHARLOTTE,NC,28232,3251 HARRISON RD,3251,HARRISON RD,,36109,636,515100,BROADCASTINGRADIO AND TELEVISION STATIONS,TELEVISION STATION,,,Renew,YES,MONTGOMERY,AL,1,2021,{5E0466AD-1F81-49FD-8494-B081F0B4B2DB},,,,
523836.12725658,679676.316240743,509,9342601-BUS,ALABAMA TELECASTERS INC,W B M M-TV,202400009447,34090,2024,2024/01/01,2024/12/31,2024/03/01,2024/02/01,2024/03/01,ALABAMA TELECASTERS INC,,PO BOX 32488,,CHARLOTTE,NC,28232,3251 HARRISON RD,3251,HARRISON RD,,36109,636,515100,BROADCASTINGRADIO AND TELEVISION STATIONS,TELEVISION STATION,,,Renew,YES,MONTGOMERY,AL,1,2024,{039DED4E-6B7A-44A9-940D-3DC98F1B7EF4},,,,
,,510,5520365-BUS,ALOZIE AUTO SALES,ALOZIE AUTO SALES,202400011222,1565,2024,2024/01/01,2024/12/31,2024/04/16,2024/04/09,2024/04/19,ALOZIE AUTO SALES,3031,MOBILE HWY,,MONTGOMERY,AL,36108,3031 MOBILE HWY,3031,MOBILE HWY,,36108,583,441115,"MOTOR VEHICLES, USED CAR DEALERS, PARTS, ACCESSORIES, SERVICE",AUTO DEALER,,,Renew,YES,MONTGOMERY,AL,,2024,{62B646FF-9A53-41F6-9DA2-6845014CA573},,,,
551283.815471329,693479.738765076,511,9368040-BUS,ALONZO BRYANT,ARMED SECURITY LLC,202300002365,32820,2023,2023/01/01,2023/12/31,2023/01/20,2023/01/19,2023/01/19,ALONZO BRYANT,7112,OAK SIDE DR,,MONTGOMERY,AL,361177623,7112 OAK SIDE DR,7112,OAK SIDE DR,,361177623,541,238990,CONTRACTORSALL OTHERS,ALARM INSTALLATION,,,Renew,YES,MONTGOMERY,AL,1,2023,{9044AC9F-5E21-4945-A64A-9BDD4E203557},,,,
521497.289742664,679454.492209323,512,9348181-BUS,ALPHA AND OMEGA AUTO SALES,ALPHA AND OMEGA AUTO SALES,202300002460,3967,2021,2021/01/01,2021/12/31,2021/04/01,2021/03/29,2021/03/29,ALPHA AND OMEGA AUTO SALES,2908,CHESTNUT ST,,MONTGOMERY,AL,36107,2908 CHESTNUT ST,2908,CHESTNUT ST,,36107,582,441100,"MOTOR VEHICLES, NEW AND USED CAR DEALERS, PARTS, ACCESSORIES, SERVICE",MOTOR VEHICLES NEW AND USED DEALERS,,,Renew,YES,MONTGOMERY,AL,3,2021,{19BD6DFD-6224-4D2B-9459-B6D03F0527D0},,,,
532385.348675162,662631.778807573,513,1730109-BUS,ALPHA ACME ELECTRIC INC,ALPHA ACME ELECTRIC INC,202100000614,26593,2021,2021/01/01,2021/12/31,2021/01/14,2021/01/14,2021/01/14,ALPHA ACME ELECTRIC INC,,P O  BOX 20406,,MONTGOMERY,AL,36120,5023 PARK TOWNE WAY,5023,PARK TOWNE WAY,,36116,538,238310,CONTRACTORSSPECIALTY TRADEELECTRICAL CONTRACTORS,CONTRACTOR - ELEC,,,Renew,YES,MONTGOMERY,AL,6,2021,{D8A3996D-D650-4842-9321-EAFF15577A4D},,,,
,,514,8350212-BUS,ALPHA AND OMEGA LEARNING CENTE,ALPHA AND OMEGA LEARNING CENTER,202200006828,27600,2022,2022/01/01,2022/12/31,2022/02/16,2022/02/10,2022/02/25,ALPHA AND OMEGA LEARNING CENTE,1562,ANN ST,ATTN: LISA WALKER WILLIAMS,MONTGOMERY,AL,361073114,1562 ANN ST,1562,ANN ST,,36107,718,624410,DAYCARESEVEN OR MORE CHILDREN AND INFANTS,DAY CARE CENTER,,,Renew,YES,MONTGOMERY,AL,,2022,{F58DD44E-E28A-4D82-9883-E9429AFA1363},,,,
,,515,9341084-BUS,ALPHA AND OMEGA CENTER LLC,ALPHA AND OMEGA TAX CENTER,202100013473,33839,2021,2021/01/01,2021/12/31,2021/06/30,2021/06/17,2021/06/17,ALPHA AND OMEGA CENTER LLC,,PO BOX 231321,,MONTGOMERY,AL,36123,2424 EAST SOUTH BLVD,2424,EAST SOUTH BLVD,,36116,669,541210,ACCOUNTING/TAX PREPARATION/BOOKKEEPING/PAYROLL SERVICES,BOOKKEEPING/INCOME TAX SERVICE,,,Renew,YES,MONTGOMERY,AL,,2021,{3B58EC62-17FC-4693-9FC5-11A9204BAE4A},,,,
,,516,8350212-BUS,ALPHA AND OMEGA LEARNING CENTE,ALPHA AND OMEGA LEARNING CENTER,202400011450,27600,2024,2024/01/01,2024/12/31,2024/03/26,2024/03/01,2024/03/14,ALPHA AND OMEGA LEARNING CENTE,1562,ANN ST,ATTN: LISA WALKER WILLIAMS,MONTGOMERY,AL,361073114,1562 ANN ST,1562,ANN ST,,36107,718,624410,DAYCARESEVEN OR MORE CHILDREN AND INFANTS,DAY CARE CENTER,,,Renew,YES,MONTGOMERY,AL,,2024,{A30A1724-2A48-4AF5-A519-CE33B1B73683},,,,
,,517,9352943-BUS,ALPHA BELL,ALPHA BELL,202400002646,34678,2024,2024/01/01,2024/12/31,2024/01/31,2024/01/31,2024/01/31,ALPHA BELL,1214,LAKE ST,,MONTGOMERY,AL,36104,1214 LAKE ST,1214,LAKE ST,,36104,693,561731,"LAWN SERVICEMOWING, WEEDING,",,,,Renew,YES,MONTGOMERY,AL,,2024,{461D6B19-B54B-46D7-B565-02BC424B78C9},,,,
,,518,1710035-BUS,AMCO,AMCO,202400004084,526,2024,2024/01/01,2024/12/31,2024/02/06,2024/01/01,2024/02/06,AMCO,,P O BOX 70455,,MONTGOMERY,AL,36107,248 LEWIS ST SOUTH,248,LEWIS ST SOUTH,,36107,589,444130,"BUILDING MATERIALSHARDWARE, PAINT, HOME CENTER, WALLPAPER, NURSERY",RETAIL SALES,,,Renew,YES,MONTGOMERY,AL,,2024,{79548FD5-F18F-4978-9795-89A0BF848833},,,,
540576.285705328,691898.050983571,519,040345-BUS,ALPHA ELITE ACADEMY,ALPHA ELITE ACADEMY,202300006021,43639,2023,2023/01/01,2023/12/31,2023/02/08,2023/02/08,2023/02/21,ALPHA ELITE ACADEMY,127,CANYON ROAD,,WETUMPKA,AL,36093,887 PLANTATION WAY,887,PLANTATION WAY,,36117,764,812900,ALL OTHER PERSONAL SERVICES,GYM AND FITNESS ,,,New,YES,MONTGOMERY,AL,2,2023,{A85B33CD-806E-4E18-B6B3-73BEC2CFCB19},,,,
,,520,1710035-BUS,AMCO,AMCO,202400004084,526,2024,2024/01/01,2024/12/31,2024/02/06,2024/01/01,2024/02/06,AMCO,,P O BOX 70455,,MONTGOMERY,AL,36107,248 LEWIS ST SOUTH,248,LEWIS ST SOUTH,,36107,536,238111,CONTRACTORSSPECIALTY TRADEHEATING AND AIR CONDITIONING,CONTRACTOR - HVAC,,,Renew,YES,MONTGOMERY,AL,,2024,{0168BA46-CE8D-42B2-8A86-BF4FB3EB5E3F},,,,
529924.776496578,677493.220213242,524,7394990-BUS,AMEDISYS HOME HEALTH INC OF AL,AMEDISYS HOME HEALTH INC OF AL,202200007964,6290,2022,2022/01/01,2022/12/31,2022/02/24,2022/01/31,2022/02/02,AMEDISYS HOME HEALTH INC OF AL,3854,AMERICAN WAY,STE A,BATON ROUGE,LA,70816,300 INTERSTATE PARK DR,300,INTERSTATE PARK DR,STE 324,361095468,715,623110,"NURSING CARERESIDENTIAL CARE FACILITY, DAY CARE, ASSISTED LIVING",HEALTH CARE SERVICES,,,Renew,YES,MONTGOMERY,AL,1,2022,{4CF147F4-5A52-4F5C-9EB9-8059CBA37183},,,,
529924.776496578,677493.220213242,525,7394990-BUS,AMEDISYS HOME HEALTH INC OF AL,AMEDISYS HOME HEALTH INC OF AL,202400005367,6290,2024,2024/01/01,2024/12/31,2024/02/10,2024/01/31,2024/01/31,AMEDISYS HOME HEALTH INC OF AL,3854,AMERICAN WAY,STE A,BATON ROUGE,LA,70816,300 INTERSTATE PARK DR,300,INTERSTATE PARK DR,STE 324,361095468,715,623110,"NURSING CARERESIDENTIAL CARE FACILITY, DAY CARE, ASSISTED LIVING",HEALTH CARE SERVICES,,,Renew,YES,MONTGOMERY,AL,1,2024,{C53CE2AA-AE2D-4DAB-B280-A31201DA4AF6},,,,
514810.625622578,673859.181877658,527,9352921-BUS,AMELIA SALON LLC,AMELIA SALON LLC,202200001070,34669,2022,2022/01/01,2022/12/31,2022/01/10,2022/01/07,2022/01/12,AMELIA SALON LLC,10517,DUNCANNON TRAIL,,MONTGOMERY,AL,36117,1023 WOODLEY RD,1023,WOODLEY RD,,36116,787,0,,NO EVENTS PERMITTED ON PREMISES,,,Renew,YES,MONTGOMERY,AL,7,2022,{7498B50B-C62B-44DE-9D42-BBB2BEE3C2D2},,,,
514810.625622578,673859.181877658,528,9352921-BUS,AMELIA SALON LLC,AMELIA SALON LLC,202200001070,34669,2022,2022/01/01,2022/12/31,2022/01/10,2022/01/07,2022/01/12,AMELIA SALON LLC,10517,DUNCANNON TRAIL,,MONTGOMERY,AL,36117,1023 WOODLEY RD,1023,WOODLEY RD,,36116,787,0,,NO ALCOHOL PERMITTED ON PREMISES,,,Renew,YES,MONTGOMERY,AL,7,2022,{D9083F2F-48D4-4DE7-AD26-7E7FE364EDE8},,,,
514810.625622578,673859.181877658,529,9352921-BUS,AMELIA SALON LLC,AMELIA SALON LLC,202300003376,34669,2023,2023/01/01,2023/12/31,2023/01/30,2023/01/30,2023/01/30,AMELIA SALON LLC,10517,DUNCANNON TRAIL,,MONTGOMERY,AL,36117,1023 WOODLEY RD,1023,WOODLEY RD,,36116,787,0,,NO EVENTS PERMITTED ON PREMISES,,,Renew,YES,MONTGOMERY,AL,7,2023,{2B8035CE-E514-4EF7-A0AF-ED1DF3FC4FB6},,,,
,,530,037482-BUS,AMERIBOLT INC,AMERIBOLT INC,202200011984,40776,2022,2022/01/01,2022/12/31,2022/04/14,2022/03/11,2022/04/13,AMERIBOLT INC,,PO BOX 827,,SYLACAUGA,AL,351500827,PO BOX 827,PO BOX 827,PO BOX 827,,351500827,567,421410,"COMMERCIAL EQUIPMENT AND SUPPLIES WHOLESALECOMPUTER, OFFICE ETC.",,,,New,NO,SYLACAUGA,AL,,2022,{4D12FAD2-C113-4E71-86BC-F865927AB611},,,HNAM,2025/04/04 19:19:32+00
,,531,037482-BUS,AMERIBOLT INC,AMERIBOLT INC,202100013221,40776,2021,2021/01/01,2021/12/31,2021/06/15,2021/04/20,2021/06/15,AMERIBOLT INC,,PO BOX 827,,SYLACAUGA,AL,351500827,PO BOX 827,PO BOX 827,PO BOX 827,,351500827,567,421410,"COMMERCIAL EQUIPMENT AND SUPPLIES WHOLESALECOMPUTER, OFFICE ETC.",,,,New,NO,SYLACAUGA,AL,,2021,{C8C41DC9-8A3C-46AF-8195-802974E6BB24},,,HNAM,2025/04/04 19:19:32+00
,,532,9365240-BUS,AMERGIS HEALTHCARE STAFFING INC,AMERGIS HEALTHCARE STAFFING INC,202100008459,38029,2021,2021/01/01,2021/12/31,2021/02/25,2021/01/31,2021/02/24,AMERGIS HEALTHCARE STAFFING INC,7223,LEE DEFOREST DR,,COLUMBIA,MD,210463236,7223 LEE DEFOREST DR,7223,LEE DEFOREST DR,,210463236,683,561320,TEMPORARY HELP SERVICESPROVIDE EMPLOYEES,TEMPORARY HELP SERVICESPROVIDE EMPLOYEES,,,Renew,NO,COLUMBIA,MD,,2021,{5F047EFF-2B60-49EB-85D5-B8BFDD2C7EF4},,,,
,,533,036699-BUS,AMERIBUILD HOMES INC,J DAVID HOMES LLC,202100011119,39993,2021,2021/01/01,2021/12/31,2021/03/25,2021/03/20,2021/03/25,AMERIBUILD HOMES INC,4509,PINE TREE CIR,,VESTAVIA,AL,352432307,4509 PINE TREE CIR,4509,PINE TREE CIR,,352432307,533,236320,"CONTRACTORSGENERAL CONTRACTORS, COMM. BLDG, RESIDENTIAL, SUBDIVISIONS, LANDSCAPING CONTRACTORS ",,,,New,NO,VESTAVIA,AL,,2021,{A707BC7C-C57B-43B4-8A0D-39DC29D36CD1},,,,
,,534,9358758-BUS,AMERICAN AGGREGATES,AMERICAN AGGREGATES,202200003887,16658,2022,2022/01/01,2022/12/31,2022/02/02,2022/01/20,2022/02/01,AMERICAN AGGREGATES,1725,WINDWARD CONCOURSE #300,,ALPHARETTA,GA,30005,1725 WINDWARD CONCOURSE #300,1725,WINDWARD CONCOURSE #300,,30005,570,421990,"ALL OTHER WHOLESALE TRADEDURABLE, ELECTRICAL, TOYS, JEWELRY",ALL OTHER WHOLESALE TRADE,,,Renew,NO,ALPHARETTA,GA,,2022,{2632945E-31A7-466D-AC49-48F9F92C74DC},,,,
540245.955329247,691290.929166324,535,5230066-BUS,AMERICAN AUTO GLASS,AMERICAN AUTO GLASS,202300012982,3178,2021,2021/01/01,2021/12/31,2023/01/09,2023/01/06,2023/01/06,AMERICAN AUTO GLASS,866,PLANTATION WAY,,MONTGOMERY,AL,361172221,866 PLANTATION WAY,866,PLANTATION WAY,,36117,589,444130,"BUILDING MATERIALSHARDWARE, PAINT, HOME CENTER, WALLPAPER, NURSERY",AUTO GLASS RETAIL,,,Renew,YES,MONTGOMERY,AL,2,2023,{E1E17BC2-0CEB-41AC-BDB3-CEE38A7B3A55},,,,
540245.955329247,691290.929166324,536,5230066-BUS,AMERICAN AUTO GLASS,AMERICAN AUTO GLASS,202300012982,3178,2021,2021/01/01,2021/12/31,2023/01/09,2023/01/06,2023/01/06,AMERICAN AUTO GLASS,866,PLANTATION WAY,,MONTGOMERY,AL,361172221,866 PLANTATION WAY,866,PLANTATION WAY,,36117,746,811118,"REPAIRS AND MAINTENANCEAUTO, PAINT/BODY, OTHER VEHICULAR",AUTO GLASS INSTALLATION/REPAIR SVC,,,Renew,YES,MONTGOMERY,AL,2,2023,{D0BFFAA0-A0CA-4CCC-8EEC-AA1E3F06617E},,,,
540245.955329247,691290.929166324,537,5230066-BUS,AMERICAN AUTO GLASS,AMERICAN AUTO GLASS,202300012984,3178,2023,2023/01/01,2023/12/31,2023/01/09,2023/01/06,2023/01/06,AMERICAN AUTO GLASS,866,PLANTATION WAY,,MONTGOMERY,AL,361172221,866 PLANTATION WAY,866,PLANTATION WAY,,36117,589,444130,"BUILDING MATERIALSHARDWARE, PAINT, HOME CENTER, WALLPAPER, NURSERY",AUTO GLASS RETAIL,,,Renew,YES,MONTGOMERY,AL,2,2023,{117D6FEF-A43C-440A-96F0-5E591E8C9B15},,,,
,,538,036722-BUS,ALPHA GLASS AND MIRROR INC,ALPHA GLASS AND MIRROR INC,202100011163,40016,2021,2021/01/01,2021/12/31,2021/03/25,2021/03/25,2021/03/25,ALPHA GLASS AND MIRROR INC,1500,FARMER RD NW,NW SUITE G