OBJECTID_1,OBJECTID,CALC_ACRE,TAX_MAP,PARCEL_NUM,OWNER1_1,OWNER1_2,MAIL_ST_NU,MAIL_ST_NA,MAIL_EXTRA,MAIL_CITY,MAIL_ST,ZIP_5,ZIP_4,CARE_OF,PROP_ADDRE,STREET_NUM,STREET_NAM,DEED_BOOK_,DEED_PAGE_,DEED_DATE_,NBHD,ZONING,APPRAISED_,Use_,Dev_Area,Maint_By,Maint_Phas,Map_Class,LASTUPDATE,LASTEDITOR,NOTES,DEVEL_AREA,LOCATION,MAP_INDEX,created_user,created_date,last_edited_user,last_edited_date,Shape__Area,Shape__Length
20418,10932.0,8.57378837,09 01 11 4 000 002.000,0901114000002000,CITY OF MONTGOMERY, ,103,N PERRY ST, ,MONTGOMERY,AL,36101,1111, ,HWY 80, ,HWY 80,1559,424,797558400000,THE ORCHARDS,O-2,250000.0,USE,,VACANT LOT CREW,0, ,,,DONATED FOR PARK; USACE REQUIRES WETLAND,,Pond/woods NE of Alsbury Pl in Towne Lake,M-7-J,ISAAC.MURRAY,1740684970000,CHRIS.WILLIAMS,1765403155000,373474.22128470225,3344.3752316204686
20419,16722.0,10.30923126,09 04 19 2 000 003.000,0904192000003000,CITY OF MONTGOMERY, ,103,N PERRY ST, ,MONTGOMERY,AL,36101,1111, ,STONEWOOD DR, ,STONEWOOD DR,775,840,507859200000,BELL HILLS,R-75-s,150000.0,USE,,PARKS & REC,0, ,,,WOODMERE PARK,,,M-7-M,ISAAC.MURRAY,1740684970000,CHRIS.WILLIAMS,1765403155000,449070.1136951966,4666.238332329287
20420,2511.0,0.07234275,04 08 33 3 000 004.000,0408333000004000,CITY OF MONTGOMERY, ,103,N PERRY ST, ,MONTGOMERY,AL,36101,1111, ,FEDERAL DR, ,FEDERAL DR, , ,,BONNIE CREST,B-2,1500.0,USE,,MAINTENANCE,0, ,,,,,,M-2-BB,ISAAC.MURRAY,1740684970000,CHRIS.WILLIAMS,1765403155000,3151.250254981675,252.18720400283388
20421,49.0,67.69771438,03 07 35 0 000 001.001,0307350000001001,CITY OF MONTGOMERY, ,103,N PERRY ST, ,MONTGOMERY,AL,36101,1111, ,HWY 143, ,HWY 143,766,98,504144000000,CLISBY PARK,M-3,130000.0,USE,,LANDFILL,0, ,,,LANDFILL,,,M-2-Z,ISAAC.MURRAY,1740684970000,CHRIS.WILLIAMS,1765403155000,2948912.438546751,7779.281581395177
20422,13656.0,3.43895497,09 03 06 2 007 009.000,0903062007009000,CITY OF MONTGOMERY, ,103,N PERRY ST, ,MONTGOMERY,AL,36101,1111, ,5816 HYDE PARK DR,5816,HYDE PARK DR,1620,313,818985600000,MONTGOMERY EAST,R-65-s,18800.0,USE,,PARKS & REC,0, ,,,HYDE PARK,,,M-7-A,ISAAC.MURRAY,1740684970000,CHRIS.WILLIAMS,1765403155000,149800.87867565898,1575.9293604148793
20423,4536.0,0.06646231,04 09 32 1 001 021.001,0409321001021001,CITY OF MONTGOMERY, , , , ,MONTGOMERY,AL,36104,0000, ,FAIRGROUND RD, ,FAIRGROUND RD,593,163,409190400000,CHISHOLM,INST,2200.0,USE,,PARKS & REC,0, ,,,CHISHOLM COMMUNITY CENTER,,,M-2-BB,ISAAC.MURRAY,1740684970000,CHRIS.WILLIAMS,1765403155000,2895.0983875017128,279.5073395922401
20424,409.0,21.45674445,04 04 20 3 001 002.000,0404203001002000,CITY OF MONTGOMERY, , , , ,MONTGOMERY,AL,00000,0000, ,FARO DR, ,FARO DR,663,616,451699200000,COOSADA FERRY ROAD,AGR-1,313400.0,USE,,PARKS & REC,0, ,,,SHERIDAN HEIGHTS COMMUNITY CENTER / DRAINAGE DITCH,,,"M-2-U, M-2-V",ISAAC.MURRAY,1740684970000,CHRIS.WILLIAMS,1765403155000,934655.7883109273,5581.260887091389
20425,4771.0,0.34998813,04 09 32 1 012 008.000,0409321012008000,CITY OF MONTGOMERY, ,103,N PERRY ST, ,MONTGOMERY,AL,36101,1111, ,HAROLD ST, ,HAROLD ST,517,3,345945600000,CHISHOLM,R-65-d,5000.0,USE,,MAINTENANCE,0, ,,,ALDOT ENVIRONMENTAL COVENANT/ STORM DRAINAGE,,"N side, across from 1732-1748 & 3471 Broadview St",M-2-BB,ISAAC.MURRAY,1740684970000,CHRIS.WILLIAMS,1765403155000,15245.482752030797,795.3633397095244
20426,4551.0,0.02128866,04 09 32 1 002 014.001,0409321002014001,CITY OF MONTGOMERY, ,103,N PERRY ST, ,MONTGOMERY,AL,36101,1111, ,MONTCLAIR DR, ,MONTCLAIR DR, , ,,CHISHOLM,R-65-d,1000.0,USE,,WATER WORKS,0, ,,,WATER WORKS,,W side of 4000 Keating Dr,M-2-BB,ISAAC.MURRAY,1740684970000,CHRIS.WILLIAMS,1765403155000,927.3342215743749,124.50376701972463
20427,5486.0,0.52035761,04 09 32 2 013 014.000,0409322013014000,CITY OF MONTGOMERY, ,103,N PERRY ST, ,MONTGOMERY,AL,36101,1111, ,2700 LOWER WETUMPK RD,2700,LOWER WETUMPKA RD,263,187,165715200000,CHISHOLM,B-2,36800.0,USE,,FIRE,0, ,,,FIRE STATION 8,,,M-2-BB,ISAAC.MURRAY,1740684970000,CHRIS.WILLIAMS,1765403155000,22666.777346302544,608.7245390990706
20428,5522.0,0.15001991,04 09 32 2 014 025.000,0409322014025000,CITY OF MONTGOMERY, ,103,N PERRY ST, ,MONTGOMERY,AL,36101,1111, ,HAROLD ST, ,HAROLD ST,517,3,345945600000,CHISHOLM,R-65-d,5000.0,USE,,MAINTENANCE,0, ,,,ALDOT ENVIRONMENTAL COVENANT/ STORM DRAINAGE,,"N side, across from 1708-1728",M-2-BB,ISAAC.MURRAY,1740684970000,CHRIS.WILLIAMS,1765403155000,6534.867158831554,591.6903029731047
20429,400.0,0.6151389,04 04 20 3 001 001.003,0404203001001003,CITY OF MONTGOMERY, ,103,N PERRY ST, ,MONTGOMERY,AL,36101,1111, ,COOSADA FERRY RD, ,COOSADA FERRY RD, , ,,COOSADA FERRY ROAD,AGR-1,3500.0,USE,,PARKS & REC,0, ,,,,,S int of Alabama River Pkwy and Faro Dr,M-2-V,ISAAC.MURRAY,1740684970000,CHRIS.WILLIAMS,1765403155000,26795.45054930247,669.3441627669724
20430,4860.0,0.20755137,04 09 32 1 019 008.000,0409321019008000,CITY OF MONTGOMERY, , , , ,MONTGOMERY,AL,36104,0000, ,HOUSER ST, ,HOUSER ST,374,363,-618624000000,CHISHOLM,R-65-d,5000.0,AVAILABLE,,VACANT LOT CREW,0,Surplus,,,LISTED FOR SALE ON CITY WEBSITE,,"S side, across from Pickens St",M-2-BB,ISAAC.MURRAY,1740684970000,CHRIS.WILLIAMS,1765403155000,9040.937752709853,462.7109090149439
20431,47.0,235.75760845,03 07 26 0 000 002.000,0307260000002000,CITY OF MONTGOMERY, ,103,N PERRY ST, ,MONTGOMERY,AL,36101,1111, ,ALABAMA RIVER, ,ALABAMA RIVER,1248,900,706320000000,CLISBY PARK,M-3,559000.0,USE,,LANDFILL,0, ,,,LANDFILL,,NW section of Landfill,"M-2-S, M-2-T, M-2-Y, M-2-Z",ISAAC.MURRAY,1740684970000,CHRIS.WILLIAMS,1765403155000,10269601.424290884,14522.371229565904
20432,3773.0,28.36829824,04 09 29 4 005 002.000,0409294005002000,MONTGOMERY COUNTY BOARD OF EDUCATION, ,103,N PERRY ST, ,MONTGOMERY,AL,36101,1111, ,NORTH BLVD, ,NORTH BLVD, , ,,CHISHOLM,INST,260000.0,USE,,ZOO,0, ,,,ZOO,,,M-2-BB,ISAAC.MURRAY,1740684970000,CHRIS.WILLIAMS,1765403155000,1235723.0712064176,5083.058531346648
20433,3775.0,3.22883807,04 09 29 4 005 004.000,0409294005004000,CITY OF MONTGOMERY, ,103,N PERRY ST, ,MONTGOMERY,AL,36101,1111, ,545 VANDIVER BLVD,545,VANDIVER BLVD,470,385,314668800000,CHISHOLM,INST,82500.0,USE,,PARKS & REC,0, ,,,CHISHOLM COMMUNITY CENTER,,,M-2-BB,ISAAC.MURRAY,1740684970000,CHRIS.WILLIAMS,1765403155000,140648.18615399385,1700.2166069946504
20434,83.0,1.20505679,03 07 36 3 003 005.001,0307363003005001,CITY OF MONTGOMERY, ,103,N PERRY ST, ,MONTGOMERY,AL,36101,1111, ,1515 PARALLEL ST,1515,PARALLEL ST, , ,,CLISBY PARK,M-3,52600.0,USE,,LANDFILL,0, ,,,LANDFILL / EQUIPMENT STORAGE,,,M-2-Z,ISAAC.MURRAY,1740684970000,CHRIS.WILLIAMS,1765403155000,52492.27363205003,1085.510031182782
20435,77.0,8.51113272,03 07 36 3 002 002.000,0307363002002000,CITY OF MONTGOMERY, ,103,N PERRY ST, ,MONTGOMERY,AL,36101,1111, ,115 DIVISION ST,115,DIVISION ST,766,98,504144000000,CLISBY PARK,M-3,82500.0,USE,,LANDFILL/PARKS & REC,0, ,,,LANDFILL,,,M-2-Z,ISAAC.MURRAY,1740684970000,CHRIS.WILLIAMS,1765403155000,370744.9411962004,3762.5227445503688
20436,1726.0,0.12982262,04 07 35 3 003 005.001,0407353003005001,CITY OF MONTGOMERY, , , ,PO BOX 1111,MONTGOMERY,AL,36101,0000, ,GUNTER PARK DR W, ,GUNTER PARK DR W, , ,,GUNTER AFB,M-1,10300.0,USE,,WATER WORKS,0,,,,WATER WORKS,,NE corner of lot at 2727 W Gunter Park Dr,M-2-DD,ISAAC.MURRAY,1740684970000,CHRIS.WILLIAMS,1765403155000,5655.073178657408,300.98025433908794
20437,4439.0,0.46611682,04 09 31 3 002 014.000,0409313002014000,CITY OF MONTGOMERY, ,103,N PERRY ST, ,MONTGOMERY,AL,36101,1111, ,JACKSON FERRY RD, ,JACKSON FERRY RD, , ,,CLISBY PARK,R-65-d,900.0,USE,,PARKS & REC,0, ,,,JACKSON FERRY ROAD PARK,,W end of Jackson Ferry Rd Park,M-2-AA,ISAAC.MURRAY,1740684970000,CHRIS.WILLIAMS,1765403155000,20304.048749222315,578.1565560444467
20438,4422.0,0.16863437,04 09 31 3 001 024.000,0409313001024000,CITY OF MONTGOMERY, ,103,N PERRY ST, ,MONTGOMERY,AL,36101,1111, ,JACKSON FERRY RD, ,JACKSON FERRY RD, , ,,CLISBY PARK,R-65-d,1500.0,USE,,MAINTENANCE,0, ,,,DRAINAGE EASEMENT,,across Jackson Ferry Rd from Jackson Ferry Rd Park,M-2-AA,ISAAC.MURRAY,1740684970000,CHRIS.WILLIAMS,1765403155000,7345.712988568942,541.9937661460821
20439,10924.0,41.62571833,09 01 11 3 000 063.000,0901113000063000,CITY OF MONTGOMERY, ,103,N PERRY ST, ,MONTGOMERY,AL,36101,1111, ,WILTSHIRE DR, ,WILTSHIRE DR,1559,424,797558400000,TOWNE LAKE,O-2,390000.0,USE,,VACANT LOT CREW,0, ,,,DONATED FOR PARK; USACE REQUIRES WETLAND,,Pond/woods NE of Wiltshire Dr in Towne Lake,M-7-J,ISAAC.MURRAY,1740684970000,CHRIS.WILLIAMS,1765403155000,1813216.2906615988,6449.934872688654
20440,13776.0,0.39814519,09 03 06 3 003 001.000,0903063003001000,CITY OF MONTGOMERY, ,103,N PERRY ST, ,MONTGOMERY,AL,36101,1111, ,577 DUNBARTON RD,577,DUNBARTON RD,1099,79,642384000000,MONTGOMERY EAST,R-75-s,20000.0,AVAILABLE,,MAINTENANCE,0, ,,,STORM DRAINAGE; CAN REPLAT TO SELL EXCESS,,SW Corner of Dunbarton & Wares Ferry,M-7-A,ISAAC.MURRAY,1740684970000,CHRIS.WILLIAMS,1765403155000,17343.204329751126,559.3066292422201
20442,3774.0,30.4002028,04 09 29 4 005 003.000,0409294005003000,CITY OF MONTGOMERY & MONTGOMERY COUNTY BOARD OF EDUCATION, ,103,N PERRY ST, ,MONTGOMERY,AL,36101,1111, ,E VANDIVER BLVD, ,E VANDIVER BLVD, , ,,CHISHOLM,INST,600000.0,USE,,ZOO,0, ,,,ZOO,,S portion of Montgomery Zoo,M-2-BB,ISAAC.MURRAY,1740684970000,CHRIS.WILLIAMS,1765403155000,1324232.8337680332,5133.364981629054
20443,28525.0,39.92913749,10 01 02 1 000 002.000,1001021000002000,CITY OF MONTGOMERY, ,103,N PERRY ST, ,MONTGOMERY,AL,36101,1111, ,GUNTER PARK DR E, ,GUNTER PARK DR E, , ,,GUNTER AFB,M-1,630000.0,USE,,PARKS & REC,0, ,,,LAGOON PARK,,SW portion of Lagoon Park,"M-2-DD, M-6-F",ISAAC.MURRAY,1740684970000,CHRIS.WILLIAMS,1765403155000,1739313.229179259,5469.095767815879
20444,2092.0,8.13353988,04 08 28 3 000 003.000,0408283000003000,CITY OF MONTGOMERY, ,103,N PERRY ST, ,MONTGOMERY,AL,36101,1111, ,NORTH BLVD, ,NORTH BLVD,482,889,324000000000,VISTA VIEW,INST,228000.0,USE,,PARKS & REC,0, ,,,CHISHOLM COMMUNITY CENTER,,Baseball fields at S end of Community Center,M-2-BB,ISAAC.MURRAY,1740684970000,CHRIS.WILLIAMS,1765403155000,354296.99699539074,2700.4151339594578
20445,3772.0,13.78861974,04 09 29 4 005 001.000,0409294005001000,CITY OF MONTGOMERY & STATE OF ALABAMA, ,103,N PERRY ST, ,MONTGOMERY,AL,36101,1111, ,2301 COLISEUM BLVD,2301,COLISEUM BLVD, , ,,CHISHOLM,INST,280000.0,USE,,ZOO,0, ,,,ZOO,,,"M-2-V, M-2-BB",ISAAC.MURRAY,1740684970000,CHRIS.WILLIAMS,1765403155000,600632.2757166291,4128.067739468697
20446,66.0,93.99971788,03 07 36 0 000 001.001,0307360000001001,CITY OF MONTGOMERY, ,103,N PERRY ST, ,MONTGOMERY,AL,36101,1111, ,DIVISION ST, ,DIVISION ST,766,98,504144000000,CLISBY PARK,M-3,204400.0,USE,,LANDFILL,0, ,,,LANDFILL,,SE portion of Landfill,M-2-Z,ISAAC.MURRAY,1740684970000,CHRIS.WILLIAMS,1765403155000,4094627.7110640495,11110.713035957673
20447,34549.0,0.32799557,10 02 09 3 016 016.000,1002093016016000,CITY OF MONTGOMERY, , , ,PO BOX 1111,MONTGOMERY,AL,36101,0000, ,BRADLEY DR, ,BRADLEY DR, , ,,OAK PARK-E OF ANN ST,R-60-s,15000.0,USE,,MAINTENANCE,0,,,,STORM DRAINAGE,,b/t 203 and 207 Bradley Dr,M-6-J,ISAAC.MURRAY,1740684970000,CHRIS.WILLIAMS,1765403155000,14287.486822931003,500.35138992206
20448,38417.0,0.06412063,10 03 07 4 004 002.000,1003074004002000,CITY OF MONTGOMERY, ,103,N PERRY ST, ,MONTGOMERY,AL,36101,1111, ,E JEFFERSON ST, ,E JEFFERSON ST,897,592,554601600000,CLISBY PARK,T4-0,11200.0,USE,,POLICE,0, ,,,POLICE - RIPLEY PARKING,,50 feet W of N Jackson St,M-6-I-2,ISAAC.MURRAY,1740684970000,CHRIS.WILLIAMS,1765403155000,2793.0946626067926,273.4534096336677
20449,1665.0,14.41484289,04 07 35 2 001 004.000,0407352001004000,CITY OF MONTGOMERY, ,103,N PERRY ST, ,MONTGOMERY,AL,36104,1111, ,GUNTER PARK DR, ,GUNTER PARK DR, , ,,GUNTER AFB,INST,300000.0,USE,,PARKS & REC,0, ,,,WATER WORKS,,"Bounds-Congr WL Dickinson, Gunter Park & North Dr",M-2-DD,ISAAC.MURRAY,1740684970000,CHRIS.WILLIAMS,1765403155000,627910.5561158914,4486.62685804757
20450,33202.0,0.39542824,10 02 04 4 001 005.000,1002044001005000,CITY OF MONTGOMERY, , , , ,MONTGOMERY,AL,36101,0000, ,3305 BILTMORE AVE,3305,BILTMORE AVE, , ,,EASTBROOK,B-2,51000.0,USE,,FIRE,0, ,,,FIRE STATION 11,,,M-6-E,ISAAC.MURRAY,1740684970000,CHRIS.WILLIAMS,1765403155000,17224.85397927348,531.3910641075852
20451,38122.0,0.05342031,10 03 07 2 204 022.001,1003072204022001,CITY OF MONTGOMERY, ,103,N PERRY ST, ,MONTGOMERY,AL,36101,1111, ,411 N DECATUR ST,411,N DECATUR ST,1432,720,758246400000,CLISBY PARK,T4-O,18600.0,USE,,OLD ALABAMA TOWN,0, ,1756944000000,ACB,OLD ALABAMA TOWN,,,M-6-C-4,ISAAC.MURRAY,1740684970000,CHRIS.WILLIAMS,1765403155000,2326.9886715237644,201.59960997172715
20452,38117.0,1.64480071,10 03 07 2 204 017.000,1003072204017000,CITY OF MONTGOMERY, ,103,N PERRY ST, ,MONTGOMERY,AL,36104,1111, ,401 N HULL ST,401,N HULL ST, , ,,CLISBY PARK,T4-O,573200.0,USE,,PARKS & REC,0, ,1756944000000,ACB,KIWANIS PARK,,,M-6-C-4,ISAAC.MURRAY,1740684970000,CHRIS.WILLIAMS,1765403155000,71647.51886236315,1112.1138255730448
20453,38124.0,0.3927568,10 03 07 2 204 025.000,1003072204025000,CITY OF MONTGOMERY, ,103,N PERRY ST, ,MONTGOMERY,AL,36101,1111, ,420 N HULL ST,420,N HULL ST,1045,119,619660800000,CLISBY PARK,T4-O,336000.0,USE,,OLD ALABAMA TOWN,0, ,1756944000000,ACB,OLD ALABAMA TOWN,,,M-6-C-4,ISAAC.MURRAY,1740684970000,CHRIS.WILLIAMS,1765403155000,17108.48609964165,523.3347146470807
20454,38197.0,0.33287695,10 03 07 3 301 003.000,1003073301003000,CITY OF MONTGOMERY, ,2052,RIDGE AVE, ,MONTGOMERY,AL,36106, , ,401 MADISON AVE,401,MADISON AVE,779,64,509328000000,CLISBY PARK,T4-0,203000.0,USE,DOWNTOWN PLAN,OLD ALABAMA TOWN,0, ,1756944000000,ACB,OLD ALABAMA TOWN,DOWNTOWN PLAN,,M-6-I-1,ISAAC.MURRAY,1740684970000,CHRIS.WILLIAMS,1765403155000,14500.11999825755,500.002491517328
20455,38146.0,0.26818729,10 03 07 2 204 046.000,1003072204046000,CITY OF MONTGOMERY, ,103,N PERRY ST, ,MONTGOMERY,AL,36101,1111, ,309 N HULL ST,309,HULL ST N,1299,986,721958400000,CLISBY PARK,T4-O,181800.0,USE,,OLD ALABAMA TOWN,0, ,1756944000000,ACB,OLD ALABAMA TOWN,,,M-6-I-1,ISAAC.MURRAY,1740684970000,CHRIS.WILLIAMS,1765403155000,11682.238413459077,432.721359594627
20456,38245.0,0.16865889,10 03 07 3 302 024.000,1003073302024000,CITY OF MONTGOMERY, ,103,N PERRY ST, ,MONTGOMERY,AL,36101,1111, ,MONROE ST, ,MONROE ST,192,225,105235200000,CLISBY PARK,T5,132200.0,USE,DOWNTOWN PLAN,PARKS & REC,0, ,1756944000000,ACB,CITY HALL PARKING DECK,DOWNTOWN PLAN,SW portion of parking deck & exit,M-6-I-1,ISAAC.MURRAY,1740684970000,CHRIS.WILLIAMS,1765403155000,7346.7810524675315,400.41079232937085
20457,28532.0,2.06215824,10 01 02 1 000 004.000,1001021000004000,CITY OF MONTGOMERY, ,103,N PERRY ST, ,MONTGOMERY,AL,36101,1111, ,2710 LAGOON PARK DR,2710,LAGOON PARK DR, , ,,GUNTER AFB,M-1,67500.0,USE,,FIRE,0, ,,,FIRE STATION 5,,,M-6-F,ISAAC.MURRAY,1740684970000,CHRIS.WILLIAMS,1765403155000,89827.61305175308,1200.0021923824222
20458,38416.0,0.13058665,10 03 07 4 004 001.000,1003074004001000,CITY OF MONTGOMERY, ,103,N PERRY ST, ,MONTGOMERY,AL,36101,1111, ,N JACKSON ST, ,N JACKSON ST,897,592,554601600000,CLISBY PARK,T4-0,34100.0,USE,,POLICE,0, ,,,POLICE - RIPLEY PARKING,,SW corner of E Jefferson St & N Jackson St,M-6-I-2,ISAAC.MURRAY,1740684970000,CHRIS.WILLIAMS,1765403155000,5688.354293971781,324.20796243266614
20459,38123.0,0.43692173,10 03 07 2 204 024.000,1003072204024000,CITY OF MONTGOMERY, ,103,N PERRY ST, ,MONTGOMERY,AL,36101,1111, ,450 S HULL ST,450,S HULL ST,955,50,580521600000,CLISBY PARK,T4-O,565600.0,USE,,OLD ALABAMA TOWN,0, ,1756944000000,ACB,OLD ALABAMA TOWN,,,M-6-C-4,ISAAC.MURRAY,1740684970000,CHRIS.WILLIAMS,1765403155000,19032.310390712802,591.3516967912082
20460,38145.0,0.12379942,10 03 07 2 204 045.000,1003072204045000,CITY OF MONTGOMERY, ,103,N PERRY ST, ,MONTGOMERY,AL,36101,1111, ,301 N HULL ST,301,N HULL ST,584,406,404352000000,CLISBY PARK,T4-O,43100.0,USE,,OLD ALABAMA TOWN,0, ,1756944000000,ACB,OLD ALABAMA TOWN,,,M-6-I-1,ISAAC.MURRAY,1740684970000,CHRIS.WILLIAMS,1765403155000,5392.702616890901,311.4100357706835
20461,38118.0,0.40763579,10 03 07 2 204 018.000,1003072204018000,CITY OF MONTGOMERY, ,103,N PERRY ST, ,MONTGOMERY,AL,36101,1111, ,436 N MCDONOUGH ST,436,N MCDONOUGH ST,1420,717,754790400000,CLISBY PARK,T4-O,349700.0,USE,,OLD ALABAMA TOWN,0, ,1756944000000,ACB,OLD ALABAMA TOWN,,,M-6-C-4,ISAAC.MURRAY,1740684970000,CHRIS.WILLIAMS,1765403155000,17756.61486972006,553.3955228206248
20462,38120.0,0.29994138,10 03 07 2 204 021.000,1003072204021000,CITY OF MONTGOMERY, ,103,N PERRY ST, ,MONTGOMERY,AL,36101,1111, ,301 COLUMBUS ST,301,COLUMBUS ST,2098,519,954201600000,CLISBY PARK,T4-O,596000.0,USE,,OLD ALABAMA TOWN,0, ,1756944000000,,OLD ALABAMA TOWN,,,M-6-C-4,ISAAC.MURRAY,1740684970000,CHRIS.WILLIAMS,1765403155000,13065.44634267831,459.5950571506749
20463,38195.0,0.7475451,10 03 07 3 301 001.000,1003073301001000,CITY OF MONTGOMERY, ,103,N PERRY ST, ,MONTGOMERY,AL,36101,1111, ,432 E JEFFERSON ST,432,E JEFFERSON ST,1878,801,899164800000,CLISBY PARK,T4-O,757600.0,USE,,OLD ALABAMA TOWN,0, ,1756944000000,ACB,OLD ALABAMA TOWN,,,M-6-I-1,ISAAC.MURRAY,1740684970000,CHRIS.WILLIAMS,1765403155000,32563.0644923779,947.5311348954496
20464,38148.0,0.07856728,10 03 07 2 204 048.000,1003072204048000,CITY OF MONTGOMERY, ,310,N HULL ST, ,MONTGOMERY,AL,36104,3644, ,317 N HULL ST,317,N HULL ST,1299,986,721958400000,CLISBY PARK,T4-O,68200.0,USE,,OLD ALABAMA TOWN,0, ,1756944000000,ACB,OLD ALABAMA TOWN,,,M-6-I-1,ISAAC.MURRAY,1740684970000,CHRIS.WILLIAMS,1765403155000,3422.390520743462,273.42623280147996
20465,38133.0,0.52856484,10 03 07 2 204 034.000,1003072204034000,CITY OF MONTGOMERY, , , , ,MONTGOMERY,AL,36104,0000, ,360 N HULL ST,360,N HULL ST,283,142,184377600000,CLISBY PARK,T4-O,184200.0,USE,,OLD ALABAMA TOWN,0, ,1756944000000,ACB,OLD ALABAMA TOWN,,,M-6-I-1,ISAAC.MURRAY,1740684970000,CHRIS.WILLIAMS,1765403155000,23024.284525406547,607.0009541768859
20466,38128.0,0.04588432,10 03 07 2 204 030.000,1003072204030000,CITY OF MONTGOMERY, ,103,N PERRY ST, ,MONTGOMERY,AL,36101,1111, ,411 N DECATUR ST,411,N DECATUR ST,1252,740,707529600000,CLISBY PARK,T4-O,12000.0,USE,,OLD ALABAMA TOWN,0, ,1756944000000,ACB,OLD ALABAMA TOWN,,,M-6-C-4,ISAAC.MURRAY,1740684970000,CHRIS.WILLIAMS,1765403155000,1998.7210936123167,191.49926528211287
20467,38137.0,0.11784957,10 03 07 2 204 038.000,1003072204038000,CITY OF MONTGOMERY, ,103,N PERRY ST, ,MONTGOMERY,AL,36101,1111, ,325 N HULL ST,325,N HULL ST,1299,986,721958400000,CLISBY PARK,T4-O,149900.0,USE,,OLD ALABAMA TOWN,0, ,1756944000000,ACB,OLD ALABAMA TOWN,,,M-6-I-1,ISAAC.MURRAY,1740684970000,CHRIS.WILLIAMS,1765403155000,5133.527336060208,306.429297686917
20468,38399.0,5.87615973,10 03 07 4 002 001.000,1003074002001000,CITY OF MONTGOMERY, ,103,N PERRY ST, ,MONTGOMERY,AL,36101,1111, ,1021 MADISON AVE,1021,MADISON AVE, , ,,CLISBY PARK,T5,3842000.0,USE,DOWNTOWN PLAN,PARKS & REC,0, ,,,MUNICIPAL COURT,DOWNTOWN PLAN,"N side, across from Cramton Bowl",M-6-I-2,ISAAC.MURRAY,1740684970000,CHRIS.WILLIAMS,1765403155000,255965.5176606247,2372.4971028227033
20469,38125.0,0.69809795,10 03 07 2 204 026.000,1003072204026000,CITY OF MONTGOMERY, ,103,N PERRY ST, ,MONTGOMERY,AL,36101,1111, ,410 COLUMBUS ST,410,COLUMBUS ST,545,431,373075200000,CLISBY PARK,T4-O,243300.0,USE,,OLD ALABAMA TOWN,0, ,1756944000000,ACB,OLD ALABAMA TOWN,,,M-6-C-4,ISAAC.MURRAY,1740684970000,CHRIS.WILLIAMS,1765403155000,30409.146747914714,936.0164436685966
20470,38198.0,0.18365793,10 03 07 3 301 004.000,1003073301004000,CITY OF MONTGOMERY, ,103,N PERRY ST, ,MONTGOMERY,AL,36101,1111, ,419 MADISON AVE,419,MADISON AVE,782,289,509932800000,CLISBY PARK,T4-0,126700.0,USE,DOWNTOWN PLAN,OLD ALABAMA TOWN,0, ,1756944000000,,OLD ALABAMA TOWN,DOWNTOWN PLAN,,M-6-I-1,ISAAC.MURRAY,1740684970000,CHRIS.WILLIAMS,1765403155000,8000.139551966669,420.0010451444036
20471,36385.0,1.292796,10 03 05 1 004 041.000,1003051004041000,CITY OF MONTGOMERY, , , , ,MONTGOMERY,AL,36104,0000, ,2805 WILLENA AV,2805,WILLENA AV, , ,,HIGHLAND GARDENS,INST,19400.0,USE,,PARKS & REC,0, ,,,HIGHLAND GARDEN COMMUNITY CENTER,,,M-6-D,ISAAC.MURRAY,1740684970000,CHRIS.WILLIAMS,1765403155000,56314.19390897197,1652.047534253114
20472,25959.0,0.91832756,09 09 30 1 000 001.002,0909301000001002,CITY OF MONTGOMERY, ,103,N PERRY ST, ,MONTGOMERY,AL,36101,1111, ,2685 BELL RD,2685,BELL RD,478,746,321580800000,BRIGHTON ESTATES,B-4,30000.0,USE,,FIRE,0, ,,,FIRE STATION 13,,,"M-7-M, M-7-S",ISAAC.MURRAY,1740684970000,CHRIS.WILLIAMS,1765403155000,40002.34830519371,800.0238293967661
20473,38130.0,0.18730288,10 03 07 2 204 033.001,1003072204033001,CITY OF MONTGOMERY, ,310,HULL ST N, ,MONTGOMERY,AL,36104,0000, ,423 E JEFFERSON ST,423,E JEFFERSON ST,1299,986,721958400000,CLISBY PARK,T4-O,77300.0,USE,,OLD ALABAMA TOWN,0, ,1756944000000,ACB,OLD ALABAMA TOWN,,,M-6-I-1,ISAAC.MURRAY,1740684970000,CHRIS.WILLIAMS,1765403155000,8158.913254232865,412.01877658926287
20474,38134.0,0.35009387,10 03 07 2 204 035.000,1003072204035000,CITY OF MONTGOMERY, ,103,N PERRY ST, ,MONTGOMERY,AL,36101,1111, ,304 N HULL ST,304,N HULL ST,1299,986,721958400000,CLISBY PARK,T4-O,452300.0,USE,,OLD ALABAMA TOWN,0, ,1756944000000,ACB,OLD ALABAMA TOWN,,,M-6-I-1,ISAAC.MURRAY,1740684970000,CHRIS.WILLIAMS,1765403155000,15250.089037823416,505.03236411764595
20475,38196.0,0.57823273,10 03 07 3 301 002.000,1003073301002000,CITY OF MONTGOMERY, , , , ,MONTGOMERY,AL,36104,0000, ,220 N HULL ST,220 ,N HULL ST,45,505,-2033856000000,CLISBY PARK,T4-O,739300.0,USE,,OLD ALABAMA TOWN,0, ,1756944000000,ACB,OLD ALABAMA TOWN,,also 230 N Hull St,M-6-I-1,ISAAC.MURRAY,1740684970000,CHRIS.WILLIAMS,1765403155000,25187.817508314565,642.5296554318938
20476,34238.0,0.22038788,10 02 09 2 020 015.000,1002092020015000,CITY OF MONTGOMERY, ,103,N PERRY ST, ,MONTGOMERY,AL,36101,1111, ,19 ARDEN RD,19,ARDEN RD,1692,151,841363200000,EASTBROOK,R-100,27000.0,AVAILABLE,,VACANT LOT CREW,0,Surplus,,,LISTED FOR SALE ON CITY WEBSITE,,,M-6-D,ISAAC.MURRAY,1740684970000,CHRIS.WILLIAMS,1765403155000,9600.095945535328,440.00258528342306
20477,34663.0,0.20117751,10 02 09 3 019 022.000,1002093019022000,CITY OF MONTGOMERY, , , ,PO BOX 1111,MONTGOMERY,AL,36101,0000, ,BRADLEY DR, ,BRADLEY DR, , ,,OAK PARK-E OF ANN ST,R-60-s,15000.0,USE,,MAINTENANCE,0,,,,STORM DRAINAGE,,b/t 204 & 206 Bradley Dr,M-6-J,ISAAC.MURRAY,1740684970000,CHRIS.WILLIAMS,1765403155000,8763.292377237827,425.2018110656339
20478,1655.0,115.30335267,04 07 35 1 000 001.000,0407351000001000,CITY OF MONTGOMERY, ,103,N PERRY ST, ,MONTGOMERY,AL,36101,1111, ,2635 GUNTER PARK DR E,2635,GUNTER PARK DR E, , ,,GUNTER AFB,INST,2306000.0,USE,,PARKS & REC,0, ,,,LAGOON PARK,,"NW portion of Lagoon Park, Pete Peterson Lodge",M-2-DD,ISAAC.MURRAY,1740684970000,CHRIS.WILLIAMS,1765403155000,5022614.0424989015,10727.852976916356
20479,1664.0,0.79925214,04 07 35 2 001 003.000,0407352001003000,CITY OF MONTGOMERY, ,103,N PERRY ST, ,MONTGOMERY,AL,36101,1111, ,GUNTER PARK DR, ,GUNTER PARK DR,153,492,-1297900800000,GUNTER AFB,INST,180000.0,USE,,MAINTENANCE,0, ,,,WATER WORKS,,NE int of Congr W L Dickinson and Gunter Park Dr,M-2-DD,ISAAC.MURRAY,1740684970000,CHRIS.WILLIAMS,1765403155000,34815.42319930078,1027.4015145954181
20480,38418.0,0.0649642,10 03 07 4 004 003.000,1003074004003000,CITY OF MONTGOMERY, ,103,N PERRY ST, ,MONTGOMERY,AL,36101,1111, ,840 E JEFFERSON ST,840,E JEFFERSON ST,1702,918,845424000000,CLISBY PARK,T4-0,14200.0,USE,,POLICE,0, ,,,POLICE - RIPLEY PARKING,,,M-6-I-2,ISAAC.MURRAY,1740684970000,CHRIS.WILLIAMS,1765403155000,2829.840594814434,275.1723137194586
20481,36965.0,0.17128214,10 03 05 4 004 044.000,1003054004044000,CITY OF MONTGOMERY, , , , ,MONTGOMERY,AL,36104,0000, ,LUCAS DR, ,LUCAS DR, , ,,HIGHLAND GARDENS,R-65-d,7500.0,AVAILABLE,,VACANT LOT CREW,0,Surplus,,,LISTED FOR SALE ON CITY WEBSITE,,"S side, 505 ft W of Upper Wetumpka Rd",M-6-D,ISAAC.MURRAY,1740684970000,CHRIS.WILLIAMS,1765403155000,7461.050155513938,399.748731836277
20482,36840.0,0.39384975,10 03 05 2 008 011.000,1003052008011000,CITY OF MONTGOMERY, ,103,N PERRY ST, ,MONTGOMERY,AL,36101,1111, ,GEORGE MULL ST, ,GEORGE MULL ST,195,381,-1040860800000,HIGHLAND GARDENS,R-65-s,8600.0,USE,,WATER WORKS,0, ,,,WATER WORKS,,E side of George Mull St,M-6-C-2,ISAAC.MURRAY,1740684970000,CHRIS.WILLIAMS,1765403155000,17156.09525072871,547.4953723734375
20483,38419.0,0.16742926,10 03 07 4 004 004.000,1003074004004000,CITY OF MONTGOMERY, ,103,N PERRY ST, ,MONTGOMERY,AL,36101,1111, ,836 E JEFFERSON ST,836,E JEFFERSON ST,1718,812,849225600000,CLISBY PARK,T4-0,37500.0,USE,,POLICE,0, ,,,POLICE - RIPLEY PARKING,,,M-6-I-2,ISAAC.MURRAY,1740684970000,CHRIS.WILLIAMS,1765403155000,7293.218449775243,392.811525275557
20484,36786.0,0.1314856,10 03 05 2 006 003.000,1003052006003000,CITY OF MONTGOMERY, ,103,N PERRY ST, ,MONTGOMERY,AL,36101,1111, ,S OF PAULINE ST, ,S OF PAULINE ST, , ,,HIGHLAND GARDENS,R-65-s,2900.0,AVAILABLE,,VACANT LOT CREW,0,Surplus,,,LISTED FOR SALE ON CITY WEBSITE,,"E side, b/t 2270 & 2276 Lower Wetumpka Rd",M-6-C-2,ISAAC.MURRAY,1740684970000,CHRIS.WILLIAMS,1765403155000,5727.5129146491745,337.71607032630004
20485,11916.0,1.39128832,09 02 09 3 000 003.000,0902093000003000,CITY OF MONTGOMERY, ,103,N PERRY ST, ,MONTGOMERY,AL,36101,1111, ,441 TAYLOR RD,441,TAYLOR RD,1009,504,604022400000,COPPERFIELD,INST,324200.0,USE,,FIRE,0, ,,,FIRE STATION 15,,,M-7-H,ISAAC.MURRAY,1740684970000,CHRIS.WILLIAMS,1765403155000,60604.519027216025,1297.102544383941
20486,36966.0,0.0344357,10 03 05 4 004 045.000,1003054004045000,CITY OF MONTGOMERY, , , , ,MONTGOMERY,AL,36104,0000, ,LUCAS DR, ,LUCAS DR, , ,,HIGHLAND GARDENS,R-65-d,1000.0,AVAILABLE,,VACANT LOT CREW,0,Surplus,,,LISTED FOR SALE ON CITY WEBSITE,,"15-ft strip on S side, 550 ft NW of Lucas Dr",M-6-D,ISAAC.MURRAY,1740684970000,CHRIS.WILLIAMS,1765403155000,1500.0188987687015,230.00011374560034
20487,36939.0,7.08733033,10 03 05 4 004 032.000,1003054004032000,CITY OF MONTGOMERY, ,,,PO BOX 1111,MONTGOMERY,AL,36101,1111,,KINGS HILL PK, ,KINGS HILL PK, , ,,KINGHILL,R-65-s,41300.0,USE,,PARKS & REC,0, ,,,KING HILL COMMUNITY CENTER,,Surrounding 814 E Clarmont St,M-6-D,ISAAC.MURRAY,1740684970000,CHRIS.WILLIAMS,1765403155000,308724.10920614377,4752.655921528267
20488,37823.0,40.46894297,10 03 06 4 030 001.000,1003064030001000,CITY OF MONTGOMERY, ,103,N PERRY ST, ,MONTGOMERY,AL,36101,1111,ATTN LEGAL DEPT,BLACKBURN AVE, ,BLACKBURN AVE,3997,196,1264377600000,CLISBY PARK,M-1,201500.0,USE,,MAINTENANCE,0, ,,,CYPRESS CREEK,,NE of City Lot,"M-6-C-2, M-6-C-3",ISAAC.MURRAY,1740684970000,CHRIS.WILLIAMS,1765403155000,1762827.1556251834,5965.244016145188
20489,37824.0,1.27130099,10 03 07 1 001 001.000,1003071001001000,CITY OF MONTGOMERY, ,103,N PERRY ST, ,MONTGOMERY,AL,36101,1111, ,RIPLEY ST, ,RIPLEY ST, , ,,CLISBY PARK,INST,0.0,USE,,PARKS & REC/MAINTENANCE,0, ,,,CITY LOT,,Gas tanks & warehouse abutting N Ripley,M-6-C-3,ISAAC.MURRAY,1740684970000,CHRIS.WILLIAMS,1765403155000,55377.87090936997,957.9412224768964
20490,36940.0,6.56048722,10 03 05 4 004 033.000,1003054004033000,CITY OF MONTGOMERY, ,103,N PERRY ST, ,MONTGOMERY,AL,36101,1111, ,814 E CLARMONT AVE,814,E CLARMONT AVE, , ,,KINGHILL,R-65-s,46400.0,USE,,PARKS & REC,0, ,,,KING HILL COMMUNITY CENTER,,,M-6-D,ISAAC.MURRAY,1740684970000,CHRIS.WILLIAMS,1765403155000,285774.82320333185,2388.61719053794
20491,36872.0,146.56760154,10 03 05 3 000 001.000,1003053000001000,CITY OF MONTGOMERY, ,103,N PERRY ST, ,MONTGOMERY,AL,36101,1111,ATTN LEGAL DEPT,BLACKBURN ST, ,BLACKBURN ST,3997,196,1264377600000,CLISBY PARK,FH,729500.0,USE,,MAINTENANCE,0, ,,,CYPRESS CREEK AREA,,S of 1480 Fourney St,"M-6-C-2, M-6-C-3, M-6-D",ISAAC.MURRAY,1740684970000,CHRIS.WILLIAMS,1765403155000,6384484.723018737,12295.579395492176
20492,37898.0,4.84252843,10 03 07 1 010 001.000,1003071010001000,CITY OF MONTGOMERY, ,103,N PERRY ST, ,MONTGOMERY,AL,36101,1111, ,1215 MADISON AVE,1215,MADISON AVE,600,600,416102400000,CAPITOL HEIGHTS,INST,1076000.0,USE,DOWNTOWN PLAN,PARKS & REC,0, ,,,PATERSON FIELD / ALABAMA PUBLIC RADIO STATION,DOWNTOWN PLAN,,"M-6-C-3, M-6-I-2",ISAAC.MURRAY,1740684970000,CHRIS.WILLIAMS,1765403155000,210940.53848706873,1945.4436805523467
20493,37310.0,0.14902077,10 03 06 1 004 001.000,1003061004001000,CITY OF MONTGOMERY, , , , ,MONTGOMERY,AL,36101,0000, ,N DECATUR ST, ,DECATUR ST, , ,,CLISBY PARK,R-65-d,1200.0,USE,,WATER WORKS,0,,,,LISTED FOR SALE ON CITY WEBSITE,,NE of 1852 N Decatur St,M-6-C-2,ISAAC.MURRAY,1740684970000,CHRIS.WILLIAMS,1765403155000,6491.344644213562,421.28428453587446
20494,38460.0,1.2209015,10 03 07 4 011 003.000,1003074011003000,CITY OF MONTGOMERY, ,103,N PERRY ST, ,MONTGOMERY,AL,36101,1111, ,1004 MADISON AVE,1004,MADISON AVE, , ,,CLISBY PARK,T5,654000.0,USE,DOWNTOWN PLAN,PARKS & REC,0, ,,,CURB MARKET,DOWNTOWN PLAN,,M-6-I-2,ISAAC.MURRAY,1740684970000,CHRIS.WILLIAMS,1765403155000,53182.4694267095,971.8549109371562
20495,38908.0,0.21301038,10 03 08 1 020 004.000,1003081020004000,CITY OF MONTGOMERY, , , ,PO BOX 1111,MONTGOMERY,AL,36101,0000, ,507 N CALIFORNIA ST,507,N CALIFORNIA ST, , ,,CAPITOL HEIGHTS,R-60-s,20500.0,USE,,VACANT LOT CREW,0,,,,FIRE,,,M-6-D,ISAAC.MURRAY,1740684970000,CHRIS.WILLIAMS,1765403155000,9278.732019210647,505.01751699542075
20496,37375.0,0.09206045,10 03 06 1 009 005.001,1003061009005001,CITY OF MONTGOMERY, ,103,N PERRY ST, ,MONTGOMERY,AL,36101,1111, ,FOSTER ST, ,FOSTER ST,527,586,357004800000,CLISBY PARK,R-65-d,600.0,USE,,VACANT LOT CREW,0, ,,,STORM DRAINAGE,,"E side, S of 1808 Foster St",M-6-C-2,ISAAC.MURRAY,1740684970000,CHRIS.WILLIAMS,1765403155000,4010.1532517538426,280.70860265821517
20497,37901.0,2.42663327,10 03 07 1 010 004.000,1003071010004000,CITY OF MONTGOMERY, ,103,N PERRY ST, ,MONTGOMERY,AL,36101,1111, ,320 N RIPLEY ST,320,N RIPLEY ST, , ,,CLISBY PARK,T4-0,632500.0,USE,,POLICE,0, ,,,POLICE,,,M-6-I-2,ISAAC.MURRAY,1740684970000,CHRIS.WILLIAMS,1765403155000,105704.14534073783,1294.0267745996919
20498,38086.0,0.96885795,10 03 07 2 203 014.000,1003072203014000,CITY OF MONTGOMERY, ,103,N PERRY ST, ,MONTGOMERY,AL,36101,1111, ,440 N LAWRENCE ST,440,LAWRENCE ST,2748,7,1064793600000,CLISBY PARK,T4-O,800000.0,USE,,PARKS & REC,0, ,1756944000000,ACB,PARKING LOT,,,M-6-C-4,ISAAC.MURRAY,1740684970000,CHRIS.WILLIAMS,1765403155000,42203.4521293592,821.8007955113753
20499,37900.0,0.84338806,10 03 07 1 010 003.000,1003071010003000,CITY OF MONTGOMERY, ,103,N PERRY ST, ,MONTGOMERY,AL,36101,1111, ,UPPER WETUMPKA RD, ,UPPER WETUMPKA RD, , ,,CLISBY PARK,T4-0,219500.0,USE,,POLICE,0, ,,,POLICE,,Bounded by N Jackson & Upper Wetumpka Rd ,M-6-I-2,ISAAC.MURRAY,1740684970000,CHRIS.WILLIAMS,1765403155000,36737.98369421029,963.5337929273946
20500,36853.0,63.47242058,10 03 05 2 008 029.000,1003052008029000,CITY OF MONTGOMERY, ,103,N PERRY ST, ,MONTGOMERY,AL,36101,1111,ATTN LEGAL DEPT,LOWER WETUMPKA RD, ,LOWER WETUMPKA RD,3997,196,1264377600000,HIGHLAND GARDENS,M-1,317000.0,USE,,MAINTENANCE,0, ,,,CYPRESS CREEK AREA,,"Bounded by Kansas, Lower Wetumpka, & Speigle","M-6-C-2, M-6-D",ISAAC.MURRAY,1740684970000,CHRIS.WILLIAMS,1765403155000,2764858.6405529464,9573.78273430107
20501,39211.0,5.88846669,10 03 08 2 001 058.001,1003082001058001,CITY OF MONTGOMERY, ,103,N PERRY ST, ,MONTGOMERY,AL,36101,1111,ATTN LEGAL DEPT,UPPER WETUMPKA RD, ,UPPER WETUMPKA RD,3997,196,1264377600000,CAPITOL HEIGHTS,INST,91500.0,USE,,MAINTENANCE,0, ,,,CYPRESS CREEK,,E of 911 Communications Pkwy,M-6-C-3,ISAAC.MURRAY,1740684970000,CHRIS.WILLIAMS,1765403155000,256501.608988867,2286.094680427134
20502,38398.0,0.53280104,10 03 07 4 001 001.000,1003074001001000,CITY OF MONTGOMERY, ,103,N PERRY ST, ,MONTGOMERY,AL,36101,1111, ,MADISON AVE, ,MADISON AVE,600,600,416102400000,CLISBY PARK,INST,126000.0,USE,DOWNTOWN PLAN,PARKS & REC,0, ,,,PATERSON FIELD,DOWNTOWN PLAN,parking lot at Madison Av,M-6-I-2,ISAAC.MURRAY,1740684970000,CHRIS.WILLIAMS,1765403155000,23208.81341166922,695.360206667432
20503,38119.0,0.11753584,10 03 07 2 204 020.000,1003072204020000,CITY OF MONTGOMERY, ,103,N PERRY ST, ,MONTGOMERY,AL,36101,1111, ,416 N MCDONOUGH ST,416,N MCDONOUGH ST,1454,250,760752000000,CLISBY PARK,T4-O,41000.0,USE,,OLD ALABAMA TOWN,0, ,1756944000000,ACB,OLD ALABAMA TOWN,,N of 301 Columbus St,M-6-C-4,ISAAC.MURRAY,1740684970000,CHRIS.WILLIAMS,1765403155000,5119.861085564638,304.82019501433706
20504,39375.0,7.64834658,10 03 08 2 014 003.000,1003082014003000,CITY OF MONTGOMERY, ,103,N PERRY ST, ,MONTGOMERY,AL,36101,1111, ,1300 UPPER WETUMPKA RD,1300,UPPER WETUMPKA RD,600,600,416102400000,CAPITOL HEIGHTS,INST,535500.0,USE,,PARKS & REC,0, ,,,PATERSON FIELD,,,"M-6-C-3, M-6-I-2",ISAAC.MURRAY,1740684970000,CHRIS.WILLIAMS,1765403155000,333161.9771595375,2402.234107226571
20505,38126.0,0.12702813,10 03 07 2 204 028.000,1003072204028000,CITY OF MONTGOMERY, ,103,N PERRY ST, ,MONTGOMERY,AL,36101,1111, ,401 N DECATUR ST, 401,N DECATUR ST,767,541,504748800000,CLISBY PARK,T4-O,57400.0,USE,,OLD ALABAMA TOWN,0, ,1756944000000,ACB,OLD ALABAMA TOWN,,,M-6-C-4,ISAAC.MURRAY,1740684970000,CHRIS.WILLIAMS,1765403155000,5533.345513885794,394.7483421673328
20506,38138.0,0.08380704,10 03 07 2 204 038.001,1003072204038001,CITY OF MONTGOMERY, ,103,N PERRY ST, ,MONTGOMERY,AL,36101,1111, ,321 N HULL ST,321,HULL ST N,1299,986,721958400000,CLISBY PARK,T4-O,89000.0,USE,,OLD ALABAMA TOWN,0, ,1756944000000,ACB,OLD ALABAMA TOWN,,,M-6-I-1,ISAAC.MURRAY,1740684970000,CHRIS.WILLIAMS,1765403155000,3650.6348507608327,277.82855170956856
20507,39408.0,0.89996682,10 03 08 2 016 006.000,1003082016006000,CITY OF MONTGOMERY, , , , ,MONTGOMERY,AL,36101,0000, ,1514 ST CHARLES AVE,1514,ST CHARLES AVE,199,466,-1039219200000,CAPITOL HEIGHTS,R-60-s,18000.0,USE,,WATER WORKS,0, ,,,WATER TANK,,SE corner of St Charles Av and N Hopper St,M-6-I-2,ISAAC.MURRAY,1740684970000,CHRIS.WILLIAMS,1765403155000,39202.55454493547,798.1761666612629
20508,37799.0,0.14553071,10 03 06 4 025 041.000,1003064025041000,CITY OF MONTGOMERY, ,103,N PERRY ST, ,MONTGOMERY,AL,36101,1111, ,HOWE ST, ,HOWE ST, , ,,CLISBY PARK,M-1,0.0,USE,,VACANT LOT CREW,0, ,,,DRAINAGE EASEMENT,,"N side, 150 ft ffrom N Decatur St",M-6-C-3,ISAAC.MURRAY,1740684970000,CHRIS.WILLIAMS,1765403155000,6339.317711189911,382.3652669436405
20509,37821.0,17.11416576,10 03 06 4 029 001.000,1003064029001000,CITY OF MONTGOMERY, ,103,N PERRY ST, ,MONTGOMERY,AL,36101,1111, ,1428 COMMUNICATIONS PKWY,1428,COMMUNICATIONS PKWY, , ,,CLISBY PARK,INST,192000.0,USE,,MAINTENANCE/PARKS & REC,0, ,,,POLICE/CITY LOT,,N Sec of City Lot/K-9 Unit,M-6-C-3,ISAAC.MURRAY,1740684970000,CHRIS.WILLIAMS,1765403155000,745493.060501006,4141.605313270567
20511,45726.0,0.45204837,10 04 20 2 023 011.000,1004202023011000,CITY OF MONTGOMERY, ,14,MADISON AVE, ,MONTGOMERY,AL,36104,2518, ,1329 E FAIRVIEW AVE,1329,E FAIRVIEW AVE, , ,,CLOVERDALE,INST,85000.0,USE,W MONTGOMERY INITIATIVE,FIRE,0, ,,,FIRE STATION 7,W MONTGOMERY INITIATIVE,,M-6-P,ISAAC.MURRAY,1740684970000,CHRIS.WILLIAMS,1765403155000,19691.227112574637,561.9321835353395
20512,46157.0,0.01491525,10 05 15 1 002 031.001,1005151002031001,CITY OF MONTGOMERY, ,103,N PERRY ST, ,MONTGOMERY,AL,36101,1111, ,PERRY HILL RD, ,PERRY HILL RD,423,86,283564800000,LAKEVIEW HEIGHTS,R-75-s,100.0,USE,,MAINTENANCE,0, ,,,STORM DRAINAGE,,5-foot strip b/t 444 & 520 Perry Hill Rd,M-6-K,ISAAC.MURRAY,1740684970000,CHRIS.WILLIAMS,1765403155000,649.7082058865446,270.2410714190498
20513,46222.0,2.86879986,10 05 15 1 005 003.000,1005151005003000,CITY OF MONTGOMERY, ,103,N PERRY ST, ,MONTGOMERY,AL,36101,1111, ,3721 HARRISON RD,3721,HARRISON RD,988,831,594518400000,FOREST HILLS,R-75-s,38300.0,USE,,PARKS & REC,0, ,,,FOREST HILLS PARK,,,M-6-K,ISAAC.MURRAY,1740684970000,CHRIS.WILLIAMS,1765403155000,124964.92200186441,1566.615699251888
20514,39925.0,0.17218118,10 03 08 4 007 011.004,1003084007011004,CITY OF MONTGOMERY, ,103,N PERRY ST, ,MONTGOMERY,AL,36101,1111, ,MADISON TER, ,MADISON TER,1696,10,843523200000,CAPITOL HEIGHTS,R-60-s,5200.0,USE,,PARKS & REC,0, ,,,VICKERS PARK,,"E side, 175 ft S of Capitol Av",M-6-J,ISAAC.MURRAY,1740684970000,CHRIS.WILLIAMS,1765403155000,7500.212163526571,400.0048009330582
20515,39922.0,0.17218028,10 03 08 4 007 011.001,1003084007011001,CITY OF MONTGOMERY, ,103,N PERRY ST, ,MONTGOMERY,AL,36101,1111, ,JAMES AVE, ,JAMES AVE,1696,10,843523200000,CAPITOL HEIGHTS,R-60-s,5200.0,USE,,PARKS & REC,0, ,,,VICKERS PARK,,"N side, 85 ft E of S Madison Terrace",M-6-J,ISAAC.MURRAY,1740684970000,CHRIS.WILLIAMS,1765403155000,7500.17317426948,400.0046517239085
20516,39780.0,0.09228636,10 03 08 3 022 019.000,1003083022019000,CITY OF MONTGOMERY, ,103,N PERRY ST, ,MONTGOMERY,AL,36101,1111, ,E WASHINGTON ST, ,E WASHINGTON ST,381,408,258249600000,FINLEY/ASU AREA,M-1,1800.0,USE,,WATER WORKS,0, ,,,WATER WORKS,,behind parking lot of 1436 E Washington St,M-6-I-2,ISAAC.MURRAY,1740684970000,CHRIS.WILLIAMS,1765403155000,4019.994014693805,254.0000330075765
20517,37810.0,0.5437264,10 03 06 4 028 001.001,1003064028001001,CITY OF MONTGOMERY, ,103,N PERRY ST, ,MONTGOMERY,AL,36101,1111, ,N RIPLEY ST, ,N RIPLEY ST, , ,,CLISBY PARK,M-1,1500.0,USE,,MAINTENANCE,0, ,,,STORM DRAINAGE,,Ditch b/t 1327 and 1357 N Ripley St,M-6-C-3,ISAAC.MURRAY,1740684970000,CHRIS.WILLIAMS,1765403155000,23684.721828294925,891.8961792052629
20518,32611.0,0.38296383,10 02 04 1 001 005.000,1002041001005000,CITY OF MONTGOMERY, , , , ,MONTGOMERY,AL,36101,0000, ,840 COLISEUM BLVD,840,COLISEUM BLVD, , ,,BONNIE CREST,INST,49700.0,USE,,PARKS & REC,0, ,,,COLISEUM BRANCH LIBRARY,,,M-6-E,ISAAC.MURRAY,1740684970000,CHRIS.WILLIAMS,1765403155000,16681.90430639201,619.7507755042268
20519,39924.0,0.17217378,10 03 08 4 007 011.003,1003084007011003,CITY OF MONTGOMERY, ,103,N PERRY ST, ,MONTGOMERY,AL,36101,1111, ,MADISON TER, ,MADISON TER,1696,10,843523200000,CAPITOL HEIGHTS,R-60-s,5200.0,USE,,PARKS & REC,0, ,,,VICKERS PARK,,"E side, 150 ft N of James Av",M-6-J,ISAAC.MURRAY,1740684970000,CHRIS.WILLIAMS,1765403155000,7499.8898656746405,400.00053002086224
20520,39546.0,2.67391869,10 03 08 3 005 003.000,1003083005003000,CITY OF MONTGOMERY, , , , ,MONTGOMERY,AL,36104,0000, ,MADISON AVE, ,MADISON AVE,600,600,416102400000,CAPITOL HEIGHTS,INST,182300.0,USE,DOWNTOWN PLAN,PARKS & REC,0, ,,,PATERSON FIELD,DOWNTOWN PLAN,parking lot at Madison Av,M-6-I-2,ISAAC.MURRAY,1740684970000,CHRIS.WILLIAMS,1765403155000,116475.89798848459,1475.0796204887342
20521,39031.0,0.07174222,10 03 08 1 027 011.000,1003081027011000,CITY OF MONTGOMERY, , , ,PO BOX 1111,MONTGOMERY,AL,36101,0000, ,MARYLAND AVE, ,MARYLAND AVE, , ,,CAPITOL HEIGHTS,R-60-s,4800.0,AVAILABLE,,VACANT LOT CREW,0,,,,,,behind 2103-2111 Winona and 2100-2108 Yancey,M-6-D,ISAAC.MURRAY,1740684970000,CHRIS.WILLIAMS,1765403155000,3125.0911785516687,300.0065481470905
20522,38459.0,1.24831955,10 03 07 4 011 002.000,1003074011002000,CITY OF MONTGOMERY, ,103,N PERRY ST, ,MONTGOMERY,AL,36101,1111, ,1018 MADISON AVE,1018,MADISON AVE,225,127,136252800000,CLISBY PARK,T5,543800.0,USE,DOWNTOWN PLAN,PARKS & REC,0, ,,,ARMORY LEARNING ARTS CENTER,DOWNTOWN PLAN,,M-6-I-2,ISAAC.MURRAY,1740684970000,CHRIS.WILLIAMS,1765403155000,54376.79947474775,977.0448422632142
20523,38461.0,11.92556071,10 03 07 4 011 004.000,1003074011004000,CITY OF MONTGOMERY, ,103,N PERRY ST, ,MONTGOMERY,AL,36101,1111, ,MADISON AT HALL, ,MADISON AT HALL,600,598,416102400000,CLISBY PARK,T5,2082500.0,USE,DOWNTOWN PLAN,PARKS & REC,0, ,,,CRAMTON BOWL / PARKING,DOWNTOWN PLAN,Multisport Complex and parking lot,M-6-I-2,ISAAC.MURRAY,1740684970000,CHRIS.WILLIAMS,1765403155000,519477.4247277373,3648.7889430128002
20524,37581.0,0.01910998,10 03 06 4 004 018.001,1003064004018001,CITY OF MONTGOMERY, ,103,N PERRY ST, ,MONTGOMERY,AL,36104,1111, ,FERGUSON ST, ,FERGUSON ST,530,737,360201600000,CLISBY PARK,R-65-d,200.0,USE,,MAINTENANCE,0, ,,,RIGHT-OF-WAY,,SE end of Ferguson St,M-6-C-2,ISAAC.MURRAY,1740684970000,CHRIS.WILLIAMS,1765403155000,832.430594496592,137.4140450974768
20525,41059.0,0.33306675,10 04 17 2 012 004.000,1004172012004000,CITY OF MONTGOMERY, ,103,N PERRY ST, ,MONTGOMERY,AL,36101,1111, ,1514 HIGHLAND AVE,1514,HIGHLAND AVE, , ,,OAK PARK-W OF FOREST AV,B-2,21800.0,USE,,POLICE,0, ,,,POLICE,,,M-6-I-3,ISAAC.MURRAY,1740684970000,CHRIS.WILLIAMS,1765403155000,14508.38773704843,483.21314281731037
20526,54940.0,2.20958824,10 07 36 3 000 003.001,1007363000003001,CITY OF MONTGOMERY, ,103,N PERRY ST, ,MONTGOMERY,AL,36101,1111, ,4450 BREWBAKER DR,4450,BREWBAKER DR,573,205,391305600000,CARRIAGE HILLS,AGR-1,55300.0,USE,,PARKS & REC,0, ,,,BREWBAKER PARK AND COMMUNITY CENTER,,,"M-6-X, M-6-DD",ISAAC.MURRAY,1740684970000,CHRIS.WILLIAMS,1765403155000,96249.66367997508,1249.998365696765
20527,40977.0,3.93319879,10 04 17 2 003 001.000,1004172003001000,CITY OF MONTGOMERY, ,103,N PERRY ST, ,MONTGOMERY,AL,36101,1111, ,500 ANDERSON ST,500,ANDERSON ST, , ,,OAK PARK-N OF HIGHLAND,R-60-m,157200.0,USE,,PARKS & REC,0, ,,,O'CONNOR TENNIS CENTER,,,M-6-J,ISAAC.MURRAY,1740684970000,CHRIS.WILLIAMS,1765403155000,171330.1392533642,1719.908698419716
20528,38899.0,0.11297749,10 03 08 1 019 015.000,1003081019015000,CITY OF MONTGOMERY, , , , ,MONTGOMERY,AL,00000,0000, ,WINDSOR AVE, ,WINDSOR AVE, , ,,CAPITOL HEIGHTS,R-60-s,16800.0,USE,,WATER WORKS,0,,,,WATER WORKS,,NW corner of N Maryland St and Windsor Av,M-6-D,ISAAC.MURRAY,1740684970000,CHRIS.WILLIAMS,1765403155000,4921.299408391912,296.85187216165764
20529,37679.0,0.04542066,10 03 06 4 018 004.000,1003060018004000,CITY OF MONTGOMERY, ,103,N PERRY ST, ,MONTGOMERY,AL,36101,1111, ,N DECATUR ST, ,DECATUR ST,510,16,344563200000,CLISBY PARK,R-65-d,1100.0,AVAILABLE,,VACANT LOT CREW,0,Surplus,,,LISTED FOR SALE ON CITY WEBSITE,,N int of N Decatur St and French St,M-6-C-2,ISAAC.MURRAY,1740684970000,CHRIS.WILLIAMS,1765403155000,1978.5238262847101,227.21020390824455
20530,37899.0,3.25740506,10 03 07 1 010 002.001,1003071010002001,CITY OF MONTGOMERY, ,103,N PERRY ST, ,MONTGOMERY,AL,36101,1111, ,1015 E JEFFERSON ST,1015,E JEFFERSON ST, , ,,CLISBY PARK,T5,312000.0,HOLDING,DOWNTOWN PLAN,VACANT LOT CREW,0, ,,,,DOWNTOWN PLAN,,"M-6-C-3, M-6-I-2",ISAAC.MURRAY,1740684970000,CHRIS.WILLIAMS,1765403155000,141892.5643049947,1879.8020933659195
20531,49619.0,0.95519257,10 05 22 1 000 037.000,1005221000037000,CITY OF MONTGOMERY, ,14,MADISON AVE, ,MONTGOMERY,AL,36104,2518, ,4110 CARMICHAEL RD,4110,CARMICHAEL RD, , ,,HEATHERTON HEIGHTS,B-2,315000.0,USE,,FIRE,0, ,,,FIRE STATION 3,,,M-6-Q,ISAAC.MURRAY,1740684970000,CHRIS.WILLIAMS,1765403155000,41608.18822607862,904.0762608828985
20532,41546.0,0.80584477,10 04 17 3 026 005.001,1004173026005001,CITY OF MONTGOMERY, ,103,N PERRY ST, ,MONTGOMERY,AL,36101,1111, ,GIRARD ST, ,GIRARD ST, , ,,FINLEY/ASU AREA,R-65-s,70900.0,USE,,WATER WORKS,0, ,,,WATER TANK,,"E side, 235 ft N of Carter Hill Rd",M-6-O,ISAAC.MURRAY,1740684970000,CHRIS.WILLIAMS,1765403155000,35102.598286164735,754.2624334871145
20533,39923.0,0.25482341,10 03 08 4 007 011.002,1003084007011002,CITY OF MONTGOMERY, ,103,N PERRY ST, ,MONTGOMERY,AL,36101,1111, ,JAMES AVE, ,JAMES AVE,1696,10,843523200000,CAPITOL HEIGHTS,R-60-s,7000.0,USE,,PARKS & REC,0, ,,,VICKERS PARK,,NE corner of S Madison Terrace & James Av,M-6-J,ISAAC.MURRAY,1740684970000,CHRIS.WILLIAMS,1765403155000,11100.107590372358,448.0042101955656
20534,42975.0,0.35036055,10 04 18 2 202 004.000,1004182202004000,CITY OF MONTGOMERY, ,103,N PERRY ST, ,MONTGOMERY,AL,36101,1111, ,470 S MCDONOUGH ST,470,S MCDONOUGH ST,754,833,499305600000,CLISBY PARK,T4-R,82600.0,USE,,PARKS & REC,0, ,,,LIBRARY PARKING,,,M-6-I-1,ISAAC.MURRAY,1740684970000,CHRIS.WILLIAMS,1765403155000,15261.70569550325,505.23417416043725
20535,39884.0,0.81847164,10 03 08 4 005 001.000,1003084005001000,CITY OF MONTGOMERY, ,103,N PERRY ST, ,MONTGOMERY,AL,36101,1111, ,1849 MADISON AVE,1849,MADISON AVE,893,654,553737600000,CAPITOL HEIGHTS,R-60-s,30000.0,USE,DOWNTOWN PLAN,PARKS & REC,0, ,,,LOUIS ARMSTRONG PARK,DOWNTOWN PLAN,,M-6-J,ISAAC.MURRAY,1740684970000,CHRIS.WILLIAMS,1765403155000,35652.62442592275,756.7588484001873
20536,46750.0,0.6110466,10 05 15 2 018 041.000,1005152018041000,CITY OF MONTGOMERY, ,103,N PERRY ST, ,MONTGOMERY,AL,36101,1111, ,3705 HARRISON RD,3705,HARRISON RD,1153,322,668390400000,FOREST HILLS,R-75-s,27800.0,USE,,PARKS & REC,0, ,,,FOREST HILLS PARK,,,M-6-K,ISAAC.MURRAY,1740684970000,CHRIS.WILLIAMS,1765403155000,26617.190064219987,743.178548210906
20537,56746.0,0.05739125,10 08 28 3 002 014.001,1008283002014001,CITY OF MONTGOMERY, , , ,PO BOX 1111,MONTGOMERY,AL,36101,0000, ,WOODLEY RD, ,WOODLEY RD, , ,,GAY MEADOWS/GLADLANE,R-100,300.0,USE,,VACANT LOT CREW,0,,,,EASEMENT,,rear lots of 2758 S Colonial Dr & 2707 Woodley Rd,M-6-V,ISAAC.MURRAY,1740684970000,CHRIS.WILLIAMS,1765403155000,2499.9629028350264,199.99800715981553
20538,52014.0,3.58666657,10 06 23 3 013 002.000,1006233013002000,CITY OF MONTGOMERY, ,103,N PERRY ST, ,MONTGOMERY,AL,36101,1111, ,VAUGHN RD, ,VAUGHN RD,236,802,140140800000,GREEN ACRES,R-85,87500.0,AVAILABLE,,PARKS & REC,0, ,,,STORM DRAINAGE,,"S of Vaughn Rd, behind 1901-2001 Kingsbury Dr",M-6-R,ISAAC.MURRAY,1740684970000,CHRIS.WILLIAMS,1765403155000,156235.195913096,2207.6137105224257
20539,43590.0,0.08833913,10 04 18 4 010 001.000,1004184010001000,CITY OF MONTGOMERY, ,103,N PERRY ST, ,MONTGOMERY,AL,36101,1111, ,ROBERT C HATCH, ,ROBERT C HATCH,340,428,230515200000,CLOVERSIDE,R-60-s,9600.0,USE,,VACANT LOT CREW,0, ,,,EASEMENT,,SW corner of Robert C Hatch Dr & John Brown Av,M-6-O,ISAAC.MURRAY,1740684970000,CHRIS.WILLIAMS,1765403155000,3848.0526867854824,379.34195272630933
20540,47371.0,0.186238,10 05 16 2 003 001.000,1005162003001000,CITY OF MONTGOMERY, ,103,N PERRY ST, ,MONTGOMERY,AL,36101,1111, ,2828 THRASHER ST,2828,THRASHER ST,950,667,578793600000,OAK PARK-N OF HIGHLAND,R-60-s,10000.0,AVAILABLE,,MAINTENANCE,0, ,,,RIGHT-OF-WAY; CAN REPLAT TO SELL EXCESS AREA,SW corner of Thrasher & Ann,,M-6-J,ISAAC.MURRAY,1740684970000,CHRIS.WILLIAMS,1765403155000,8112.527333197601,429.99518756536077
20541,47386.0,0.18334173,10 05 16 2 003 016.000,1005162003016000,CITY OF MONTGOMERY, ,103,N PERRY ST, ,MONTGOMERY,AL,36101,1111, ,2837 HIGHLAND AVE,2837,HIGHLAND AVE,849,473,537580800000,OAK PARK-N OF HIGHLAND,R-60-s,10000.0,AVAILABLE,,MAINTENANCE,0, ,,,RIGHT-OF-WAY; CAN REPLAT TO SELL EXCESS AREA,NW corner of Highland & Ann,,M-6-J,ISAAC.MURRAY,1740684970000,CHRIS.WILLIAMS,1765403155000,7986.365958158009,419.4531239228753
20542,47361.0,0.36668699,10 05 16 2 002 007.000,1005162002007000,CITY OF MONTGOMERY, ,103,N PERRY ST, ,MONTGOMERY,AL,36101,1111, ,2901 HIGHLAND AVE,2901,HIGHLAND AVE,841,8,533174400000,OAK PARK-N OF HIGHLAND,R-60-s,10500.0,AVAILABLE,,MAINTENANCE,0, ,,,RIGHT-OF-WAY; CAN REPLAT TO SELL EXCESS AREA,NE corner of Highland & Ann,,M-6-J,ISAAC.MURRAY,1740684970000,CHRIS.WILLIAMS,1765403155000,15972.885250405183,519.4573975774462
20543,42974.0,0.34635757,10 04 18 2 202 003.000,1004182202003000,"CITY OF MONTGOMERY, MUSEUM OF FINE ARTS", ,103,N PERRY ST, ,MONTGOMERY,AL,36101,1111, ,445 S LAWRENCE ST S,445,S LAWRENCE ST, , ,,CLISBY PARK,T4-R,90400.0,USE,,PARKS & REC,0, ,,,LIBRARY PARKING,,,M-6-I-1,ISAAC.MURRAY,1740684970000,CHRIS.WILLIAMS,1765403155000,15087.335871955398,501.7475098485857
20544,42976.0,0.17518063,10 04 18 2 202 005.000,1004182202005000,CITY OF MONTGOMERY, ,103,N PERRY ST, ,MONTGOMERY,AL,36101,1111, ,458 S MCDONOUGH ST,458,S MCDONOUGH ST,1077,370,634348800000,CLISBY PARK,T4-R,30000.0,USE ,,PARKS & REC,0, ,,,LIBRARY PARKING,,,M-6-I-1,ISAAC.MURRAY,1740684970000,CHRIS.WILLIAMS,1765403155000,7630.868421184019,405.23437061106
20545,63209.0,30.9514026,11 01 01 0 000 002.000,1101010000002000,CITY OF MONTGOMERY, ,103,N PERRY ST, ,MONTGOMERY,AL,36101,1111, ,I65 MILLBROOK, ,I65 MILLBROOK,2827,910,1077580800000,CLISBY PARK,FH,72100.0,USE,,VACANT LOT CREW,0, ,,,ALDOT EASEMENT,,"NE of I-65, NW of Northern Blvd, SW of AL River",M-6-B,ISAAC.MURRAY,1740684970000,CHRIS.WILLIAMS,1765403155000,1348243.0974088924,5164.422764917432
20546,45193.0,0.05853995,10 04 20 1 003 022.001,1004201003022001,CITY OF MONTGOMERY, , , , ,MONTGOMERY,AL,36104,0000, ,BULLARD ST, ,BULLARD ST, , ,,GROVE HILL EST/TYSON,R-65-s,0.0,USE,,MAINTENANCE,0,,,,EASEMENT,,b/t 1930 and 1936 Bullard St,M-6-P,ISAAC.MURRAY,1740684970000,CHRIS.WILLIAMS,1765403155000,2550.0000270834944,370.0044302043404
20547,44918.0,1.535432,10 04 19 4 011 022.000,1004194011022000,CITY OF MONTGOMERY, ,103,N PERRY ST, ,MONTGOMERY,AL,36101,1111, ,3124 CLOVERDALE RD,3124,CLOVERDALE RD, , ,,SOUTH CLOVERDALE,R-75-s,50000.0,USE,,PARKS & REC,0, ,,,CLOVERDALE ROAD PARK,,"Int of Cloverdale Rd, Dupont St & Ponce De Leon",M-6-O,ISAAC.MURRAY,1740684970000,CHRIS.WILLIAMS,1765403155000,66883.41796015519,1227.6065970723782
20548,44072.0,2.01494496,10 04 19 1 029 001.000,1004191029001000,CITY OF MONTGOMERY, , , , ,MONTGOMERY,AL,36104,0000, ,550 LEGRAND PL,550,LEGRAND PL,193,43,-1082764800000,CLOVERDALE,INST,100000.0,USE,,PARKS & REC,0, ,,,LEGRANDE PARK,,"Int of Norman Bridge, E Fairview, & LeGrand Pl",M-6-O,ISAAC.MURRAY,1740684970000,CHRIS.WILLIAMS,1765403155000,87771.00266197167,1430.0364556438797
20549,42690.0,0.78595391,10 04 18 1 031 009.000,1004181031009000,CITY OF MONTGOMERY, ,103,N PERRY ST, ,MONTGOMERY,AL,36101,1111, ,731 GENETTA CT,731,GENETTA CT, , ,,FINLEY/ASU AREA,R-60-s,39000.0,USE,,PARKS & REC,0, ,,,TUSCALOOSA PARK,,E end of Genetta Ct,M-6-I-3,ISAAC.MURRAY,1740684970000,CHRIS.WILLIAMS,1765403155000,34236.15249965179,983.1085594685272
20550,43883.0,2.55414229,10 04 19 1 012 001.000,1004191012001000,CITY OF MONTGOMERY, ,103,N PERRY ST, ,MONTGOMERY,AL,36101,1111, ,2415 W CLOVERDALE PARK,2415,W CLOVERDALE PARK, , ,,CLOVERDALE,R-75-s,104000.0,USE,,PARKS & REC,0, ,,,CLOVERDALE PARK,,Park E of 2416 W Cloverdale Park (First UMC),M-6-O,ISAAC.MURRAY,1740684970000,CHRIS.WILLIAMS,1765403155000,111258.43796120676,2396.7062752454235
20551,42213.0,0.0233843,10 04 18 1 010 010.000,1004181010010000,CITY OF MONTGOMERY, ,103,N PERRY ST, ,MONTGOMERY,AL,36101,1111, ,GROVE ST, ,GROVE ST,257,363,162086400000,FINLEY/ASU AREA,T4-R,6800.0,AVAILABLE,,VACANT LOT CREW,0, ,,,,,NW corner of S Union St and Grove St,M-6-I-4,ISAAC.MURRAY,1740684970000,CHRIS.WILLIAMS,1765403155000,1018.6201227348462,132.91009002557578
20552,52447.0,4.26005805,10 06 24 1 002 033.000,1006241002033000,"CITY OF MONTGOMERY, PARKS & RECREATION", ,103,N PERRY ST, ,MONTGOMERY,AL,36101,1111, ,WOODMERE DR, ,WOODMERE DR,2520,362,1037750400000,BELL HILLS,PUD,105000.0,USE,,PARKS & REC,0, ,,,WOODMERE PARK,,Pond behind 1458-1542 Pampas Dr,M-7-M,ISAAC.MURRAY,1740684970000,CHRIS.WILLIAMS,1765403155000,185568.12875240637,3153.2580143717832
20553,58132.0,0.13558297,10 08 34 2 002 021.001,1008342002021001,CITY OF MONTGOMERY, ,103,N PERRY ST, ,MONTGOMERY,AL,36101,1111, ,SOUTH BLVD, ,SOUTH BLVD,519,203,291513600000,GAY MEADOWS/GLADLANE,B-3,10000.0,USE,,MAINTENANCE,0, ,,,STORM DRAINAGE,,Ditch behind 2682 & 2688 Burkelaun Dr,M-6-W,ISAAC.MURRAY,1740684970000,CHRIS.WILLIAMS,1765403155000,5905.9940711219115,557.674066647684
20554,44919.0,0.93365475,10 04 19 4 011 023.000,1004194011023000,CITY OF MONTGOMERY, ,103,N PERRY ST, ,MONTGOMERY,AL,36101,1111, ,CLOVERDALE, ,CLOVERDALE, , ,,SOUTH CLOVERDALE,R-75-s,50000.0,USE,,PARKS & REC,0, ,,,AUDUBON PARK,,Southern Int of Cloverdale Rd & Audubon Rd,M-6-O,ISAAC.MURRAY,1740684970000,CHRIS.WILLIAMS,1765403155000,40670.001039769246,937.0061311415792
20555,57535.0,0.4588369,10 08 33 3 003 003.000,1008333003003000,CITY OF MONTGOMERY, ,103,N PERRY ST, ,MONTGOMERY,AL,36101,1111,ATTN LEGAL DEPT,3128 MEADOW LN,3128,MEADOW LN,3969,537,1258416000000,ELSMEADE,R-75-s,8000.0,AVAILABLE,MISCELLANEOUS AREA,VACANT LOT CREW,0,Surplus,,,LISTED FOR SALE ON CITY WEBSITE,MISCELLANEOUS AREA,,M-6-V,ISAAC.MURRAY,1740684970000,CHRIS.WILLIAMS,1765403155000,19986.93534898858,653.895999449294
20556,63210.0,4.20412642,11 01 01 0 000 003.000,1101010000003000,CITY OF MONTGOMERY, ,103,N PERRY ST, ,MONTGOMERY,AL,36101,1111, ,ALABAMA RIVER, ,ALABAMA RIVER,2827,910,1077580800000,CLISBY PARK,FH,4800.0,USE,,VACANT LOT CREW,0, ,,,ALDOT EASEMENT,,W of I-65 & Northern Blvd Intersection ROW,M-6-B,ISAAC.MURRAY,1740684970000,CHRIS.WILLIAMS,1765403155000,183131.74681901507,2301.077411734745
20557,45509.0,0.32360067,10 04 20 2 014 001.000,1004202014001000,CITY OF MONTGOMERY CLOVERDALE PARK, ,103,N PERRY ST, ,MONTGOMERY,AL,36101,1111, ,2220 COLLEGE ST,2220,COLLEGE ST, , ,,CLOVERDALE,R-65-s,127800.0,USE,,PARKS & REC,0, ,,,COLLEGE STREET PARK,,"Int of Magnolia Cur, Westmoreland Av & College St",M-6-P,ISAAC.MURRAY,1740684970000,CHRIS.WILLIAMS,1765403155000,14096.044977350182,605.4216470835587
20558,60307.0,0.33602615,10 09 30 1 006 001.002,1009301006001002,CITY OF MONTGOMERY, , , , ,MONTGOMERY,AL,36104,0000, ,LEBRON RD, ,LEBRON RD,533,53,362275200000,NORMANDALE,INST,6000.0,USE,,PARKS & REC,0, ,,,FLOYD COMMUNITY CENTER,,rear building at 3450 Le Bron Rd,M-6-U,ISAAC.MURRAY,1740684970000,CHRIS.WILLIAMS,1765403155000,14637.299302372352,485.2026399533884
20559,68180.0,0.14206954,11 06 13 4 009 002.000,1106134009002000,CITY OF MONTGOMERY, ,103,N PERRY ST, ,MONTGOMERY,AL,36101,1111, ,HANNON ST, ,HANNON ST, , ,,PEACOCK/ROSA PARKS,B-2,5900.0,USE,W MONTGOMERY INITIATIVE,MAINTENANCE,0, ,,,EASEMENT,W MONTGOMERY INITIATIVE,E of 21 W Hannon St,M-6-I-4,ISAAC.MURRAY,1740684970000,CHRIS.WILLIAMS,1765403155000,6188.549359072705,347.5570580775616
20560,63350.0,1.07643228,11 01 01 4 003 058.000,1101014003058000,CITY OF MONTGOMERY, ,103,N PERRY ST, ,MONTGOMERY,AL,36101,1111, ,FRANCIS ST, ,FRANCIS ST,3683,467,1197849600000,CLISBY PARK,R-60-d,1800.0,USE,,PARKS & RECREATION,0, ,,,Riverfront Trail Extension,,"N side, 100 ft W of Walker St",M-6-B,ISAAC.MURRAY,1740684970000,CHRIS.WILLIAMS,1765403155000,46889.39025036351,922.0330838091987
20561,58981.0,3.27727396,10 08 34 4 003 007.000,1008344003007000,CITY OF MONTGOMERY, ,103,N PERRY ST, ,MONTGOMERY,AL,36101,1111, ,JAN DR, ,JAN DR,1940,137,911865600000,VIRGINIA ESTATES,R-75-s,51600.0,USE,,PARKS & REC,0, ,,,VIRGINIA ESTATES PARK / DRAINAGE DITCH,,S end of Jan Drive,M-6-CC,ISAAC.MURRAY,1740684970000,CHRIS.WILLIAMS,1765403155000,142758.05387312497,1896.8404924202052
20562,63208.0,24.80119205,11 01 01 0 000 001.000,1101010000001000,CITY OF MONTGOMERY, ,103,N PERRY ST, ,MONTGOMERY,AL,36101,1111, ,ALABAMA RIVER, ,ALABAMA RIVER,2827,910,1077580800000,CLISBY PARK,FH,67600.0,USE,,VACANT LOT CREW,0, ,,,ALDOT EASEMENT,,SE int of I-65 and Northern Blvd,M-6-B,ISAAC.MURRAY,1740684970000,CHRIS.WILLIAMS,1765403155000,1080339.925537176,4809.316821720824
20563,63466.0,0.23396183,11 01 11 3 015 001.000,1101113015001000,CITY OF MONTGOMERY, ,103,N PERRY ST, ,MONTGOMERY,AL,36101,1111, ,BELL ST, ,BELL ST,2685,198,1056931200000,WEST END,M-1,15100.0,HOLDING,MAXWELL BLVD AREA,VACANT LOT CREW,2, ,,,CONTACT DEVELOPMENT,MAXWELL BLVD AREA,SW int of Bell St and 3rd St,M-6-G,ISAAC.MURRAY,1740684970000,CHRIS.WILLIAMS,1765403155000,10191.37740889712,415.57838167168546
20564,52903.0,10.78485448,10 07 25 2 003 001.000,1007252003001000,CITY OF MONTGOMERY, ,103,N PERRY ST, ,MONTGOMERY,AL,36101,1111, ,5400 VAUGHN RD,5400,VAUGHN RD,1499,35,775353600000,CARRIAGE HILLS,AGR-1,360000.0,USE,,PARKS & REC,0, ,,,IDA BELL YOUNG PARK,,,M-7-S,ISAAC.MURRAY,1740684970000,CHRIS.WILLIAMS,1765403155000,469788.26097064035,3731.768864311163
20565,52655.0,34.13856184,10 06 24 4 000 001.001,1006244000001001,CITY OF MONTGOMERY, ,103,S PERRY ST, ,MONTGOMERY,AL,36101,4243, ,100 MUSEUM DR,100,MUSEUM DR,792,221,515462400000,BELL HILLS,AGR-1,850000.0,USE,,PARKS & REC,0, ,,,BLOUNT CULTURAL PARK,,,M-7-M,ISAAC.MURRAY,1740684970000,CHRIS.WILLIAMS,1765403155000,1487075.7537943767,4941.886881692623
20566,63333.0,1.04138018,11 01 01 4 003 036.000,1101014003036000,CITY OF MONTGOMERY, ,103,N PERRY ST, ,MONTGOMERY,AL,36101,1111, ,WALKER ST, ,WALKER ST,3547,888,1178064000000,CLISBY PARK,M-3,40200.0,USE,,PARKS & RECREATION,0, ,,,Riverfront Trail Extension and Shady Street Park,,"S of Shady, W of Abbie, and N of Joseph",M-6-B,ISAAC.MURRAY,1740684970000,CHRIS.WILLIAMS,1765403155000,45362.52063291094,902.6543324758725
20567,63361.0,28.83417949,11 01 02 0 000 005.000,1101020000005000,CITY OF MONTGOMERY, ,103,N PERRY ST, ,MONTGOMERY,AL,36101,1111, ,I65 MILLBROOK, ,I65 MILLBROOK,2827,910,1077580800000,CLISBY PARK,FH,60800.0,USE,,VACANT LOT CREW,0, ,,,ALDOT EASEMENT,,"NE of I-65, 1215 ft NW of Northern Blvd",M-6-B,ISAAC.MURRAY,1740684970000,CHRIS.WILLIAMS,1765403155000,1256016.858781282,5684.994875545577
20568,63384.0,2.02656033,11 01 11 3 003 005.000,1101113003005000,CITY OF MONTGOMERY, ,103,N PERRY ST, ,MONTGOMERY,AL,36101,1111, ,1705 BELL ST,1705,BELL ST,2685,198,1056931200000,WEST END,M-1,132400.0,HOLDING,MAXWELL BLVD AREA,VACANT LOT CREW,2, ,,,,MAXWELL BLVD AREA,,M-6-G,ISAAC.MURRAY,1740684970000,CHRIS.WILLIAMS,1765403155000,88276.96778331371,1236.3785636714783
20569,73569.0,1.76637932,11 07 25 2 013 041.000,1107252013041000,CITY OF MONTGOMERY, ,103,N PERRY ST, ,MONTGOMERY,AL,36101,1111, ,3600 APRIL ST,3600,APRIL ST, , ,,RIDGECREST,R-65-d,17600.0,USE,,PARKS & REC,0, ,,,RIDGECREST PARK,,,M-6-T,ISAAC.MURRAY,1740684970000,CHRIS.WILLIAMS,1765403155000,76943.48337094419,1277.155378210193
20570,63654.0,17.36732273,11 01 12 0 000 001.000,1101120000001000,CITY OF MONTGOMERY, ,103,N PERRY ST, ,MONTGOMERY,AL,36101,1111, ,SAME AS DESC, ,SAME AS DESC,2827,910,1077580800000,CLISBY PARK,FH,40500.0,USE,,VACANT LOT CREW,0, ,,,ALDOT EASEMENT,,across AL River from Riverfront Park,M-6-B,ISAAC.MURRAY,1740684970000,CHRIS.WILLIAMS,1765403155000,756520.578135069,4897.471416834386
20571,63386.0,3.37142232,11 01 11 3 003 009.001,1101113003009001,CITY OF MONTGOMERY, ,103,N PERRY ST, ,MONTGOMERY,AL,36101,1111, ,THIRD AVE, ,THIRD AVE,2685,198,1056931200000,WEST END,M-1,22300.0,HOLDING,,VACANT LOT CREW,2, ,,,CONTACT DEVELOPMENT,,"395 ft S of Bell St, SW of 1621 Bell St",M-6-G,ISAAC.MURRAY,1740684970000,CHRIS.WILLIAMS,1765403155000,146859.15645083223,2369.1007191039607
20572,68293.0,0.085303,11 06 13 4 014 032.000,1106134014032000,CITY OF MONTGOMERY, ,103,N PERRY ST, ,MONTGOMERY,AL,36101,1111, ,1233 AARON ST,1233,AARON ST,4003,201,1267747200000,PEACOCK/ROSA PARKS,R-60-d,2800.0,AVAILABLE,W MONTGOMERY INITIATIVE,VACANT LOT CREW,2,Surplus,,,LISTED FOR SALE ON CITY WEBSITE,W MONTGOMERY INITIATIVE,,M-6-N-2,ISAAC.MURRAY,1740684970000,CHRIS.WILLIAMS,1765403155000,3715.7988879568034,275.579136677289
20573,68349.0,0.13085068,11 06 13 4 016 021.000,1106134016021000,CITY OF MONTGOMERY, ,103,N PERRY ST, ,MONTGOMERY,AL,36101,1111, ,GENETTA DITCH, ,GENETTA DITCH,4003,272,1267747200000,PEACOCK/ROSA PARKS,R-60-d,4600.0,AVAILABLE,W MONTGOMERY INITIATIVE,VACANT LOT CREW,1,City Owned (From State),,,,W MONTGOMERY INITIATIVE,90 ft behind 1112-1120 Sayre St,M-6-I-4,ISAAC.MURRAY,1740684970000,CHRIS.WILLIAMS,1765403155000,5699.8557785937655,343.33124484756155
20574,68079.0,0.09874463,11 06 13 4 004 003.000,1106134004003000,CITY OF MONTGOMERY, ,103,N PERRY ST, ,MONTGOMERY,AL,36101,1111, ,321 WAYNE ST,321,WAYNE ST,4071,230,1283385600000,PEACOCK/ROSA PARKS,R-60-d,2700.0,AVAILABLE,W MONTGOMERY INITIATIVE,VACANT LOT CREW,2,Surplus,,,LISTED FOR SALE ON CITY WEBSITE,W MONTGOMERY INITIATIVE,,M-6-H-3,ISAAC.MURRAY,1740684970000,CHRIS.WILLIAMS,1765403155000,4301.316101914825,336.79880879331347
20575,63650.0,1.71687022,11 01 11 4 020 002.000,1101114020002000,CITY OF MONTGOMERY, , , , ,MONTGOMERY,AL,00000,0000, ,221 CRENSHAW ST,221,CRENSHAW ST,125,39,-1472774400000,WEST END,INST,17000.0,USE,,PARKS & REC,0, ,,,DIFFLEY PARK,,SE int of Herron St and Crenshaw St,M-6-H-1,ISAAC.MURRAY,1740684970000,CHRIS.WILLIAMS,1765403155000,74786.86690276736,1199.4941631251183
20576,63652.0,0.9251521,11 01 11 4 022 001.000,1101114022001000,CITY OF MONTGOMERY, ,103,N PERRY ST, ,MONTGOMERY,AL,36101,1111, ,MARTHA ST, ,MARTHA ST,1378,194,744422400000,WEST END,INST,4800.0,USE,,PARKS & REC,0, ,,,DIFFLEY PARK,,E of 220 Crenshaw St,M-6-H-1,ISAAC.MURRAY,1740684970000,CHRIS.WILLIAMS,1765403155000,40299.62566643814,868.7478032602727
20577,67876.0,0.10071662,11 06 13 3 021 006.000,1106133021006000,CITY OF MONTGOMERY, ,103,N PERRY ST, ,MONTGOMERY,AL,36101,1111, ,1120 S HOLT ST,1118,S HOLT ST,4036,459,1276560000000,PEACOCK/ROSA PARKS,R-60-d,2600.0,AVAILABLE,W MONTGOMERY INITIATIVE,VACANT LOT CREW,1,Surplus,,,LISTED FOR SALE ON CITY WEBSITE,W MONTGOMERY INITIATIVE,,M-6-H-3,ISAAC.MURRAY,1740684970000,CHRIS.WILLIAMS,1765403155000,4387.216155706387,389.48215492724876
20578,76466.0,0.52878048,11 08 28 1 007 002.001,1108281007002001,CITY OF MONTGOMERY, ,103,N PERRY ST, ,MONTGOMERY,AL,36101,1111, ,2533 WEST BLVD,2533,WEST BLVD,3453,728,1134086400000,BRICKDALE/MGM IND TERM,R-60-d,15000.0,AVAILABLE,,VACANT LOT CREW,0,Surplus,,,LISTED FOR SALE ON CITY WEBSITE,,,M-5-X,ISAAC.MURRAY,1740684970000,CHRIS.WILLIAMS,1765403155000,23033.67778066861,772.2808154432818
20579,63651.0,0.11568833,11 01 11 4 021 001.000,1101114021001000,CITY OF MONTGOMERY, ,103,N PERRY ST, ,MONTGOMERY,AL,36101,1111, ,MARTHA ST, ,MARTHA ST,1378,194,744422400000,WEST END,M-1,900.0,USE,,PARKS & REC,0, ,,,EASEMENT,,"near end of Herron St ditch, S of Covington",M-6-H-1,ISAAC.MURRAY,1740684970000,CHRIS.WILLIAMS,1765403155000,5039.383688877393,357.70588216334755
20580,63681.0,8.37883939,11 01 12 1 000 021.000,1101121000021000,CITY OF MONTGOMERY, ,103,N PERRY ST, ,MONTGOMERY,AL,36101,1111, ,200 COOSA ST,200,COOSA ST,2549,109,1041897600000,CLISBY PARK,T5,13922700.0,USE,,PARKS & REC/ BISCUITS,0, ,1756944000000,ACB,RIVERWALK STADIUM,,,"M-6-C-4, M-6-I-1",ISAAC.MURRAY,1740684970000,CHRIS.WILLIAMS,1765403155000,364982.24401793553,2897.6685514278824
20581,63901.0,0.06565049,11 01 12 4 002 004.000,1101124002004000,CITY OF MONTGOMERY, , , , ,MONTGOMERY,AL,00000,0000, ,WATER ST, ,WATER ST,551,81,376704000000,CLISBY PARK,T5,71500.0,USE,,PARKS & REC,0,,1756944000000,ACB,RIVERFRONT PARK,,NW int of Commerce St and Water St,M-6-H-2,ISAAC.MURRAY,1740684970000,CHRIS.WILLIAMS,1765403155000,2859.73533744844,259.2153641944373
20582,63666.0,0.19283412,11 01 12 1 000 011.000,1101121000011000,CITY OF MONTGOMERY, ,103,N PERRY ST, ,MONTGOMERY,AL,36101,1111, ,LOWNDES, ,LOWNDES, , ,,CLISBY PARK,M-3,1000.0,USE,DOWNTOWN PLAN,MAINTENANCE,0, ,1756944000000,ACB,CYPRESS CREEK,DOWNTOWN PLAN,"W of N Court St, N of Riverwalk Stadium",M-6-C-4,ISAAC.MURRAY,1740684970000,CHRIS.WILLIAMS,1765403155000,8399.85424559471,399.99848690790293
20583,45296.0,1.42387959,10 04 20 1 007 029.000,1004201007029000,CITY OF MONTGOMERY, ,103,N PERRY ST, ,MONTGOMERY,AL,36101,1111, ,2227 COUNTRY CLUB DR,2227,COUNTRY CLUB DR,195,1,,ROSEMONT/MCGEHEE,R-65-s,100000.0,USE,,PARKS & REC,0, ,,,COUNTRY CLUB DRIVE PARK,,lying b/t Country Club Dr and Carter Hill Rd,M-6-P,ISAAC.MURRAY,1740684970000,CHRIS.WILLIAMS,1765403155000,62024.19477506718,1898.2568381245478
20584,78720.0,9.97489259,13 01 02 0 000 001.002,1301020000001002,CITY OF MONTGOMERY, ,103,N PERRY ST, ,MONTGOMERY,AL,36101,1111, ,SELMA HWY, ,SELMA HWY,1948,210,915062400000,CEDAR PT/HILLSIDE,AGR-1 ,22600.0,USE,,POLICE,0, ,,,POLICE,,"Police facility, 2,215 ft N of Old Hayneville Rd",M-5-BB,ISAAC.MURRAY,1740684970000,CHRIS.WILLIAMS,1765403155000,434506.3210245659,2675.0224097656896
20586,52564.0,1.91055695,10 06 24 1 002 048.000,1006241002048000,CITY OF MONTGOMERY, ,103,N PERRY ST, ,MONTGOMERY,AL,36101,1111, ,WOODMERE BLVD, ,WOODMERE BLVD,3713,255,1203552000000,BELL HILLS,PUD,57000.0,USE,,PARKS & REC,0, ,,,BLOUNT CULTURAL PARK,,550 running S of Woodmere Blvd,M-7-M,ISAAC.MURRAY,1740684970000,CHRIS.WILLIAMS,1765403155000,83223.86058070458,1409.7972680238083
20587,69127.0,0.1606982,11 06 14 2 027 002.000,1106142027002000,CITY OF MONTGOMERY, ,103,N PERRY ST, ,MONTGOMERY,AL,36101,1111, ,BIRCH ST, ,BIRCH ST, , ,,MAXWELL HEIGHTS,M-3,1000.0,USE,,MAINTENANCE,0, ,,,STORM DRAINAGE,,"behind 802 Day Street Rd, 550ft W of Day Street Rd",M-6-G,ISAAC.MURRAY,1740684970000,CHRIS.WILLIAMS,1765403155000,7000.013560342445,380.0006733091601
20588,71219.0,0.08610343,11 06 24 1 004 016.000,1106241004016000,CITY OF MONTGOMERY, ,103,N PERRY ST, ,MONTGOMERY,AL,36101,1111, ,318 E AUBURN ST,318,AUBURN ST,4003,196,1267747200000,PEACOCK/ROSA PARKS,R-65-m,1900.0,AVAILABLE,W MONTGOMERY INITIATIVE,VACANT LOT CREW,1,Surplus,,,LISTED FOR SALE ON CITY WEBSITE,W MONTGOMERY INITIATIVE,,M-6-N-2,ISAAC.MURRAY,1740684970000,CHRIS.WILLIAMS,1765403155000,3750.665548166052,275.0487235715602
20589,72202.0,0.10560308,11 06 24 2 024 024.000,1106242024024000,CITY OF MONTGOMERY, ,103,N PERRY ST, ,MONTGOMERY,AL,36101,1111, ,712 ALEXANDER ST,712,ALEXANDER ST,4003,204,1267747200000,PEACOCK/ROSA PARKS,R-60-d,3200.0,AVAILABLE,W MONTGOMERY INITIATIVE,VACANT LOT CREW,1,Surplus,,,LISTED FOR SALE ON CITY WEBSITE,W MONTGOMERY INITIATIVE,,M-6-N-2,ISAAC.MURRAY,1740684970000,CHRIS.WILLIAMS,1765403155000,4600.070009904078,310.0013047231733
20590,67686.0,0.11732468,11 06 13 3 012 003.000,1106133012003000,CITY OF MONTGOMERY, ,103,N PERRY ST, ,MONTGOMERY,AL,36101,1111, ,1001 ADELINE ST,1001,ADELINE ST,4003,186,1267747200000,PEACOCK/ROSA PARKS,R-60-d,3300.0,AVAILABLE,W MONTGOMERY INITIATIVE,VACANT LOT CREW,1,Surplus,,,LISTED FOR SALE ON CITY WEBSITE,W MONTGOMERY INITIATIVE,,M-6-H-3,ISAAC.MURRAY,1740684970000,CHRIS.WILLIAMS,1765403155000,5110.663253319714,335.5379767373945
20591,68107.0,0.05454496,11 06 13 4 004 034.000,1106134004034000,CITY OF MONTGOMERY, ,103,N PERRY ST, ,MONTGOMERY,AL,36101,1111, ,928 BELLVIEW AVE,928,BELLVIEW AVE,4003,267,1267747200000,PEACOCK/ROSA PARKS,R-60-d,1900.0,AVAILABLE,W MONTGOMERY INITIATIVE,VACANT LOT CREW,1,Surplus,,,LISTED FOR SALE ON CITY WEBSITE,W MONTGOMERY INITIATIVE,,M-6-H-3,ISAAC.MURRAY,1740684970000,CHRIS.WILLIAMS,1765403155000,2375.978391502462,219.21496189166032
20592,68083.0,0.09760878,11 06 13 4 004 007.000,1106134004007000,CITY OF MONTGOMERY, ,103,N PERRY ST, ,MONTGOMERY,AL,36101,1111, ,347 WAYNE ST,347,WAYNE ST,4071,215,1283385600000,PEACOCK/ROSA PARKS,R-60-d,2600.0,AVAILABLE,W MONTGOMERY INITIATIVE,VACANT LOT CREW,2,Surplus,,,LISTED FOR SALE ON CITY WEBSITE,W MONTGOMERY INITIATIVE,,M-6-H-3,ISAAC.MURRAY,1740684970000,CHRIS.WILLIAMS,1765403155000,4251.838580474232,333.6243930783686
20593,68027.0,0.15002128,11 06 13 4 002 050.000,1106134002050000,CITY OF MONTGOMERY, ,103,N PERRY ST, ,MONTGOMERY,AL,36101,1111, ,848 SAYRE ST,848,SAYRE ST,4003,261,1267747200000,PEACOCK/ROSA PARKS,R-60-d,6100.0,AVAILABLE,W MONTGOMERY INITIATIVE,VACANT LOT CREW,1,Surplus,,,LISTED FOR SALE ON CITY WEBSITE,W MONTGOMERY INITIATIVE,,M-6-I-4,ISAAC.MURRAY,1740684970000,CHRIS.WILLIAMS,1765403155000,6534.926804703581,361.40476107594975
20594,71633.0,0.12929464,11 06 24 2 003 007.000,1106242003007000,CITY OF MONTGOMERY, ,103,N PERRY ST, ,MONTGOMERY,AL,36101,1111, ,1450 S HOLT ST,1450,S HOLT ST,4003,256,1267747200000,PEACOCK/ROSA PARKS,B-2,4000.0,AVAILABLE,W MONTGOMERY INITIATIVE,VACANT LOT CREW,1,Surplus,,,LISTED FOR SALE ON CITY WEBSITE,W MONTGOMERY INITIATIVE,,M-6-N-2,ISAAC.MURRAY,1740684970000,CHRIS.WILLIAMS,1765403155000,5632.074727277667,325.2923114816117
20595,71471.0,0.09201156,11 06 24 1 017 025.000,1106241017025000,CITY OF MONTGOMERY, ,103,N PERRY ST, ,MONTGOMERY,AL,36101,1111, ,527 KAHN ST,527,KAHN ST,4071,216,1283385600000,PEACOCK/ROSA PARKS,R-65-m,2000.0,AVAILABLE,W MONTGOMERY INITIATIVE,VACANT LOT CREW,2,Surplus,,,LISTED FOR SALE ON CITY WEBSITE,W MONTGOMERY INITIATIVE,,M-6-N-2,ISAAC.MURRAY,1740684970000,CHRIS.WILLIAMS,1765403155000,4008.0234693641105,280.4019323575913
20596,68188.0,0.14901283,11 06 13 4 009 010.000,1106134009010000,CITY OF MONTGOMERY, ,103,N PERRY ST, ,MONTGOMERY,AL,36101,1111, ,W CROMWELL ST, ,W CROMWELL ST, , ,,PEACOCK/ROSA PARKS,B-2,1000.0,USE,,MAINTENANCE,0, ,,,STORM DRAINAGE,,E of 22 Cromwell St,M-6-I-4,ISAAC.MURRAY,1740684970000,CHRIS.WILLIAMS,1765403155000,6490.99886202492,359.63983548878645
20597,63725.0,1.05506199,11 01 12 3 007 006.000,1101123007006000,CITY OF MONTGOMERY, ,103,N PERRY ST, ,MONTGOMERY,AL,36101,1111, ,643 MAXWELL BLVD,643,MAXWELL BLVD,4063,763,1283385600000,COTTAGE HILL,"T5, T4-R",342500.0,HOLDING,MAXWELL BLVD AREA,VACANT LOT CREW,2,City Owned (From Private),1756944000000,ACB,CONTACT DEVELOPMENT,MAXWELL BLVD AREA,,M-6-H-2,ISAAC.MURRAY,1740684970000,CHRIS.WILLIAMS,1765403155000,45958.50023019936,913.6728061233637
20598,68933.0,0.00873818,11 06 14 1 033 010.000,1106141033010000,CITY OF MONTGOMERY, ,103,N PERRY ST, ,MONTGOMERY,AL,36101,1111, ,JEFF DAVIS AVE, ,JEFF DAVIS AVE, , ,,PEACOCK/ROSA PARKS,R-60-d,500.0,USE,,MPS,0, ,,,THELMA SMILEY MORRIS ELEMENTARY,,behind 2114 W Jeff Davis Av,M-6-H-4,ISAAC.MURRAY,1740684970000,CHRIS.WILLIAMS,1765403155000,380.63492880327243,80.76589947863
20599,63904.0,8.3356867,11 01 12 4 004 001.000,1101124004001000,CITY OF MONTGOMERY, ,103,N PERRY ST, ,MONTGOMERY,AL,36101,1111, ,105 COMMERCE ST,105,COMMERCE ST, , ,,CLISBY PARK,T5,6808200.0,USE,,RSA,0, ,1756944000000,ACB,PERFORMING ARTS CENTER,,,"M-6-H-2, M-6-I-1",ISAAC.MURRAY,1740684970000,CHRIS.WILLIAMS,1765403155000,363102.5125769424,2446.655165627634
20600,58070.0,2.77393254,10 08 33 4 014 020.000,1008334014020000,CITY OF MONTGOMERY, ,103,N PERRY ST, ,MONTGOMERY,AL,36101,1111, ,ENDICOTT DR, ,ENDICOTT DR,1608,797,814147200000,WOODLEY PARK,R-85,52300.0,USE,,PARKS & REC,0, ,,,DORCHESTER PARK,,S int of Dorchester Dr and Endicott Dr,M-6-CC,ISAAC.MURRAY,1740684970000,CHRIS.WILLIAMS,1765403155000,120832.50155369926,1439.9912900567094
20601,71485.0,0.07755909,11 06 24 1 017 039.000,1106241017039000,CITY OF MONTGOMERY, ,103,N PERRY ST, ,MONTGOMERY,AL,36101,1111, ,510 LINCOLN ST,510,LINCOLN ST,4003,198,1267747200000,PEACOCK/ROSA PARKS,R-65-m,1700.0,AVAILABLE,W MONTGOMERY INITIATIVE,VACANT LOT CREW,1,Surplus,,,LISTED FOR SALE ON CITY WEBSITE,W MONTGOMERY INITIATIVE,,M-6-N-2,ISAAC.MURRAY,1740684970000,CHRIS.WILLIAMS,1765403155000,3378.474125111151,265.6002664246728
20602,69065.0,0.16445488,11 06 14 2 012 016.000,1106142012016000,CITY OF MONTGOMERY, ,103,N PERRY ST, ,MONTGOMERY,AL,36101,1111, ,563 MCKINNEY ST,563,MCKINNEY ST,624,277,427334400000,MAXWELL HEIGHTS,R-60-d,9300.0,AVAILABLE,,VACANT LOT CREW,0,Surplus,,,LISTED FOR SALE ON CITY WEBSITE,,,M-6-G,ISAAC.MURRAY,1740684970000,CHRIS.WILLIAMS,1765403155000,7163.654544091073,339.3008192093949
20603,71476.0,0.08709737,11 06 24 1 017 030.000,1106241017030000,CITY OF MONTGOMERY, ,103,N PERRY ST, ,MONTGOMERY,AL,36101,1111, ,ROSA L PARKS AVE, ,ROSA L PARKS AVE,4003,258,1267747200000,PEACOCK/ROSA PARKS,R-60-d,1000.0,AVAILABLE,W MONTGOMERY INITIATIVE,VACANT LOT CREW,1,Surplus,,,LISTED FOR SALE ON CITY WEBSITE,W MONTGOMERY INITIATIVE,"75 feet S of Kahn St, abutts parking lot",M-6-N-2,ISAAC.MURRAY,1740684970000,CHRIS.WILLIAMS,1765403155000,3793.9612970535477,293.98256861861495
20604,71464.0,0.09201239,11 06 24 1 017 018.000,1106241017018000,CITY OF MONTGOMERY, ,103,N PERRY ST, ,MONTGOMERY,AL,36101,1111, ,413 KAHN ST,413,KAHN ST,4003,273,1267747200000,PEACOCK/ROSA PARKS,R-65-m,2000.0,AVAILABLE,W MONTGOMERY INITIATIVE,VACANT LOT CREW,1,Surplus,,,LISTED FOR SALE ON CITY WEBSITE,W MONTGOMERY INITIATIVE,,M-6-N-2,ISAAC.MURRAY,1740684970000,CHRIS.WILLIAMS,1765403155000,4008.059897251324,280.4035603431184
20605,71506.0,0.0741524,11 06 24 1 017 061.000,1106241017061000,CITY OF MONTGOMERY, ,103,N PERRY ST, ,MONTGOMERY,AL,36101,1111, ,ELM ST, ,ELM ST,4071,226,1283385600000,PEACOCK/ROSA PARKS,R-65-m,1400.0,AVAILABLE,W MONTGOMERY INITIATIVE,VACANT LOT CREW,2,Surplus,,,LISTED FOR SALE ON CITY WEBSITE,W MONTGOMERY INITIATIVE,W of 459 Elm St,M-6-N-2,ISAAC.MURRAY,1740684970000,CHRIS.WILLIAMS,1765403155000,3230.078610935759,258.000396739199
20606,63286.0,1.01240097,11 01 01 4 001 015.000,1101014001015000,CITY OF MONTGOMERY, ,103,N PERRY ST, ,MONTGOMERY,AL,36101,1111, ,1001 N COURT ST,1001,N COURT ST, , ,,CLISBY PARK,U,176000.0,USE,,FIRE,0, ,,,FIRE,,,"M-6-C-1,",ISAAC.MURRAY,1740684970000,CHRIS.WILLIAMS,1765403155000,44100.1861325034,840.2289363768799
20607,68538.0,0.37444617,11 06 14 1 004 002.000,1106141004002000,CITY OF MONTGOMERY, ,103,N PERRY ST, ,MONTGOMERY,AL,36101,1111, ,LORING ST, ,LORING ST,297,746,162864000000,PEACOCK/ROSA PARKS,R-60-d,5700.0,USE,,VACANT LOT CREW,0, ,,,EASEMENT; LOW MAINTENANCE; NO ROAD ACCESS,,behind 454-462 Greyhound St,M-6-H-1,ISAAC.MURRAY,1740684970000,CHRIS.WILLIAMS,1765403155000,16310.875059441574,513.0286763648786
20608,72245.0,0.09585824,11 06 24 2 026 013.000,1106242026013000,CITY OF MONTGOMERY, ,103,N PERRY ST, ,MONTGOMERY,AL,36101,1111, ,1565 S HOLT ST,1565,S HOLT ST,4071,221,1283385600000,PEACOCK/ROSA PARKS,B-2,3300.0,AVAILABLE,W MONTGOMERY INITIATIVE,VACANT LOT CREW,2,Surplus,,,LISTED FOR SALE ON CITY WEBSITE,W MONTGOMERY INITIATIVE,,M-6-N-2,ISAAC.MURRAY,1740684970000,CHRIS.WILLIAMS,1765403155000,4175.584842350069,287.0815732068348
20609,71487.0,0.07850275,11 06 24 1 017 041.000,1106241017041000,CITY OF MONTGOMERY, ,103,N PERRY ST, ,MONTGOMERY,AL,36101,1111, ,504 LINCOLN ST,504,LINCOLN ST,4003,251,1267747200000,PEACOCK/ROSA PARKS,R-65-m,1700.0,AVAILABLE,W MONTGOMERY INITIATIVE,VACANT LOT CREW,1,Surplus,,,LISTED FOR SALE ON CITY WEBSITE,W MONTGOMERY INITIATIVE,,M-6-N-2,ISAAC.MURRAY,1740684970000,CHRIS.WILLIAMS,1765403155000,3419.5797566340984,267.99638505570425
20610,68539.0,0.12856561,11 06 14 1 004 002.001,1106141004002001,CITY OF MONTGOMERY, ,103,N PERRY ST, ,MONTGOMERY,AL,36101,1111, ,LORING ST, ,LORING ST, , ,,PEACOCK/ROSA PARKS,R-60-d,1900.0,USE,,VACANT LOT CREW,0, ,,,EASEMENT; LOW MAINTENANCE; NO ROAD ACCESS,,behind 416 Greyhound St,M-6-H-1,ISAAC.MURRAY,1740684970000,CHRIS.WILLIAMS,1765403155000,5600.317980633301,360.01941713317234
20612,68351.0,0.13078764,11 06 13 4 016 022.001,1106134016022001,CITY OF MONTGOMERY, ,103,N PERRY ST, ,MONTGOMERY,AL,36101,1111, ,GENETTA DITCH, ,GENETTA DITCH,4003,260,1267747200000,PEACOCK/ROSA PARKS,R-60-d,4600.0,USE,W MONTGOMERY INITIATIVE,MAINTENANCE,1,City Owned (From State),,,GENETTA DITCH,W MONTGOMERY INITIATIVE,behind 1112-1120 Sayre St,M-6-I-4,ISAAC.MURRAY,1740684970000,CHRIS.WILLIAMS,1765403155000,5697.109700322044,343.20852231754094
20613,68636.0,0.81984871,11 06 14 1 010 003.000,1106141010003000,CITY OF MONTGOMERY, ,103,N PERRY ST, ,MONTGOMERY,AL,36101,1111, ,BEACH & COOK ST, ,BEACH & COOK ST, , ,,PEACOCK/ROSA PARKS,U,20500.0,USE,,WATER WORKS,0, ,,,WATER WORKS,,W portion of Water Works treatment plant,M-6-H-4,ISAAC.MURRAY,1740684970000,CHRIS.WILLIAMS,1765403155000,35712.60981190834,834.0874065107923
20614,68540.0,0.13178042,11 06 14 1 004 002.002,1106141004002002,CITY OF MONTGOMERY, ,103,N PERRY ST, ,MONTGOMERY,AL,36101,1111, ,LORING ST, ,LORING ST, , ,,PEACOCK/ROSA PARKS,R-60-d,1500.0,USE,,VACANT LOT CREW,0, ,,,EASEMENT; LOW MAINTENANCE; NO ROAD ACCESS,,behind 468 Greyhound St,M-6-H-1,ISAAC.MURRAY,1740684970000,CHRIS.WILLIAMS,1765403155000,5740.355302988652,362.02148942846327
20616,68640.0,0.22965354,11 06 14 1 011 003.001,1106141011003001,CITY OF MONTGOMERY, ,103,N PERRY ST, ,MONTGOMERY,AL,36101,1111, ,DAY ST, ,DAY ST,1492,300,772761600000,PEACOCK/ROSA PARKS,R-60-d,5000.0,USE,W MONTGOMERY INITIATIVE,WATER WORKS,0, ,,,WATER WORKS,W MONTGOMERY INITIATIVE,640 feet W of 2356 Day St,M-6-H-4,ISAAC.MURRAY,1740684970000,CHRIS.WILLIAMS,1765403155000,10003.708350385294,452.5654512877553
20617,67912.0,0.10966625,11 06 13 3 022 012.000,1106133022012000,CITY OF MONTGOMERY, ,103,N PERRY ST, ,MONTGOMERY,AL,36101,1111, ,1144 BROUGHTON ST,1144,BROUGHTON ST,4003,199,1267747200000,PEACOCK/ROSA PARKS,R-60-d,3500.0,USE,W MONTGOMERY INITIATIVE,NIXON-TIMES ASSOC,0,City Owned (From State),,,NIXON-TIMES COMMUNITY GARDEN,W MONTGOMERY INITIATIVE,,M-6-N-2,ISAAC.MURRAY,1740684970000,CHRIS.WILLIAMS,1765403155000,4777.061746692465,306.8569498102979
20618,68061.0,0.12933414,11 06 13 4 003 034.000,1106134003034000,CITY OF MONTGOMERY, ,103,N PERRY ST, ,MONTGOMERY,AL,36101,1111, ,252 WAYNE ST,252,WAYNE ST,4071,214,1283385600000,PEACOCK/ROSA PARKS,R-60-d,5000.0,AVAILABLE,W MONTGOMERY INITIATIVE,VACANT LOT CREW,2,Surplus,,,LISTED FOR SALE ON CITY WEBSITE,W MONTGOMERY INITIATIVE,,M-6-H-3,ISAAC.MURRAY,1740684970000,CHRIS.WILLIAMS,1765403155000,5633.795312692392,333.9687774864035
20620,68922.0,0.1406146,11 06 14 1 033 001.000,1106141033001000,CITY OF MONTGOMERY, ,103,N PERRY ST, ,MONTGOMERY,AL,36101,1111, ,LUCY ST, ,LUCY ST,358,60,-534038400000,PEACOCK/ROSA PARKS,R-60-d,1600.0,USE,,VACANT LOT CREW,0, ,,,DRAINAGE DETENION AREA ADJACENT TO MORRIS ELEM,,"W side, 235 feet N of W Jeff Davis Av",M-6-H-4,ISAAC.MURRAY,1740684970000,CHRIS.WILLIAMS,1765403155000,6125.171919076102,345.00854532602244
20621,61861.0,0.79804253,10 09 31 2 003 052.001,1009312003052001,CITY OF MONTGOMERY, , , , ,MONTGOMERY,AL,00000,0000, ,3950 NORMAN BRIDGE RD,3950,NORMAN BRIDGE RD, , ,,NORMANDALE-OLDER SEC,B-2,172100.0,USE,,FIRE,0, ,,,FIRE STATION 12,,,M-6-U,ISAAC.MURRAY,1740684970000,CHRIS.WILLIAMS,1765403155000,34762.732770499555,753.6119553826964
20622,68597.0,0.99930524,11 06 14 1 007 005.000,1106141007005000,CITY OF MONTGOMERY, ,103,N PERRY ST, ,MONTGOMERY,AL,36101,1111, ,2124 BEACH ST,2124,BEACH ST, , ,,PEACOCK/ROSA PARKS,INST,19800.0,HOLDING,,MPS,0, ,,,DAISY LAWRENCE SCHOOL; MPS WORKING ON TITLE ISSUE,,,M-6-H-4,ISAAC.MURRAY,1740684970000,CHRIS.WILLIAMS,1765403155000,43529.736278459204,877.3373244794496
20623,68945.0,0.1463507,11 06 14 1 035 001.000,1106141035001000,CITY OF MONTGOMERY, ,103,N PERRY ST, ,MONTGOMERY,AL,36101,1111, ,LUCY ST, ,LUCY ST,1887,700,899078400000,PEACOCK/ROSA PARKS,R-60-d,0.0,HOLDING,,MAINTENANCE,0, ,,,ADJACENT TO MORRIS ELEMENTARY,,E side at end of Lucy St,M-6-H-4,ISAAC.MURRAY,1740684970000,CHRIS.WILLIAMS,1765403155000,6375.036610984608,430.8097200763791
20624,67711.0,0.07883659,11 06 13 3 013 012.000,1106133013012000,CITY OF MONTGOMERY, ,103,N PERRY ST, ,MONTGOMERY,AL,36101,1111, ,669 BULLOCK ST,669,BULLOCK ST,4003,192,1267747200000,PEACOCK/ROSA PARKS,R-60-d,2800.0,AVAILABLE,W MONTGOMERY INITIATIVE,VACANT LOT CREW,1,Surplus,,,LISTED FOR SALE ON CITY WEBSITE,W MONTGOMERY INITIATIVE,,M-6-H-3,ISAAC.MURRAY,1740684970000,CHRIS.WILLIAMS,1765403155000,3434.1220746344734,247.53078552723466
20625,52663.0,13.13519917,10 07 25 1 000 003.004,1007251000003004,CITY OF MONTGOMERY, ,103,N PERRY ST, ,MONTGOMERY,AL,36101,1111, ,VAUGHN RD, ,VAUGHN RD,1499,35,775353600000,BRIGHTON ESTATES,AGR-1,524000.0,USE,,PARKS & REC,0, ,,,IDA BELL YOUNG PARK,,E side of Ida Bell Young Park,M-7-S,ISAAC.MURRAY,1740684970000,CHRIS.WILLIAMS,1765403155000,572169.2757023523,3309.1177044664237
20626,63331.0,1.47332925,11 01 01 4 003 033.000,1101014003033000,CITY OF MONTGOMERY, ,103,N PERRY ST, ,MONTGOMERY,AL,36101,1111, ,WALKER ST, ,WALKER ST,2648,676,1047945600000,CLISBY PARK,R-60-d,36600.0,USE,,PARKS & RECREATION,0, ,,,Riverfront Trail Extension and Shady Street Park,,b/t Abbie St and Shady St,M-6-B,ISAAC.MURRAY,1740684970000,CHRIS.WILLIAMS,1765403155000,64148.46363751228,1167.281510891066
20627,69628.0,0.09779986,11 06 14 4 017 049.000,1106144017049000,CITY OF MONTGOMERY, ,103,N PERRY ST, ,MONTGOMERY,AL,36101,1111, ,MARY ST, ,MARY ST,1121,634,653616000000,PEACOCK/ROSA PARKS,R-60-d,1200.0,USE,,MAINTENANCE,0, ,,,RIGHT-OF-WAY,,Paved road N of 1308 Maple St,M-6-N-1,ISAAC.MURRAY,1740684970000,CHRIS.WILLIAMS,1765403155000,4260.161829013466,285.2047167312297
20628,73890.0,1.39847584,11 07 25 3 005 061.001,1107253005061001,CITY OF MONTGOMERY, ,103,N PERRY ST, ,MONTGOMERY,AL,36101,1111, ,ESMOND RD, ,ESMOND RD,2416,759,1021420800000,RIDGECREST,R-65-d,1400.0,USE,,MAINTENANCE,0, ,,,STORM DRAINAGE,,Esmond Ditch N of Esmond Rd,M-6-T,ISAAC.MURRAY,1740684970000,CHRIS.WILLIAMS,1765403155000,60917.607441138636,1793.6270371020512
20629,71521.0,0.49586458,11 06 24 1 017 076.000,1106241017076000,CITY OF MONTGOMERY, , , , ,MONTGOMERY,AL,00000,0000, ,1931 ROSA L PARKS AVE,1931,ROSA L PARKS AVE, , ,,PEACOCK/ROSA PARKS,INST,42700.0,USE,W MONTGOMERY INITIATIVE,FIRE,0, ,,,FIRE STATION 10,W MONTGOMERY INITIATIVE,,M-6-N-2,ISAAC.MURRAY,1740684970000,CHRIS.WILLIAMS,1765403155000,21599.86113296042,615.9992515504191
20630,74114.0,0.25941721,11 07 25 3 014 025.000,1107253014025000,CITY OF MONTGOMERY, , , , ,MONTGOMERY,AL,36104,0000, ,4137 OAK ST,4137,OAK ST,163,825,82944000000,RIDGECREST,R-60-d,6500.0,USE,,MAINTENANCE,0,,,,STORM DRAINAGE,,E side of S end of Oak St,M-6-T,ISAAC.MURRAY,1740684970000,CHRIS.WILLIAMS,1765403155000,11300.213596138712,435.19257469546596
20631,71872.0,0.06600075,11 06 24 2 009 024.000,1106242009024000,CITY OF MONTGOMERY, , , , ,MONTGOMERY,AL,00000,0000, ,ALEXANDER ST, ,ALEXANDER ST, , ,,PEACOCK/ROSA PARKS,R-60-d,500.0,USE,W MONTGOMERY INITIATIVE,MAINTENANCE,0, ,,,STORM DRAINAGE,W MONTGOMERY INITIATIVE,"Ditch line on N side of Alexander St, E of 946",M-6-N-1,ISAAC.MURRAY,1740684970000,CHRIS.WILLIAMS,1765403155000,2874.992697273937,280.0007432443889
20632,71445.0,0.09182912,11 06 24 1 017 001.000,1106241017001000,CITY OF MONTGOMERY, ,103,N PERRY ST, ,MONTGOMERY,AL,36101,1111, ,1710 EDGAR D NIXON AVE,1710,EDGAR D NIXON AVE,4003,187,1267747200000,PEACOCK/ROSA PARKS,R-65-m,2800.0,AVAILABLE,W MONTGOMERY INITIATIVE,VACANT LOT CREW,1,Surplus,,,LISTED FOR SALE ON CITY WEBSITE,W MONTGOMERY INITIATIVE,,M-6-N-2,ISAAC.MURRAY,1740684970000,CHRIS.WILLIAMS,1765403155000,4000.0766169592357,260.00230814023934
20633,68638.0,0.03443356,11 06 14 1 011 002.000,1106141011002000,CITY OF MONTGOMERY, ,103,N PERRY ST, ,MONTGOMERY,AL,36101,1111, ,BEACH ST, ,BEACH ST, , ,,PEACOCK/ROSA PARKS,R-60-d,100.0,USE,,VACANT LOT CREW,0, ,,,EASEMENT ADJACENT TO WW PUMP STATION,,behind 504-516 Loring St,M-6-H-4,ISAAC.MURRAY,1740684970000,CHRIS.WILLIAMS,1765403155000,1499.9260176801586,320.00051732830667
20634,68853.0,9.16165878,11 06 14 1 026 001.000,1106141026001000,CITY OF MONTGOMERY, ,103,N PERRY ST, ,MONTGOMERY,AL,36101,1111, ,801 HILL ST,801,HILL ST,1840,547,888451200000,PEACOCK/ROSA PARKS,R-60-d,43300.0,USE,,MPS,0, ,,,THELMA SMILEY MORRIS ELEMENTARY,,,M-6-H-4,ISAAC.MURRAY,1740684970000,CHRIS.WILLIAMS,1765403155000,399081.856285644,2559.191243030385
20635,60690.0,0.41321693,10 09 30 2 007 008.000,1009302007008000,CITY OF MONTGOMERY, ,103,N PERRY ST, ,MONTGOMERY,AL,36101,1111, ,3745 S COURT ST,3745,S COURT ST,3453,732,1165363200000,NORMANDALE-OLDER SEC,R-100,4000.0,AVAILABLE,,VACANT LOT CREW,0,Surplus,,,LISTED FOR SALE ON CITY WEBSITE,,,M-6-U,ISAAC.MURRAY,1740684970000,CHRIS.WILLIAMS,1765403155000,17999.729327604753,579.999990764017
20636,78721.0,135.17936372,13 01 02 0 000 002.000,1301020000002000,CITY OF MONTGOMERY, ,103,N PERRY ST, ,MONTGOMERY,AL,36101,1111,ATTN LEGAL DEPT,6398 SELMA HWY,6398,SELMA HWY,3938,171,1250726400000,CEDAR PT/HILLSIDE,AGR-1 ,917100.0,USE,,POLICE,0, ,,,POLICE,,West section of Police training facility,M-5-BB,ISAAC.MURRAY,1740684970000,CHRIS.WILLIAMS,1765403155000,5888413.083691342,12270.021206980722
20637,52669.0,3.0978991,10 07 25 1 000 008.000,1007251000008000,CITY OF MONTGOMERY, ,103,N PERRY ST, ,MONTGOMERY,AL,36101,1111, ,5829 VAUGHN RD,5829,VAUGHN RD,3713,261,1202860800000,BELLWOOD,AGR-1,185400.0,USE,,PARKS & REC,0, ,,,BLOUNT CULTURAL PARK,,,"M-7-M, M-7-S",ISAAC.MURRAY,1740684970000,CHRIS.WILLIAMS,1765403155000,134944.4847939645,1739.0887508927221
20638,58087.0,1.50591977,10 08 34 1 003 001.000,1008341003001000,CITY OF MONTGOMERY, ,103,N PEERY ST, ,MONTGOMERY,AL,36101,1111, ,3180 E SOUTH BLVD,3180,E SOUTH BLVD, , ,,WOODLEY PARK,INST,130700.0,USE,,FIRE,0, ,,,FIRE STATION 9,,,M-6-W,ISAAC.MURRAY,1740684970000,CHRIS.WILLIAMS,1765403155000,65597.86499572633,1045.1546256965987
20639,52670.0,1.13222343,10 07 25 1 000 009.000,1007251000009000,CITY OF MONTGOMERY, ,103,N PERRY ST, ,MONTGOMERY,AL,36101,1111, ,5821 VAUGHN RD,5821,VAUGHN RD,3713,261,1202860800000,BELLWOOD,AGR-1,66000.0,USE,,PARKS & REC,0, ,,,BLOUNT CULTURAL PARK,,,"M-7-M, M-7-S",ISAAC.MURRAY,1740684970000,CHRIS.WILLIAMS,1765403155000,49319.65272635141,904.8061626144529
20640,68931.0,0.02479186,11 06 14 1 033 008.000,1106141033008000,CITY OF MONTGOMERY, ,103,N PERRY ST, ,MONTGOMERY,AL,36101,1111, ,JEFF DAVIS AVE, ,JEFF DAVIS AVE, , ,,PEACOCK/ROSA PARKS,R-60-d,500.0,USE,,MPS,0, ,,,THELMA SMILEY MORRIS ELEMENTARY,,behind 2126 W Jeff Davis Av,M-6-H-4,ISAAC.MURRAY,1740684970000,CHRIS.WILLIAMS,1765403155000,1079.9332357958747,174.01840284834958
20641,64229.0,3.8984419,11 03 05 3 002 062.001,1103053002062001,CITY OF MONTGOMERY, ,103,N PERRY ST, ,MONTGOMERY,AL,36101,1111, ,20 JUDGE C PRICE ST,20,JUDGE C PRICE ST,590,353,408672000000,HUNTER STATION,R-50,19000.0,USE,,PARKS & REC,0, ,,,HUNTER STATION COMMUNITY CENTER,,,M-5-E,ISAAC.MURRAY,1740684970000,CHRIS.WILLIAMS,1765403155000,169816.12910833847,2193.4424990289403
20642,64503.0,3.13989779,11 03 07 1 001 001.000,1103071001001000,CITY OF MONTGOMERY, ,103,N PERRY ST, ,MONTGOMERY,AL,36101,1111, ,HUNTER LOOP RD, ,HUNTER LOOP RD,1494,652,772761600000,BRICKDALE/MGM IND TERM,M-3,16600.0,USE,,MAINTENANCE,0, ,,,RIGHT-OF-WAY,,"Roquemore St, b/t Hunter Loop and Kenilworth",M-5-E,ISAAC.MURRAY,1740684970000,CHRIS.WILLIAMS,1765403155000,136773.94791693895,2944.0321511396464
20643,69282.0,2.31780839,11 06 14 4 003 001.000,1106144003001000,CITY OF MONTGOMERY, ,103,N PERRY ST, ,MONTGOMERY,AL,36101,1111, ,851 HILL ST,851,HILL ST,1840,547,888451200000,PEACOCK/ROSA PARKS,R-60-d,2300.0,HOLDING,,MPS,0, ,,,MPS GETS TITLE AFTER BOND IS PAID,,,M-6-H-4,ISAAC.MURRAY,1740684970000,CHRIS.WILLIAMS,1765403155000,100963.73347762741,1327.5663865922604
20644,73593.0,1.87161287,11 07 25 2 014 024.000,1107252014024000,CITY OF MONTGOMERY, ,103,N PERRY ST, ,MONTGOMERY,AL,36101,1111, ,DAVENPORT DR, ,DAVENPORT DR,2416,772,1021420800000,RIDGECREST,INST,4800.0,USE,,PARKS & REC,0, ,,,GATEWAY PARK,,"E side of Gateway Park, near Bowman St",M-6-T,ISAAC.MURRAY,1740684970000,CHRIS.WILLIAMS,1765403155000,81527.4567535659,1622.576730186051
20645,73892.0,2.30769021,11 07 25 3 005 062.000,1107253005062000,CITY OF MONTGOMERY, ,103,N PERRY ST, ,MONTGOMERY,AL,36101,1111, ,BOWMAN ST, ,BOWMAN ST,3409,921,1160524800000,RIDGECREST,R-65-d,6600.0,USE,,PARKS & REC,0, ,,,GATEWAY PARK,,Baseball fields at Gateway Park,M-6-T,ISAAC.MURRAY,1740684970000,CHRIS.WILLIAMS,1765403155000,100522.98537404377,1390.3141723721396
20646,64874.0,0.17592418,11 04 20 3 003 008.000,1104203003008000,CITY OF MONTGOMERY, ,103,N PERRY ST, ,MONTGOMERY,AL,36104,1111, ,OLD SELMA RD, ,OLD SELMA RD, , ,,BRICKDALE/MGM IND TERM,R-85,12800.0,USE,,WATER WORKS,0, ,,,WATER WORKS,,"NW side of Old Selma Rd, W of 3584",M-5-Q,ISAAC.MURRAY,1740684970000,CHRIS.WILLIAMS,1765403155000,7663.257233206613,400.00144593444503
20647,63547.0,0.23055497,11 01 11 4 007 001.000,1101114007001000,CITY OF MONTGOMERY, ,103,N PERRY ST, ,MONTGOMERY,AL,36101,1111, ,MAXWELL BLVD, ,MAXWELL BLVD,1164,679,671673600000,WEST END,M-1,16800.0,HOLDING,MAXWELL BLVD AREA,VACANT LOT CREW,1, ,,,MERGING ENTIRE BLOCK; CONTACT DEVELOPMENT,MAXWELL BLVD AREA,SW int of Maxwell Blvd and Covington St,M-6-H-1,ISAAC.MURRAY,1740684970000,CHRIS.WILLIAMS,1765403155000,10042.97428412931,402.35946588926913
20648,64764.0,0.05909377,11 04 20 1 001 003.001,1104201001003001,CITY OF MONTGOMERY, ,103,N PERRY ST, ,MONTGOMERY,AL,36104,1111, ,WEST BLVD, ,WEST BLVD, , ,,BRICKDALE/MGM IND TERM,M-3,100.0,USE,,WATER WORKS,0, ,,,WATER WORKS,,"NE side of West Blvd, 245 NW of Tankview Ct",M-5-R,ISAAC.MURRAY,1740684970000,CHRIS.WILLIAMS,1765403155000,2574.124529952448,208.4495294584358
20649,73891.0,13.48647181,11 07 25 3 005 061.002,1107253005061002,CITY OF MONTGOMERY, ,103,N PERRY ST, ,MONTGOMERY,AL,36101,1111, ,DAVENPORT DR, ,DAVENPORT DR,2416,766,1021420800000,RIDGECREST,R-65-d,405000.0,USE,,PARKS & REC,0, ,,,GATEWAY PARK,,"E side of Gateway Park, W of Railroad",M-6-T,ISAAC.MURRAY,1740684970000,CHRIS.WILLIAMS,1765403155000,587470.7120827778,4244.541705613567
20650,67913.0,0.11047839,11 06 13 3 022 013.000,1106133022013000,CITY OF MONTGOMERY, ,103,N PERRY ST, ,MONTGOMERY,AL,36101,1111, ,1140 BROUGHTON ST,1140,BROUGHTON ST,4003,206,1267747200000,PEACOCK/ROSA PARKS,R-60-d,3500.0,USE,W MONTGOMERY INITIATIVE,NIXON-TIMES ASSOC,0,City Owned (From State),,,NIXON-TIMES COMMUNITY GARDEN,W MONTGOMERY INITIATIVE,,M-6-N-2,ISAAC.MURRAY,1740684970000,CHRIS.WILLIAMS,1765403155000,4812.438732778629,307.49666449522783
20651,71902.0,0.05739353,11 06 24 2 010 020.000,1106242010020000,CITY OF MONTGOMERY, ,103,N PERRY ST, ,MONTGOMERY,AL,36101,1111, ,ALEXANDER ST, ,ALEXANDER ST, , ,,PEACOCK/ROSA PARKS,R-60-d,500.0,USE,W MONTGOMERY INITIATIVE,MAINTENANCE,0, ,,,STORM DRAINAGE,W MONTGOMERY INITIATIVE,"Ditch on S side of Alexander St, W of 941",M-6-N-1,ISAAC.MURRAY,1740684970000,CHRIS.WILLIAMS,1765403155000,2500.0621809437616,250.00312836382696
20652,78719.0,12.36782669,13 01 02 0 000 001.001,1301020000001001,CITY OF MONTGOMERY, ,103,N PERRY ST, ,MONTGOMERY,AL,36101,1111, ,5880 OLD HAYNEVILLE RD,5880,OLD HAYNEVILLE RD,1624,307,820022400000,CEDAR PT/HILLSIDE,AGR-1 ,28700.0,USE,,POLICE,0, ,,,POLICE,,,M-5-BB,ISAAC.MURRAY,1740684970000,CHRIS.WILLIAMS,1765403155000,538742.5305031345,8593.18362837956
20653,57988.0,0.49810024,10 08 33 4 013 003.001,1008334013003001,CITY OF MONTGOMERY, , , , ,MONTGOMERY,AL,36104,0000, ,WOODLEY RD, ,WOODLEY RD,342,525,232156800000,WOODLEY PARK,R-75-s,16800.0,USE,,PARKS & REC,0, ,,,PETER CRUMP PARK,,"SW side of Woodley, across fro 3401",M-6-CC,ISAAC.MURRAY,1740684970000,CHRIS.WILLIAMS,1765403155000,21697.246531923607,689.5914094663732
20654,71336.0,0.16357017,11 06 24 1 012 017.000,1106241012017000,CITY OF MONTGOMERY, ,103,N PERRY ST, ,MONTGOMERY,AL,36101,1111, ,NORWOOD ST, ,NORWOOD ST,4003,266,1267747200000,PEACOCK/ROSA PARKS,R-65-m,2500.0,AVAILABLE,W MONTGOMERY INITIATIVE,VACANT LOT CREW,1,Surplus,,,LISTED FOR SALE ON CITY WEBSITE,W MONTGOMERY INITIATIVE,"N side, 265 feet E of Edgar D Nixon Av",M-6-O,ISAAC.MURRAY,1740684970000,CHRIS.WILLIAMS,1765403155000,7125.116416881023,385.00547473798093
20655,69501.0,0.06887048,11 06 14 4 012 022.000,1106144012022000,CITY OF MONTGOMERY, ,103,N PERRY ST, ,MONTGOMERY,AL,36101,1111, ,2028 CLIO ST,2028,CLIO ST,530,257,359251200000,PEACOCK/ROSA PARKS,R-60-d,1000.0,USE,,MAINTENANCE,0, ,,,RIGHT-OF-WAY,,,M-6-H-4,ISAAC.MURRAY,1740684970000,CHRIS.WILLIAMS,1765403155000,2999.998236503678,234.99857208762145
20656,69504.0,0.1377431,11 06 14 4 012 025.000,1106144012025000,CITY OF MONTGOMERY, ,103,N PERRY ST, ,MONTGOMERY,AL,36101,1111, ,2032 CLIO ST,2032,CLIO ST,529,442,359769600000,PEACOCK/ROSA PARKS,R-60-d,2300.0,USE,,MAINTENANCE,0, ,,,RIGHT-OF-WAY,,,M-6-H-4,ISAAC.MURRAY,1740684970000,CHRIS.WILLIAMS,1765403155000,6000.089636593599,310.0022830859566
20657,69480.0,0.05509678,11 06 14 4 012 001.001,1106144012001001,CITY OF MONTGOMERY, ,103,N PERRY ST, ,MONTGOMERY,AL,36101,1111, ,CARLO ST, ,CARLO ST, , ,,PEACOCK/ROSA PARKS,R-60-d,500.0,USE,,MAINTENANCE,0, ,,,EASEMENT,,behind 903-913 Busch St and 964-982 Oak St,M-6-H-4,ISAAC.MURRAY,1740684970000,CHRIS.WILLIAMS,1765403155000,2400.0156992958055,350.00012331982344
20658,69629.0,0.09779732,11 06 14 4 017 050.000,1106144017050000,CITY OF MONTGOMERY, ,103,N PERRY ST, ,MONTGOMERY,AL,36101,1111, ,MARY ST, ,MARY ST, , ,,PEACOCK/ROSA PARKS,R-60-d,1200.0,USE,,MAINTENANCE,0, ,,,DRAINAGE EASEMENT,,"W of 1300 Maple St, N of paved rd",M-6-N-1,ISAAC.MURRAY,1740684970000,CHRIS.WILLIAMS,1765403155000,4260.051139644567,285.2024153441187
20660,67064.0,0.09183528,11 06 13 2 010 014.000,1106132010014000,CITY OF MONTGOMERY, ,103,N PERRY ST, ,MONTGOMERY,AL,36101,1111, ,531 HAMNER ST,531,HAMNER ST,4066,3,1280448000000,PEACOCK/ROSA PARKS,T4-R,2000.0,AVAILABLE,W MONTGOMERY INITIATIVE,VACANT LOT CREW,2,Surplus,1757030400000,ACB,LISTED FOR SALE ON CITY WEBSITE,W MONTGOMERY INITIATIVE,,M-6-H-2,ISAAC.MURRAY,1740684970000,CHRIS.WILLIAMS,1765403155000,4000.344700763345,280.02627865005945
20661,71625.0,0.17217622,11 06 24 2 002 019.000,1106242002019000,CITY OF MONTGOMERY, ,103,N PERRY ST, ,MONTGOMERY,AL,36101,1111, ,706 UNDERWOOD ST,706,UNDERWOOD ST,4003,183,1267747200000,PEACOCK/ROSA PARKS,R-60-d,4000.0,AVAILABLE,W MONTGOMERY INITIATIVE,VACANT LOT CREW,1,Surplus,,,LISTED FOR SALE ON CITY WEBSITE,W MONTGOMERY INITIATIVE,,M-6-N-2,ISAAC.MURRAY,1740684970000,CHRIS.WILLIAMS,1765403155000,7499.9960282453,400.0002059203824
20662,72235.0,0.11704434,11 06 24 2 026 005.000,1106242026005000,CITY OF MONTGOMERY, ,103,N PERRY ST, ,MONTGOMERY,AL,36101,1111, ,717 CLARKE ST,717,CLARKE ST,4003,211,1267747200000,PEACOCK/ROSA PARKS,R-60-d,3400.0,AVAILABLE,W MONTGOMERY INITIATIVE,VACANT LOT CREW,1,Surplus,,,LISTED FOR SALE ON CITY WEBSITE,W MONTGOMERY INITIATIVE,,M-6-N-2,ISAAC.MURRAY,1740684970000,CHRIS.WILLIAMS,1765403155000,5098.451320945017,334.9212585688206
20663,72207.0,0.0964211,11 06 24 2 025 003.000,1106242025003000,CITY OF MONTGOMERY, ,103,N PERRY ST, ,MONTGOMERY,AL,36101,1111, ,713 STEPHENS ST,713,STEPHENS ST,4003,257,1267747200000,PEACOCK/ROSA PARKS,R-60-d,3100.0,AVAILABLE,W MONTGOMERY INITIATIVE,VACANT LOT CREW,1,City Owned (From State),,,LISTED FOR SALE ON CITY WEBSITE,W MONTGOMERY INITIATIVE,,M-6-N-2,ISAAC.MURRAY,1740684970000,CHRIS.WILLIAMS,1765403155000,4200.103113912386,290.0032247227586
20664,74751.0,38.79152335,11 07 26 1 001 026.000,1107261001026000,CITY OF MONTGOMERY, ,103,N PERRY ST, ,MONTGOMERY,AL,36101,1111, ,2060 BOWMAN ST,2060,BOWMAN ST,2416,772,1021420800000,RIDGECREST,B-2,192600.0,USE,,PARKS & REC,0, ,,,GATEWAY PARK,,,"M-6-N-4, M-6-T",ISAAC.MURRAY,1740684970000,CHRIS.WILLIAMS,1765403155000,1689758.757113002,5727.95733622812
20665,71927.0,1.60213934,11 06 24 2 011 013.000,1106242011013000,CITY OF MONTGOMERY, ,103,N PERRY ST, ,MONTGOMERY,AL,36101,1111,ATTN LEGAL DEPT,750 FAIRVIEW AVE,750,FAIRVIEW AVE,3948,182,1253059200000,PEACOCK/ROSA PARKS,B-2,313600.0,USE,W MONTGOMERY INITIATIVE,PARKS & REC,0,City Owned (From Private),,,GENETTA PARK,W MONTGOMERY INITIATIVE,,M-6-N-2,ISAAC.MURRAY,1740684970000,CHRIS.WILLIAMS,1765403155000,69789.18971129104,1183.0951392792963
20666,72165.0,0.10330754,11 06 24 2 023 015.000,1106242023015000,CITY OF MONTGOMERY, ,103,N PERRY ST, ,MONTGOMERY,AL,36101,1111, ,1815 S HOLT ST,1815,S HOLT ST,4072,526,1275436800000,PEACOCK/ROSA PARKS,B-2,3100.0,AVAILABLE,W MONTGOMERY INITIATIVE,VACANT LOT CREW,2,Surplus,,,LISTED FOR SALE ON CITY WEBSITE,W MONTGOMERY INITIATIVE,,M-6-N-2,ISAAC.MURRAY,1740684970000,CHRIS.WILLIAMS,1765403155000,4500.0765032751715,315.003068986173
20667,75127.0,2.82707066,11 07 26 4 000 002.001,1107264000002001,CITY OF MONTGOMERY, ,103,N PERRY ST, ,MONTGOMERY,AL,36106,1111, ,SAME AS DESC, ,SAME AS DESC,2416,772,1021420800000,RIDGECREST,B-2,9000.0,USE,,PARKS & REC,0, ,,,GATEWAY PARK,,N of traffic circle at Gateway Park,M-6-T,ISAAC.MURRAY,1740684970000,CHRIS.WILLIAMS,1765403155000,123147.19796861835,3565.667840967981
20668,69296.0,3.11121649,11 06 14 4 004 003.000,1106144004003000,CITY OF MONTGOMERY, ,103,N PERRY ST, ,MONTGOMERY,AL,36104,1111, ,2325 CLARENCE LEE DR,2325,CLARENCE LEE DR, , ,,PEACOCK/ROSA PARKS,R-60-s,64200.0,USE,,PARKS & REC,0, ,,,WESTERN HILLS PARK,,b/t Clarence Lee Dr and Chappell Dr,M-6-H-4,ISAAC.MURRAY,1740684970000,CHRIS.WILLIAMS,1765403155000,135524.5903169925,1841.6296931252643
20669,72216.0,0.08838318,11 06 24 2 025 012.000,1106242025012000,CITY OF MONTGOMERY, ,103,N PERRY ST, ,MONTGOMERY,AL,36101,1111, ,1605 S HOLT ST,1605,S HOLT ST,4071,222,1283385600000,PEACOCK/ROSA PARKS,B-2,2800.0,AVAILABLE,W MONTGOMERY INITIATIVE,VACANT LOT CREW,2,Surplus,,,LISTED FOR SALE ON CITY WEBSITE,W MONTGOMERY INITIATIVE,,M-6-N-2,ISAAC.MURRAY,1740684970000,CHRIS.WILLIAMS,1765403155000,3849.971344689478,289.999000374372
20670,72062.0,0.22720277,11 06 24 2 019 004.001,1106242019004001,CITY OF MONTGOMERY, ,103,N PERRY ST, ,MONTGOMERY,AL,36101,1111, ,719 UNDERWOOD AVE,719,UNDERWOOD AVE,4003,182,1267747200000,PEACOCK/ROSA PARKS,R-60,5300.0,AVAILABLE,W MONTGOMERY INITIATIVE,VACANT LOT CREW,1,Surplus,,,LISTED FOR SALE ON CITY WEBSITE,W MONTGOMERY INITIATIVE,,M-6-N-2,ISAAC.MURRAY,1740684970000,CHRIS.WILLIAMS,1765403155000,9896.95256889381,432.00644849650257
20671,71922.0,0.13608648,11 06 24 2 011 009.000,1106242011009000,CITY OF MONTGOMERY, ,103,N PERRY ST, ,MONTGOMERY,AL,36101,1111, ,MALVERN ST, ,MALVERN ST,4032,380,1275523200000,PEACOCK/ROSA PARKS,R-60-d,3500.0,USE,W MONTGOMERY INITIATIVE,PARKS & REC,0,City Owned (From Private),,,GENETTA PARK,W MONTGOMERY INITIATIVE,"S side of Malvern, 120 feet from S Holt St",M-6-N-2,ISAAC.MURRAY,1740684970000,CHRIS.WILLIAMS,1765403155000,5927.927141497003,382.0000505702845
20672,71975.0,0.10686843,11 06 24 2 014 017.000,1106242014017000,CITY OF MONTGOMERY, ,103,N PERRY ST, ,MONTGOMERY,AL,36101,1111, ,1820 ROSA L PARKS AVE,1820,ROSA L PARKS AVE,4071,217,1283385600000,PEACOCK/ROSA PARKS,B-2,3100.0,AVAILABLE,W MONTGOMERY INITIATIVE,VACANT LOT CREW,2,Surplus,,,LISTED FOR SALE ON CITY WEBSITE,W MONTGOMERY INITIATIVE,,M-6-N-2,ISAAC.MURRAY,1740684970000,CHRIS.WILLIAMS,1765403155000,4655.188646303737,321.0078256651057
20673,65121.0,0.29686543,11 05 15 1 010 001.000,1105151010001000,CITY OF MONTGOMERY, ,103,N PERRY ST, ,MONTGOMERY,AL,36101,1111, ,3201 DAY ST,3201,DAY ST, , ,,MAXWELL HEIGHTS,B-2,4500.0,USE,,PARKS & REC,0, ,,,HOMEVIEW PARK,,E of 3215 Day St,M-6-G,ISAAC.MURRAY,1740684970000,CHRIS.WILLIAMS,1765403155000,12931.458262436256,467.36787278113064
20674,72014.0,0.31565349,11 06 24 2 016 021.000,1106242016021000,CITY OF MONTGOMERY, ,103,N PERRY ST, ,MONTGOMERY,AL,36101,1111, ,1606 ROSA L PARKS AVE,1606,ROSA L PARKS AVE,4071,225,1283385600000,PEACOCK/ROSA PARKS,B-2,11100.0,AVAILABLE,W MONTGOMERY INITIATIVE,VACANT LOT CREW,2,Surplus,,,LISTED FOR SALE ON CITY WEBSITE,W MONTGOMERY INITIATIVE,,M-6-N-2,ISAAC.MURRAY,1740684970000,CHRIS.WILLIAMS,1765403155000,13749.865848494546,469.99912091082194
20675,71837.0,0.06565157,11 06 24 2 008 025.000,1106242008025000,CITY OF MONTGOMERY, ,103,N PERRY ST, ,MONTGOMERY,AL,36104,1111, ,ERSKINE ST, ,ERSKINE ST, , ,,PEACOCK/ROSA PARKS,R-60-d,500.0,USE,W MONTGOMERY INITIATIVE,MAINTENANCE,0, ,,,STORM DRAINAGE,W MONTGOMERY INITIATIVE,B/t 942 and 946 Erskine St,M-6-N-1,ISAAC.MURRAY,1740684970000,CHRIS.WILLIAMS,1765403155000,2859.7823941702986,271.9965232813515
20676,71924.0,0.10468072,11 06 24 2 011 010.001,1106242011010001,CITY OF MONTGOMERY, ,103,N PERRY ST, ,MONTGOMERY,AL,36101,1111,ATTN LEGAL DEPT,1901 S HOLT ST,1901,S HOLT ST,3981,527,1261526400000,PEACOCK/ROSA PARKS,B-2,3100.0,USE,,PARKS & REC,0,City Owned (From Private),,,GENETTA PARK,,,M-6-N-2,ISAAC.MURRAY,1740684970000,CHRIS.WILLIAMS,1765403155000,4559.892122728763,315.9982633544298
20678,72246.0,0.09931298,11 06 24 2 026 013.001,1106242026013001,CITY OF MONTGOMERY, ,103,N PERRY ST, ,MONTGOMERY,AL,36101,1111, ,1571 S HOLT ST,1571,S HOLT ST,4078,317,1284336000000,PEACOCK/ROSA PARKS,B-2,3100.0,AVAILABLE,W MONTGOMERY INITIATIVE,VACANT LOT CREW,2,Surplus,,,LISTED FOR SALE ON CITY WEBSITE,W MONTGOMERY INITIATIVE,,M-6-N-2,ISAAC.MURRAY,1740684970000,CHRIS.WILLIAMS,1765403155000,4326.073613130606,290.00427795330853
20679,72253.0,0.11613691,11 06 24 2 026 020.000,1106242026020000,CITY OF MONTGOMERY, , , , , , , , , ,718 STEPHENS ST,718,STEPHENS ST,4003,254,1267747200000,PEACOCK/ROSA PARKS,R-60-d,3300.0,AVAILABLE,W MONTGOMERY INITIATIVE,VACANT LOT CREW,1,Surplus,,,LISTED FOR SALE ON CITY WEBSITE,W MONTGOMERY INITIATIVE,,M-6-N-2,ISAAC.MURRAY,1740684970000,CHRIS.WILLIAMS,1765403155000,5058.923707575055,332.94672123368906
20680,71823.0,0.06313047,11 06 24 2 008 011.000,1106242008011000,CITY OF MONTGOMERY, , , , ,MONTGOMERY,AL,36104,0000, ,STEPHENS ST, ,STEPHENS ST, , ,,PEACOCK/ROSA PARKS,R-60-d,1500.0,USE,W MONTGOMERY INITIATIVE,MAINTENANCE,0, ,,,STORM DRAINAGE,W MONTGOMERY INITIATIVE,W of 1047 Stephens St,M-6-N-1,ISAAC.MURRAY,1740684970000,CHRIS.WILLIAMS,1765403155000,2749.9634328121333,269.99924038381056
20681,71923.0,0.10468382,11 06 24 2 011 010.000,1106242011010000,CITY OF MONTGOMERY, ,103,N PERRY ST, ,MONTGOMERY,AL,36101,1111,ATTN LEGAL DEPT,1905 S HOLT ST,1905,S HOLT ST,3984,827,1262131200000,PEACOCK/ROSA PARKS,B-2,3100.0,USE,,PARKS & REC,0,City Owned (From Private),,,GENETTA PARK,,,M-6-N-2,ISAAC.MURRAY,1740684970000,CHRIS.WILLIAMS,1765403155000,4560.027178425665,316.001232824267
20682,75125.0,3.20423638,11 07 26 4 000 001.000,1107264000001000,CITY OF MONTGOMERY, ,103,N PERRY ST, ,MONTGOMERY,AL,36101,1111, ,2051 BOWMAN ST,2051,BOWMAN ST,3409,921,1160524800000,RIDGECREST,R-65-s,4500.0,USE,,PARKS & REC,0, ,,,GATEWAY PARK,,baseball fields at Gateway Park,M-6-T,ISAAC.MURRAY,1740684970000,CHRIS.WILLIAMS,1765403155000,139576.53650845194,1549.7167407054728
20683,71925.0,0.20936782,11 06 24 2 011 011.000,1106242011011000,CITY OF MONTGOMERY, ,103,N PERRY ST, ,MONTGOMERY,AL,36101,1111,ATTN LEGAL DEPT,S HOLT ST, ,S HOLT ST,3983,109,1262563200000,PEACOCK/ROSA PARKS,B-2,6200.0,USE,,PARKS & REC,0,City Owned (From Private),,,GENETTA PARK,,E side end of S Holt St,M-6-N-2,ISAAC.MURRAY,1740684970000,CHRIS.WILLIAMS,1765403155000,9120.062431743165,392.0011511583993
20684,71859.0,0.06600006,11 06 24 2 009 012.000,1106242009012000,CITY OF MONTGOMERY, ,103,N PERRY ST, ,MONTGOMERY,AL,36101,1111, ,ERSKINE ST, ,ERSKINE ST, , ,,PEACOCK/ROSA PARKS,R-60-d,500.0,USE,W MONTGOMERY INITIATIVE,MAINTENANCE,0, ,,,STORM DRAINAGE,W MONTGOMERY INITIATIVE,b/t 945 and 949 Erskine St,M-6-N-1,ISAAC.MURRAY,1740684970000,CHRIS.WILLIAMS,1765403155000,2874.962450376098,279.9994425708997
20685,65319.0,0.06052515,11 05 15 3 002 016.001,1105153002016001,CITY OF MONTGOMERY, ,103,N PERRY ST, ,MONTGOMERY,AL,36101,1111, ,S OF EVANS DR,,S OF EVANS DR, , ,,BRICKDALE/MGM IND TERM,M-3,1200.0,USE,,WATER WORKS,0, ,,,WATER WORKS,DOWNTOWN PLAN,,M-6-G,ISAAC.MURRAY,1740684970000,CHRIS.WILLIAMS,1765403155000,2636.4754692173337,208.31467584301444
20686,66819.0,0.15792638,11 06 13 1 013 056.000,1106131013056000,CITY OF MONTGOMERY, ,103,N PERRY ST, ,MONTGOMERY,AL,36101,1111, ,620 VIRGINIA AVE,620,VIRGINIA AVE,4071,233,1283385600000,PEACOCK/ROSA PARKS,R-60-m,2900.0,AVAILABLE,W MONTGOMERY INITIATIVE,VACANT LOT CREW,2,Surplus,,,LISTED FOR SALE ON CITY WEBSITE,W MONTGOMERY INITIATIVE,"West side of N end of Virginia Av, north of 628",M-6-H-3,ISAAC.MURRAY,1740684970000,CHRIS.WILLIAMS,1765403155000,6879.273112868962,375.16929440036756
20687,68384.0,0.16885913,11 06 13 4 019 006.000,1106134019006000,CITY OF MONTGOMERY, ,103,N PERRY ST, ,MONTGOMERY,AL,36101,1111, ,WADE ST, ,WADE ST,4003,265,1267747200000,PEACOCK/ROSA PARKS,R-60-d,3100.0,USE,W MONTGOMERY INITIATIVE,MAINTENANCE,1,City Owned (From State),,,STORM DRAINAGE,W MONTGOMERY INITIATIVE,behind 138 Wade St,M-6-O,ISAAC.MURRAY,1740684970000,CHRIS.WILLIAMS,1765403155000,7355.503800060196,407.00113820789755
20688,66808.0,0.17217646,11 06 13 1 013 045.000,1106131013045000,CITY OF MONTGOMERY, ,103,N PERRY ST, ,MONTGOMERY,AL,36101,1111, ,308 W FRED D GRAY AVE,308,W FRED D GRAY AVE,4003,252,1267747200000,PEACOCK/ROSA PARKS,R-60-m,3500.0,AVAILABLE,,VACANT LOT CREW,1,Surplus,,,LISTED FOR SALE ON CITY WEBSITE,,,M-6-H-3,ISAAC.MURRAY,1740684970000,CHRIS.WILLIAMS,1765403155000,7500.006654388979,399.9987533094886
20689,71342.0,0.11478497,11 06 24 1 013 004.000,1106241013004000,CITY OF MONTGOMERY, ,103,N PERRY ST, ,MONTGOMERY,AL,36101,1111, ,325-A  AUBURN ST,325-A,AUBURN ST,4071,227,1283385600000,PEACOCK/ROSA PARKS,R-65-m,2200.0,AVAILABLE,W MONTGOMERY INITIATIVE,VACANT LOT CREW,2,Surplus,,,LISTED FOR SALE ON CITY WEBSITE,W MONTGOMERY INITIATIVE,,M-6-N-2,ISAAC.MURRAY,1740684970000,CHRIS.WILLIAMS,1765403155000,5000.03325317738,330.00225581575893
20690,66845.0,0.16930995,11 06 13 1 013 082.000,1106131013082000,CITY OF MONTGOMERY, ,103,N PERRY ST, ,MONTGOMERY,AL,36101,1111, ,767 ROSA L PARKS AVE,767,ROSA L PARKS AVE,4003,194,1267747200000,PEACOCK/ROSA PARKS,R-60-m,2600.0,AVAILABLE,W MONTGOMERY INITIATIVE,VACANT LOT CREW,1,Surplus,,,LISTED FOR SALE ON CITY WEBSITE,W MONTGOMERY INITIATIVE,50 feet N of 781 Rosa L Park Av,M-6-H-3,ISAAC.MURRAY,1740684970000,CHRIS.WILLIAMS,1765403155000,7375.141502791656,395.0075054382941
20691,4437.0,0.17525653,04 09 31 3 002 013.000,0409313002013000,CITY OF MONTGOMERY, ,103,N PERRY ST, ,MONTGOMERY,AL,36101,1111, ,JACKSON FERRY RD, ,JACKSON FERRY RD, , ,,CLISBY PARK,R-65-d,800.0,USE,,PARKS & REC,0, ,,,JACKSON FERRY ROAD PARK,,basketball court at park,M-2-AA,ISAAC.MURRAY,1740684970000,CHRIS.WILLIAMS,1765403155000,7634.174536424206,461.73330511177977
20692,4436.0,1.65578877,04 09 31 3 002 012.000,0409313002012000,CITY OF MONTGOMERY, ,103,N PERRY ST, ,MONTGOMERY,AL,36101,1111, ,1785 JACKSON FERRY RD,1785,JACKSON FERRY RD, , ,,CLISBY PARK,R-65-d,2800.0,USE,,PARKS & REC,0, ,,,JACKSON FERRY ROAD PARK,,,M-2-AA,ISAAC.MURRAY,1740684970000,CHRIS.WILLIAMS,1765403155000,72126.15893120262,1400.8857178898916
20693,75126.0,57.72477416,11 07 26 4 000 002.000,1107264000002000,CITY OF MONTGOMERY, ,103,N PERRY ST, ,MONTGOMERY,AL,36101,1111, ,3800 DAVENPORT DR,3800,DAVENPORT DR,2416,766,1021420800000,RIDGECREST,R-65-s,1731000.0,USE,,PARKS & REC,0, ,,,GATEWAY PARK,,,M-6-T,ISAAC.MURRAY,1740684970000,CHRIS.WILLIAMS,1765403155000,2514491.1623844546,7515.015108816524
20694,71385.0,0.09201106,11 06 24 1 014 019.000,1106241014019000,CITY OF MONTGOMERY, ,103,N PERRY ST, ,MONTGOMERY,AL,36101,1111, ,508 TROY ST,508,TROY ST,4003,263,1267747200000,PEACOCK/ROSA PARKS,R-65-m,2000.0,AVAILABLE,W MONTGOMERY INITIATIVE,VACANT LOT CREW,1,Surplus,,,LISTED FOR SALE ON CITY WEBSITE,W MONTGOMERY INITIATIVE,,M-6-N-2,ISAAC.MURRAY,1740684970000,CHRIS.WILLIAMS,1765403155000,4008.0015967012587,280.4009935418844
20695,59597.0,0.28926207,10 09 29 3 009 007.000,1009293009007000,CITY OF MONTGOMERY, ,103,N PERRY ST, ,MONTGOMERY,AL,36101,1111, ,1432 ROSEWOOD DR,1432,ROSEWOOD DR,1537,114,789264000000,NORMANDALE,R-75-s,8000.0,AVAILABLE,,VACANT LOT CREW,0,Surplus,,,LISTED FOR SALE ON CITY WEBSITE,,,M-6-V,ISAAC.MURRAY,1740684970000,CHRIS.WILLIAMS,1765403155000,12600.255781271364,460.01269343244417
20696,67588.0,0.51908619,11 06 13 3 009 061.000,1106133009061000,CITY OF MONTGOMERY, ,1276,CLEVELAND AVE, ,MONTGOMERY,AL,36108,0000,MONTGY PUBLIC LIBRARY,1276 ROSA L PARKS AV,1276,ROSA L PARKS AV, , ,,PEACOCK/ROSA PARKS,R-60-d,15900.0,USE,W MONTGOMERY INITIATIVE,PARKS & REC,0, ,,,BERTHA PLEASANT WILLIAMS LIBRARY,W MONTGOMERY INITIATIVE,,M-6-N-2,ISAAC.MURRAY,1740684970000,CHRIS.WILLIAMS,1765403155000,22611.39430276677,642.3990696851292
20697,69924.0,0.1465038,11 06 23 1 004 006.000,1106231004006000,CITY OF MONTGOMERY, ,103,N PERRY ST, ,MONTGOMERY,AL,36101,1111, ,JORDAN ST, ,JORDAN ST,441,605,296956800000,PEACOCK/ROSA PARKS,R-60-d,2000.0,USE,,PARKS & REC,0, ,,,WASHINGTON PARK,,"N side of parking lot, across from Dorothy St",M-6-N-1,ISAAC.MURRAY,1740684970000,CHRIS.WILLIAMS,1765403155000,6381.705589865373,357.24086535491955
20698,71653.0,0.10938798,11 06 24 2 003 024.004,1106242003024004,CITY OF MONTGOMERY, ,103,N PERRY ST, ,MONTGOMERY,AL,36101,1111, ,1558 S HOLT ST,1558,S HOLT ST,4078,321,1284336000000,PEACOCK/ROSA PARKS,B-2,3300.0,AVAILABLE,W MONTGOMERY INITIATIVE,VACANT LOT CREW,1,Surplus,,,LISTED FOR SALE ON CITY WEBSITE,W MONTGOMERY INITIATIVE,,M-6-N-2,ISAAC.MURRAY,1740684970000,CHRIS.WILLIAMS,1765403155000,4764.940417395242,318.25217217697013
20699,71664.0,0.10855489,11 06 24 2 003 034.000,1106242003034000,CITY OF MONTGOMERY, ,103,N PERRY ST, ,MONTGOMERY,AL,36101,1111,ATTN LEGAL DEPT,1714 S HOLT ST,1714,S HOLT ST,3981,523,1261958400000,PEACOCK/ROSA PARKS,B-2,3200.0,AVAILABLE,W MONTGOMERY INITIATIVE,VACANT LOT CREW,1,Surplus,,,LISTED FOR SALE ON CITY WEBSITE,W MONTGOMERY INITIATIVE,,M-6-N-2,ISAAC.MURRAY,1740684970000,CHRIS.WILLIAMS,1765403155000,4728.651015139122,320.4976930714643
20700,64900.0,0.23002876,11 04 20 3 005 007.000,1104203005007000,CITY OF MONTGOMERY, , , , ,MONTGOMERY,AL,36104,0000, ,OLD SELMA RD, ,OLD SELMA RD, , ,,BRICKDALE/MGM IND TERM,M-3,1000.0,USE,,WATER WORKS,0,,,,WATER WORKS,,E of 3630 Old Selma Rd,M-5-Q,ISAAC.MURRAY,1740684970000,CHRIS.WILLIAMS,1765403155000,10020.052988850464,400.5170780797838
20701,66844.0,0.16931333,11 06 13 1 013 081.000,1106131013081000,CITY OF MONTGOMERY, ,103,N PERRY ST, ,MONTGOMERY,AL,36101,1111, ,773 ROSA L PARKS AVE,773,ROSA L PARKS AVE,4003,195,1267747200000,PEACOCK/ROSA PARKS,R-60-m,3200.0,AVAILABLE,W MONTGOMERY INITIATIVE,VACANT LOT CREW,1,Surplus,,,LISTED FOR SALE ON CITY WEBSITE,W MONTGOMERY INITIATIVE,,M-6-H-3,ISAAC.MURRAY,1740684970000,CHRIS.WILLIAMS,1765403155000,7375.288698893097,395.00951241343705
20702,71665.0,0.10588018,11 06 24 2 003 035.000,1106242003035000,CITY OF MONTGOMERY, ,103,N PERRY ST, ,MONTGOMERY,AL,36101,1111,ATTN LEGAL DEPT,1722 S HOLT ST,1722,S HOLT ST,3981,520,1262044800000,PEACOCK/ROSA PARKS,B-2,3100.0,AVAILABLE,W MONTGOMERY INITIATIVE,VACANT LOT CREW,1,Surplus,,,LISTED FOR SALE ON CITY WEBSITE,W MONTGOMERY INITIATIVE,,M-6-N-2,ISAAC.MURRAY,1740684970000,CHRIS.WILLIAMS,1765403155000,4612.140488969669,318.741207016779
20703,67897.0,0.08843412,11 06 13 3 021 029.000,1106133021029000,CITY OF MONTGOMERY, ,103,N PERRY ST, ,MONTGOMERY,AL,36101,1111, ,800 EARLY ST,800,EARLY ST,4003,270,1267747200000,PEACOCK/ROSA PARKS,B-2,3400.0,AVAILABLE,W MONTGOMERY INITIATIVE,VACANT LOT CREW,1,Surplus,,,LISTED FOR SALE ON CITY WEBSITE,W MONTGOMERY INITIATIVE,,M-6-N-2,ISAAC.MURRAY,1740684970000,CHRIS.WILLIAMS,1765403155000,3852.190074028052,268.402589645594
20704,71645.0,0.10819376,11 06 24 2 003 020.000,1106242003020000,CITY OF MONTGOMERY, ,103,N PERRY ST, ,MONTGOMERY,AL,36101,1111, ,1526 S HOLT ST,1526,S HOLT ST,4003,249,1267747200000,PEACOCK/ROSA PARKS,R-60-d,3200.0,AVAILABLE,W MONTGOMERY INITIATIVE,VACANT LOT CREW,1,Surplus,,,LISTED FOR SALE ON CITY WEBSITE,W MONTGOMERY INITIATIVE,,M-6-N-2,ISAAC.MURRAY,1740684970000,CHRIS.WILLIAMS,1765403155000,4712.920007960574,315.6472913084936
20705,71652.0,0.10968737,11 06 24 2 003 024.003,1106242003024003,CITY OF MONTGOMERY, ,103,N PERRY ST, ,MONTGOMERY,AL,36101,1111, ,1564 S HOLT ST,1564,S HOLT ST,4078,319,1284336000000,PEACOCK/ROSA PARKS,B-2,3300.0,AVAILABLE,W MONTGOMERY INITIATIVE,VACANT LOT CREW,2,Surplus,,,LISTED FOR SALE ON CITY WEBSITE,W MONTGOMERY INITIATIVE,,M-6-N-2,ISAAC.MURRAY,1740684970000,CHRIS.WILLIAMS,1765403155000,4777.981742670178,318.90454873905605
20706,72012.0,0.10910389,11 06 24 2 016 019.000,1106242016019000,CITY OF MONTGOMERY, ,103,N PERRY ST, ,MONTGOMERY,AL,36101,1111, ,1628 ROSA L PARKS AVE,1628,ROSA L PARKS AVE,4003,184,1267747200000,PEACOCK/ROSA PARKS,B-2,3600.0,AVAILABLE,W MONTGOMERY INITIATIVE,VACANT LOT CREW,1,Surplus,,,LISTED FOR SALE ON CITY WEBSITE,W MONTGOMERY INITIATIVE,,M-6-N-2,ISAAC.MURRAY,1740684970000,CHRIS.WILLIAMS,1765403155000,4752.565393647075,306.412513874909
20707,67015.0,0.13846056,11 06 13 2 009 008.000,1106132009008000,CITY OF MONTGOMERY, ,103,N PERRY ST, ,MONTGOMERY,AL,36101,1111, ,637 MILDRED ST,637,MILDRED ST,4065,1000,1280448000000,PEACOCK/ROSA PARKS,T4-R,2000.0,AVAILABLE,W MONTGOMERY INITIATIVE,VACANT LOT CREW,2,Surplus,1757030400000,ACB,LISTED FOR SALE ON CITY WEBSITE,W MONTGOMERY INITIATIVE,,M-6-H-3,ISAAC.MURRAY,1740684970000,CHRIS.WILLIAMS,1765403155000,6031.3420046668625,341.2605276838263
20708,75162.0,3.94004865,11 07 35 1 000 002.000,1107351000002000,CITY OF MONTGOMERY, ,103,N PERRY ST, ,MONTGOMERY,AL,36101,1111, ,DAVENPORT DR, ,DAVENPORT DR,2416,762,1021420800000,RIDGECREST,M-1,54700.0,USE,,MAINTENANCE,0, ,,,RIGHT-OF-WAY,,B/t 4244 Davenport Dr and Cloverland Ditch,M-6-T,ISAAC.MURRAY,1740684970000,CHRIS.WILLIAMS,1765403155000,171628.51933003342,1867.7923614566205
20709,72152.0,0.09550076,11 06 24 2 023 002.000,1106242023002000,CITY OF MONTGOMERY, ,103,N PERRY ST, ,MONTGOMERY,AL,36101,1111, ,705 ALEXANDER ST,705,ALEXANDER ST,4003,250,1267747200000,PEACOCK/ROSA PARKS,R-60-d,3100.0,AVAILABLE,W MONTGOMERY INITIATIVE,VACANT LOT CREW,1,Surplus,,,LISTED FOR SALE ON CITY WEBSITE,W MONTGOMERY INITIATIVE,,M-6-N-2,ISAAC.MURRAY,1740684970000,CHRIS.WILLIAMS,1765403155000,4160.01303535312,287.9989794893064
20710,72159.0,0.09550081,11 06 24 2 023 009.000,1106242023009000,CITY OF MONTGOMERY, ,103,N PERRY ST, ,MONTGOMERY,AL,36101,1111, ,741 ALEXANDER AVE,741,ALEXANDER AVE,4071,224,1283385600000,PEACOCK/ROSA PARKS,R-60-d,3100.0,AVAILABLE,W MONTGOMERY INITIATIVE,VACANT LOT CREW,2,Surplus,,,LISTED FOR SALE ON CITY WEBSITE,W MONTGOMERY INITIATIVE,,M-6-N-2,ISAAC.MURRAY,1740684970000,CHRIS.WILLIAMS,1765403155000,4160.015154489507,287.99996838066085
20711,65144.0,0.3305785,11 05 15 1 010 022.000,1105151010022000,CITY OF MONTGOMERY, ,103,N PERRY ST, ,MONTGOMERY,AL,36101,1111, ,KEYSTONE ST, ,KEYSTONE ST,521,636,353980800000,MAXWELL HEIGHTS,R-60-d,4500.0,USE,,PARKS & REC,0, ,,,HOMEVIEW PARK,,"B/t 625 & 635 Kimball St, N of 634 Keystone St",M-6-G,ISAAC.MURRAY,1740684970000,CHRIS.WILLIAMS,1765403155000,14399.999371700593,600.0005282948099
20712,75129.0,71.23007095,11 07 26 4 000 005.000,1107264000005000,CITY OF MONTGOMERY, ,103,N PERRY ST, ,MONTGOMERY,AL,36101,1111, ,ESMOND RD, ,ESMOND RD,2416,759,1021420800000,RIDGECREST,R-65-s,213600.0,USE,,PARKS & REC,0, ,,,GATEWAY PARK,,S portion of Gateway Park golf course,M-6-T,ISAAC.MURRAY,1740684970000,CHRIS.WILLIAMS,1765403155000,3102781.890722471,8319.429140412056
20713,67118.0,0.05530701,11 06 13 2 013 003.000,1106132013003000,CITY OF MONTGOMERY, ,103,N PERRY ST, ,MONTGOMERY,AL,36101,1111, ,COBB ST, ,COBB ST,4065,999,1280448000000,PEACOCK/ROSA PARKS,T4-R,2000.0,AVAILABLE,W MONTGOMERY INITIATIVE,VACANT LOT CREW,2,City Owned (From State),1757030400000,ACB,LISTED FOR SALE ON CITY WEBSITE,W MONTGOMERY INITIATIVE,"SE side, 200 ft from Mobile St",M-6-H-3,ISAAC.MURRAY,1740684970000,CHRIS.WILLIAMS,1765403155000,2409.17322672377,234.82497782447712
20714,69061.0,0.25838764,11 06 14 2 012 012.000,1106142012012000,CITY OF MONTGOMERY, ,103,N PERRY ST, ,MONTGOMERY,AL,36101,1111, ,DAY ST, ,DAY ST, , ,,MAXWELL HEIGHTS,U,45000.0,USE,W MONTGOMERY INITIATIVE,WATER WORKS,0, ,,,WATER WORKS,W MONTGOMERY INITIATIVE,NE int of Day St and Shafter St,M-6-G,ISAAC.MURRAY,1740684970000,CHRIS.WILLIAMS,1765403155000,11255.365482623312,467.6891336216756
20715,74598.0,0.17494467,11 07 25 4 011 061.000,1107254011061000,CITY OF MONTGOMERY, ,103,N PERRY ST, ,MONTGOMERY,AL,36104,1111, ,ROSA L PARKS AVE, ,ROSA L PARKS AVE, , ,,RIDGECREST,R-65-d,2500.0,USE,W MONTGOMERY INITIATIVE,MAINTENANCE,0, ,,,STORM DRAINAGE,W MONTGOMERY INITIATIVE,S and E of 4205 Rosa L Parks Av,M-6-T,ISAAC.MURRAY,1740684970000,CHRIS.WILLIAMS,1765403155000,7620.589916569194,575.7762787906022
20716,70589.0,3.72003094,11 06 23 3 007 005.000,1106233007005000,CITY OF MONTGOMERY, ,103,N PERRY ST, ,MONTGOMERY,AL,36101,1111, ,3095 MOBILE RD,3095,MOBILE RD,1077,543,634348800000,MOBILE HEIGHTS,M-1,1233500.0,USE,,PARKS & REC,0, ,,,RUFUS A LEWIS LIBRARY,,,M-6-M,ISAAC.MURRAY,1740684970000,CHRIS.WILLIAMS,1765403155000,162044.54767125988,1615.8253487643901
20717,71921.0,0.13608651,11 06 24 2 011 008.000,1106242011008000,CITY OF MONTGOMERY, ,103,N PERRY ST, ,MONTGOMERY,AL,36101,1111, ,735 MALVERN ST,735,MALVERN ST,3977,435,1259884800000,PEACOCK/ROSA PARKS,R-60-d,3500.0,USE,W MONTGOMERY INITIATIVE,PARKS & REC,0,City Owned (From Private),,,GENETTA PARK,W MONTGOMERY INITIATIVE,,M-6-N-2,ISAAC.MURRAY,1740684970000,CHRIS.WILLIAMS,1765403155000,5927.928340968561,381.99938299459114
20719,80967.0,1.49367757,14 03 06 1 008 018.001,1403061008018001,CITY OF MONTGOMERY, ,103,N PERRY ST, ,MONTGOMERY,AL,36101,1111, ,RICHARDSON RD, ,RICHARDSON RD,1309,460,725068800000,DANNELLY PINES,M-1,13400.0,USE,,PARKS & REC,0, ,,,DR ROBERT B ADAMS PARK,,behind 4401-4435 Dan River Rd,M-5-CC,ISAAC.MURRAY,1740684970000,CHRIS.WILLIAMS,1765403155000,65064.59499649069,1256.7891566116614
20720,70040.0,0.08241789,11 06 23 1 009 007.000,1106231009007000,CITY OF MONTGOMERY, ,103,N PERRY ST, ,MONTGOMERY,AL,36101,1111, ,SHREVE ST, ,SHREVE ST, , ,,PEACOCK/ROSA PARKS,R-60-d,1000.0,AVAILABLE,,MAINTENANCE,0, ,,,RIGHT-OF-WAY,,"E of 2311 Shreve St, b/t Council St and Shreve St",M-6-N-1,ISAAC.MURRAY,1740684970000,CHRIS.WILLIAMS,1765403155000,3590.123249869346,329.16370925303636
20721,81014.0,22.99706722,14 03 08 1 000 001.001,1403081000001001,CITY OF MONTGOMERY, ,103,N PERRY ST, ,MONTGOMERY,AL,36101,1111, ,LAMAR RD, ,LAMAR RD,544,75,-205200000000,LAMAR RD/DANNELLY FIELD,INST,115000.0,USE,,AIRPORT AUTHORITY,0, ,,,AIRPORT AUTHORITY,,Curved portion of Lamar Rd at Dannelly Airfield,"M-9-E, M-9-F",ISAAC.MURRAY,1740684970000,CHRIS.WILLIAMS,1765403155000,1001752.248220687,6395.813381776422
20722,66903.0,3.27595284,11 06 13 2 002 008.000,1106132002008000,CITY OF MONTGOMERY, ,103,N PERRY ST, ,MONTGOMERY,AL,36101,1111, ,405 S HOLT ST,405,S HOLT ST, , ,,PEACOCK/ROSA PARKS,T4-R,50000.0,USE,W MONTGOMERY INITIATIVE,PARKS & REC,0, ,1757030400000,ACB,POLICE/FIRE,W MONTGOMERY INITIATIVE,Fire Station 2 and Police Academy,M-6-H-2,ISAAC.MURRAY,1740684970000,CHRIS.WILLIAMS,1765403155000,142700.50554661942,1534.246943310631
20723,43.0,51.96913843,03 07 25 0 000 001.000,0307250000001000,CITY OF MONTGOMERY, ,103,N PERRY ST, ,MONTGOMERY,AL,36101,1111, ,ALABAMA RIVER, ,ALABAMA RIVER,766,98,504144000000,CLISBY PARK,M-3,102000.0,USE,,LANDFILL,0, ,,,LANDFILL,,Landfill stormwater detention pond,M-2-Z,ISAAC.MURRAY,1740684970000,CHRIS.WILLIAMS,1765403155000,2263775.670155246,6914.010564962142
20724,75914.0,1.73250498,11 07 36 2 010 016.000,1107362010016000,CITY OF MONTGOMERY, ,103,N PERRY ST, ,MONTGOMERY,AL,36101,1111, ,4610 ROSA L PARKS AVE,4610,ROSA L PARKS AVE,734,676,489801600000,CATOMA/BEAUVOIR,B-2,30300.0,USE,W MONTGOMERY INITIATIVE,PARKS & REC,0, ,,,ROSA L PARKS PARK,W MONTGOMERY INITIATIVE,NW int of Rosa L Parks Av and W Fleming Rd,M-6-T,ISAAC.MURRAY,1740684970000,CHRIS.WILLIAMS,1765403155000,75467.91678706417,1124.721496340166
20725,71928.0,0.05299665,11 06 24 2 011 014.000,1106242011014000,CITY OF MONTGOMERY, ,103,N PERRY ST, ,MONTGOMERY,AL,36101,1111,ATTN LEGAL DEPT,748 FAIRVIEW AVE,748,FAIRVIEW AVE,3948,182,1253059200000,PEACOCK/ROSA PARKS,T4-0,4500.0,USE,W MONTGOMERY INITIATIVE,PARKS & REC,0, ,,,GENETTA PARK,W MONTGOMERY INITIATIVE,,M-6-N-2,ISAAC.MURRAY,1740684970000,CHRIS.WILLIAMS,1765403155000,2308.533936329142,221.0991704539526
20726,78946.0,34.30922985,14 01 02 2 000 004.000,1401022000004000,CITY OF MONTGOMERY, ,103,N PERRY ST, ,MONTGOMERY,AL,36101,1111, ,I65, ,I65,2659,660,1053388800000,ENGLISH VILLAGE,R-65-s,63000.0,USE,,MAINTENANCE,0, ,,,ALDOT EASEMENT,,"End of Winderston Dr, b/t English Village & I-65",M-6-Y,ISAAC.MURRAY,1740684970000,CHRIS.WILLIAMS,1765403155000,1494510.0522369358,5958.077155582697
20727,70514.0,1.08584554,11 06 23 2 004 007.002,1106232004007002,CITY OF MONTGOMERY, ,103,N PERRY ST, ,MONTGOMERY,AL,36101,1111, ,2318 FAIRVIEW AVE,2318,FAIRVIEW AVE,1304,432,720403200000,PEACOCK/ROSA PARKS,M-1,35900.0,USE,W MONTGOMERY INITIATIVE,MATS,0, ,,,MATS,W MONTGOMERY INITIATIVE,,M-6-M,ISAAC.MURRAY,1740684970000,CHRIS.WILLIAMS,1765403155000,47299.43165668531,881.231553162368
20728,67248.0,0.10027028,11 06 13 2 020 016.000,1106132020016000,CITY OF MONTGOMERY, ,103,N PERRY ST, ,MONTGOMERY,AL,36101,1111, ,714 MOBILE ST,714,MOBILE ST,4066,5,1280448000000,PEACOCK/ROSA PARKS,T4-O,3000.0,AVAILABLE,W MONTGOMERY INITIATIVE,VACANT LOT CREW,2,City Owned (From State),1757030400000,ACB,CONTACT DEVELOPMENT,W MONTGOMERY INITIATIVE,,M-6-H-3,ISAAC.MURRAY,1740684970000,CHRIS.WILLIAMS,1765403155000,4367.773571589897,302.0949009330157
20730,67549.0,0.0839124,11 06 13 3 009 024.000,1106133009024000,CITY OF MONTGOMERY, ,103,N PERRY ST, ,MONTGOMERY,AL,36101,1111, ,742 CENTRAL ST,742,CENTRAL ST,4003,193,1267747200000,PEACOCK/ROSA PARKS,R-60-d,2600.0,AVAILABLE,W MONTGOMERY INITIATIVE,VACANT LOT CREW,1,Surplus,,,LISTED FOR SALE ON CITY WEBSITE,W MONTGOMERY INITIATIVE,,M-6-N-2,ISAAC.MURRAY,1740684970000,CHRIS.WILLIAMS,1765403155000,3655.224278453487,264.0725167459593
20731,70253.0,0.05614136,11 06 23 1 017 045.000,1106231017045000,CITY OF MONTGOMERY, ,103,N PERRY ST, ,MONTGOMERY,AL,36101,1111, ,HERCULES ST, ,HERCULES ST,360,523,-527558400000,PEACOCK/ROSA PARKS,R-60-d,1100.0,USE,,MAINTENANCE,0, ,,,RIGHT-OF-WAY,,100 feet of road N of Hercules St,M-6-N-1,ISAAC.MURRAY,1740684970000,CHRIS.WILLIAMS,1765403155000,2445.51772281241,245.6590615600885
20732,67333.0,0.15829541,11 06 13 3 001 002.000,1106133001002000,CITY OF MONTGOMERY, ,103,N PERRY ST, ,MONTGOMERY,AL,36101,1111, ,613 W FRED D GRAY AVE,613,W FRED D GRAY AVE,4071,232,1283385600000,PEACOCK/ROSA PARKS,B-2,4600.0,AVAILABLE,,VACANT LOT CREW,2,Surplus,,,LISTED FOR SALE ON CITY WEBSITE,,,M-6-H-3,ISAAC.MURRAY,1740684970000,CHRIS.WILLIAMS,1765403155000,6895.3482507898025,391.07800198810656
20733,65531.0,10.17582131,11 05 16 3 003 005.029,1105163003005029,CITY OF MONTGOMERY, ,131,N PERRY ST, ,MONTGOMERY,AL,36104,1111, ,3200 OLD SELMA RD,3200,OLD SELMA RD, , ,,BRICKDALE/MGM IND TERM,M-3,203400.0,USE,,PARKS & REC,0, ,,,OLD SELMA ROAD COMMUNITY PARK,,,"M-5-L, M-5-R",ISAAC.MURRAY,1740684970000,CHRIS.WILLIAMS,1765403155000,443258.77639105765,2925.9506495868054
20734,84811.0,23.36113487,15 02 04 1 003 004.001,1502041003004001,CITY OF MONTGOMERY, ,103,N PERRY ST, ,MONTGOMERY,AL,36101,1111, ,3480 WOODLEY RD,3480,WOODLEY RD,342,525,232156800000,SPRING VALLEY,R-75-s,374900.0,USE,,PARKS & REC,0, ,,,PETER CRUMP PARK,,,"M-6-BB, M-6-CC",ISAAC.MURRAY,1740684970000,CHRIS.WILLIAMS,1765403155000,1017611.0348852499,5463.119750546482
20735,67293.0,0.07403389,11 06 13 2 022 004.000,1106132022004000,CITY OF MONTGOMERY, ,103,N PERRY ST, ,MONTGOMERY,AL,36101,1111, ,0 W FRED D GRAY AVE, ,W JEFF DAVIS AVE,4003,271,1267747200000,PEACOCK/ROSA PARKS,R-60-m,900.0,AVAILABLE,,VACANT LOT CREW,1,Surplus,,,LISTED FOR SALE ON CITY WEBSITE,,"NW end of Enslen St, across fron 763",M-6-H-3,ISAAC.MURRAY,1740684970000,CHRIS.WILLIAMS,1765403155000,3224.916228342142,264.49875604523373
20736,68129.0,0.21064582,11 06 13 4 005 020.000,1106134005020000,CITY OF MONTGOMERY, ,103,N PERRY ST, ,MONTGOMERY,AL,36101,1111, ,818 EDGAR D NIXON AVE,818,EDGAR D NIXON AVE,4003,210,1267747200000,PEACOCK/ROSA PARKS,R-60-d,7600.0,USE,W MONTGOMERY INITIATIVE,MPS,1,City Owned (From State),,,PART OF NIXON ELEMENTARY SCHOOL & COMM CENTER,W MONTGOMERY INITIATIVE,,M-6-H-3,ISAAC.MURRAY,1740684970000,CHRIS.WILLIAMS,1765403155000,9175.731827357276,410.0552484781831
20737,76687.0,0.22956793,11 08 33 3 001 002.000,1108333001002000,CITY OF MONTGOMERY, ,103,N PERRY ST, ,MONTGOMERY,AL,36101,1111, ,WOODCREST EST PLAT 2, ,WOODCREST EST PLAT 2,590,595,-140572800000,WOODCREST,AGR-2,100.0,HOLDING,,VACANT LOT CREW,0, ,,,NO ACCESS TO PROPERTY,,675 feet up Beacon Dr,M-5-DD,ISAAC.MURRAY,1740684970000,CHRIS.WILLIAMS,1765403155000,9999.979172263804,399.99958344952876
20738,67895.0,0.08843531,11 06 13 3 021 027.000,1106133021027000,CITY OF MONTGOMERY, ,103,N PERRY ST, ,MONTGOMERY,AL,36101,1111, ,810 EARLY ST,810,EARLY ST,4078,318,1284336000000,PEACOCK/ROSA PARKS,B-2,6800.0,AVAILABLE,W MONTGOMERY INITIATIVE,VACANT LOT CREW,2,Surplus,,,LISTED FOR SALE ON CITY WEBSITE,W MONTGOMERY INITIATIVE,,M-6-N-2,ISAAC.MURRAY,1740684970000,CHRIS.WILLIAMS,1765403155000,3852.2421207173616,268.40387410089966
20739,70507.0,7.37937967,11 06 23 2 004 006.001,1106232004006001,CITY OF MONTGOMERY, ,103,N PERRY ST, ,MONTGOMERY,AL,36101,1111, ,2314 W FAIRVIEW AVE,2314,W FAIRVIEW AVE,1225,779,696124800000,PEACOCK/ROSA PARKS,M-1,222700.0,USE,W MONTGOMERY INITIATIVE,MATS,0, ,,,MATS OFFICES & PARKING,W MONTGOMERY INITIATIVE,also 2314 and 2316,"M-6-M, M-6-N-1",ISAAC.MURRAY,1740684970000,CHRIS.WILLIAMS,1765403155000,321445.77841205825,2704.4335704493365
20740,76675.0,0.36349965,11 08 28 4 001 021.000,1108284001021000,CITY OF MONTGOMERY, , , , ,MONTGOMERY,AL,36104,0000, ,WEST BLVD, ,WEST BLVD, , ,,BRICKDALE/MGM IND TERM,M-1,18200.0,USE,,WATER WORKS,0,,,,WATER WORKS,,"900 feet W of Estate Av, North side of West Blvd",M-6-S,ISAAC.MURRAY,1740684970000,CHRIS.WILLIAMS,1765403155000,15834.044900131577,559.1475957962626
20741,76834.0,1.32282889,11 08 33 3 011 013.001,1108333011013001,CITY OF MONTGOMERY, ,103,N PERRY ST, ,MONTGOMERY,AL,36101,1111, ,THORNWOOD DR, ,THORNWOOD DR, , ,,WOODCREST,R-60-s,26400.0,USE,,PARKS & REC,0, ,,,WOODCREST PARK,,W end of E Lawnwood Dr,M-5-DD,ISAAC.MURRAY,1740684970000,CHRIS.WILLIAMS,1765403155000,57622.42624171908,1164.6075030527784
20742,67145.0,0.06991506,11 06 13 2 013 031.001,1106132013031001,CITY OF MONTGOMERY, ,103,N PERRY ST, ,MONTGOMERY,AL,36101,1111, ,644 DAY ST,644,DAY ST,4066,6,1280448000000,PEACOCK/ROSA PARKS,T4-R,2000.0,AVAILABLE,W MONTGOMERY INITIATIVE,VACANT LOT CREW,2,Surplus,1757030400000,ACB,LISTED FOR SALE ON CITY WEBSITE,W MONTGOMERY INITIATIVE,,M-6-H-3,ISAAC.MURRAY,1740684970000,CHRIS.WILLIAMS,1765403155000,3045.4998336634962,232.27907386370293
20743,76253.0,1.43249506,11 08 27 4 011 003.001,1108274011003001,CITY OF MONTGOMERY, ,103,N PERRY ST, ,MONTGOMERY,AL,36101,1111, ,OTIS LN, ,OTIS LN,270,947,163123200000,BRICKDALE/MGM IND TERM,M-3,7000.0,USE,,PARKS & REC,0, ,,,SMILEY COURT COMMUNITY CENTER AND PARK,,"E side of Otis Ln, 400 ft E of E Smiley Cir",M-6-S,ISAAC.MURRAY,1740684970000,CHRIS.WILLIAMS,1765403155000,62399.48498394707,1279.990435276113
20744,76833.0,7.97099869,11 08 33 3 011 013.000,1108333011013000,CITY OF MONTGOMERY, ,103,N PERRY ST, ,MONTGOMERY,AL,36101,1111, ,4325 THORNWOOD DR,4325,THORNWOOD DR,350,20,237427200000,WOODCREST,R-60-s,44000.0,USE,,PARKS & REC,0, ,,,WOODCREST PARK,,S ends of Thornwood Dr and Green Meadow Dr,M-5-DD,ISAAC.MURRAY,1740684970000,CHRIS.WILLIAMS,1765403155000,347216.703134137,2900.128760197482
20745,79677.0,0.57733571,14 02 03 4 003 043.000,1402034003043000,CITY OF MONTGOMERY, ,103,N PERRY ST, ,MONTGOMERY,AL,36101,1111, ,HWY 31, ,HWY 31,1772,394,867628800000,SOUTHLAWN,B-4,26100.0,USE,,MPS,0, ,,,SOUTHLAWN MIDDLE SCHOOL,,NE corner of Mobile Hwy and Green Leaf Dr,M-6-Y,ISAAC.MURRAY,1740684970000,CHRIS.WILLIAMS,1765403155000,25148.743567412257,639.723552582951
20746,76624.0,1.81009092,11 08 28 2 011 004.000,1108282011004000,CITY OF MONTGOMERY, ,103,N PERRY ST, ,MONTGOMERY,AL,36101,1111, ,3841 HARMONY ST,3841,HARMONY ST,3453,730,1134086400000,BRICKDALE/MGM IND TERM,R-60-s,10700.0,AVAILABLE,,VACANT LOT CREW,0,Surplus,,,LISTED FOR SALE ON CITY WEBSITE,,,M-5-X,ISAAC.MURRAY,1740684970000,CHRIS.WILLIAMS,1765403155000,78847.5605254663,1357.5714988548098
20747,52448.0,5.11723064,10 06 24 1 002 033.001,1006241002033001,CITY OF MONTGOMERY, ,103,N PERRY ST, ,MONTGOMERY,AL,36101,1111, ,5881 WOODMERE BLVD, 5881,WOODMERE BLVD,775,840,507859200000,BELL HILLS,PUD,260000.0,USE,,PARKS & REC,0, ,,,WOODMERE PARK,,NE corner of Woodmere Blvd and Woodmere Dr,M-7-M,ISAAC.MURRAY,1740684970000,CHRIS.WILLIAMS,1765403155000,222906.56672850257,1954.1037207599286
20748,79675.0,15.96097477,14 02 03 4 003 041.000,1402034003041000,CITY OF MONTGOMERY, ,103,N PERRY ST, ,MONTGOMERY,AL,36101,1111, ,5333 MOBILE HWY,5333,MOBILE HWY,1778,190,870393600000,SOUTHLAWN,B-4,144000.0,USE,,MAINTENANCE,0, ,,,SOUTHLAWN MIDDLE SCHOOL,,,M-6-Y,ISAAC.MURRAY,1740684970000,CHRIS.WILLIAMS,1765403155000,695260.0610677197,3729.538229120725
20749,77805.0,0.03673098,12 05 22 1 000 001.004,1205221000001004,CITY OF MONTGOMERY, ,103,N PERRY ST, ,MONTGOMERY,AL,36101,1111, ,800 SUNSET DR,800,SUNSET DR, , ,,COUNTRY EST/SELBROOK,FH,1600.0,USE,,WATER WORKS,0, ,,,ROAD EASEMENT,,,M-5-O,ISAAC.MURRAY,1740684970000,CHRIS.WILLIAMS,1765403155000,1600.001680441627,160.0000841061464
20750,77694.0,15.94789995,12 05 15 3 001 002.000,1205153001002000,CITY OF MONTGOMERY, ,103,N PERRY ST, ,MONTGOMERY,AL,36101,1111, ,BOOTH RD, ,BOOTH RD, , ,,CEDAR PT/HILLSIDE,FH,21600.0,USE,,MAINTENANCE,0, ,,,EASEMENT FOR WATER WORKS,,W of water treat plant @ 6000 Richard E Hanan Dr,M-5-I,ISAAC.MURRAY,1740684970000,CHRIS.WILLIAMS,1765403155000,694690.5217790523,4368.216020850951
20751,78235.0,0.08264475,12 06 14 3 004 007.001,1206143004007001,CITY OF MONTGOMERY, , , , ,MONTGOMERY,AL,36104,0000, ,GEARY DR, ,GEARY DR, , ,,COUNTRY EST/SELBROOK,AGR-1,1500.0,USE,,WATER WORKS,0,,,,WATER WORKS,,between 318 and 320 Geary Dr,M-5-I,ISAAC.MURRAY,1740684970000,CHRIS.WILLIAMS,1765403155000,3600.00538055817,300.0003909167355
20752,4438.0,0.08717848,04 09 31 3 002 013.001,0409313002013001,CITY OF MONTGOMERY, ,103,N PERRY ST, ,MONTGOMERY,AL,36101,1111, ,NORTH BLVD, ,NORTH BLVD, , ,,CLISBY PARK,R-65-d,400.0,USE,,PARKS & REC,0, ,,,JACKSON FERRY ROAD PARK,,NW portion along Northern Blvd Right-of-Way,M-2-AA,ISAAC.MURRAY,1740684970000,CHRIS.WILLIAMS,1765403155000,3797.4945456641194,282.79506532507827
20753,67535.0,0.11944787,11 06 13 3 009 010.000,1106133009010000,CITY OF MONTGOMERY, ,103,N PERRY ST, ,MONTGOMERY,AL,36101,1111, ,701 CLINTON ST,701,CLINTON ST,4071,218,1283385600000,PEACOCK/ROSA PARKS,R-60-d,3600.0,AVAILABLE,W MONTGOMERY INITIATIVE,VACANT LOT CREW,2,Surplus,,,LISTED FOR SALE ON CITY WEBSITE,W MONTGOMERY INITIATIVE,,M-6-N-2,ISAAC.MURRAY,1740684970000,CHRIS.WILLIAMS,1765403155000,5203.149292538238,331.81565871347726
20754,80084.0,1.00103881,14 02 04 2 001 009.000,1402042001009000,CITY OF MONTGOMERY, ,103,N PERRY ST, ,MONTGOMERY,AL,36101,1111, ,WOODCREST DR, ,WOODCREST DR,1150,610,668476800000,WOODCREST,R-100,10000.0,USE,,PARKS & REC,0, ,,,WOODCREST PARK,,across from 4520 Woodcrest Dr,M-5-DD,ISAAC.MURRAY,1740684970000,CHRIS.WILLIAMS,1765403155000,43605.250409621614,1072.9973894094358
20755,80085.0,1.00136322,14 02 04 2 001 009.001,1402042001009001,CITY OF MONTGOMERY, ,103,N PERRY ST, ,MONTGOMERY,AL,36101,1111, ,WOODCREST DR, ,WOODCREST DR,1150,610,668476800000,WOODCREST,R-100,10000.0,USE,,PARKS & REC,0, ,,,WOODCREST PARK,,across from 4528 and 4536 Woodcrest Dr,M-5-DD,ISAAC.MURRAY,1740684970000,CHRIS.WILLIAMS,1765403155000,43619.38195078035,987.6601901005524
20756,80073.0,1.15019452,14 02 04 1 000 010.001,1402041000010001,CITY OF MONTGOMERY, ,103,N PERRY ST, ,MONTGOMERY,AL,36101,1111, ,2801 SELMA HWY,2801,SELMA HWY,757,73,500515200000,LAMAR RD/DANNELLY FIELD,M-1,14000.0,USE,,FIRE,0, ,,,FIRE STATION 14,,,M-6-Y,ISAAC.MURRAY,1740684970000,CHRIS.WILLIAMS,1765403155000,50102.473447055796,900.4303610397013
20757,50229.0,20.02483371,10 05 22 4 002 001.001,1005224002001001,CITY OF MONTGOMERY, ,103,N PERRY ST, ,MONTGOMERY,AL,36101,1111, ,3620 VAUGHN RD,3620,VAUGHN RD,461,478,308880000000,VAUGHN MEADOWS,R-85,2100000.0,USE,,PARKS & REC,0, ,,,VAUGHN ROAD PARK,,,M-6-Q,ISAAC.MURRAY,1740684970000,CHRIS.WILLIAMS,1765403155000,872281.7565294938,3997.7206096697796
20758,78570.0,242.26253044,12 07 35 0 000 004.000,1207350000004000,CITY OF MONTGOMERY, ,103,N PERRY ST, ,MONTGOMERY,AL,36101,1111,ATTN LEGAL DEPT,HWY 80, ,HWY 80,3938,169,1250726400000,CEDAR PT/HILLSIDE,AGR-1,517900.0,USE,,POLICE,0, ,,,POLICE,,N end of Police Training Facility,"M-5-V, M-5-BB",ISAAC.MURRAY,1740684970000,CHRIS.WILLIAMS,1765403155000,10552955.825827722,13245.73958145796
20759,43222.0,1.95011025,10 04 18 3 013 005.000,1004183013005000,CITY OF MONTGOMERY, ,103,N PERRY ST, ,MONTGOMERY,AL,36101,1111, ,1121 S LAWRENCE ST,1121,S LAWRENCE ST, , ,,FINLEY/ASU AREA,INST,195000.0,USE,,PARKS & REC,0, ,,,BELLINGER HILLS PARK,,also 1121,"M-6-I-4, M-6-O",ISAAC.MURRAY,1740684970000,CHRIS.WILLIAMS,1765403155000,84946.80232617357,1371.8786106178186
20760,43223.0,0.62001278,10 04 18 3 013 006.000,1004183013006000,CITY OF MONTGOMERY, ,103,N PERRY ST, ,MONTGOMERY,AL,36101,1111, ,1156 S MCDONOUGH ST,1156,S MCDONOUGH ST,78,566,-1859414400000,FINLEY/ASU AREA,INST,75100.0,USE,,PARKS & REC,0, ,,,BELLINGER HILLS PARK,,,M-6-O,ISAAC.MURRAY,1740684970000,CHRIS.WILLIAMS,1765403155000,27007.756901862525,657.4383601931831
20761,106065.0,0.23208301,10 03 07 2 204 033.000,1003072204033000,CITY OF MONTGOMERY, ,103,N PERRY ST, ,MONTGOMERY,AL,36101,1111, ,N DECATUR ST, ,N DECATUR ST,542,611,370224000000,CLISBY PARK,T4-O,93200.0,USE,,OLD ALABAMA TOWN,0, ,1756944000000,ACB,OLD ALABAMA TOWN,,SW Corner of Columbus St and N Decatur St,M-6-I-1,ISAAC.MURRAY,1740684970000,CHRIS.WILLIAMS,1765403155000,10109.536003797271,402.4451907669591
20762,38132.0,0.16722153,10 03 07 2 204 033.003,1003072204033003,CITY OF MONTGOMERY, ,310,HULL ST N, ,MONTGOMERY,AL,36104,0000, ,425 E JEFFERSON ST,425,E JEFFERSON ST,1299,986,721958400000,CLISBY PARK,T4-O,189300.0,USE,,OLD ALABAMA TOWN,0, ,1756944000000,ACB,OLD ALABAMA TOWN,,,M-6-I-1,ISAAC.MURRAY,1740684970000,CHRIS.WILLIAMS,1765403155000,7284.170029965869,400.5449565710468
20763,38131.0,0.17467241,10 03 07 2 204 033.002,1003072204033002,CITY OF MONTGOMERY, ,103,N PERRY ST, ,MONTGOMERY,AL,36101,1111, ,COLUMBUS ST, ,COLUMBUS ST,318,493,212803200000,CLISBY PARK,T4-O,60900.0,USE,,OLD ALABAMA TOWN,0, ,1756944000000,ACB,OLD ALABAMA TOWN,,E of 360 N Hull St,M-6-I-1,ISAAC.MURRAY,1740684970000,CHRIS.WILLIAMS,1765403155000,7608.730131327006,404.3996064695517
20764,83756.0,14.68961015,15 02 03 1 003 021.000,1502031003021000,CITY OF MONTGOMERY, ,103,N PERRY ST, ,MONTGOMERY,AL,36101,1111, ,VIRGINIA LOOP RD, ,VIRGINIA LOOP RD,1940,137,911865600000,VIRGINIA ESTATES,R-65-s,43300.0,USE,,PARKS & REC,0, ,,,VIRGINIA ESTATES PARK / DRAINAGE DITCH,,W end of Peabody Rd,M-6-CC,ISAAC.MURRAY,1740684970000,CHRIS.WILLIAMS,1765403155000,639879.4182500794,3374.6241097345887
20765,46020.0,0.07457365,10 04 20 4 002 021.000,1004204002021000,CITY OF MONTGOMERY, ,1020,BELL ST, ,MONTGOMERY,AL,36104,3006, ,MYRTLEWOOD DR, ,MYRTLEWOOD DR, , ,,ROSEMONT/MCGEHEE,R-125,28000.0,USE,,PARKS & REC,0,,,,MYRTLEWOOD DRIVE PARK ACCESS,,10-ft wide strip S and E of 2091 Myrtlewood Dr,M-6-P,ISAAC.MURRAY,1740684970000,CHRIS.WILLIAMS,1765403155000,3248.428164847689,669.9008506937612
20766,71972.0,0.09360889,11 06 24 2 014 014.000,1106242014014000,CITY OF MONTGOMERY, ,103,N PERRY ST, ,MONTGOMERY,AL,36101,1111, ,624 ALEXANDER ST,624,ALEXANDER ST,4003,185,1267747200000,PEACOCK/ROSA PARKS,R-60-d,2100.0,AVAILABLE,W MONTGOMERY INITIATIVE,VACANT LOT CREW,1,Surplus,,,LISTED FOR SALE ON CITY WEBSITE,W MONTGOMERY INITIATIVE,,M-6-N-2,ISAAC.MURRAY,1740684970000,CHRIS.WILLIAMS,1765403155000,4077.6032101696283,311.09868495471693
20767,80804.0,11.20816548,14 03 05 2 006 016.000,1403052006016000,CITY OF MONTGOMERY, ,103,N PERRY ST, ,MONTGOMERY,AL,36101,1111, ,SELMA HWY,,SELMA HWY,1766,60,866678400000,TWIN GATES,M-1,147500.0,USE,,MPS,0, ,,,MARTIN LUTHER KING ELEMENTARY,,,M-5-CC,ISAAC.MURRAY,1740684970000,CHRIS.WILLIAMS,1765403155000,488227.6883460955,2799.2544341406506
20768,77205.0,7.8845036,11 09 32 4 003 048.000,1109324003048000,CITY OF MONTGOMERY, ,103,N PERRY ST, ,MONTGOMERY,AL,36101,1111, ,3810 CORETTA DR,3810,CORETTA DR,159,923,79660800000,TWIN GATES,R-60-s,30000.0,USE,,PARKS & REC,0, ,,,TWIN GATES PARK,,,M-5-DD,ISAAC.MURRAY,1740684970000,CHRIS.WILLIAMS,1765403155000,343448.9769979637,2699.093759412719
20769,98922.0,0.12913206,11 08 27 1 002 003.002,1108271002003002,CITY OF MONTGOMERY, ,103,N PERRY ST, ,MONTGOMERY,AL,36101,1111, ,SIMMONS DR, ,SIMMONS DR, , ,,BRICKDALE/MGM IND TERM,R-60-s,1000.0,USE,,WATER WORKS,0, ,,,WATER WORKS,,500 feet East of 3210 James Rd,M-6-S,ISAAC.MURRAY,1740684970000,CHRIS.WILLIAMS,1765403155000,5624.992646775189,299.9998039371191
20770,16084.0,6.81157683,09 03 08 3 000 005.002,0903083000005002,CITY OF MONTGOMERY, ,103,N PERRY ST, ,MONTGOMERY,AL,36101,1111, ,BROWN SPRINGS RD, ,BROWN SPRINGS RD,695,392,468201600000,COPPERFIELD,R-85,51000.0,USE,,PARKS & REC,0, ,,,AUM / RON NUNN MONTGOMERY EAST PARK,,Baseball field behind soccer fields,M-7-H,ISAAC.MURRAY,1740684970000,CHRIS.WILLIAMS,1765403155000,296712.28655806626,2195.266960326486
20771,123061.0,64.51938264,04 07 36 3 000 003.000,0407363000003000,CITY OF MONTGOMERY, , , , ,MONTGOMERY,AL,00000,0000, ,EAST BLVD, ,EAST BLVD,231,240,137635200000,GUNTER AFB,M-1,1290200.0,USE,,PARKS & REC,0, ,,,LAGOON PARK,,W of Lagoon Park Business Center,M-2-DD,ISAAC.MURRAY,1740684970000,CHRIS.WILLIAMS,1765403155000,2810464.307927594,7453.735447406936
20772,27856.0,12.10968069,10 01 01 2 001 002.000,1001012001002000,CITY OF MONTGOMERY, , , , ,MONTGOMERY,AL,36104,0000, ,PECAN GROVE, ,PECAN GROVE,295,13,191808000000,PECAN GROVE,R-65-s,790000.0,USE,,PARKS & REC,0, ,,,PECAN GROVE PARK,,"N of Pecan Grove Estates, S of Lagoon Park Dr","M-6-F, M-7-A",ISAAC.MURRAY,1740684970000,CHRIS.WILLIAMS,1765403155000,527497.690838541,6082.195868971653
20773,1789.0,43.16868571,04 07 36 2 002 002.000,0407362002002000,CITY OF MONTGOMERY, ,103,N PERRY ST, ,MONTGOMERY,AL,36101,1111, ,EAST BLVD, ,EAST BLVD, , ,,GUNTER AFB,AGR-2,856000.0,USE,,PARKS & REC,0, ,,,LAGOON PARK,,NE sec of park abutting Eastern Blvd Service Rd,M-2-DD,ISAAC.MURRAY,1740684970000,CHRIS.WILLIAMS,1765403155000,1880427.9493898859,6474.858531589366
20774,64564.0,5.91459044,11 03 08 2 000 001.000,1103082000001000,CITY OF MONTGOMERY, ,103,N PERRY ST, ,MONTGOMERY,AL,36101,1111, ,ANTHONY ST, ,ANTHONY ST,1494,652,772761600000,BRICKDALE/MGM IND TERM,M-3,26100.0,USE,,MAINTENANCE,0, ,,,RIGHT-OF-WAY,,"from Kenilworth, along Roquemore 2,575 ft East",M-5-E,ISAAC.MURRAY,1740684970000,CHRIS.WILLIAMS,1765403155000,257639.5596630045,5352.689049980391
20775,16202.0,21.25314924,09 04 17 2 000 001.001,0904172000001001,CITY OF MONTGOMERY, , , , ,MONTGOMERY,AL,36101,0000, ,AUM ACCESS RD, ,AUM ACCESS RD,346,958,235180800000,COPPERFIELD,R-75-m,212500.0,USE,,PARKS & REC,0, ,,,AUM / RON NUNN MONTGOMERY EAST PARK,,baseball fields on S end of park,M-7-H,ISAAC.MURRAY,1740684970000,CHRIS.WILLIAMS,1765403155000,925787.1810818439,4261.28569826924
20776,30616.0,4.87798794,10 01 11 4 002 072.000,1001114002072000,CITY OF MONTGOMERY, ,103,N PERRY ST, ,MONTGOMERY,AL,36101,1111, ,4690 CHRYSTAN RD,4690,CHRYSTAN RD,1072,466,630806400000,WATSON CIRCLE,R-100,80000.0,USE,,PARKS & REC,0, ,,,FOX HOLLOW PARK,,SE int of Chrystan Rd and Atlanta Hwy,M-6-L,ISAAC.MURRAY,1740684970000,CHRIS.WILLIAMS,1765403155000,212485.15474758178,2991.268311932647
20777,98338.0,0.20249653,04 04 20 3 001 001.001,0404203001001001,CITY OF MONTGOMERY, ,103,N PERRY ST, ,MONTGOMERY,AL,36101,1111, ,FARO CT, ,FARO CT,690,766,465696000000,COOSADA FERRY ROAD,AGR-1,396000.0,USE,,PARKS & REC,0, ,,,,,N int of Coosada Ferry Rd and Alabama River Pkwy,M-2-V,ISAAC.MURRAY,1740684970000,CHRIS.WILLIAMS,1765403155000,8820.748971966768,391.086174475067
20778,122865.0,40.76129245,09 05 22 1 000 021.001,0905221000021001,CITY OF MONTGOMERY, ,103,N PERRY ST, ,MONTGOMERY,AL,36101,1111, ,8700 MINNIE BROWN RD,8700,MINNIE BROWN RD,1145,450,664761600000,WYNLAKES,AGR-1,1000000.0,USE,,PARKS & REC,0, ,,,DEAN FAIN PARK,,,M-7-P,ISAAC.MURRAY,1740684970000,CHRIS.WILLIAMS,1765403155000,1775561.8991166803,7861.362919345285
20779,66183.0,14.81489175,11 05 21 4 003 005.000,1105214003005000,CITY OF MONTGOMERY, , , , ,MONTGOMERY,AL,36108,0000, ,2900 PATRICK RD,2900,PATRICK RD,90,36,12009600000,BRICKDALE/MGM IND TERM,M-3,296200.0,USE,,PARKS & REC,0, ,,,HAYNEVILLE ROAD PARK,,East end of Patrick Rd,M-5-R,ISAAC.MURRAY,1740684970000,CHRIS.WILLIAMS,1765403155000,645336.684643648,3333.8221877851297
20780,2093.0,9.44021398,04 08 28 3 000 003.001,0408283000003001,CITY OF MONTGOMERY, ,103,N PERRY ST, ,MONTGOMERY,AL,36101,1111, ,COLISEUM PKWY, ,COLISEUM PKWY,1072,469,630806400000,VISTA VIEW,INST,325000.0,USE,,PARKS & REC,0, ,,,CHISHOLM COMMUNITY CENTER,,Baseball Fields,M-2-BB,ISAAC.MURRAY,1740684970000,CHRIS.WILLIAMS,1765403155000,411215.72088614403,2695.1969438888905
20781,33190.0,1.20185365,10 02 04 4 001 001.002,1002044001001002,CITY OF MONTGOMERY, ,103,N PERRY ST, ,MONTGOMERY,AL,36101,1111, ,BILTMORE AVE, ,BILTMORE AVE,525,94,-235180800000,EASTBROOK,FH,500.0,USE,,MAINTENANCE,0, ,,,THREE MILE BRANCH,,430-ft span od ditch north of Biltmore Av,M-6-E,ISAAC.MURRAY,1740684970000,CHRIS.WILLIAMS,1765403155000,52352.74485490502,1158.0555452401575
20782,398.0,26.17803331,04 04 20 3 001 001.001,0404203001001001,CITY OF MONTGOMERY, ,103,N PERRY ST, ,MONTGOMERY,AL,36101,1111, ,FARO CT, ,FARO CT,690,766,465696000000,COOSADA FERRY ROAD,AGR-1,396000.0,USE,,PARKS & REC,0, ,,,SHERIDAN HEIGHTS COMMUNITY CENTER / DRAINAGE DITCH,,3300 block of Faro Dr,M-2-V,ISAAC.MURRAY,1740684970000,CHRIS.WILLIAMS,1765403155000,1140315.1312053371,5321.544088511705
20783,263632.0,0.11950755,11 05 15 4 008 004.001,1105154008004001,CITY OF MONTGOMERY, ,103,N PERRY ST, ,MONTGOMERY,AL,36104,1111, ,TERMINAL RD, ,TERMINAL RD, , ,,MAXWELL HEIGHTS,B-3,5000.0,USE,,WATER WORKS,0, ,,,WATER WORKS,,265 ft E of Air Base Blvd,M-6-M,ISAAC.MURRAY,1740684970000,CHRIS.WILLIAMS,1765403155000,5205.748887330358,302.770467718801
20784,99362.0,72.5887217,10 01 01 2 001 002.000,1001012001002000,CITY OF MONTGOMERY, , , , ,MONTGOMERY,AL,36104,0000, ,2855 LAGOON PARK DR,2855,LAGOON PARK DR,295,13,191808000000,PECAN GROVE,R-65-s,790000.0,USE,,PARKS & REC,0, ,,,LAGOON PARK,,,"M-2-DD, M-3-Y, M-6-F, M-7-A",ISAAC.MURRAY,1740684970000,CHRIS.WILLIAMS,1765403155000,3161964.7173323533,7855.513352012043
20785,64775.0,0.24027877,11 04 20 1 002 008.000,1104201002008000,CITY OF MONTGOMERY, ,103,N PERRY ST, ,MONTGOMERY,AL,36104,1111, ,MAHOGANY RD, ,MAHOGANY RD, , ,,BRICKDALE/MGM IND TERM,M-3,1400.0,USE,,WATER WORKS,0, ,,,WATER WORKS,,860 ft NE of HunterLoop Rd,M-5-R,ISAAC.MURRAY,1740684970000,CHRIS.WILLIAMS,1765403155000,10466.543064507416,410.22473383526716
20786,307230.0,9.1200535,11 01 12 3 001 001.000,1101123001001000,CITY OF MONTGOMERY, ,103,N PERRY ST, ,MONTGOMERY,AL,36101,1111, ,530 MAXWELL BLVD,530,MAXWELL BLVD,2648,676,1047945600000,CLISBY PARK,T2,232000.0,USE,MAXWELL BLVD AREA,PARKS & REC,0, ,,,WRIGHT BROTHERS PARK/DOWNTOWN FARM,MAXWELL BLVD AREA,,M-6-H-2,ISAAC.MURRAY,1740684970000,CHRIS.WILLIAMS,1765403155000,397269.5303010949,6054.64838663667
20787,99193.0,7.85315284,10 06 24 1 002 033.001,1006241002033001,CITY OF MONTGOMERY, ,103,N PERRY ST, ,MONTGOMERY,AL,36101,1111, ,5881 WOODMERE BLVD,5881,WOODMERE BLVD,775,840,507859200000,BELL HILLS,PUD,260000.0,USE,,PARKS & REC,0, ,,,WOODMERE PARK,,NW corner of Woodmere Blvd and Woodmere Dr,M-7-M,ISAAC.MURRAY,1740684970000,CHRIS.WILLIAMS,1765403155000,342083.3377876069,3037.556279545815
20788,347762.0,4.34191946,11 01 12 4 002 001.000,1101124002001000,CITY OF MONTGOMERY, ,103,N PERRY ST, ,MONTGOMERY,AL,36101,1111, ,300 WATER ST,300,WATER ST,1976,212,921196800000,CLISBY PARK,"T5, T2",9504400.0,USE,,PARKS & REC,0, ,1756944000000,ACB,UNION STATION/RIVERWALK,,,M-6-H-2,ISAAC.MURRAY,1740684970000,CHRIS.WILLIAMS,1765403155000,189134.01187577343,5169.693113965133
20789,63671.0,0.89859542,11 01 12 1 000 015.000,1101121000015000,CITY OF MONTGOMERY, ,103,N PERRY ST, ,MONTGOMERY,AL,36101,1111, ,233 COOSA ST,335,COOSA ST,3803,968,1217894400000,CLISBY PARK,T5,10017000.0,USE,,PARKS & REC,0, ,1756944000000,ACB,COOSA ST PARKING DECK,,,"M-6-H-2, M-6-I-1",ISAAC.MURRAY,1740684970000,CHRIS.WILLIAMS,1765403155000,39142.81661202616,820.9813319361613
20790,281241.0,45.33243108,10 07 25 1 000 001.000,1007251000001000,CITY OF MONTGOMERY, ,103,N PERRY ST, ,MONTGOMERY,AL,36101,1111, ,6025 VAUGHN RD,6025,VAUGHN RD,3713,261,1202860800000,BELLWOOD,INST,1356000.0,USE,,PARKS & REC,0, ,,,BLOUNT CULTURAL PARK,,,"M-7-M, M-7-S",ISAAC.MURRAY,1740684970000,CHRIS.WILLIAMS,1765403155000,1974680.6979896887,5986.438728775082
20792,362013.0,3.50399356,10 04 20 4 002 021.000,1004204002021000,CITY OF MONTGOMERY, ,1020,BELL ST, ,MONTGOMERY,AL,36104,3006, ,2069 MYRTLEWOOD DR,2069,MYRTLEWOOD DR, , ,,ROSEMONT/MCGEHEE,R-125,28000.0,USE,,PARKS & REC/MAINTENANCE,0, ,,,MYRTLEWOOD DRIVE PARK / DRAINAGE DITCH,,within the Myrtlewood Dr circle,M-6-P,ISAAC.MURRAY,1740684970000,CHRIS.WILLIAMS,1765403155000,152633.95938178658,2479.5848960181443
20793,87321.0,54.96232487,16 01 02 0 000 022.001,1601020000022001,CITY OF MONTGOMERY, ,103,N PERRY ST, ,MONTGOMERY,AL,36101,1111, ,1649 RAY THORINGYON RD,1649,RAY THORINGYON RD,1864,691,894412800000,ACREAGE/VAUGHN RD,AGR-1,2465700.0,USE,,PARKS & REC,0, ,,,THOMPSON PARK,,,M-7-BB,ISAAC.MURRAY,1740684970000,CHRIS.WILLIAMS,1765403155000,2394158.8712085336,6898.7608597243725
20794,320939.0,3.72919626,09 08 34 0 008 004.001,0908340008004001,CITY OF MONTGOMERY, ,103,N PERRY ST, ,MONTGOMERY,AL,36101,1111, ,820 RAY THORINGTON RD,820,RAY THORINGTON RD,1848,623,891216000000,PRAIRIE CR/RAY THORINGTON,PUD,180000.0,USE,,FIRE,0, ,,,FIRE STATION 16,,,"M-7-AA, M-7-BB",ISAAC.MURRAY,1740684970000,CHRIS.WILLIAMS,1765403155000,162443.78919830298,1668.022681713186
20795,38235.0,1.0737941,10 03 07 3 302 014.000,1003073302014000,CITY OF MONTGOMERY, ,103,N PERRY ST, ,MONTGOMERY,AL,36101,1111, ,19 MADISON AVE,19,MADISON AVE,2739,975,1063756800000,CLISBY PARK,T5,3336100.0,USE,DOWNTOWN PLAN,FIRE,0, ,1756944000000,ACB,FIRE STATION 1,DOWNTOWN PLAN,,M-6-I-1,ISAAC.MURRAY,1740684970000,CHRIS.WILLIAMS,1765403155000,46774.471142070244,937.2033505014828
20796,38324.0,0.29053303,10 03 07 3 303 046.000,1003073303046000,CITY OF MONTGOMERY, ,103,N PERRY ST, ,MONTGOMERY,AL,36101,1111, ,25 WASHINGTON AVE,25,WASHINGTON AVE,3930,181,1248220800000,CLISBY PARK,T5,7532600.0,USE,,MAINTENANCE,0, ,1756944000000,ACB,CITY DEPARTMENT OFFICES,,,M-6-I-1,ISAAC.MURRAY,1740684970000,CHRIS.WILLIAMS,1765403155000,12655.618903956354,473.5408327555872
20798,38200.0,0.57050407,10 03 07 3 301 007.000,1003073301007000,CITY OF MONTGOMERY, ,310,HULL ST N, ,MONTGOMERY,AL,36104,0000, ,231 N HULL ST,231,N HULL ST,1299,986,721958400000,CLISBY PARK,T4-0,392900.0,USE,,OLD ALABAMA TOWN,0, ,1756944000000,ACB,OLD ALABAMA TOWN,,,M-6-I-1,ISAAC.MURRAY,1740684970000,CHRIS.WILLIAMS,1765403155000,24851.157433814882,630.7981754775803
20799,38243.0,1.67216324,10 03 07 3 302 022.000,1003073302022000,CITY OF MONTGOMERY, ,103,N PERRY ST, ,MONTGOMERY,AL,36101,1111, ,103 N PERRY ST,103 ,N PERRY ST, , ,,CLISBY PARK,T5,1238300.0,USE,DOWNTOWN PLAN,PARKS & REC,0, ,1756944000000,ACB,CITY HALL,DOWNTOWN PLAN,,M-6-I-1,ISAAC.MURRAY,1740684970000,CHRIS.WILLIAMS,1765403155000,72839.43081863169,1245.3159116721956
20800,100146.0,0.01458052,11 06 24 2 014 014.000,1106242014014000,CITY OF MONTGOMERY, ,103,N PERRY ST, ,MONTGOMERY,AL,36101,1111, ,624 ALEXANDER ST,624,ALEXANDER ST,4003,185,1267747200000,PEACOCK/ROSA PARKS,R-60-d,2100.0,AVAILABLE,W MONTGOMERY INITIATIVE,VACANT LOT CREW,0,Surplus,,,LISTED FOR SALE ON CITY WEBSITE,W MONTGOMERY INITIATIVE,,M-6-N-2,ISAAC.MURRAY,1740684970000,CHRIS.WILLIAMS,1765403155000,635.1276193238177,123.35831442068437
20801,38244.0,0.47288304,10 03 07 3 302 023.000,1003073302023000,CITY OF MONTGOMERY, ,103,N PERRY ST, ,MONTGOMERY,AL,36101,1111, ,MADISON AVE, ,MADISON AVE,191,617,104457600000,CLISBY PARK,T5,412000.0,USE,DOWNTOWN PLAN,PARKS & REC,0, ,1756944000000,ACB,ROTARY PARK,DOWNTOWN PLAN,W side of City Hall Parking Deck,M-6-I-1,ISAAC.MURRAY,1740684970000,CHRIS.WILLIAMS,1765403155000,20598.785285529313,720.5169367046539
20802,38248.0,0.66565235,10 03 07 3 302 027.000,1003073302027000,CITY OF MONTGOMERY, ,103,N PERRY ST, ,MONTGOMERY,AL,36101,1111, ,100 N PERRY ST,100,N PERRY ST, , ,,CLISBY PARK,T5,521900.0,USE,DOWNTOWN PLAN,PARKS & REC,0, ,1756944000000,ACB,LISTER HILL PLAZA,DOWNTOWN PLAN,Across from 103 N Perry St,M-6-I-1,ISAAC.MURRAY,1740684970000,CHRIS.WILLIAMS,1765403155000,28995.81656331858,824.3855414621513
20803,65365.0,2.07131747,11 05 15 4 001 024.000,1105154001024000,CITY OF MONTGOMERY, ,103,N PERRY ST, ,MONTGOMERY,AL,36101,1111, ,ADDITON SUB DIV, ,ADDITON SUB DIV, , ,,MAXWELL HEIGHTS,INST,20700.0,AVAILABLE,,VACANT LOT CREW,0,Surplus,,,LISTED FOR SALE ON CITY WEBSITE,,"W of Highland Village Rd, E of Kenny Av","M-6-G, M-6-M",ISAAC.MURRAY,1740684970000,CHRIS.WILLIAMS,1765403155000,90226.5891672298,1309.1713152831483
20804,63735.0,0.14325405,11 01 12 3 008 005.000,1101123008005000,CITY OF MONTGOMERY, ,103,N PERRY ST, ,MONTGOMERY,AL,36101,1111, ,CLAY ST, ,CLAY ST,3994,542,1266192000000,COTTAGE HILL,M-1,4900.0,USE,MAXWELL BLVD AREA,VACANT LOT CREW,1,City Owned (From Private),,,PARKS & RECREATION,MAXWELL BLVD AREA,NE intersection of Clay St and Oak St,M-6-H-1,ISAAC.MURRAY,1740684970000,CHRIS.WILLIAMS,1765403155000,6240.146281206779,397.3648647258375
20805,433642.0,30.01897496,09 04 20 4 000 001.004,0904204000001004,CITY OF MONTGOMERY, ,103,N PERRY ST, ,MONTGOMERY,AL,36101,1111, ,1801 TAYLOR RD,1801,TAYLOR RD,1047,673,620611200000,HALCYON EAST,AGR-1,900000.0,USE,,PARKS & REC,0, ,,,BUDDY WATSON PARK,,S intersection of Halcyon Blvd and Taylor Rd,M-7-N,ISAAC.MURRAY,1740684970000,CHRIS.WILLIAMS,1765403155000,1307626.5493721266,4799.132624330218
20806,36694.0,2.07267156,10 03 05 2 001 027.000,1003052001027000,CITY OF MONTGOMERY, , , , ,MONTGOMERY,AL,36104,0000, ,EL PASO CT, ,EL PASO CT, , ,,HIGHLAND GARDENS,R-65-s,7500.0,USE,,MAINTENANCE,0,,,,DRAINAGE EASEMENT,,End of Gloria Ct and La Salle St in Page Plaza,M-6-D,ISAAC.MURRAY,1740684970000,CHRIS.WILLIAMS,1765403155000,90285.57310974432,3105.2805178812755
20807,347754.0,6.96515062,11 01 12 1 000 019.000,1101121000019000,CITY OF MONTGOMERY, ,103,N PERRY ST, ,MONTGOMERY,AL,36101,1111, ,335 COOSA ST,335,COOSA ST, , ,,CLISBY PARK,"T5, T2",189700.0,USE,,PARKS & REC,0, ,,,RIVERFRONT PARK,,,"M-6-B, M-6-C-4, M-6-H-2",ISAAC.MURRAY,1740684970000,CHRIS.WILLIAMS,1765403155000,303401.9611309126,2789.11443479955
20808,80620.0,4.41287649,14 03 05 1 011 013.000,1403051011013000,CITY OF MONTGOMERY, ,103,N PERRY ST, ,MONTGOMERY,AL,36101,1111, ,4655 GATEWAY DR,4655,GATEWAY DR,1766,62,866678400000,TWIN GATES,M-1,3152800.0,USE,,MPS,0, ,,,MARTIN LUTHER KING ELEMENTARY,,,"M-5-CC, M-5-DD",ISAAC.MURRAY,1740684970000,CHRIS.WILLIAMS,1765403155000,192224.90006942046,1883.2358762808938
20809,26081.0,0.91504609,09 09 30 1 000 022.000,0909301000022000,CITY OF MONTGOMERY, ,103,N PERRY ST, ,MONTGOMERY,AL,36101,1111, ,2590 BELL RD,2590,BELL RD,1406,614,749433600000,BELLWOOD,O-1,198500.0,USE,,LIBRARY,0, ,,,LOWDER REGIONAL LIBRARY,,,M-7-M,ISAAC.MURRAY,1740684970000,CHRIS.WILLIAMS,1765403155000,39859.40750722518,826.5526758409429
20810,76865.0,0.29016276,11 08 33 4 000 027.000,1108334000027000,CITY OF MONTGOMERY, ,103,N PERRY ST, ,MONTGOMERY,AL,36101,1111, ,GREEN MEADOW DR, ,GREEN MEADOW DR,350,19,237427200000,WOODCREST,R-60-s,500.0,USE,,PARKS & REC,0, ,,,WOODCREST PARK,,behind 4237 and 4241 Green Meadow Dr,M-5-DD,ISAAC.MURRAY,1740684970000,CHRIS.WILLIAMS,1765403155000,12639.489963759439,487.57000261384155
20811,80082.0,9.4600547,14 02 04 2 001 007.000,1402042001007000,CITY OF MONTGOMERY, ,422,S COURT ST, ,MONTGOMERY,AL,36104,4153, ,WOODCREST DR,,WOODCREST DR,350,20,237427200000,WOODCREST,R-60-s,75000.0,USE,,PARKS & REC,0, ,,,WOODCREST PARK,,,M-5-DD,ISAAC.MURRAY,1740684970000,CHRIS.WILLIAMS,1765403155000,412079.98260087235,3078.903424009662
20812,99295.0,8.3253788,10 03 07 4 011 001.000,1003074011001000,CITY OF MONTGOMERY, ,103,N PERRY ST, ,MONTGOMERY,AL,36104,1111, ,1022 MADISON AVE,1022,MADISON AVE,600,598,416102400000,CLISBY PARK,T5,500.0,USE,DOWNTOWN PLAN,PARKS & REC,0, ,,,CRAMTON BOWL,DOWNTOWN PLAN,,M-6-I-2,ISAAC.MURRAY,1740684970000,CHRIS.WILLIAMS,1765403155000,362653.50069518667,2464.7829759601627
20813,38458.0,0.24767661,10 03 07 4 011 001.000,1003074011001000,CITY OF MONTGOMERY, ,103,N PERRY ST, ,MONTGOMERY,AL,36104,1111, ,1022 MADISON AVE,1022,MADISON AVE,600,598,416102400000,CLISBY PARK,T5,500.0,USE,DOWNTOWN PLAN,PARKS & REC,0, ,,,EASEMENT,DOWNTOWN PLAN,E of Hall St; across from Cramton Bowl,M-6-I-2,ISAAC.MURRAY,1740684970000,CHRIS.WILLIAMS,1765403155000,10788.793088592884,549.9284831625977
20814,63549.0,0.16746715,11 01 11 4 007 003.000,1101114007003000,ADAMS CULASKET P JR & ESTHER, , , , , , , , , ,1223 MAXWELL BLVD,1223,MAXWELL BLVD, , ,,WEST END,T4-O,16400.0,HOLDING,MAXWELL BLVD AREA,VACANT LOT CREW,2,City Owned (From Private),,,MERGING ENTIRE BLOCK; CONTACT DEVELOPMENT,MAXWELL BLVD AREA,,M-6-H-1,ISAAC.MURRAY,1740684970000,CHRIS.WILLIAMS,1765403155000,7294.869137810666,392.5734779578469
20815,63550.0,0.17263571,11 01 11 4 007 004.000,1101114007004000,BOLES CRAIG, , , , , , , , , ,1231 MAXWELL BLVD,1231,MAXWELL BLVD, , ,,WEST END,T4-O,22500.0,HOLDING,MAXWELL BLVD AREA,VACANT LOT CREW,2,City Owned (From Private),,,MERGING ENTIRE BLOCK; CONTACT DEVELOPMENT,MAXWELL BLVD AREA,,M-6-H-1,ISAAC.MURRAY,1740684970000,CHRIS.WILLIAMS,1765403155000,7520.011514412165,351.7027124455714
20816,71926.0,0.07346047,11 06 24 2 011 012.000,1106242011012000,CLEARVIEW PROPERTIES INC, ,2924,3RD AVE S, ,BIRMINGHAM,AL,35233, , ,FAIRVIEW AVE, ,FAIRVIEW AVE,,,1342051200000,PEACOCK/ROSA PARKS,B-2,2400.0,USE,W MONTGOMERY INITIATIVE,PARKS & REC,0,City Owned (From Private),,,GENETTA PARK,W MONTGOMERY INITIATIVE,SW corner of Genetta Park,M-6-N-2,ISAAC.MURRAY,1740684970000,CHRIS.WILLIAMS,1765403155000,3199.938064357598,273.1344417081789
20817,71920.0,0.136088,11 06 24 2 011 007.000,1106242011007000,WILLIAMS GEORGE C JR & JOAN D & GEORGE C III, ,809,TUSCALOOSA ST, ,MONTGOMERY,AL,36104,5717, ,MALVERN ST, ,MALVERN ST,4114,984,1295827200000,PEACOCK/ROSA PARKS,R-60-d,3000.0,USE,W MONTGOMERY INITIATIVE,PARKS & REC,0,City Owned (From Private),,,GENETTA PARK,W MONTGOMERY INITIATIVE,"S side of Malvern, 210 ft from Holt St",M-6-N-2,ISAAC.MURRAY,1740684970000,CHRIS.WILLIAMS,1765403155000,5927.993354565965,381.99998180630155
20818,71919.0,0.13609103,11 06 24 2 011 006.000,1106242011006000,WILLIAMS GEORGE C JR, ,809,TUSCALOOSA ST, ,MONTGOMERY,AL,36104,5717, ,725 MALVERN ST,725,MALVERN ST,4114,987,1295827200000,PEACOCK/ROSA PARKS,R-60-d,3000.0,USE,W MONTGOMERY INITIATIVE,PARKS & REC,0,City Owned (From Private),,,GENETTA PARK,W MONTGOMERY INITIATIVE,,M-6-N-2,ISAAC.MURRAY,1740684970000,CHRIS.WILLIAMS,1765403155000,5928.125052958817,382.00098307498166
20819,63541.0,0.16449552,11 01 11 4 006 009.000,1101114006009000,WINDSOR H JACKT BFT SWANNER RONALD AS TRUSTEE, ,4054,PO BOX, ,MONTGOMERY,AL,36103,4054, ,1268 CLAY ST,1268,CLAY ST,4120,274,1296691200000,WEST END,R-65-d,2900.0,HOLDING,MAXWELL BLVD AREA,VACANT LOT CREW,2,City Owned (From Private),,,LISTED FOR SALE ON CITY WEBSITE,MAXWELL BLVD AREA,,M-6-H-1,ISAAC.MURRAY,1740684970000,CHRIS.WILLIAMS,1765403155000,7165.424846463656,387.30168400564196
20820,67365.0,0.18500594,11 06 13 3 001 033.000,1106133001033000,STATE OF ALABAMA 2007 TAX SALE, , , , ,MONTGOMERY,AL,36104, , ,822 ROSA L PARKS AVE,822,ROSA L PARKS AVE,4117,994,1294963200000,PEACOCK/ROSA PARKS,R-60-d,6600.0,AVAILABLE,W MONTGOMERY INITIATIVE,VACANT LOT CREW,0,Surplus,,,LISTED FOR SALE ON CITY WEBSITE,W MONTGOMERY INITIATIVE,,M-6-H-3,ISAAC.MURRAY,1740684970000,CHRIS.WILLIAMS,1765403155000,8058.858813942841,421.9409286494746
20821,67364.0,0.1739872,11 06 13 3 001 032.000,1106133001032000,LUSANE AUDREY WOODEY, ,830,ROSA L PARKS AVE, ,MONTGOMERY,AL,36108,3042, ,830 ROSA L PARKS AVE,830,ROSA L PARKS AVE,4117,994,1294963200000,PEACOCK/ROSA PARKS,R-60-d,6500.0,AVAILABLE,W MONTGOMERY INITIATIVE,VACANT LOT CREW,2,Surplus,,,LISTED FOR SALE ON CITY WEBSITE,W MONTGOMERY INITIATIVE,,M-6-H-3,ISAAC.MURRAY,1740684970000,CHRIS.WILLIAMS,1765403155000,7578.88264255509,401.95471140918073
20822,67363.0,0.17381517,11 06 13 3 001 031.000,1106133001031000,BLAKELY LILLIAN J, ,2700,VANDY DR, ,MONTGOMERY,AL,36110, , ,838 ROSA L PARKS AVE,838,ROSA L PARKS AVE,4099,469,1291680000000,PEACOCK/ROSA PARKS,R-60-d,6500.0,AVAILABLE,W MONTGOMERY INITIATIVE,VACANT LOT CREW,2,Surplus,,,LISTED FOR SALE ON CITY WEBSITE,W MONTGOMERY INITIATIVE,,M-6-H-3,ISAAC.MURRAY,1740684970000,CHRIS.WILLIAMS,1765403155000,7571.38901290349,401.65087824685963
20823,72015.0,0.17218,11 06 24 2 017 001.000,1106242017001000,BLAKELY LILLIAN J, ,2700,VANDY DR, ,MONTGOMERY,AL,36110, , ,1502A ROSA L PARKS AVE,1502,ROSA L PARKS AVE,4099,467,1291680000000,PEACOCK/ROSA PARKS,R-60-d,4700.0,AVAILABLE,W MONTGOMERY INITIATIVE,VACANT LOT CREW,2,Surplus,,,LISTED FOR SALE ON CITY WEBSITE,W MONTGOMERY INITIATIVE,,M-6-N-2,ISAAC.MURRAY,1740684970000,CHRIS.WILLIAMS,1765403155000,7500.160892158628,400.00374901693584
20824,32612.0,10.01329687,10 02 04 1 001 006.000,1002041001006000,CITY OF MONTGOMERY EXCHANGE PARK, , , , ,MONTGOMERY,AL,36101,0000, ,850 COLISEUM BLVD,850,COLISEUM BLVD,406,220,-449539200000,BONNIE CREST,INST,300300.0,USE,,PARKS & REC,0, ,,,EAST MONTGOMERY EXCHANGE PARK,,N of Coliseum Branch Library,"M-2-CC, M-6-E",ISAAC.MURRAY,1740684970000,CHRIS.WILLIAMS,1765403155000,436179.2116466772,3075.293829177393
20825,41162.0,42.50888813,10 04 17 2 024 001.000,1004172024001000,CITY OF MONTGOMERY OAK PARK, ,706,FOREST AVE, ,MONTGOMERY,AL,36106,1005, ,1010 FOREST AVE,1010,FOREST AVE, , ,,OAK PARK-W OF FOREST AV,INST,1700400.0,USE,,PARKS & REC,0, ,,,OAK PARK / FIRE,,"1010, 1250 Forest Av and 1424 Lake St","M-6-I-3, M-6-J",ISAAC.MURRAY,1740684970000,CHRIS.WILLIAMS,1765403155000,1851687.1670692668,5341.789744407299
20826,70987.0,5.591764,11 06 23 4 010 017.000,1106234010017000,CITY OF MONTGOMERY MOBILE HEIGHTS PARK, ,1010,FOREST AVE, ,MONTGOMERY,AL,36106,1115, ,2220 W EDGEMONT AVE,2220,W EDGEMONT AVE, , ,,MOBILE HEIGHTS,INST,54000.0,USE,,PARKS & REC,0, ,,,JAMES A SHANNON PARK,,"E of Boone St, b/t Potomac and Edgemont",M-6-N-4,ISAAC.MURRAY,1740684970000,CHRIS.WILLIAMS,1765403155000,243577.23981857023,2471.3551658289352
20827,69940.0,4.76820479,11 06 23 1 004 022.000,1106231004022000,CITY OF MONTGOMERY WASHINGTON PARK, ,110,FOREST AVE, ,MONTGOMERY,AL,36106,0000, ,2330 DOROTHY ST,2330,DOROTHY ST,530,735,358387200000,PEACOCK/ROSA PARKS,R-60-d,29400.0,USE,,PARKS & REC,0, ,,,WASHINGTON PARK,,"Sout of Early St, West of Jordan St",M-6-N-1,ISAAC.MURRAY,1740684970000,CHRIS.WILLIAMS,1765403155000,207703.0006495775,2121.3496245428432
20828,71641.0,0.10699435,11 06 24 2 003 016.000,1106242003016000,NB INVESTMENTS LLC, ,700,GALE DR, ,CAMPBELL,CA,95008, , ,1508 S HOLT ST,1508,S HOLT ST,4138,953,1292198400000,PEACOCK/ROSA PARKS,R-60-d,3200.0,AVAILABLE,W MONTGOMERY INITIATIVE,VACANT LOT CREW,2,Surplus,,,LISTED FOR SALE ON CITY WEBSITE,W MONTGOMERY INITIATIVE,,M-6-N-2,ISAAC.MURRAY,1740684970000,CHRIS.WILLIAMS,1765403155000,4660.673878612764,313.03879603508136
20829,67877.0,0.10063446,11 06 13 3 021 007.000,1106133021007000,J M HARRISON AGENCY, ,213,S COURT ST, ,MONTGOMERY,AL,36104, ,ATTN ROBERT BELCHER III,1122 HOLT ST S,1122,HOLT ST S,4145,974,1303948800000,PEACOCK/ROSA PARKS,R-60-d,2600.0,AVAILABLE,W MONTGOMERY INITIATIVE,VACANT LOT CREW,1,Surplus,,,LISTED FOR SALE ON CITY WEBSITE,W MONTGOMERY INITIATIVE,,M-6-H-3,ISAAC.MURRAY,1740684970000,CHRIS.WILLIAMS,1765403155000,4383.636908731215,389.20292125206635
20830,109328.0,0.0579804,11 01 11 4 007 004.001,1101114007004001,ADAMS CULASKET P & ADAMS ESTHER, ,3437,SUWANEE DR, ,MONTGOMERY,AL,36108, , ,MAXWELL BLVD, ,MAXWELL BLVD,4119,597,1296086400000,WEST END,T4-O,5600.0,HOLDING,MAXWELL BLVD AREA,VACANT LOT CREW,2, ,,,MERGING ENTIRE BLOCK; CONTACT DEVELOPMENT,MAXWELL BLVD AREA,parcel between 1223 and 1231,M-6-H-1,ISAAC.MURRAY,1740684970000,CHRIS.WILLIAMS,1765403155000,2525.626044678779,252.43914165461828
20831,1729.0,97.81444588,04 07 35 4 000 001.000,0407354000001000,INDUSTRIAL DEVELOPMENT BOARD OF,THE CITY OF MONTGOMERY THE,2555,CONTAINER DR, ,MONTGOMERY,AL,36117, ,C/O CAPITOL CONTAINER,GUNTER PARK DR E, ,GUNTER PARK DR E, , ,,GUNTER AFB,M-1,455000.0,USE,,PARKS & REC,0, ,,,LAGOON PARK,,west side of Lagoon Park @ E Gunter Park Dr,M-2-DD,ISAAC.MURRAY,1740684970000,CHRIS.WILLIAMS,1765403155000,4260797.262504765,8437.750933521793
20832,38616.0,1.57722136,10 03 08 1 002 001.000,1003081002001000,KINGS HILL PARK, , , , ,MONTGOMERY,AL,36104,0000, ,UPPER WETUMPKA RD, ,UPPER WETUMPKA RD, , ,,KINGHILL,B-4,15700.0,USE,,PARKS & REC,0, ,,,KING HILL COMMUNITY CENTER,,Corner of Upper Wetumpka Rd & E Clarmont St,M-6-D,ISAAC.MURRAY,1740684970000,CHRIS.WILLIAMS,1765403155000,68703.76258645345,1431.9264885230905
20833,63382.0,0.11019201,11 01 11 3 003 003.000,1101113003003000,CITY OF MONTGOMERY,,,,PO BOX 1111,MONTGOMERY,AL,36101,,,1609 DEWEY ST,1609,DEWEY ST,4295,253,1340150400000,COMM 5-WEST,M-1,2500.0,LEASED,MAXWELL BLVD AREA,VACANT LOT CREW,,,,,,MAXWELL BLVD AREA,,M-6-G,ISAAC.MURRAY,1740684970000,CHRIS.WILLIAMS,1765403155000,4799.963792570574,319.9981525933483
20834,63381.0,0.11019201,11 01 11 3 003 002.000,1101113003002000,CITY OF MONTGOMERY,,,,PO BOX 1111,MONTGOMERY,AL,36101,,,1605 DEWEY ST,1605,DEWEY ST,4295,253,1340150400000,COMM 5-WEST,M-1,2500.0,LEASED,MAXWELL BLVD AREA,VACANT LOT CREW,,,,,,MAXWELL BLVD AREA,,M-6-G,ISAAC.MURRAY,1740684970000,CHRIS.WILLIAMS,1765403155000,4799.963792570574,319.9981525933483
20835,63380.0,0.11019152,11 01 11 3 003 001.000,1101113003001000,CITY OF MONTGOMERY,,,,PO BOX 1111,MONTGOMERY,AL,36101,,,1601 DEWEY ST,1601,DEWEY ST,4295,253,1340150400000,COMM 5-WEST,M-1,75700.0,LEASED,MAXWELL BLVD AREA,VACANT LOT CREW,,,,,,MAXWELL BLVD AREA,,M-6-G,ISAAC.MURRAY,1740684970000,CHRIS.WILLIAMS,1765403155000,4799.942516710347,319.9977445556522
20836,63383.0,0.44076865,11 01 11 3 003 004.000,1101113003004000,CITY OF MONTGOMERY,,,,PO BOX 1111,MONTGOMERY,AL,36101,,,1613 DEWEY ST,1613,DEWEY ST,4295,253,1340150400000,COMM 5-WEST,M-1,10200.0,LEASED,MAXWELL BLVD AREA,VACANT LOT CREW,,,,,,MAXWELL BLVD AREA,,M-6-G,ISAAC.MURRAY,1740684970000,CHRIS.WILLIAMS,1765403155000,19199.882207610164,559.9988181262049
20837,38404.0,0.21808641,10 03 07 4 003 002.000,1003074003002000,CITY OF MONTGOMERY,,,,PO BOX 1111,MONTGOMERY,AL,36101,,,936 E JEFFERSON ST,936,E JEFFERSON ST,4251,422,1330300800000,COMM 4-DOWNTOWN,T4-0,47500.0,HOLDING,DOWNTOWN PLAN,VACANT LOT CREW,,,,,,DOWNTOWN PLAN,,M-6-I-2,ISAAC.MURRAY,1740684970000,CHRIS.WILLIAMS,1765403155000,9499.843849425339,419.9966498865447
20838,,0.16069951,10 03 07 4 003 011.000,1003074003011000,CITY OF MONTGOMERY,,,,PO BOX 1111,MONTGOMERY,AL,36101,1111,,MADISON AV,,MADISON,4239,643,1328054400000,COMM 4-DOWNTOWN,T4-0,70000.0,USE,DOWNTOWN PLAN,PARKS & REC,,,,,MUNICIPAL COURT,DOWNTOWN PLAN,,M-6-I-2,ISAAC.MURRAY,1740684970000,CHRIS.WILLIAMS,1765403155000,7000.070827399786,380.00114666085676
20839,,0.1606965,10 03 07 4 003 012.000,1003074003012000,CITY OF MONTGOMERY,,,,PO BOX 1111,MONTGOMERY,AL,36101,1111,,947 MADISON AV,947,MADISON,4239,643,1328054400000,COMM 4-DOWNTOWN,T4-0,96000.0,USE,DOWNTOWN PLAN,PARKS & REC,,,,,MUNICIPAL COURT,DOWNTOWN PLAN,,M-6-I-2,ISAAC.MURRAY,1740684970000,CHRIS.WILLIAMS,1765403155000,6999.939424152176,379.9992694595798
20840,68408.0,0.90549194,11 06 13 4 020 008.000,1106134020008000,CITY OF MONTGOMERY,,,,PO BOX 1111,MONTGOMERY,AL,36101,,,1321 BELVIEW ST,1321,BELVIEW ST,3493,387,1360108800000,PEACOCK/ROSA PARKS,R-60-d,14300.0,AVAILABLE,W MONTGOMERY INITIATIVE,VACANT LOT CREW,,,,,MUST BE GREEN SPACE OR CITY TO PAY HUD $75K,W MONTGOMERY INITIATIVE,,M-6-N-2,ISAAC.MURRAY,1740684970000,CHRIS.WILLIAMS,1765403155000,39443.228753145115,908.1555435579083
20841,71319.0,5.9761398,11 06 24 1 011 034.000,1106241011034000,CITY OF MONTGOMERY,,,,PO BOX 1111,MONTGOMERY,AL,36101,,,1920 S COURT ST,1920,S COURT,4223,794,1322524800000,COMM 5-WEST,T4-R,668300.0,AVAILABLE,,VACANT LOT CREW,,,,,LISTED ON CITY WEBSITE; CONTACT DEVELOPMENT,,,M-6-O,ISAAC.MURRAY,1740684970000,CHRIS.WILLIAMS,1765403155000,260320.64975124414,2236.6565952170677
20842,2520.0,6.32942201,04 08 33 4 000 004.001,0408334000004001,CITY OF MONTGOMERY,,,,PO BOX 1111,MONTGOMERY,AL,36101,,,1751 CONGR W L DICKINSON DR,1751,CONGR W L DICKINSON DR,4088,425,1320278400000,COMM 3-CENTRAL,INST,2155800.0,USE,,POLICE,,,,,MPD CRIMINAL INVESTIGATION,,,"M-2-BB, M-2-CC",ISAAC.MURRAY,1740684970000,CHRIS.WILLIAMS,1765403155000,275709.6227168044,2562.625442818083
20843,2524.0,0.83693584,04 08 33 4 000 004.005,0408334000004005,CITY OF MONTGOMERY,,,,PO BOX 1111,MONTGOMERY,AL,36101,,,CONGR W L DICKINSON DR,,CONGR W L DICKINSON DR,4088,425,1320278400000,COMM 3-CENTRAL,B-2,154800.0,USE,,POLICE,,,,,MPD CRIMINAL INVESTIGATION,,,M-2-CC,ISAAC.MURRAY,1740684970000,CHRIS.WILLIAMS,1765403155000,36456.925129066396,888.7890542436734
20844,2522.0,1.03646914,04 08 33 4 000 004.003,0408334000004003,CITY OF MONTGOMERY,,,,PO BOX 1111,MONTGOMERY,AL,36101,,,CONGR W L DICKINSON DR,,CONGR W L DICKINSON DR,4088,425,1320278400000,COMM 3-CENTRAL,B-2,156300.0,USE,,POLICE,,,,,MPD CRIMINAL INVESTIGATION,,,M-2-BB,ISAAC.MURRAY,1740684970000,CHRIS.WILLIAMS,1765403155000,45148.59559480007,909.2188937743583
20845,36942.0,0.03673119,10 03 05 4 004 034.001,1003054004034001,CITY OF MONTGOMERY,,,,PO BOX 1111,MONTGOMERY,AL,36101,,WALTER BYARS,SANITARY PUMPING STAT,,SANITARY PUMPING STAT,,,,COMM 3-CENTRAL,B-2,1000.0,USE,,WATER WORKS,,,,,WATER WORKS,,,M-6-D,ISAAC.MURRAY,1740684970000,CHRIS.WILLIAMS,1765403155000,1600.0107343610193,160.00131338294955
20846,42418.0,0.09231177,10 04 18 1 016 033.000,1004181016033000,CITY OF MONTGOMERY,,,,PO BOX 1111,MONTGOMERY ,AL,36101,,,618 WATTS ST,618,WATTS,4208,006,1317340800000,FINLEY/ASU AREA,T4-R,7700.0,AVAILABLE,CENTENNIAL HILL,VACANT LOT CREW,,Surplus,,,LISTED FOR SALE ON CITY WEBSITE,CENTENNIAL HILL,,M-6-I-3,ISAAC.MURRAY,1740684970000,CHRIS.WILLIAMS,1765403155000,4021.100772865701,281.0606194542909
20847,42290.0,0.13924155,10 04 18 1 013 012.000,1004181013012000,CITY OF MONTGOMERY,,,,PO BOX 1111,MONTGOMERY,AL,36101,,,437 DERICOTE ST,437,DERICOTE ST,4208,002,1317340800000,FINLEY/ASU AREA,T4-R,5100.0,AVAILABLE,CENTENNIAL HILL,VACANT LOT CREW,,Surplus,,,LISTED FOR SALE ON CITY WEBSITE,CENTENNIAL HILL,,M-6-I-3,ISAAC.MURRAY,1740684970000,CHRIS.WILLIAMS,1765403155000,6065.361747861614,320.9348890705037
20849,42366.0,0.04588396,10 04 18 1 015 017.000,1004181015017000,CITY OF MONTGOMERY,,,,PO BOX 1111,MONTGOMERY,AL,36101,,,463 SHARP ST,463,SHARP ST,4208,012,1317340800000,FINLEY/ASU AREA,T4-R,1800.0,AVAILABLE,CENTENNIAL HILL,VACANT LOT CREW,,Surplus,,,LISTED FOR SALE ON CITY WEBSITE,CENTENNIAL HILL,,M-6-I-3,ISAAC.MURRAY,1740684970000,CHRIS.WILLIAMS,1765403155000,1998.7051237466871,219.80265651915923
20850,42365.0,0.05284045,10 04 18 1 015 016.000,1004181015016000,CITY OF MONTGOMERY,,,,PO BOX 1111,MONTGOMERY,AL,36101,,,459 SHARP ST,459,SHARP ST,4208,010,1317340800000,FINLEY/ASU AREA,T4-R,3400.0,AVAILABLE,CENTENNIAL HILL,VACANT LOT CREW,,Surplus,,,LISTED FOR SALE ON CITY WEBSITE,CENTENNIAL HILL,,M-6-I-3,ISAAC.MURRAY,1740684970000,CHRIS.WILLIAMS,1765403155000,2301.729942438893,226.7127889368678
20851,42333.0,0.0457992,10 04 18 1 014 027.000,1004181014027000,CITY OF MONTGOMERY,,,,PO BOX 1111,MONTGOMERY,AL,36101,,,1011 GROVE ST,1011,GROVE ST,4208,008,1317340800000,FINLEY/ASU AREA,T4-R,1900.0,AVAILABLE,CENTENNIAL HILL,VACANT LOT CREW,,Surplus,,,LISTED FOR SALE ON CITY WEBSITE,CENTENNIAL HILL,,M-6-I-3,ISAAC.MURRAY,1740684970000,CHRIS.WILLIAMS,1765403155000,1995.013027417353,199.4574645404622
20852,42363.0,0.05377317,10 04 18 1 015 014.000,1004181015014000,CITY OF MONTGOMERY,,,,PO BOX 1111,MONTGOMERY,AL,36101,,,451 SHARP ST,451,SHARP ST,4208,0001,1317340800000,FINLEY/ASU AREA,T4-R,2100.0,AVAILABLE,CENTENNIAL HILL,VACANT LOT CREW,,Surplus,,,LISTED FOR SALE ON CITY WEBSITE,CENTENNIAL HILL,,M-6-I-3,ISAAC.MURRAY,1740684970000,CHRIS.WILLIAMS,1765403155000,2342.359332678214,227.51169945466242
20853,42339.0,0.0734657,10 04 18 1 014 033.000,1004181014033000,CITY OF MONTGOMERY,,,,PO BOX 1111,MONTGOMERY,AL,36101,,,484 SHARP ST,484,SHARP ST,4208,0004,1317340800000,FINLEY/ASU AREA,T4-R,3000.0,AVAILABLE,CENTENNIAL HILL,VACANT LOT CREW,,Surplus,,,LISTED FOR SALE ON CITY WEBSITE,CENTENNIAL HILL,,M-6-I-3,ISAAC.MURRAY,1740684970000,CHRIS.WILLIAMS,1765403155000,3200.1660551776567,240.00664904422086
20854,42328.0,0.10336091,10 04 18 1 014 022.000,1004181014022000,CITY OF MONTGOMERY,,,,PO BOX 1111,MONTGOMERY,AL,36101,,,923 GROVE ST,923,GROVE ST,4207,1000,1317340800000,FINLEY/ASU AREA,T4-R,6900.0,AVAILABLE,CENTENNIAL HILL,VACANT LOT CREW,,Surplus,,,LISTED FOR SALE ON CITY WEBSITE,CENTENNIAL HILL,,M-6-I-3,ISAAC.MURRAY,1740684970000,CHRIS.WILLIAMS,1765403155000,4502.401326188016,360.1872826910284
20855,1926.0,0.25841096,04 08 28 2 000 015.000,0408282000015000,CITY OF MONTGOMERY,,,,PO BOX 1111,MONTGOMERY,AL,36101,,,NORTH PASS RD,,NORTH PASS,4455,917,1365724800000,BOYLSTON PARK,R-20-t,5500.0,HOLDING,NORTH PASS,VACANT LOT CREW,,,,,,NORTH PASS,,M-2-V,ISAAC.MURRAY,1740684970000,CHRIS.WILLIAMS,1765403155000,11256.381476959376,450.1734545577277
20856,1940.0,0.06901061,04 08 28 2 000 017.004,0408282000017004,CIT OF MONTGOMERY,,,,PO BOX 1111,MONTGOMERY,AL,36101,,,738 NORTH PASS RD,738,NORTH PASS,4445,236,1364947200000,BOYLSTON PARK,R-20-t,14800.0,HOLDING,NORTH PASS,VACANT LOT CREW,,,,,,NORTH PASS,,M-2-V,ISAAC.MURRAY,1740684970000,CHRIS.WILLIAMS,1765403155000,3006.1023360211493,340.60768828387154
20857,1927.0,0.1048544,04 08 28 2 000 016.000,0408282000016000,CITY OF MONTGOMERY,,,,PO BOX 1111,MONTGOMERY,AL,36101,,,712 NORTH PASS RD,712,NORTH PASS,4456,641,1370736000000,BOYLSTON PARK,R-20-t,23600.0,HOLDING,NORTH PASS,VACANT LOT CREW,,,,,,NORTH PASS,,M-2-V,ISAAC.MURRAY,1740684970000,CHRIS.WILLIAMS,1765403155000,4567.4577511894895,361.08670594790414
20858,1928.0,0.06893193,04 08 28 2 000 016.001,0408282000016001,CITY OF MONTGOMERY,,,,PO BOX 1111,MONTGOMERY,AL,36101,,,714 NORTH PASS RD,714,NORTH PASS,4456,641,1370736000000,BOYLSTON PARK,R-20-t,23600.0,HOLDING,NORTH PASS,VACANT LOT CREW,,,,,,NORTH PASS,,M-2-V,ISAAC.MURRAY,1740684970000,CHRIS.WILLIAMS,1765403155000,3002.6749087666426,340.26481150510386
20859,1929.0,0.06893456,04 08 28 2 000 016.002,0408282000016002,CITY OF MONTGOMERY,,,,PO BOX 1111,MONTGOMERY,AL,36101,,,716 NORTH PASS RD,716,NORTH PASS,4456,641,1370736000000,BOYLSTON PARK,R-20-t,23700.0,HOLDING,NORTH PASS,VACANT LOT CREW,,,,,,NORTH PASS,,M-2-V,ISAAC.MURRAY,1740684970000,CHRIS.WILLIAMS,1765403155000,3002.789590776861,340.2890837821058
20860,1930.0,0.06894239,04 08 28 2 000 016.003,0408282000016003,CITY OF MONTGOMERY,,,,PO BOX 1111,MONTGOMERY,AL,36101,,,718 NORTH PASS RD,718,NORTH PASS,4456,641,1370736000000,BOYLSTON PARK,R-20-t,23300.0,HOLDING,NORTH PASS,VACANT LOT CREW,,,,,,NORTH PASS,,M-2-V,ISAAC.MURRAY,1740684970000,CHRIS.WILLIAMS,1765403155000,3003.1304800881367,340.31696201780545
20861,1931.0,0.06895336,04 08 28 2 000 016.004,0408282000016004,CITY OF MONTGOMERY,,,,PO BOX 1111,MONTGOMERY,AL,36101,,,720 NORTH PASS RD,720,NORTH PASS,4456,641,1370736000000,BOYLSTON PARK,R-20-t,23600.0,HOLDING,NORTH PASS,VACANT LOT CREW,,,,,,NORTH PASS,,M-2-V,ISAAC.MURRAY,1740684970000,CHRIS.WILLIAMS,1765403155000,3003.60842012531,340.3455314763743
20862,1932.0,0.06895478,04 08 28 2 000 016.005,0408282000016005,CITY OF MONTGOMERY,,,,PO BOX 1111,MONTGOMERY,AL,36101,,,722 NORTH PASS RD,722,NORTH PASS,4456,641,1370736000000,BOYLSTON PARK,R-20-t,23600.0,HOLDING,NORTH PASS,VACANT LOT CREW,,,,,,NORTH PASS,,M-2-V,ISAAC.MURRAY,1740684970000,CHRIS.WILLIAMS,1765403155000,3003.6703040744587,340.3704338783285
20863,1935.0,0.10346521,04 08 28 2 000 016.008,0408282000016008,CITY OF MONTGOMERY,,,,PO BOX 1111,MONTGOMERY,AL,36101,,,728 NORTH PASS RD,728,NORTH PASS,4456,641,1370736000000,BOYLSTON PARK,R-20-t,28700.0,HOLDING,NORTH PASS,VACANT LOT CREW,,,,,,NORTH PASS,,M-2-V,ISAAC.MURRAY,1740684970000,CHRIS.WILLIAMS,1765403155000,4506.944622097934,360.45813838846584
20864,1936.0,0.10347384,04 08 28 2 000 017.000,0408282000017000,CITY OF MONTGOMERY,,,,PO BOX 1111,MONTGOMERY,AL,36101,,,730 NORTH PASS RD,730,NORTH PASS,4456,641,1370736000000,BOYLSTON PARK,R-20-t,27600.0,HOLDING,NORTH PASS,VACANT LOT CREW,,,,,,NORTH PASS,,M-2-V,ISAAC.MURRAY,1740684970000,CHRIS.WILLIAMS,1765403155000,4507.320653983022,360.4948838777732
20865,,0.26321881,11 06 24 1 021 001.000,1106241021001000,,,,,,,,,,,339 MOORELAND RD,339,MOORELAND RD,4299,13,1340841600000,COMM 5-WEST,R-65-m,52000.0,USE,W MONTGOMERY INITIATIVE,VACANT LOT CREW,,,,,FUTURE CUL-DE-SAC; HUD RESTRICTIONS FOR USE,W MONTGOMERY INITIATIVE,,M-6-O,ISAAC.MURRAY,1740684970000,CHRIS.WILLIAMS,1765403155000,11465.81136986785,448.6192392813341
20866,,0.16253546,11 01 12 1 000 010.000,1101121000010000,,,,,,,,,,,LOWNDES,,LOWNDES,4323,952,1343347200000,CLISBY PARK,M-3,800.0,USE,DOWNTOWN PLAN,MAINTENANCE,,,1756944000000,ACB,CYPRESS CREEK,DOWNTOWN PLAN,,M-6-C-4,ISAAC.MURRAY,1740684970000,CHRIS.WILLIAMS,1765403155000,7080.044500820174,356.0009708620153
20867,,7.81591458,10 08 34 1 002 002.001,1008341002002001,,,,,,,,,,,MCGEHEE RD,,MCGEHEE RD,4208,364,1320624000000,WOODLEY PARK,B-3,457400.0,USE,,FIRE/MPD/MAINTENANCE,,,,,POLICE/FIRE/STORM DRAINAGE,,,M-6-W,ISAAC.MURRAY,1740684970000,CHRIS.WILLIAMS,1765403155000,340461.23889357166,2567.7763592678552
20868,,0.6752001,10 03 08 2 001 059.001,1003082001059001,,,,,,,,,,,UPPER WETUMPKA RD,,UPPER WETUMPKA RD,4256,988,1331596800000,CLISBY PARK,INST,6800.0,USE,,CEMETERY,,,,,OAKWOOD CEMETERY,,,M-6-C-3,ISAAC.MURRAY,1740684970000,CHRIS.WILLIAMS,1765403155000,29411.716249229354,699.4992880403148
20869,,0.23567826,11 06 24 2 011 002.000,1106242011002000,,,,,,,,,,,709 MALVERN ST,709,MALVERN ST,4179,902,1314144000000,PEACOCK/ROSA PARKS,CIVIC,4800.0,USE,W MONTGOMERY INITIATIVE,PARKS & REC,,,,,GENETTA PARK,W MONTGOMERY INITIATIVE,,M-6-N-2,ISAAC.MURRAY,1740684970000,CHRIS.WILLIAMS,1765403155000,10266.144991587349,479.28190232500583
20870,,98.29224025,13 01 02 0 000 001.000,1301020000001000,,,,,,,,,,,5886 OLD HAYNEVILLE RD,5886,OLD HAYNEVILLE RD,4106,731,1293408000000,CEDAR PT/HILLSIDE,AGR-1,237000.0,USE,,POLICE,,,,,POLICE,,,M-5-BB,ISAAC.MURRAY,1740684970000,CHRIS.WILLIAMS,1765403155000,4281609.98550302,10601.114619995431
20871,,0.44376305,10 03 07 3 303 047.000,1003073303047000,,,,,,,,,,,45 WASHINGTON AV,45,WASHINGTON AV,4083,867,1287705600000,CLISBY PARK,T5,6761900.0,USE,,MAINTENANCE,,,,,DEXTER AVENUE PARKING DECK,,,M-6-I-1,ISAAC.MURRAY,1740684970000,CHRIS.WILLIAMS,1765403155000,19330.31835532068,558.0236260331651
20872,,0.24474775,11 06 24 2 011 015.000,1106242011015000,,,,,,,,,,,748 W FAIRVIEW AV,748,W FAIRVIEW AV,4479,941,1375833600000,PEACOCK/ROSA PARKS,T4-0,50100.0,USE,,PARKS & REC,,,,,GENETTA PARK,,,M-6-N-2,ISAAC.MURRAY,1740684970000,CHRIS.WILLIAMS,1765403155000,10661.211999113213,431.37623064488525
20873,,0.06946313,04 08 28 2 000 018.006,0408282000018006,,,,,,,,,,,764 NORTH PASS RD,764,NORTH PASS RD,4542,512,1393545600000,NORTH PASS,R-20-t,9100.0,HOLDING,NORTH PASS,VACANT LOT CREW,,,,,,NORTH PASS,,M-2-V,ISAAC.MURRAY,1740684970000,CHRIS.WILLIAMS,1765403155000,3025.8141223613866,343.1957713785518
20874,,0.12080534,04 08 28 2 000 012.000,0408282000012000,,,,,,,,,,,709 NORTH PASS RD,709,NORTH PASS RD,4528,840,1389225600000,NORTH PASS,R-20-t,32600.0,HOLDING,NORTH PASS,VACANT LOT CREW,,,,,,NORTH PASS,,M-2-V,ISAAC.MURRAY,1740684970000,CHRIS.WILLIAMS,1765403155000,5262.28041786082,340.9209535907436
20875,,0.05965616,04 08 28 2 000 011.002,0408282000011002,,,,,,,,,,,711 NORTH PASS RD,711,NORTH PASS RD,4528,840,1389225600000,NORTH PASS,R-20-t,27500.0,HOLDING,NORTH PASS,VACANT LOT CREW,,,,,,NORTH PASS,,M-2-V,ISAAC.MURRAY,1740684970000,CHRIS.WILLIAMS,1765403155000,2598.6223472605348,299.86155081660604
20876,,0.05964498,04 08 28 2 000 011.001,0408282000011001,,,,,,,,,,,713 NORTH PASS RD,713,NORTH PASS RD,4528,840,1389225600000,NORTH PASS,R-20-t,27500.0,HOLDING,NORTH PASS,VACANT LOT CREW,,,,,,NORTH PASS,,M-2-V,ISAAC.MURRAY,1740684970000,CHRIS.WILLIAMS,1765403155000,2598.135277418704,299.8073837834902
20877,,0.13117149,04 08 28 2 000 011.000,0408282000011000,,,,,,,,,,,715 NORTH PASS RD,715,NORTH PASS RD,4528,840,1389225600000,NORTH PASS,R-20-t,32600.0,HOLDING,NORTH PASS,VACANT LOT CREW,,,,,,NORTH PASS,,M-2-V,ISAAC.MURRAY,1740684970000,CHRIS.WILLIAMS,1765403155000,5713.830291719336,347.72003824438974
20878,,0.06891185,04 08 28 2 000 018.003,0408282000018003,,,,,,,,,,,758 NORTH PASS RD,758,NORTH PASS RD,4528,840,1389225600000,NORTH PASS,R-20-t,8900.0,HOLDING,NORTH PASS,VACANT LOT CREW,,,,,,NORTH PASS,,M-2-V,ISAAC.MURRAY,1740684970000,CHRIS.WILLIAMS,1765403155000,3001.7999783567843,340.1793396296513
20879,,0.08195569,15 01 02 1 004 057.000,1501021004057000,,,,,,,,,,,5953 PROVOST AVE,5953,PROVOST AVE,4652,849,1421107200000,,,3100.0,HOLDING,REGENCY PARK,VACANT LOT CREW,,,,,ACQUIRED FROM PRIVATE OWNERS FOR COUNCILMAN DOW,,,M-6-DD,ISAAC.MURRAY,1740684970000,CHRIS.WILLIAMS,1765403155000,3569.9898990319616,278.0007999613675
20880,,0.05062047,15 01 02 1 004 051.000,1501021004051000,,,,,,,,,,,5941 PROVOST AVE,5941,PROVOST AVE,4572,180,1432080000000,,,3000.0,HOLDING,REGENCY PARK,VACANT LOT CREW,,,,,ACQUIRED FROM PRIVATE OWNER FOR COUNCILMAN DOW,,,M-6-DD,ISAAC.MURRAY,1740684970000,CHRIS.WILLIAMS,1765403155000,2205.027809933823,252.00092082995383
20881,,0.05036167,15 01 02 1 004 022.005,1501021004022005,,,,,,,,,,,5938 PROVOST AVE,5938,PROVOST AVE,4587,925,1404777600000,,,3600.0,HOLDING,REGENCY PARK,VACANT LOT CREW,,,,,ACQUIRED FROM PRIVATE OWNER FOR COUNCILMAN DOW,,,M-6-DD,ISAAC.MURRAY,1740684970000,CHRIS.WILLIAMS,1765403155000,2193.754212206758,250.92790265924356
20882,,3.95637175,10 02 10 4 001 002.000,1002104001002000,,,,,,,,,,,4050 ATLANTA HWY,4050,ATLANTA HWY,4716,290,1434585600000,,,158000.0,USE,,PARKS & REC,,,,,PARKS & RECREATION,,,M-6-K,ISAAC.MURRAY,1740684970000,CHRIS.WILLIAMS,1765403155000,172339.55328786024,1710.561324248528
20883,,0.06901495,04 08 28 2 000 017.005,0408282000017005,,,,,,,,,,,740 NORTH PASS RD,740,NORTH PASS RD,4733,945,1439942400000,NORTH PASS,R-20-t,4400.0,HOLDING,NORTH PASS,VACANT LOT CREW,,,,,,NORTH PASS,,M-2-V,ISAAC.MURRAY,1740684970000,CHRIS.WILLIAMS,1765403155000,3006.2913452264634,340.6330082607244
20884,,0.06897354,04 08 28 2 000 018.001,0408282000017001,,,,,,,,,,,754 NORTH PASS RD,754,NORTH PASS RD,4733,945,1439942400000,NORTH PASS,R-20-t,4400.0,HOLDING,NORTH PASS,VACANT LOT CREW,,,,,,NORTH PASS,,M-2-V,ISAAC.MURRAY,1740684970000,CHRIS.WILLIAMS,1765403155000,3004.487447424544,340.43526970195404
20885,,0.06888129,04 08 28 2 000 018.004,0408282000018004,,,,,,,,,,,760 NORTH PASS RD,760,NORTH PASS RD,3755,945,1429401600000,NORTH PASS,R-20-t,4400.0,HOLDING,NORTH PASS,VACANT LOT CREW,,,,,,NORTH PASS,,M-2-V,ISAAC.MURRAY,1740684970000,CHRIS.WILLIAMS,1765403155000,3000.469193643359,340.0523737451358
20886,,0.06889612,04 08 28 2 000 018.005,0408282000018005,,,,,,,,,,,762 NORTH PASS RD,762,NORTH PASS RD,6755,945,1429401600000,NORTH PASS,R-20-t,4400.0,HOLDING,NORTH PASS,VACANT LOT CREW,,,,,,NORTH PASS,,M-2-V,ISAAC.MURRAY,1740684970000,CHRIS.WILLIAMS,1765403155000,3001.1151866586624,340.3021956751276
20887,,10.88719829,08 03 07 1 000 025.000,0803071000025000,,,,,,,,,,,EAST FIELD RD (WAREMONT CT),0,EAST FIELD RD,4724,261,1437696000000,WARES FERRY ACRES,AGR-1,23700.0,AVAILABLE,,VACANT LOT CREW,,,,,N OF WAREMONT CT; CONTACT DEVELOPEMENT,,,M-7-F,ISAAC.MURRAY,1740684970000,CHRIS.WILLIAMS,1765403155000,474246.3573541624,6643.351992599396
20888,,5.72674412,08 03 07 1 000 027.000,0803071000027000,,,,,,,,,,,EAST FIELD RD (WAREMONT CT),0,EAST FIELD RD,4724,261,1437696000000,WARES FERRY ACRES,AGR-1,12500.0,AVAILABLE,,VACANT LOT CREW,,,,,N OF WAREMONT CT; CONTACT DEVELOPEMENT,,,M-7-F,ISAAC.MURRAY,1740684970000,CHRIS.WILLIAMS,1765403155000,249456.9740182554,2590.709993606861
20889,,5.06563885,08 03 07 1 000 029.000,0803071000029000,,,,,,,,,,,EAST FIELD RD (WAREMONT CT),0,EAST FIELD RD,4724,261,1437696000000,WARES FERRY ACRES,AGR-1,11100.0,AVAILABLE,,VACANT LOT CREW,,,,,N OF WAREMONT CT; CONTACT DEVELOPEMENT,,,M-7-F,ISAAC.MURRAY,1740684970000,CHRIS.WILLIAMS,1765403155000,220659.2284756933,2334.008661687854
20890,,6.66264331,08 03 07 1 000 030.000,0803071000030000,,,,,,,,,,,12045 WAREMONT CT,12045,WAREMONT CT,4724,261,1437696000000,WARES FERRY ACRES,AGR-1,20900.0,AVAILABLE,,VACANT LOT CREW,,,,,N OF WAREMONT CT; CONTACT DEVELOPEMENT,,,M-7-F,ISAAC.MURRAY,1740684970000,CHRIS.WILLIAMS,1765403155000,290224.7424694929,2812.191228825278
20891,37899.0,2.84620983,10 03 07 1 010 002.000,1003071010002000,CITY OF MONTGOMERY, ,103,N PERRY ST, ,MONTGOMERY,AL,36101,1111, ,1015 E JEFFERSON ST,1015,E JEFFERSON ST, , ,,CLISBY PARK,T5,285000.0,USE,DOWNTOWN PLAN,VACANT LOT CREW,0, ,,,CRAMTON BOWL PARKING LOT AT UPPER WETUMPKA RD,DOWNTOWN PLAN,,"M-6-C-3, M-6-I-2",ISAAC.MURRAY,1740684970000,CHRIS.WILLIAMS,1765403155000,123980.90030661659,1754.792678852513
20892,,0.50767763,11 01 12 4 003 001.003,1101124003001003,,,,,,,,,,,210 TALLAPOOSA ST,210,TALLAPOOSA ST,,,,,T5,574100.0,USE,,PARKS & REC,,,1756944000000,ACB,PARKING,,,M-6-H-2,ISAAC.MURRAY,1740684970000,CHRIS.WILLIAMS,1765403155000,22114.437387479466,608.1165753829493
20893,,0.77224074,11 01 12 4 003 001.000,1101124003001000,,,,,,,,,,,TALLAPOOSA ST,,TALLAPOOSA ST,,,,,T5,838500.0,USE,,PARKS & REC,,,1756944000000,ACB,PARKING,,,M-6-H-2,ISAAC.MURRAY,1740684970000,CHRIS.WILLIAMS,1765403155000,33638.80677029355,1059.4897281351227
20894,,0.26869121,11 01 12 4 003 001.001,1101124003001001,,,,,,,,,,,217 WATER ST,217,WATER ST,,,,,T5,298300.0,USE,,PARKS & REC,,,1756944000000,ACB,PARKING,,,M-6-H-2,ISAAC.MURRAY,1740684970000,CHRIS.WILLIAMS,1765403155000,11704.189049012579,494.65089737612107
20895,,0.66355054,11 01 12 4 003 001.002,1101124003001002,,,,,,,,,,,213 COMMERCE ST,213,COMMERCE ST,,,,,T5,718800.0,USE,,PARKS & REC,,,1756944000000,ACB,PARKING/RETAIL,,,M-6-H-2,ISAAC.MURRAY,1740684970000,CHRIS.WILLIAMS,1765403155000,28904.261407998703,822.3506847099233
20896,,33.57703445,08 03 05 0 000 008.005,0803050000008005,,,,,,,,,,,OHIO FERRO RD,,OHIO FERRO RD,4773,378,1450051200000,,,59100.0,AVAILABLE,,VACANT LOT CREW,,,,,,,,M-7-F,ISAAC.MURRAY,1740684970000,CHRIS.WILLIAMS,1765403155000,1462615.6205421733,5625.034247393316
20897,,24.79794407,08 03 08 0 000 003.015,0803080000003015,,,,,,,,,,,OHIO FERRO RD,,OHIO FERRO RD,4773,381,1450051200000,,,16100.0,AVAILABLE,,VACANT LOT CREW,,,,,,,,M-7-F,ISAAC.MURRAY,1740684970000,CHRIS.WILLIAMS,1765403155000,1080223.8929350593,5041.352888271613
20898,,1.11256252,10 03 08 1 004 008.000,1003081004008000,,,,,,,,,,,MARIE JAMES CT,,MARIE JAMES CT,4730,545,1437264000000,,,15000.0,AVAILABLE,,VACANT LOT CREW,,Surplus,,,LISTED FOR SALE ON CITY WEBSITE,,,M-6-D,ISAAC.MURRAY,1740684970000,CHRIS.WILLIAMS,1765403155000,48463.22335789934,1102.3019256213881
20899,,1.30808487,10 03 08 1 004 027.000,1003081004027000,,,,,,,,,,,1804 MARIE JAMES CT,1804,MARIE JAMES CT,4730,544,1436486400000,,,15000.0,AVAILABLE,,VACANT LOT CREW,,Surplus,,,LISTED FOR SALE ON CITY WEBSITE,,,M-6-D,ISAAC.MURRAY,1740684970000,CHRIS.WILLIAMS,1765403155000,56980.17689921513,1132.914975731204
20900,,0.05107618,11 01 12 4 011 001.001,1101124011001001,,,,,,,,,,,CLAYTON ST,,CLAYTON ST,4831,473,1462752000000,,T4-O,,USE,,VACANT LOT CREW,,,1757030400000,ACB,RIGHT-OF-WAY,,,M-6-H-2,ISAAC.MURRAY,1740684970000,CHRIS.WILLIAMS,1765403155000,2224.8782122277303,202.1705247164433
20901,,0.12108861,10 03 05 2 008 012.000,1003052008012000,,,,,,,,,,,2150 GEORGE MULL ST,2150,GEORGE MULL ST,4814,949,1447977600000,,,1900.0,HOLDING,,MAINTENANCE,,,,,CYPRESS CREEK AREA,,,M-6-C-2,ISAAC.MURRAY,1740684970000,CHRIS.WILLIAMS,1765403155000,5274.619992103498,315.7605379912964
20902,,0.12420566,11 06 25 1 022 005.000,1106241022005000,,,,,,,,,,,ALLEY,,ALLEY,,,,,,,USE,LANIER PLACE,MAINTENANCE,,,,,CONTACT PLANNING,LANIER PLACE,"private alley north of 434, 438, & 442 Elm St",M-6-N-2,ISAAC.MURRAY,1740684970000,CHRIS.WILLIAMS,1765403155000,5410.39869458548,518.4691033237365
20903,,0.63879602,11 07 36 2 008 016.000,1107362008016000,,,,,,,,,,,728 W FLEMING RD,728,W FLEMING RD,4980,332,1496361600000,,,,USE,,VACANT LOT CREW,,,1498089600000,AMY BENEFIELD,ENGINEERING STORM DRAINAGE PROJECT,,,M-6-T,ISAAC.MURRAY,1740684970000,CHRIS.WILLIAMS,1765403155000,27825.95459864268,856.2533677267569
20904,,11.38446491,10 03 08 2 001 059.000,1003082001059000,,,,,,,,,,,UPPER WETUMPKA RD,,UPPER WETUMPKA RD,,,,,,,USE,,VACANT LOT CREW,,,,,CEMETERY ANNEX,,,M-6-C-3,ISAAC.MURRAY,1740684970000,CHRIS.WILLIAMS,1765403155000,495907.29168111505,4041.17548108245
20905,,85.48646265,10 03 07 1 001 002.000,1003071001002000,,,,,,,,,,,911 COMMUNICATIONS PKWY,911,COMMUNICATIONS PKWY,,,,,,,USE,,VACANT LOT CREW,,,,,OAKWOOD CEMETERY,,,M-6-C-3,ISAAC.MURRAY,1740684970000,CHRIS.WILLIAMS,1765403155000,3723790.3130714213,13899.966783411131
20906,,1.26462541,10 07 35 1 007 003.000,1007351007003000,,,,,,,,,,,5620 CALMAR DR,5620,CALMAR DR,,,,,,,USE,,PARKS & REC,,,,,Community Center Planned,,,M-6-X,ISAAC.MURRAY,1740684970000,CHRIS.WILLIAMS,1765403155000,55087.08272273744,1177.2998404643674
20907,,0.08429082,11 06 24 1 017 048.004,1106241017048004,,,,,,,,,,,EDGAR D NIXON AVE,,EDGAR D NIXON AVE,,,,,,2000.0,USE,WEST MONTG INITIATIVE,MAINTENANCE,,,,,CONTACT PLANNING,WEST MONTG INITIATIVE,"N OF LIBERTY ST, BETWEEN ED NIXON & LANIER",M-6-N-2,ISAAC.MURRAY,1740684970000,CHRIS.WILLIAMS,1765403155000,3671.7079667638222,407.1784138168924
20908,,0.20284304,11 06 24 1 017 048.011,1106241017048011,,,,,,,,,,,LANIER LN,,LANIER LN,,,,,,,USE,W MONTG INITIATIVE,MAINTENANCE,,,,,CONTACT PLANNING,W MONTG INITIATIVE,"N OF LIBERTY ST, W OF LANIER LN",M-6-N-2,ISAAC.MURRAY,1740684970000,CHRIS.WILLIAMS,1765403155000,8835.842680374777,873.301274957345
20909,,10.0622448,04 07 26 4 003 001.000,0407264003001000,,,,,,,,,,,EAST BLVD,,EAST BLVD,,,,,,,USE,,PARKS & REC,,,,,Lagoon Park Trail,,,M-2-DD,ISAAC.MURRAY,1740684970000,CHRIS.WILLIAMS,1765403155000,438311.3834323008,3114.6438319862496
20911,,0.13576186,11 06 13 2 009 039.000,1106132009039000,,,,,,,,,,,650 COBB ST,650,COBB ST,,,,,T4-R,2000.0,AVAILABLE,W MONTGOMERY INITIATIVE,VACANT LOT CREW,2,City Owned (From State),1757030400000,ACB,LISTED FOR SALE ON CITY WEBSITE,W MONTGOMERY INITIATIVE,,M-6-H-3,ISAAC.MURRAY,1740684970000,CHRIS.WILLIAMS,1765403155000,5913.786808411405,312.5418498851884
20912,,0.06893942,04 08 28 2 000 018.002,0408282000018002,,,,,,,,,,,756 NORTH PASS RD,756,NORTH PASS RD,,,,,,,HOLDING,NORTH PASS,VACANT LOT CREW,,,,,,NORTH PASS,,M-2-V,ISAAC.MURRAY,1740684970000,CHRIS.WILLIAMS,1765403155000,3003.000952444415,340.30541604231877
20913,,0.05972624,04 08 28 2 000 010.004,0408282000010004,,,,,,,,,,,723 NORTH PASS RD,723,NORTH PASS RD,,,,,,,HOLDING,NORTH PASS,VACANT LOT CREW,,,,,,NORTH PASS,,M-2-V,ISAAC.MURRAY,1740684970000,CHRIS.WILLIAMS,1765403155000,2601.675195644409,300.15631324841036
20914,,0.11946192,04 08 28 2 000 010.005,0408282000010005,,,,,,,,,,,721 NORTH PASS RD,721,NORTH PASS RD,,,,,,,HOLDING,NORTH PASS,VACANT LOT CREW,,,,,,NORTH PASS,,M-2-V,ISAAC.MURRAY,1740684970000,CHRIS.WILLIAMS,1765403155000,5203.761312151002,340.2013667215292
20915,,0.06895888,04 08 28 2 000 016.006,0408282000016006,,,,,,,,,,,724 NORTH PASS RD,724,NORTH PASS RD,,,,,,,HOLDING,NORTH PASS,VACANT LOT CREW,,,,,,NORTH PASS,,M-2-V,ISAAC.MURRAY,1740684970000,CHRIS.WILLIAMS,1765403155000,3003.8490293732575,340.39730019408245
20916,,0.06897095,04 08 28 2 000 016.007,0408282000016007,,,,,,,,,,,726 NORTH PASS RD,726,NORTH PASS RD,,,,,,,HOLDING,NORTH PASS,VACANT LOT CREW,,,,,,NORTH PASS,,M-2-V,ISAAC.MURRAY,1740684970000,CHRIS.WILLIAMS,1765403155000,3004.374736332258,340.42624751863076
20917,,0.06900362,04 08 28 2 000 017.002,0408282000017002,,,,,,,,,,,734 NORTH PASS RD,734,NORTH PASS RD,,,,,,,HOLDING,NORTH PASS,VACANT LOT CREW,,,,,,NORTH PASS,,M-2-V,ISAAC.MURRAY,1740684970000,CHRIS.WILLIAMS,1765403155000,3005.7978032864658,340.5578706897907
20918,,0.06900109,04 08 28 2 000 017.003,0408282000017003,,,,,,,,,,,736 NORTH PASS RD,736,NORTH PASS RD,,,,,,,HOLDING,NORTH PASS,VACANT LOT CREW,,,,,,NORTH PASS,,M-2-V,ISAAC.MURRAY,1740684970000,CHRIS.WILLIAMS,1765403155000,3005.6876063106797,340.57884716087835
20919,,0.10353589,04 08 28 2 000 017.006,0408282000017006,,,,,,,,,,,742 NORTH PASS RD,742,NORTH PASS RD,,,,,,,HOLDING,NORTH PASS,VACANT LOT CREW,,,,,,NORTH PASS,,M-2-V,ISAAC.MURRAY,1740684970000,CHRIS.WILLIAMS,1765403155000,4510.023364364049,360.66612728467504
20920,,0.10349779,04 08 28 2 000 018.000,0408282000018000,,,,,,,,,,,752 NORTH PASS RD,752,NORTH PASS RD,,,,,,,HOLDING,NORTH PASS,VACANT LOT CREW,,,,,,NORTH PASS,,M-2-V,ISAAC.MURRAY,1740684970000,CHRIS.WILLIAMS,1765403155000,4508.36392460481,360.5844114273094
20921,,0.17271611,11 06 13 1 005 008.000,1106131005008000,,,,,,,,,,,470 MOBILE ST,470,MOBILE ST,5085,741,1519948800000,,T4-R,2000.0,HOLDING,5 STAR PROPERTIES,VACANT LOT CREW,,,1757030400000,ACB,CDBG FUNDS PURCHASE,5 STAR PROPERTIES,,M-6-H-2,ISAAC.MURRAY,1740684970000,CHRIS.WILLIAMS,1765403155000,7523.5137509215665,400.9823455587969
20922,,0.158891,11 06 13 1 005 011.000,1106131005011000,,,,,,,,,,,MOBILE ST,,MOBILE ST,5085,741,1519948800000,,T4-R,2000.0,HOLDING,5 STAR PROPERTIES,VACANT LOT CREW,,,1757030400000,ACB,CDBG FUNDS PURCHASE,5 STAR PROPERTIES,,M-6-H-2,ISAAC.MURRAY,1740684970000,CHRIS.WILLIAMS,1765403155000,6921.291785781101,478.814190289294
20923,,0.12052457,11 06 13 1 006 021.000,1106131006021000,,,,,,,,,,,STONE ST,,STONE ST,5085,741,1519948800000,,T4-R,2000.0,HOLDING,5 STAR PROPERTIES,VACANT LOT CREW,,,1757030400000,ACB,CDBG FUNDS PURCHASE,5 STAR PROPERTIES,,M-6-H-3,ISAAC.MURRAY,1740684970000,CHRIS.WILLIAMS,1765403155000,5250.050225177158,305.0041558647754
20924,,0.2810572,11 06 13 1 014 011.000,1106131014011000,,,,,,,,,,,MOBILE ST,,MOBILE ST,5085,741,1519948800000,,T4-R,3500.0,HOLDING,5 STAR PROPERTIES,VACANT LOT CREW,,,1757030400000,ACB,CDBG FUNDS PURCHASE,5 STAR PROPERTIES,,"M-6-H-2, M-6-H-3",ISAAC.MURRAY,1740684970000,CHRIS.WILLIAMS,1765403155000,12242.851636865804,448.5890514695314
20925,,0.36180988,11 06 13 1 014 012.000,1106131014012000,,,,,,,,,,,501 MOBILE ST,501,MOBILE ST,5085,741,1519948800000,,T4-R,3000.0,HOLDING,5 STAR PROPERTIES,VACANT LOT CREW,,,1757030400000,ACB,CDBG FUNDS PURCHASE,5 STAR PROPERTIES,,M-6-H-3,ISAAC.MURRAY,1740684970000,CHRIS.WILLIAMS,1765403155000,15760.438507037366,537.7587207901349
20926,,0.07404532,11 06 13 1 014 014.000,1106131014014000,,,,,,,,,,,509 MOBILE ST,509,MOBILE ST,5085,741,1519948800000,,T4-R,2000.0,HOLDING,5 STAR PROPERTIES,VACANT LOT CREW,,,1757030400000,ACB,CDBG FUNDS PURCHASE,5 STAR PROPERTIES,,M-6-H-3,ISAAC.MURRAY,1740684970000,CHRIS.WILLIAMS,1765403155000,3225.4140611902244,329.6195608922248
20927,,0.10161066,11 06 13 1 014 015.000,1106131014015000,,,,,,,,,,,515 MOBILE ST,515,MOBILE ST,5085,741,1519948800000,,T4-R,1000.0,HOLDING,5 STAR PROPERTIES,VACANT LOT CREW,,,1757030400000,ACB,CDBG FUNDS PURCHASE,5 STAR PROPERTIES,,M-6-H-3,ISAAC.MURRAY,1740684970000,CHRIS.WILLIAMS,1765403155000,4426.160280008955,319.48207335736055
20928,,0.04678444,11 06 13 1 014 016.000,1106131014016000,,,,,,,,,,,MOBILE ST,,MOBILE ST,5085,741,1519948800000,,T4-R,2000.0,HOLDING,5 STAR PROPERTIES,VACANT LOT CREW,,,1757030400000,ACB,CDBG FUNDS PURCHASE,5 STAR PROPERTIES,,M-6-H-3,ISAAC.MURRAY,1740684970000,CHRIS.WILLIAMS,1765403155000,2037.930091341734,229.13316149536146
20929,,0.13768229,11 06 13 1 014 017.000,1106131014017000,,,,,,,,,,,430 MILDRED ST,430,MILDRED ST,5085,741,1519948800000,,T4-O,2000.0,HOLDING,5 STAR PROPERTIES,VACANT LOT CREW,,,1757030400000,ACB,CDBG FUNDS PURCHASE,5 STAR PROPERTIES,,M-6-H-3,ISAAC.MURRAY,1740684970000,CHRIS.WILLIAMS,1765403155000,5997.440751146588,339.89561772137665
20930,,0.16057581,11 06 13 1 014 018.000,1106131014018000,,,,,,,,,,,426 MILDRED ST,426,MILDRED ST,5085,741,1519948800000,,T4-O,2000.0,HOLDING,5 STAR PROPERTIES,VACANT LOT CREW,,,1757030400000,ACB,CDBG FUNDS PURCHASE,5 STAR PROPERTIES,,M-6-H-3,ISAAC.MURRAY,1740684970000,CHRIS.WILLIAMS,1765403155000,6994.682381256561,379.78809624315244
20931,,0.16057627,11 06 13 1 014 019.000,1106131014019000,,,,,,,,,,,420 MILDRED ST,420,MILDRED ST,5085,741,1519948800000,,T4-O,2000.0,HOLDING,5 STAR PROPERTIES,VACANT LOT CREW,,,1757030400000,ACB,CDBG FUNDS PURCHASE,5 STAR PROPERTIES,,M-6-H-3,ISAAC.MURRAY,1740684970000,CHRIS.WILLIAMS,1765403155000,6994.702190701317,379.78769376318394
20932,,0.5823705,11 06 13 2 009 040.000,1106132009040000,,,,,,,,,,,COBB ST,,COBB ST,5085,741,1519948800000,,T4-R,20000.0,HOLDING,5 STAR PROPERTIES,VACANT LOT CREW,,,1757030400000,ACB,CDBG FUNDS PURCHASE,5 STAR PROPERTIES,,M-6-H-3,ISAAC.MURRAY,1740684970000,CHRIS.WILLIAMS,1765403155000,25368.059070806416,895.0523809862393
20933,,0.16984932,11 06 13 2 010 001.000,1106132010001000,,,,,,,,,,,502 MOBILE ST,502,MOBILE ST,5085,741,1519948800000,,T4-R,2000.0,HOLDING,5 STAR PROPERTIES,VACANT LOT CREW,,,1757030400000,ACB,CDBG FUNDS PURCHASE,5 STAR PROPERTIES,,"M-6-H-2, M-6-H-3",ISAAC.MURRAY,1740684970000,CHRIS.WILLIAMS,1765403155000,7398.636433893715,376.3300384578775
20934,,0.15246796,11 06 13 2 010 002.000,1106132010002000,,,,,,,,,,,506 MOBILE ST,506,MOBILE ST,5085,741,1519948800000,,T4-R,2000.0,HOLDING,5 STAR PROPERTIES,VACANT LOT CREW,,,1757030400000,ACB,CDBG FUNDS PURCHASE,5 STAR PROPERTIES,,M-6-H-3,ISAAC.MURRAY,1740684970000,CHRIS.WILLIAMS,1765403155000,6641.504317930073,364.8497326909347
20935,,0.10092247,11 06 13 2 010 003.000,1106132010003000,,,,,,,,,,,417 CLAYTON PARK,417,CLAYTON PARK,5085,741,1519948800000,,T4-R,2000.0,HOLDING,5 STAR PROPERTIES,VACANT LOT CREW,,,1757030400000,ACB,CDBG FUNDS PURCHASE,5 STAR PROPERTIES,,M-6-H-2,ISAAC.MURRAY,1740684970000,CHRIS.WILLIAMS,1765403155000,4396.182989921988,295.1774621200293
20936,,0.09737465,11 06 13 2 010 004.000,1106132010004000,,,,,,,,,,,423 CLAYTON PARK,423,CLAYTON PARK,5085,741,1519948800000,,T4-R,2000.0,HOLDING,5 STAR PROPERTIES,VACANT LOT CREW,,,1757030400000,ACB,CDBG FUNDS PURCHASE,5 STAR PROPERTIES,,M-6-H-2,ISAAC.MURRAY,1740684970000,CHRIS.WILLIAMS,1765403155000,4241.639559216065,292.09173774114225
20937,,0.09633348,11 06 13 2 010 005.000,1106132010005000,,,,,,,,,,,427 CLAYTON PARK,427,CLAYTON PARK,5085,741,1519948800000,,T4-R,2000.0,HOLDING,5 STAR PROPERTIES,VACANT LOT CREW,,,1757030400000,ACB,CDBG FUNDS PURCHASE,5 STAR PROPERTIES,,M-6-H-2,ISAAC.MURRAY,1740684970000,CHRIS.WILLIAMS,1765403155000,4196.286415323577,291.14166342271125
20938,,0.39484774,11 06 13 2 010 018.000,1106132010018000,,,,,,,,,,,624 MILDRED ST,624,MILDRED ST,5085,741,1519948800000,,T4-R,12600.0,HOLDING,5 STAR PROPERTIES,VACANT LOT CREW,,,1757030400000,ACB,CDBG FUNDS PURCHASE,5 STAR PROPERTIES,,M-6-H-3,ISAAC.MURRAY,1740684970000,CHRIS.WILLIAMS,1765403155000,17199.56741509671,542.3802919608255
20939,,0.39035222,11 06 13 2 010 019.000,1106132010019000,,,,,,,,,,,620 MILDRED ST,620,MILDRED ST,5085,741,1519948800000,,T4-R,10100.0,HOLDING,5 STAR PROPERTIES,VACANT LOT CREW,,,1757030400000,ACB,CDBG FUNDS PURCHASE,5 STAR PROPERTIES,,M-6-H-3,ISAAC.MURRAY,1740684970000,CHRIS.WILLIAMS,1765403155000,17003.742589408605,540.0917682833202
20940,,0.08555322,11 06 13 2 010 020.000,1106132010020000,,,,,,,,,,,MILDRED ST,,MILDRED ST,5085,741,1519948800000,,T4-O,2000.0,HOLDING,5 STAR PROPERTIES,VACANT LOT CREW,,,1757030400000,ACB,CDBG FUNDS PURCHASE,5 STAR PROPERTIES,,M-6-H-3,ISAAC.MURRAY,1740684970000,CHRIS.WILLIAMS,1765403155000,3726.6983979685037,250.0601783377172
20941,,0.08657582,11 06 13 2 010 021.000,1106132010021000,,,,,,,,,,,544 MOBILE ST,544,MOBILE ST,5085,741,1519948800000,,T4-O,54300.0,HOLDING,5 STAR PROPERTIES,VACANT LOT CREW,,,1757030400000,ACB,CDBG FUNDS PURCHASE,5 STAR PROPERTIES,,M-6-H-3,ISAAC.MURRAY,1740684970000,CHRIS.WILLIAMS,1765403155000,3771.242674579425,259.8757523132787
20942,,0.20837486,11 06 13 2 010 022.000,1106132010022000,,,,,,,,,,,534 MOBILE ST,534,MOBILE ST,5085,741,1519948800000,,T4-O,6000.0,HOLDING,5 STAR PROPERTIES,VACANT LOT CREW,,,1757030400000,ACB,CDBG FUNDS PURCHASE,5 STAR PROPERTIES,,M-6-H-3,ISAAC.MURRAY,1740684970000,CHRIS.WILLIAMS,1765403155000,9076.808873340733,422.6370169116382
20943,,0.17559979,11 06 13 2 010 023.000,1106132010023000,,,,,,,,,,,528 MOBILE ST,528,MOBILE ST,5085,741,1519948800000,,T4-R,6000.0,HOLDING,5 STAR PROPERTIES,VACANT LOT CREW,,,1757030400000,ACB,CDBG FUNDS PURCHASE,5 STAR PROPERTIES,,M-6-H-3,ISAAC.MURRAY,1740684970000,CHRIS.WILLIAMS,1765403155000,7649.12675729401,405.96881681744804
20944,,1.03656779,11 06 13 2 010 024.000,1106132010024000,,,,,,,,,,,514 MOBILE ST,514,MOBILE ST,5085,741,1519948800000,,T4-R,15600.0,HOLDING,5 STAR PROPERTIES,VACANT LOT CREW,,,1757030400000,ACB,CDBG FUNDS PURCHASE,5 STAR PROPERTIES,,"M-6-H-2, M-6-H-3",ISAAC.MURRAY,1740684970000,CHRIS.WILLIAMS,1765403155000,45152.89297213064,968.8124358731475
20945,,0.06333192,11 06 13 2 011 001.000,1106132011001000,,,,,,,,,,,MILDRED ST,,MILDRED ST,5085,741,1519948800000,,T4-O,2000.0,HOLDING,5 STAR PROPERTIES,VACANT LOT CREW,,,1757030400000,ACB,CDBG FUNDS PURCHASE,5 STAR PROPERTIES,,M-6-H-3,ISAAC.MURRAY,1740684970000,CHRIS.WILLIAMS,1765403155000,2758.738422081564,285.8943427033597
20946,,0.14172709,11 06 13 2 011 002.000,1106132011002000,,,,,,,,,,,504 MILDRED ST,504,MILDRED ST,5085,741,1519948800000,,T4-O,2500.0,HOLDING,5 STAR PROPERTIES,VACANT LOT CREW,,,1757030400000,ACB,CDBG FUNDS PURCHASE,5 STAR PROPERTIES,,M-6-H-3,ISAAC.MURRAY,1740684970000,CHRIS.WILLIAMS,1765403155000,6173.632169263047,362.54234919682847
20947,,0.11678788,11 06 13 2 011 003.000,1106132011003000,,,,,,,,,,,533 MOBILE ST,533,MOBILE ST,5085,741,1519948800000,,T4-O,12700.0,HOLDING,5 STAR PROPERTIES,VACANT LOT CREW,,,1757030400000,ACB,CDBG FUNDS PURCHASE,5 STAR PROPERTIES,,M-6-H-3,ISAAC.MURRAY,1740684970000,CHRIS.WILLIAMS,1765403155000,5087.279876140382,318.5791396816199
20948,,0.26160617,11 06 13 2 012 002.000,1106132012002000,,,,,,,,,,,515 MILDRED ST,515,MILDRED ST,5085,741,1519948800000,,T4-O,8100.0,HOLDING,5 STAR PROPERTIES,VACANT LOT CREW,,,1757030400000,ACB,CDBG FUNDS PURCHASE,5 STAR PROPERTIES,,M-6-H-3,ISAAC.MURRAY,1740684970000,CHRIS.WILLIAMS,1765403155000,11395.564737998548,449.34840644325044
20949,,0.25640726,11 06 13 2 012 003.000,1106132012003000,,,,,,,,,,,609 MOBILE ST,609,MOBILE ST,5085,741,1519948800000,,T4-O,3000.0,HOLDING,5 STAR PROPERTIES,VACANT LOT CREW,,,1757030400000,ACB,CDBG FUNDS PURCHASE,5 STAR PROPERTIES,,M-6-H-3,ISAAC.MURRAY,1740684970000,CHRIS.WILLIAMS,1765403155000,11169.10015785396,498.8239206790958
20950,,0.2263161,11 06 13 2 012 004.000,1106132012004000,,,,,,,,,,,615 MOBILE ST,615,MOBILE ST,5085,741,1519948800000,,T4-O,13500.0,HOLDING,5 STAR PROPERTIES,VACANT LOT CREW,,,1757030400000,ACB,CDBG FUNDS PURCHASE,5 STAR PROPERTIES,,M-6-H-3,ISAAC.MURRAY,1740684970000,CHRIS.WILLIAMS,1765403155000,9858.32912215822,482.14214211214517
20951,,0.23820635,11 06 13 2 012 005.000,1106132012005000,,,,,,,,,,,621 MOBILE ST,621,MOBILE ST,5085,741,1519948800000,,T4-O,3000.0,HOLDING,5 STAR PROPERTIES,VACANT LOT CREW,,,1757030400000,ACB,CDBG FUNDS PURCHASE,5 STAR PROPERTIES,,M-6-H-3,ISAAC.MURRAY,1740684970000,CHRIS.WILLIAMS,1765403155000,10376.268618344864,510.6985400291007
20952,,0.19425141,11 06 13 2 012 006.000,1106132012006000,,,,,,,,,,,625 MOBILE ST,625,MOBILE ST,5085,741,1519948800000,,T4-O,3000.0,HOLDING,5 STAR PROPERTIES,VACANT LOT CREW,,,1757030400000,ACB,CDBG FUNDS PURCHASE,5 STAR PROPERTIES,,M-6-H-3,ISAAC.MURRAY,1740684970000,CHRIS.WILLIAMS,1765403155000,8461.591327693217,445.72766407929487
20953,,0.61783705,11 06 13 2 012 007.000,1106132012007000,,,,,,,,,,,653 MOBILE ST,653,MOBILE ST,5085,741,1519948800000,,T4-O,15000.0,HOLDING,5 STAR PROPERTIES,VACANT LOT CREW,,,1757030400000,ACB,CDBG FUNDS PURCHASE,5 STAR PROPERTIES,,M-6-H-3,ISAAC.MURRAY,1740684970000,CHRIS.WILLIAMS,1765403155000,26912.982050464692,823.3606519538532
20954,,0.06515586,11 06 13 2 012 008.000,1106132012008000,,,,,,,,,,,673 MOBILE ST,673,MOBILE ST,5085,741,1519948800000,,T4-O,2000.0,HOLDING,5 STAR PROPERTIES,VACANT LOT CREW,,,1757030400000,ACB,CDBG FUNDS PURCHASE,5 STAR PROPERTIES,,M-6-H-3,ISAAC.MURRAY,1740684970000,CHRIS.WILLIAMS,1765403155000,2838.189098023644,264.4448259681701
20955,,0.33839842,11 06 13 2 012 009.000,1106132012009000,,,,,,,,,,,MOBILE ST,,MOBILE ST,5085,741,1519948800000,,T4-O,10000.0,HOLDING,5 STAR PROPERTIES,VACANT LOT CREW,,,1757030400000,ACB,CDBG FUNDS PURCHASE,5 STAR PROPERTIES,,M-6-H-3,ISAAC.MURRAY,1740684970000,CHRIS.WILLIAMS,1765403155000,14740.634999181448,555.2201191187859
20956,,0.2162015,11 06 13 2 012 010.000,1106132012010000,,,,,,,,,,,GRADY ST,,GRADY ST,5085,741,1519948800000,,T4-O,3000.0,HOLDING,5 STAR PROPERTIES,VACANT LOT CREW,,,1757030400000,ACB,CDBG FUNDS PURCHASE,5 STAR PROPERTIES,,M-6-H-3,ISAAC.MURRAY,1740684970000,CHRIS.WILLIAMS,1765403155000,9417.73737612646,411.60947778037087
20957,,0.22536705,11 06 13 2 012 029.000,1106132012029000,,,,,,,,,,,526 ROSA L PARKS AVE,526,ROSA L PARKS AVE,5085,741,1519948800000,,T4-R,3000.0,HOLDING,5 STAR PROPERTIES,VACANT LOT CREW,,,1757030400000,ACB,CDBG FUNDS PURCHASE,5 STAR PROPERTIES,,M-6-H-3,ISAAC.MURRAY,1740684970000,CHRIS.WILLIAMS,1765403155000,9816.988757759253,463.35540063070334
20958,,0.06671119,11 06 13 2 012 030.000,1106132012030000,,,,,,,,,,,522 ROSA L PARKS AVE,522,ROSA L PARKS AVE,5085,741,1519948800000,,T4-O,8400.0,HOLDING,5 STAR PROPERTIES,VACANT LOT CREW,,,1757030400000,ACB,CDBG FUNDS PURCHASE,5 STAR PROPERTIES,,M-6-H-3,ISAAC.MURRAY,1740684970000,CHRIS.WILLIAMS,1765403155000,2905.939516234342,236.1275279327013
20959,,0.06649002,11 06 13 2 012 031.000,1106132012031000,,,,,,,,,,,516 ROSA L PARKS AVE,516,ROSA L PARKS AVE,5085,741,1519948800000,,T4-O,2000.0,HOLDING,5 STAR PROPERTIES,VACANT LOT CREW,,,1757030400000,ACB,CDBG FUNDS PURCHASE,5 STAR PROPERTIES,,M-6-H-3,ISAAC.MURRAY,1740684970000,CHRIS.WILLIAMS,1765403155000,2896.3052301574667,234.5955248518963
20960,,0.14079033,11 06 13 2 012 033.000,1106132012033000,,,,,,,,,,,VANDIVER ALLEY,,VANDIVER ALLEY,5085,741,1519948800000,,T4-R,2000.0,HOLDING,5 STAR PROPERTIES,VACANT LOT CREW,,,1757030400000,ACB,CDBG FUNDS PURCHASE,5 STAR PROPERTIES,,M-6-H-3,ISAAC.MURRAY,1740684970000,CHRIS.WILLIAMS,1765403155000,6132.826612565296,313.2879938733186
20961,,0.14606191,11 06 13 2 012 035.000,1106132012035000,,,,,,,,,,,VANDIVER ALLEY,,VANDIVER ALLEY,5085,741,1519948800000,,T4-R,2000.0,HOLDING,5 STAR PROPERTIES,VACANT LOT CREW,,,1757030400000,ACB,CDBG FUNDS PURCHASE,5 STAR PROPERTIES,,M-6-H-3,ISAAC.MURRAY,1740684970000,CHRIS.WILLIAMS,1765403155000,6362.456979518921,319.06695126533054
20962,,0.06732104,11 06 13 2 012 036.000,1106132012036000,,,,,,,,,,,VANDIVER ALLEY,,VANDIVER ALLEY,5085,741,1519948800000,,T4-O,2000.0,HOLDING,5 STAR PROPERTIES,VACANT LOT CREW,,,1757030400000,ACB,CDBG FUNDS PURCHASE,5 STAR PROPERTIES,,M-6-H-3,ISAAC.MURRAY,1740684970000,CHRIS.WILLIAMS,1765403155000,2932.5044853473532,234.40344354136536
20963,,0.08793721,11 06 13 2 012 037.000,1106132012037000,,,,,,,,,,,MOBILE ST,,MOBILE ST,5085,741,1519948800000,,T4-O,2000.0,HOLDING,5 STAR PROPERTIES,VACANT LOT CREW,,,1757030400000,ACB,CDBG FUNDS PURCHASE,5 STAR PROPERTIES,,M-6-H-3,ISAAC.MURRAY,1740684970000,CHRIS.WILLIAMS,1765403155000,3830.5446725828306,259.045564895117
20964,,0.07346499,11 06 13 2 012 038.000,1106132012038000,,,,,,,,,,,VANDIVER ALLEY,,VANDIVER ALLEY,5085,741,1519948800000,,T4-O,2000.0,HOLDING,5 STAR PROPERTIES,VACANT LOT CREW,,,1757030400000,ACB,CDBG FUNDS PURCHASE,5 STAR PROPERTIES,,M-6-H-3,ISAAC.MURRAY,1740684970000,CHRIS.WILLIAMS,1765403155000,3200.134957772838,240.00319895036566
20965,,0.07346005,11 06 13 2 012 039.000,1106132012039000,,,,,,,,,,,VANDIVER ALLEY,,VANDIVER ALLEY,5085,741,1519948800000,,T4-O,2000.0,HOLDING,5 STAR PROPERTIES,VACANT LOT CREW,,,1757030400000,ACB,CDBG FUNDS PURCHASE,5 STAR PROPERTIES,,M-6-H-3,ISAAC.MURRAY,1740684970000,CHRIS.WILLIAMS,1765403155000,3199.919770734463,239.99832681759023
20966,,0.07346185,11 06 13 2 012 040.000,1106132012040000,,,,,,,,,,,VANDIVER ALLEY,,VANDIVER ALLEY,5085,741,1519948800000,,T4-R,2000.0,HOLDING,5 STAR PROPERTIES,VACANT LOT CREW,,,1757030400000,ACB,CDBG FUNDS PURCHASE,5 STAR PROPERTIES,,M-6-H-3,ISAAC.MURRAY,1740684970000,CHRIS.WILLIAMS,1765403155000,3199.9980957375346,240.00028309429362
20967,,0.0726036,11 06 13 2 013 001.000,1106132013001000,,,,,,,,,,,COBB ST,,COBB ST,5085,741,1519948800000,,T4-O,2000.0,HOLDING,5 STAR PROPERTIES,VACANT LOT CREW,,,1757030400000,ACB,CDBG FUNDS PURCHASE,5 STAR PROPERTIES,,M-6-H-3,ISAAC.MURRAY,1740684970000,CHRIS.WILLIAMS,1765403155000,3162.6127486368505,225.99162111154956
20968,,0.15971112,11 06 13 2 013 002.000,1106132013002000,,,,,,,,,,,COBB ST,,COBB ST,5085,741,1519948800000,,T4-O,2000.0,HOLDING,5 STAR PROPERTIES,VACANT LOT CREW,,,1757030400000,ACB,CDBG FUNDS PURCHASE,5 STAR PROPERTIES,,M-6-H-3,ISAAC.MURRAY,1740684970000,CHRIS.WILLIAMS,1765403155000,6957.016346401281,363.4372456968599
20969,,0.117475,11 06 13 2 013 007.000,1106132013007000,,,,,,,,,,,647 COBB ST,647,COBB ST,5085,741,1519948800000,,T4-R,2000.0,HOLDING,5 STAR PROPERTIES,VACANT LOT CREW,,,1757030400000,ACB,CDBG FUNDS PURCHASE,5 STAR PROPERTIES,,M-6-H-3,ISAAC.MURRAY,1740684970000,CHRIS.WILLIAMS,1765403155000,5117.21079204232,430.1624080849584
20970,,0.11178246,11 06 13 2 013 040.000,1106132013040000,,,,,,,,,,,DAY & MOBILE ST,,DAY & MOBILE ST,5085,741,1519948800000,,T4-O,2000.0,HOLDING,5 STAR PROPERTIES,VACANT LOT CREW,,,1757030400000,ACB,CDBG FUNDS PURCHASE,5 STAR PROPERTIES,,M-6-H-3,ISAAC.MURRAY,1740684970000,CHRIS.WILLIAMS,1765403155000,4869.244132799547,291.69765097993024
20971,,0.28684836,11 06 13 2 013 041.000,1106132013041000,,,,,,,,,,,COBB ST,,COBB ST,5085,741,1519948800000,,T4-R,1900.0,HOLDING,5 STAR PROPERTIES,VACANT LOT CREW,,,1757030400000,ACB,CDBG FUNDS PURCHASE,5 STAR PROPERTIES,,M-6-H-3,ISAAC.MURRAY,1740684970000,CHRIS.WILLIAMS,1765403155000,12495.114571380593,516.9778218734409
20972,,0.07799669,11 06 13 2 020 012.000,1106132020012000,,,,,,,,,,,GRADY ST,,GRADY ST,5085,741,1519948800000,,T4-R,2000.0,HOLDING,5 STAR PROPERTIES,VACANT LOT CREW,,,1757030400000,ACB,CDBG FUNDS PURCHASE,5 STAR PROPERTIES,,M-6-H-3,ISAAC.MURRAY,1740684970000,CHRIS.WILLIAMS,1765403155000,3397.535979990837,286.50208267415087
20973,,0.1918242,11 06 13 2 020 015.000,1106132020015000,,,,,,,,,,,602 MOBILE ST,602,MOBILE ST,5085,741,1519948800000,,T4-O,3500.0,HOLDING,5 STAR PROPERTIES,VACANT LOT CREW,,,1757030400000,ACB,CDBG FUNDS PURCHASE,5 STAR PROPERTIES,,M-6-H-3,ISAAC.MURRAY,1740684970000,CHRIS.WILLIAMS,1765403155000,8355.8619797131,363.7620575792076
20974,,0.17976338,11 06 13 2 021 001.000,1106132021001000,,,,,,,,,,,602 ROSA L PARKS AVE,602,ROSA L PARKS AVE,5085,741,1519948800000,,T4-R,3000.0,HOLDING,5 STAR PROPERTIES,VACANT LOT CREW,,,1757030400000,ACB,CDBG FUNDS PURCHASE,5 STAR PROPERTIES,,M-6-H-3,ISAAC.MURRAY,1740684970000,CHRIS.WILLIAMS,1765403155000,7830.49288381624,386.030936905982
20975,,1.06950059,11 06 13 2 021 013.000,1106132021013000,,,,,,,,,,,595 GRADY ST,595,GRADY ST,5085,741,1519948800000,,T4-O,20000.0,HOLDING,5 STAR PROPERTIES,VACANT LOT CREW,,,1757030400000,ACB,CDBG FUNDS PURCHASE,5 STAR PROPERTIES,,M-6-H-3,ISAAC.MURRAY,1740684970000,CHRIS.WILLIAMS,1765403155000,46587.445683927464,865.325993000638
20976,,0.09955123,11 06 13 2 021 014.000,1106132021014000,,,,,,,,,,,605 GRADY ST,605,GRADY ST,5085,741,1519948800000,,T4-O,2000.0,HOLDING,5 STAR PROPERTIES,VACANT LOT CREW,,,1757030400000,ACB,CDBG FUNDS PURCHASE,5 STAR PROPERTIES,,M-6-H-3,ISAAC.MURRAY,1740684970000,CHRIS.WILLIAMS,1765403155000,4336.451443968653,290.5072116069751
20977,,0.0848808,11 06 13 2 021 015.000,1106132021015000,,,,,,,,,,,609 GRADY ST,609,GRADY ST,5085,741,1519948800000,,T4-O,2000.0,HOLDING,5 STAR PROPERTIES,VACANT LOT CREW,,,1757030400000,ACB,CDBG FUNDS PURCHASE,5 STAR PROPERTIES,,M-6-H-3,ISAAC.MURRAY,1740684970000,CHRIS.WILLIAMS,1765403155000,3697.40775381727,306.5074231161562
20978,,0.08740323,11 06 13 2 021 016.000,1106132021016000,,,,,,,,,,,613 GRADY ST,613,GRADY ST,5085,741,1519948800000,,T4-O,2000.0,HOLDING,5 STAR PROPERTIES,VACANT LOT CREW,,,1757030400000,ACB,CDBG FUNDS PURCHASE,5 STAR PROPERTIES,,M-6-H-3,ISAAC.MURRAY,1740684970000,CHRIS.WILLIAMS,1765403155000,3807.2847112156937,362.0669221945828
20979,,0.22583997,11 06 13 2 021 017.000,1106132021017000,,,,,,,,,,,S HOLT ST,,S HOLT ST,5085,741,1519948800000,,T4-O,3000.0,HOLDING,5 STAR PROPERTIES,VACANT LOT CREW,,,1757030400000,ACB,CDBG FUNDS PURCHASE,5 STAR PROPERTIES,,M-6-H-3,ISAAC.MURRAY,1740684970000,CHRIS.WILLIAMS,1765403155000,9837.58904370964,460.64301771116516
20980,,0.07279138,11 06 13 2 021 017.001,1106132021017001,,,,,,,,,,,645 S HOLT ST,645,S HOLT ST,5085,741,1519948800000,,T4-O,50700.0,HOLDING,5 STAR PROPERTIES,VACANT LOT CREW,,,1757030400000,ACB,CDBG FUNDS PURCHASE,5 STAR PROPERTIES,,M-6-H-3,ISAAC.MURRAY,1740684970000,CHRIS.WILLIAMS,1765403155000,3170.7924105761053,240.50757565493439
20981,,0.17080373,11 06 13 2 021 018.000,1106132021018000,,,,,,,,,,,651 S HOLT ST,651,S HOLT ST,5085,741,1519948800000,,T4-O,3000.0,HOLDING,5 STAR PROPERTIES,VACANT LOT CREW,,,1757030400000,ACB,CDBG FUNDS PURCHASE,5 STAR PROPERTIES,,M-6-H-3,ISAAC.MURRAY,1740684970000,CHRIS.WILLIAMS,1765403155000,7440.21066618432,380.417791334857
20982,,0.05165506,11 06 13 2 021 020.000,1106132021020000,,,,,,,,,,,616 STONE ST,616,STONE ST,5085,741,1519948800000,,T4-O,2000.0,HOLDING,5 STAR PROPERTIES,VACANT LOT CREW,,,1757030400000,ACB,CDBG FUNDS PURCHASE,5 STAR PROPERTIES,,M-6-H-3,ISAAC.MURRAY,1740684970000,CHRIS.WILLIAMS,1765403155000,2250.094522202996,190.00418133734792
20983,,0.04132127,11 06 13 2 021 021.000,1106132021021000,,,,,,,,,,,608 STONE ST,608,STONE ST,5085,741,1519948800000,,T4-O,2000.0,HOLDING,5 STAR PROPERTIES,VACANT LOT CREW,,,1757030400000,ACB,CDBG FUNDS PURCHASE,5 STAR PROPERTIES,,M-6-H-3,ISAAC.MURRAY,1740684970000,CHRIS.WILLIAMS,1765403155000,1799.954645165106,169.99801607631576
20984,,0.0912268,11 06 13 2 021 022.000,1106132021022000,,,,,,,,,,,GRADY ST,,GRADY ST,5085,741,1519948800000,,T4-O,2000.0,HOLDING,5 STAR PROPERTIES,VACANT LOT CREW,,,1757030400000,ACB,CDBG FUNDS PURCHASE,5 STAR PROPERTIES,,M-6-H-3,ISAAC.MURRAY,1740684970000,CHRIS.WILLIAMS,1765403155000,3973.839401256689,465.3794461409747
20985,,0.36731349,11 06 13 2 021 023.000,1106132021023000,,,,,,,,,,,STONE ST,,STONE ST,5085,741,1519948800000,,T4-O,10000.0,HOLDING,5 STAR PROPERTIES,VACANT LOT CREW,,,1757030400000,ACB,CDBG FUNDS PURCHASE,5 STAR PROPERTIES,,M-6-H-3,ISAAC.MURRAY,1740684970000,CHRIS.WILLIAMS,1765403155000,16000.175816230192,520.0021684125699
20986,,0.21484798,11 06 13 2 023 002.000,1106132023002000,,,,,,,,,,,S HOLT ST,,S HOLT ST,5085,741,1519948800000,,T4-R,6900.0,HOLDING,5 STAR PROPERTIES,VACANT LOT CREW,,,1757030400000,ACB,CDBG FUNDS PURCHASE,5 STAR PROPERTIES,,M-6-H-3,ISAAC.MURRAY,1740684970000,CHRIS.WILLIAMS,1765403155000,9358.778093632067,400.5513451344704
20987,,0.092498,11 06 13 2 023 004.000,1106132023004000,,,,,,,,,,,SUTTER ST,,SUTTER ST,5085,741,1519948800000,,T4-R,2900.0,HOLDING,5 STAR PROPERTIES,VACANT LOT CREW,,,1757030400000,ACB,CDBG FUNDS PURCHASE,5 STAR PROPERTIES,,M-6-H-3,ISAAC.MURRAY,1740684970000,CHRIS.WILLIAMS,1765403155000,4029.2127040845144,313.26745612697135
20988,,0.09814355,11 06 13 2 023 005.000,1106132023005000,,,,,,,,,,,642 S HOLT ST,642,S HOLT ST,5085,741,1519948800000,,T4-R,2000.0,HOLDING,5 STAR PROPERTIES,VACANT LOT CREW,,,1757030400000,ACB,CDBG FUNDS PURCHASE,5 STAR PROPERTIES,,M-6-H-3,ISAAC.MURRAY,1740684970000,CHRIS.WILLIAMS,1765403155000,4275.132828633907,357.00233410295493
20989,,0.28252365,11 06 13 2 023 008.000,1106132023008000,,,,,,,,,,,HOLT ST & I-65,,HOLT ST & I-65,5085,741,1519948800000,,T4-R,3000.0,HOLDING,5 STAR PROPERTIES,VACANT LOT CREW,,,1757030400000,ACB,CDBG FUNDS PURCHASE,5 STAR PROPERTIES,,M-6-H-3,ISAAC.MURRAY,1740684970000,CHRIS.WILLIAMS,1765403155000,12306.730060348285,639.1016784840381
20990,,3.00564195,10 02 10 2 003 020.000,1002102003020000,,,,,,,,,,,ATLANTA HWY,,ATLANTA HWY,,,,,,,USE,,MAINTENANCE,,,,,STORM DRAINAGE,,,M-6-E,ISAAC.MURRAY,1740684970000,CHRIS.WILLIAMS,1765403155000,130925.76347828087,2552.7596303730634
20991,,0.04262678,11 06 13 2 013 034.000,1106132013034000,,,,,,,,,,,DAY ST,,DAY ST,,,,,T4-R,2000.0,HOLDING,,VACANT LOT CREW,,,1757030400000,ACB,COMMUNITY DEVELOPMENT,,,M-6-H-3,ISAAC.MURRAY,1740684970000,CHRIS.WILLIAMS,1765403155000,1856.822566894313,198.5531482091183
20992,,0.05358367,11 06 13 2 013 036.000,1106132013036000,,,,,,,,,,,612 DAY ST,612,DAY ST,,,,,T4-R,2000.0,HOLDING,,VACANT LOT CREW,,,1757030400000,ACB,COMMUNITY DEVELOPMENT,,,M-6-H-3,ISAAC.MURRAY,1740684970000,CHRIS.WILLIAMS,1765403155000,2334.104554606206,209.55008398127376
20993,,0.05372461,11 06 13 2 013 035.000,1106132013035000,,,,,,,,,,,616 DAY ST,616,DAY ST,,,,,T4-R,2000.0,HOLDING,,VACANT LOT CREW,,,1757030400000,ACB,COMMUNITY DEVELOPMENT,,,M-6-H-3,ISAAC.MURRAY,1740684970000,CHRIS.WILLIAMS,1765403155000,2340.243871452548,210.26924190590447
20994,,0.07786327,11 06 13 2 013 034.001,1106132013034001,,,,,,,,,,,622 DAY ST,622,DAY ST,,,,,T4-R,2000.0,HOLDING,,VACANT LOT CREW,,,1757030400000,ACB,COMMUNITY DEVELOPMENT,,,M-6-H-3,ISAAC.MURRAY,1740684970000,CHRIS.WILLIAMS,1765403155000,3391.723947788536,239.4701078253311
20995,,0.12629801,11 06 13 2 010 015.000,1106132010015000,,,,,,,,,,,646 MILDRED ST,646,MILDRED ST,,,,,T4-R,2000.0,HOLDING,,VACANT LOT CREW,,,1757030400000,ACB,COMMUNITY DEVELOPMENT,,,M-6-H-2; M-6-H-3,ISAAC.MURRAY,1740684970000,CHRIS.WILLIAMS,1765403155000,5501.541254131594,320.06907354967046
20996,,0.03673298,11 06 13 2 012 016.000,1106132012016000,,,,,,,,,,,542 GRADY ST,542,GRADY ST,,,,,T4-R,2000.0,HOLDING,,VACANT LOT CREW,,,1757030400000,ACB,COMMUNITY DEVELOPMENT,,,M-6-H-3,ISAAC.MURRAY,1740684970000,CHRIS.WILLIAMS,1765403155000,1600.088627410094,200.00170801969864
20997,,0.07381154,11 06 13 2 021 011.000,1106132021011000,,,,,,,,,,,583 GRADY ST,583,GRADY ST,,,,,T4-R,2000.0,HOLDING,,VACANT LOT CREW,,,1757030400000,ACB,COMMUNITY DEVELOPMENT,,,M-6-H-3,ISAAC.MURRAY,1740684970000,CHRIS.WILLIAMS,1765403155000,3215.2307792894676,262.448115300414
20998,,0.03672912,11 06 13 2 012 017.000,1106132012017000,,,,,,,,,,,538 GRADY ST,538,GRADY ST,,,,,T4-R,2000.0,HOLDING,,VACANT LOT CREW,,,1757030400000,ACB,COMMUNITY DEVELOPMENT,,,M-6-H-3,ISAAC.MURRAY,1740684970000,CHRIS.WILLIAMS,1765403155000,1599.9203117936008,199.99675779230188
20999,,0.07225165,11 06 13 2 012 034.000,1106132012034000,,,,,,,,,,,530 VANDIVER ALLEY,530,VANDIVER ALLEY,,,,,T4-R,2000.0,HOLDING,,VACANT LOT CREW,,,1757030400000,ACB,COMMUNITY DEVELOPMENT,,,M-6-H-3,ISAAC.MURRAY,1740684970000,CHRIS.WILLIAMS,1765403155000,3147.2819886005154,237.36775844462898
21000,,2.32301141,09 05 15 1 004 002.000,0905151004002000,,,,,,,,,,,50 GIBBONS DR,50,GIBBONS DR,,,,,,,USE,,MAINTENANCE,,,,,Future Fire Station,,,M-7-J,ISAAC.MURRAY,1740684970000,CHRIS.WILLIAMS,1765403155000,101182.70943740898,1560.6778712927357
21001,,14.75066088,11 01 01 2 000 004.001,1101012000004001,THE SOLID WASTE DISPOSAL AUTHORITY OF THE CITY OF MONTGOMERY,,103,N PERRY ST,,MONTGOMERY,AL,36104,,ATTN: CHAIRMAN,1551 LOUISVILLE ST,1551,LOUISVILLE ST,5052,858,1514419200000,,,,USE,,REPOWER SOUTH,,,,,REPOWER SOUTH,,,M-6-B,ISAAC.MURRAY,1740684970000,CHRIS.WILLIAMS,1765403155000,642538.7880642198,4882.005166204579
21002,,40.12405254,11 01 01 2 000 004.000,1101012000004000,THE SOLID WASTE DISPOSAL AUTHORITY OF THE CITY OF MONTGOMERY,,103,N PERRY ST,,MONTGOMERY,AL,36104,,ATTN:  CHAIRMAN,1601 LOUISVILLE ST,1601,LOUISVILLE ST,5052,858,1514419200000,,,,DUE DILIGENCE,,REPOWER SOUTH,,,,,,,,M-6-B,ISAAC.MURRAY,1740684970000,CHRIS.WILLIAMS,1765403155000,1747803.7284996011,7214.173717027239
21003,,0.19631013,11 06 23 1 030 002.001,1106231030002001,,,,,,,,,,,2000 FAIRVIEW AVE,2000,FAIRVIEW AVE,,,,,,,USE,,PARKS & REC,,,,,VOTING RIGHTS TRAIL MEMORIAL,,,,ISAAC.MURRAY,1740684970000,CHRIS.WILLIAMS,1765403155000,8551.26943224637,370.05480888327656
21005,,4.68674444,15 01 02 1 004 021.000,1501021004021000,,,,,,,,,,,TROY HWY,,TROY HWY,5109,269,1527033600000,,,,USE,,PARKS & REC,,,,,Regency Park Community Center,,,,ISAAC.MURRAY,1740684970000,CHRIS.WILLIAMS,1765403155000,204154.5876185011,2301.6989530863325
21006,,12.64063756,15 01 02 4 001 002.001,1501024001002001,,,,,,,,,,,5995 CHRISTY LN,5995,CHRISTY LN,5109,269,1527033600000,,,,USE,,PARKS & REC,,,,,REGENCY PARK COMMUNITY CENTER,,,,ISAAC.MURRAY,1740684970000,CHRIS.WILLIAMS,1765403155000,550626.1719854376,2980.309099207113
21007,,0.68200519,10 02 04 4 009 001.000,1002044009001000,,,,,,,,,,,3310 BILTMORE AVE,3310,BILTMORE AVE,,,,,,,USE,,FIRE,,,,,FIRE DEPARTMENT USE,,,M-6-E,ISAAC.MURRAY,1740684970000,CHRIS.WILLIAMS,1765403155000,29708.14624159214,686.3049845952086
21008,,4.37625492,10 02 04 2 001 003.004,1002042001003004,,,,,,,,,,,1099 TWISTER CT,1099,TWISTER CT,5215,851,1553731200000,,,,USE,,PARKS & REC,,,,,Detention Pond and Walking Track,,,M-6-E,ISAAC.MURRAY,1740684970000,CHRIS.WILLIAMS,1765403155000,190629.66433785314,2044.3908355790043
21009,433240.0,3.02535613,11 01 12 4 002 002.000,1101124002002000,CITY OF MONTGOMERY, ,425,MOLTON ST, ,MONTGOMERY,AL,36104,0000, ,495 MOLTON ST,495,MOLTON ST,1487,956,772934400000,CLISBY PARK,T5,4113700.0,USE,MAXWELL BLVD AREA,PARKS & REC,0, ,1756944000000,ACB,INTERMODAL FACILITY,MAXWELL BLVD AREA,,M-6-H-2,ISAAC.MURRAY,1740684970000,CHRIS.WILLIAMS,1765403155000,131787.00306066632,3817.3100129144036
21010,,0.07472826,15 01 02 1 004 045.000,1501021004045000,,,,,,,,,,,5929 PROVOST AVE,5929,PROVOST AVE,,,,,,,HOLDING,REGENCY PARK,VACANT LOT CREW,,,,,,REGENCY PARK,,M-6-DD,ISAAC.MURRAY,1740684970000,CHRIS.WILLIAMS,1765403155000,3255.1629365222157,272.00483955366195
21011,,3.66556011,10 09 30 1 006 001.001,1009301006001001,,,,,,,,,,,604 AUGUSTA AVE,604,AUGUSTA AVE,5080,788,1521763200000,,,73200.0,USE,,PARKS & REC,,,,,THERAPEUTIC RECREATION CENTER,,,,ISAAC.MURRAY,1740684970000,CHRIS.WILLIAMS,1765403155000,159671.79843302304,2642.814547059405
21012,65801.0,0.28739718,11 05 16 4 007 005.002,1105164007005002,CITY OF MONTGOMERY, ,103,N PERRY ST, ,MONTGOMERY,AL,36101,1111, ,WELL RD, ,WELL RD,238,505,-848016000000,BRICKDALE/MGM IND TERM,M-3,3000.0,USE,,MAINTENANCE,0, ,,,RIGHT-OF-WAY,,"1400 feet W of Maxwell Av, N side of Well Rd",M-5-R,ISAAC.MURRAY,1740684970000,CHRIS.WILLIAMS,1765403155000,12519.021123534407,911.9898937220149
21013,,0.12320118,11 06 13 2 020 001.000,1106132020001000,,,,,,,,,,,605 DAY ST,605,DAY ST,,,,,T4-O,4400.0,HOLDING,,VACANT LOT CREW,,,1757030400000,ACB,SELMA TO MONTGOMERY TRAIL REVITALIZATION,,SW CORNER OF MOBILE ST AND DAY ST,M-6-H-3,ISAAC.MURRAY,1740684970000,CHRIS.WILLIAMS,1765403155000,5366.643268822201,341.22390726781856
21014,,0.97389005,11 01 12 1 000 019.004,1101121000019004,,,,,,,,,,,540 LAFAYETTE ST,540,LAFAYETTE ST,5746,6,1639440000000,,"T5, T2",6500.0,USE,,PARKS & REC,,,1756944000000,ACB,RIVERWALK TRAIL EXTENSION,,,M-6-B; M-6-C-4,ISAAC.MURRAY,1740684970000,CHRIS.WILLIAMS,1765403155000,42472.18280040199,1551.2008754348103
21015,,0.09527059,11 06 13 2 023 007.000,1106132023002000,,,,,,,,,,,642 S HOLT ST,642,S HOLT ST,5085,741,1519948800000,,T4-R,2000.0,HOLDING,5 STAR PROPERTIES,VACANT LOT CREW,,,1757030400000,ACB,CDBG FUNDS PURCHASE,5 STAR PROPERTIES,,M-6-H-3,ISAAC.MURRAY,1740684970000,CHRIS.WILLIAMS,1765403155000,4149.986742412691,414.00199174286274
21016,,0.09788955,10 02 04 2 001 003.003,1002042001003003,,,,,,,,,,,1646 FEDERAL DR,1646,FEDERAL DR,5257,685,1560470400000,,,,USE,,PARKS & REC,,,,,Retention Pond and Walking Track,,,M-6-E,ISAAC.MURRAY,1740684970000,CHRIS.WILLIAMS,1765403155000,4264.06871594794,267.5430813176875
21017,,3.45177055,10 07 36 4 000 002.000,1007364000002000,,,,,,,,,,,BELL RD,,BELL RD,5445,517,1599609600000,,,138000.0,USE,,Parks & Recreation,,,1663891200000,ABenefield - adding parcel to database,Playground,,,,ISAAC.MURRAY,1740684970000,CHRIS.WILLIAMS,1765403155000,150359.12508167783,1521.1792898477195
21018,,0.10839203,15 01 02 1 004 040.000,1501021004040000,,,,,,,,,,,5909 PROVOST AVE,5909,PROVOST AVE,,,,,,,HOLDING,,GENERAL SERVICES,,,,,,,,,ISAAC.MURRAY,1740684970000,CHRIS.WILLIAMS,1765403155000,4721.556642300118,298.7448601595167
21019,,9.17415902,10 08 34 2 002 027.001,1008342002027001,,,,,,,,,,,2705 E SOUTH BLVD,2705,E SOUTH BLVD,5909,753,1661904000000,,,1189900.0,HOLDING,,MAINTENANCE,,,,,STATE TAX SALE PURCHASE $100,,,,ISAAC.MURRAY,1740684970000,CHRIS.WILLIAMS,1765403155000,399626.36700426624,2761.653540481912
21020,,23.56188237,10 01 02 1 000 002.003,1001021000002003,,,,,,,,,,,2720 LAGOON PARK DR,2720,LAGOON PARK DR,6063,418,,,,,LEASED,,PARKS & REC,,,,,"$539,125; 12/6/2023",,"S side of Lagoon Park Dr, W of Pecan Grove Sub",M-6-F,ISAAC.MURRAY,1740684970000,CHRIS.WILLIAMS,1765403155000,1026355.5959886864,4241.059503594123
21021,,0.11939681,10 04 20 2 023 011.001 ,1004202023011001,CITY OF MONTGOMERY,,103,N PERRY ST,,MONTGOMERY,AL,36104,,,AGNEW ST,0,AGNEW ST,5210,262,1552521600000,,,56400.0,USE,,FIRE,,,1710892800000,ACB- adding parcel data,Fire Department #7 adjacent,,,M-6-P,ISAAC.MURRAY,1740684970000,CHRIS.WILLIAMS,1765403155000,5200.924930252597,340.05943679940776
21022,,5.16568772,11 06 23 1 030 002.000,1106231030002000,CITY OF MONTGOMERY,,,,,,,,,,2018 W FAIRVIEW AVE,2018,W FAIRVIEW AVE,6096,221,1708992000000,,,5697000.0,USE,,PARKS & REC,,,1735603200000,ACB - Add St Jude Apts Property,,,,,ISAAC.MURRAY,1740684970000,CHRIS.WILLIAMS,1765403155000,225017.35718409205,1969.3218275889858
21023,38457.0,0.17272265,10 03 07 4 010 001.000,1003074010001000,CITY OF MONTGOMERY,,,,PO BOX 1111,MONTGOMERY,AL,36101,,KIM FEHL,924 MADISON AVE,924,MADISON AVE,4370,682,1355184000000,COMM 4-DOWNTOWN,T5,1197300.0,HOLDING,DOWNTOWN PLAN,PARKS & REC,,,,,RETAINING FOR FUTURE USE,DOWNTOWN PLAN,,M-6-I-2,ISAAC.MURRAY,1740684970000,CHRIS.WILLIAMS,1765403155000,7523.798597942149,350.4224959511905
21024,,0.07013972,10 03 07 3 302 057.001,1003073302057001,CITY OF MONTGOMERY,,103,N PERRY ST,,MONTGOMERY,AL,,,,64 MONROE ST,64,MONROE ST,6179,6179,1724716800000,Downtown,T5,120600.0,HOLDING,,,,,1756980028000,ACB,,,,,ISAAC.MURRAY,1740684970000,CHRIS.WILLIAMS,1765403155000,3055.2863703924672,294.767476102882
21026,,0.18030223,10 03 07 3 302 025.000,1003073302025000,CITY OF MONTGOMERY,,,,PO BOX 1111,MONTGOMERY,AL,36101,1111,,35 MONROE ST,35,MONROE ST,5699,636,1634860800000,,T5,145200.0,USE,,PARKS & REC,,,1756944000000,ACB,PARKING DECK ACCESS,,,,ABENEFIELD,1756999591000,CHRIS.WILLIAMS,1765403155000,7853.9652487394715,414.1965752563476
21027,,0.18103305,10 03 07 3 302 026.000,1003073302026000,CITY OF MONTGOMERY,,,,PO BOX 1111,MONTGOMERY,AL,36101,1111,,MONROE ST,,MONROE ST,5699,636,1634860800000,,T5,150500.0,USE,,PARKS & REC,,,1756944000000,ACB,PARKING DECK ACCESS,,,,ABENEFIELD,1757000019000,CHRIS.WILLIAMS,1765403155000,7885.79953392494,415.4743215834278
21030,,0.82749907,10 03 05 1 004 042.000,1003051004042000,CITY OF MONTGOMERY,,103,N PERRY ST,,MONTGOMERY,AL,36104,,,WILLENA AVE,,WILLENA AVE,523,310,-236390400000,,,7500.0,USE,,PARKS & REC,,,1758067200000,ACB,HIGHLAND GARDENS COMMUNITY CENTER ,,,,ABENEFIELD,1758125003000,CHRIS.WILLIAMS,1765403155000,36045.859594853624,1349.5652778939277
21031,,9.14899373,11 01 12 4 002 002.001,1101124002002001,MONTGOMERY CITY OF,,,,,,,,,,280 MAXWELL BLVD,280,MAXWELL BLVD,6405,121,1765929600000,,,,HOLDING,,PARKS & REC,,,1767657600000,ACB,PURCHASE PRICE $5.5 MILLION,,,M-6-H-2,ABENEFIELD,1767721736000,ABENEFIELD,1767722139000,398505.8777315652,2732.3736190535788
21032,,4.82193305,04 07 25 2 010 015.000,0407252010015000,Montgomery City of,,,,,,,,,,861 OLD WETUMPKA HWY,861,OLD WETUMPKA HWY,6259,337,1738627200000,,,716600.0,USE,,PARKS & REC,0,,,,MADISON PARK COMMUNITY CENTER,,,,ABENEFIELD,1767726396000,ABENEFIELD,1767726593000,210076.8909476329,2159.7708719488624
