X,Y,OffenceNum,CaseDate,CaseType,CaseStatus,LienStatus,ParcelNo,CouncilDistrict,City,STATE,Zip,ComplaintRem,OBJECTID,ParcelNo_X,ParcelNo_Y,Address1,Year,Month,GlobalID,created_user,created_date,last_edited_user,last_edited_date
505932.015427087,671822.866396509,C00127179,2021/10/27,NUISANCE,DEBUG_TEST,Lien Filed,11 06 24 3 015 032.000,DISTRICT 4,,AL,,,1,3.25888889,11.10666667,,2021,10,{972D2E4C-47DF-417A-918E-98DB05A64BFD},,,HNAM,2025/08/06 13:55:53+00
536187.363380838,671209.182912596,C00128799,2022/01/25,NUISANCE,CLOSED,NA,10 07 25 2 001 003.000,DISTRICT 5,,AL,,"ALL BEHIND THESE ADDRESS 2729,2741,2759,2769 ALL NEEDS TO BE CLEANED UP AND KELP CLEAN.",2,2.0175,10.12361111,,2022,1,{A4934B77-2B8E-447F-9B69-95007881DF8E},,,HNAM,2025/03/19 20:12:07+00
507135.202981338,677266.52611284,C00129508,2022/02/24,DEMOLITION,CLOSED,NA,11 06 13 4 014 022.000,DISTRICT 7,,AL,,,3,4.23944444,11.10361111,,2022,2,{9E3EF800-00F1-4F9B-88BC-1E456D0DFDA7},,,HNAM,2025/03/19 20:12:07+00
508792.013644088,673687.791800506,C00130353,2022/03/22,NUISANCE,CLOSED,NA,11 06 24 4 001 006.000,DISTRICT 4,,AL,,,4,4.01833333,11.10666667,,2022,3,{B68721EA-FE1F-4BC7-8EB3-0504A7BF6BCE},,,HNAM,2025/03/19 20:12:07+00
508793.397171505,673612.800480679,C00130354,2022/03/22,NUISANCE,CLOSED,NA,11 06 24 4 001 007.000,DISTRICT 4,,AL,,,5,4.01861111,11.10666667,,2022,3,{9490693B-FF07-4424-9A89-7C4E29578674},,,HNAM,2025/03/19 20:12:07+00
508793.397171505,673612.800480679,C00130356,2022/03/22,NUISANCE,CLOSED,NA,11 06 24 4 001 007.000,DISTRICT 4,,AL,,,6,4.01861111,11.10666667,,2022,3,{EDC3A3DF-314A-46AC-AAAC-FDE87AC6FA8B},,,HNAM,2025/03/19 20:12:07+00
508792.013644088,673687.791800506,C00130902,2022/04/01,NUISANCE,CLOSED,Lien Released,11 06 24 4 001 006.000,DISTRICT 4,,AL,,,7,4.01833333,11.10666667,,2022,4,{F035E5A6-88F8-417D-B40E-DF07512E0E8D},,,HNAM,2025/03/19 20:12:07+00
518029.909866419,688040.138751924,C00131244,2022/04/08,NUISANCE,CLOSED,NA,10 03 05 4 013 020.000,DISTRICT 3,,AL,,,8,4.22222222,10.05138889,,2022,4,{315B91C0-7C14-4C98-8804-354AC76A5950},,,HNAM,2025/03/19 20:12:07+00
518029.909866419,688040.138751924,C00115825,2021/04/07,NUISANCE,CLOSED,NA,10 03 05 4 013 020.000,DISTRICT 3,,AL,,,9,4.22222222,10.05138889,,2021,4,{FC45C14D-0BC0-4925-BE17-71D76521E9A2},,,HNAM,2025/03/19 20:12:07+00
505932.015427087,671822.866396509,C00116638,2021/04/16,NUISANCE,OPEN,Lien Filed,11 06 24 3 015 032.000,DISTRICT 4,,AL,,,10,3.25888889,11.10666667,,2021,4,{0D10D5B4-ECA0-426D-AE89-29C40A445BF6},,,HNAM,2025/03/19 20:12:07+00
503458.261188254,681344.159033678,C00118991,2021/05/21,NUISANCE,CLOSED,NA,11 06 14 1 005 002.001,DISTRICT 4,,AL,,,11,1.08388917,11.10388889,,2021,5,{69BFC106-4A11-4C30-9CAE-886E9DD1A4FC},,,HNAM,2025/03/19 20:12:07+00
503492.95567267,681344.843087427,C00118992,2021/05/21,NUISANCE,CLOSED,NA,11 06 14 1 005 002.002,DISTRICT 4,,AL,,,12,1.08388944,11.10388889,,2021,5,{6FCE2D52-33AD-4A25-B72D-66EB486A26A5},,,HNAM,2025/03/19 20:12:07+00
503527.150486171,681345.51697059,C00118993,2021/05/21,NUISANCE,CLOSED,NA,11 06 14 1 005 002.003,DISTRICT 4,,AL,,,13,1.08388972,11.10388889,,2021,5,{54541350-00D1-4D08-8049-812717CD71CF},,,HNAM,2025/03/19 20:12:07+00
503562.55199017,681345.818479173,C00118994,2021/05/21,NUISANCE,CLOSED,NA,11 06 14 1 005 002.004,DISTRICT 4,,AL,,,14,1.08389,11.10388889,,2021,5,{B4EF4524-7AF2-403F-B093-33A3FE1AE8AF},,,HNAM,2025/03/19 20:12:07+00
503610.838639002,681347.166245513,C00118995,2021/05/21,NUISANCE,CLOSED,NA,11 06 14 1 005 002.005,DISTRICT 4,,AL,,,15,1.08389028,11.10388889,,2021,5,{69F41C08-24B3-4108-B2B5-F1E8448C9EBA},,,HNAM,2025/03/19 20:12:07+00
503610.838639002,681347.166245513,C00118996,2021/05/21,NUISANCE,CLOSED,NA,11 06 14 1 005 002.005,DISTRICT 4,,AL,,,16,1.08389028,11.10388889,,2021,5,{4F17D58C-DA09-4EC1-A02D-AB0625E2F2F0},,,HNAM,2025/03/19 20:12:07+00
539452.10324242,661257.522041678,C00119536,2021/06/02,NUISANCE,CLOSED,NA,10 07 36 4 000 002.081,NO DISTRICT,,AL,,,17,4.00057806,10.12666667,,2021,6,{24E266B1-F2A4-440F-A222-D389A197770B},,,HNAM,2025/03/19 20:12:07+00
535729.86265542,654761.497304089,C00119730,2021/06/03,NUISANCE,CLOSED,NA,15 01 11 1 000 028.000,DISTRICT 6,,AL,,,18,1.00777778,15.01972222,,2021,6,{221F86B1-BE04-44B8-B79D-6BA3A33E501E},,,HNAM,2025/03/19 20:12:07+00
510401.104586005,665084.711893842,C00121294,2021/07/01,NUISANCE,OPEN,Lien Filed,10 09 31 2 003 044.001,DISTRICT 7,,AL,,,19,2.0622225,10.15861111,,2021,7,{6A171FBC-765E-423D-B81D-305DA6276D78},,,HNAM,2025/03/19 20:12:07+00
541247.517302502,700570.024781339,C00121812,2021/07/12,NUISANCE,CLOSED,NA,04 07 25 4 001 001.002,DISTRICT 2,,AL,,,20,4.016945,4.12361111,,2021,7,{21362CFD-45DC-4FD3-95ED-E93C2E382A0A},,,HNAM,2025/03/19 20:12:07+00
542100.272486754,702383.659277424,C00121822,2021/07/12,NUISANCE,CLOSED,NA,05 09 30 2 000 011.001,NO DISTRICT,,AL,,THE GRASS HAS TO BE CUT ALL THE WAY TO FULLER RD. AND THAT INCLUDES THE RIGHT OF WAY.,21,2.00305583,5.15833333,,2021,7,{1EB61860-28A2-4E5F-9B12-0ED33F7B3867},,,HNAM,2025/03/19 20:12:07+00
,,C00124175,2021/08/16,NUISANCE,CLOSED,NA,,,,,,,22,,,,2021,8,{6DC113A6-B84F-4825-A09C-76D3CC409A20},,,HNAM,2025/03/19 20:12:07+00
513097.606738921,690188.578024596,C00136301,2022/06/21,NUISANCE,OPEN,NA,10 03 06 1 007 007.000,DISTRICT 3,,AL,,,23,1.11861111,10.05166667,,2022,6,{D45AB8A3-13C9-4650-AC03-60DB0E3C2612},,,HNAM,2025/03/19 20:12:07+00
564819.169634171,671926.416058175,C00132624,2022/04/27,NUISANCE,CLOSED,NA,09 06 23 3 004 021.000,NO DISTRICT,,AL,,"ALL THE GRASS, TRASH, DEBRIS, TREE LIMBS NEEDS TO BE TAKEN CARE OF.",24,3.0725,9.10638889,,2022,4,{F06B8136-BDAD-4D7B-B987-A702D8BEBD02},,,HNAM,2025/03/19 20:12:07+00
,,C00127786,2021/12/01,NUISANCE,CLOSED,NA,,,,,,,25,,,,2021,12,{C2495923-60CD-456B-B9AA-A5A4277FA390},,,,
518029.909866419,688040.138751924,C00137153,2022/07/07,NUISANCE,CLOSED,NA,10 03 05 4 013 020.000,DISTRICT 3,,AL,,,26,4.22222222,10.05138889,,2022,7,{83D8753B-BD75-48B3-9A5D-D9E0A34A8C3F},,,HNAM,2025/03/19 20:12:07+00
,,C00127785,2021/12/01,NUISANCE,CLOSED,NA,,,,,,,27,,,,2021,12,{6B237869-E6D9-474B-9B19-09B4058D7370},,,HNAM,2025/03/19 20:12:07+00
505932.015427087,671822.866396509,C00138579,2022/07/28,NUISANCE,OPEN,Lien Filed,11 06 24 3 015 032.000,DISTRICT 4,,AL,,,28,3.25888889,11.10666667,,2022,7,{6EB8994B-3988-42FB-AE97-48DACBE74643},,,HNAM,2025/03/19 20:12:07+00
513097.606738921,690188.578024596,C00138678,2022/07/29,NUISANCE,OPEN,Lien Filed,10 03 06 1 007 007.000,DISTRICT 3,,AL,,,29,1.11861111,10.05166667,,2022,7,{288D3CFB-0C63-4A3A-A275-4B0DA99F2EE7},,,HNAM,2025/03/19 20:12:07+00
536120.407149922,674582.827412009,C00137240,2022/07/11,NUISANCE,CLOSED,Lien Released,10 06 24 2 002 001.012,DISTRICT 5,,AL,,KEEP IT CUT EVERY 3 OR 4 WEEKS,30,2.03361444,10.10666667,,2022,7,{2AB0E6AE-404B-4F27-B1AB-734424BEF9A3},,,HNAM,2025/03/19 20:12:07+00
480026.829704754,690997.144977011,C00140201,2022/08/23,NUISANCE,OPEN,NA,11 03 06 2 006 001.013,DISTRICT 4,,AL,,,31,2.10028139,11.05166667,,2022,8,{E7F3071C-6B54-460E-92A5-7C1FA9E5879B},,,HNAM,2025/03/19 20:12:07+00
544384.551710837,691236.79279168,C00136508,2022/06/24,NUISANCE,CLOSED,NA,09 03 06 1 001 001.010,DISTRICT 2,,AL,,,32,1.01694722,9.05166667,,2022,6,{5858FC11-AB96-46E9-836C-36058E81289C},,,HNAM,2025/03/19 20:12:07+00
544384.551710837,691236.79279168,C00139560,2022/08/12,NUISANCE,CLOSED,NA,09 03 06 1 001 001.010,DISTRICT 2,,AL,,THERE IS A TREE DOWN BEHIND 1313 DUNBARTON RD. THAT HAS TO BE CUT UP AND REMOVED.,33,1.01694722,9.05166667,,2022,8,{85B5F6D7-4C17-4198-891B-41ABDB8C6649},,,HNAM,2025/03/19 20:12:07+00
523296.880959753,685218.796625592,C00140093,2022/08/22,NUISANCE,CLOSED,NA,10 02 09 1 011 039.000,DISTRICT 1,,AL,,,34,1.19416667,10.03583333,,2022,8,{B4105524-8243-49C8-B652-FC06E4D387F7},,,HNAM,2025/03/19 20:12:07+00
523414.480790172,685026.769778676,C00140425,2022/08/29,NUISANCE,OPEN,NA,10 02 09 1 011 050.000,DISTRICT 1,,AL,,,35,1.19722222,10.03583333,,2022,8,{8D14CD8A-E4E8-40DA-90B8-4C96D8F52A72},,,HNAM,2025/03/19 20:12:07+00
523351.990101505,685008.873160928,C00140424,2022/08/29,NUISANCE,CLOSED,Lien Released,10 02 09 1 011 049.000,DISTRICT 1,,AL,,,36,1.19694444,10.03583333,,2022,8,{DF36421F-D4D7-4250-A8B1-68CCAB689547},,,HNAM,2025/03/19 20:12:07+00
523474.563019086,685043.972172089,C00140426,2022/08/29,NUISANCE,CLOSED,NA,10 02 09 1 011 051.000,DISTRICT 1,,AL,,,37,1.1975,10.03583333,,2022,8,{ED348064-AC80-4771-824A-B6914ED48674},,,HNAM,2025/03/19 20:12:07+00
523296.880959753,685218.796625592,C00140427,2022/08/29,NUISANCE,CLOSED,NA,10 02 09 1 011 039.000,DISTRICT 1,,AL,,,38,1.19416667,10.03583333,,2022,8,{0B7428DF-5F1B-4E9C-A931-CAB988135ED2},,,HNAM,2025/03/19 20:12:07+00
564819.169634171,671926.416058175,C00140621,2022/08/31,NUISANCE,OPEN,NA,09 06 23 3 004 021.000,NO DISTRICT,,AL,,,39,3.0725,9.10638889,,2022,8,{E7705267-25ED-4219-838E-C28F23380E03},,,HNAM,2025/03/19 20:12:07+00
564819.169634171,671926.416058175,C00141244,2022/09/12,NUISANCE,CLOSED,NA,09 06 23 3 004 021.000,NO DISTRICT,,AL,,,40,3.0725,9.10638889,,2022,9,{540836AE-0259-4410-A40C-081D6F58078C},,,HNAM,2025/03/19 20:12:07+00
536120.407149922,674582.827412009,C00141884,2022/09/22,NUISANCE,CLOSED,Lien Released,10 06 24 2 002 001.012,DISTRICT 5,,AL,,ALL NEEDS TO BE CUT AND KELP CUT EVERY TWO WEEKS.,41,2.03361444,10.10666667,,2022,9,{AC1A4BA7-CBCC-41BB-954A-626119734F1F},,,HNAM,2025/03/19 20:12:07+00
536120.407149922,674582.827412009,C00147163,2023/04/19,NUISANCE,CLOSED,NA,10 06 24 2 002 001.012,DISTRICT 5,,AL,,ALSO NEED TO CUT THE DITCHES IN THE APT BUILDING AREA ALSO.,42,2.03361444,10.10666667,,2023,4,{981D5B75-8B6A-4A07-AA30-37C0A5B74674},,,HNAM,2025/03/19 20:12:07+00
513097.606738921,690188.578024596,C00145252,2023/03/15,NUISANCE,OPEN,Lien Filed,10 03 06 1 007 007.000,DISTRICT 3,,AL,,,43,1.11861111,10.05166667,,2023,3,{AAA271D4-6ECB-4BAD-8F6A-A535D000A795},,,HNAM,2025/03/19 20:12:07+00
513097.606738921,690188.578024596,C00148822,2023/05/12,NUISANCE,OPEN,NA,10 03 06 1 007 007.000,DISTRICT 3,,AL,,,44,1.11861111,10.05166667,,2023,5,{8A6D5B2B-0C0F-4F77-9928-2B3F3668DBBE},,,HNAM,2025/03/19 20:12:07+00
503403.33577317,676024.589948423,C00142971,2022/10/25,NUISANCE,OPEN,NA,11 06 23 1 012 004.000,DISTRICT 4,,AL,,,45,1.20111111,11.10638889,,2022,10,{527B0CCC-6AED-460B-8DFB-66EDEE406A20},,,HNAM,2025/03/19 20:12:07+00
505932.015427087,671822.866396509,C00150963,2023/06/21,NUISANCE,CLOSED,NA,11 06 24 3 015 032.000,DISTRICT 4,,AL,,,46,3.25888889,11.10666667,,2023,6,{1DEF4C13-D099-4767-85ED-1B606F1E360A},,,HNAM,2025/03/19 20:12:07+00
505932.015427087,671822.866396509,C00154968,2023/08/11,NUISANCE,OPEN,Lien Filed,11 06 24 3 015 032.000,DISTRICT 4,,AL,,,47,3.25888889,11.10666667,,2023,8,{380BA236-F88F-47FE-8F2C-B4FD34C28A3C},,,HNAM,2025/03/19 20:12:07+00
538054.160500254,687455.604159839,C00147876,2023/04/28,NUISANCE,CLOSED,NA,10 01 01 3 007 011.001,DISTRICT 1,,AL,,,48,3.1197225,10.01694444,,2023,4,{5F362997-F2AB-4D53-A9E8-2475D415E46B},,,HNAM,2025/03/19 20:12:07+00
538054.160500254,687455.604159839,C00149917,2023/06/05,NUISANCE,OPEN,NA,10 01 01 3 007 011.001,DISTRICT 1,,AL,,,49,3.1197225,10.01694444,,2023,6,{3F6BCFB5-7341-40A4-8AE5-1713FB126299},,,HNAM,2025/03/19 20:12:07+00
536120.407149922,674582.827412009,C00155746,2023/08/24,NUISANCE,CLOSED,NA,10 06 24 2 002 001.012,DISTRICT 5,,AL,,,50,2.03361444,10.10666667,,2023,8,{087C236F-303B-43D4-95E9-01DD128F3787},,,HNAM,2025/03/19 20:12:07+00
513097.606738921,690188.578024596,C00157180,2023/09/22,NUISANCE,OPEN,Lien Filed,10 03 06 1 007 007.000,DISTRICT 3,,AL,,,51,1.11861111,10.05166667,,2023,9,{A99B2606-60EF-4FD2-812E-9467EADD5AEB},,,HNAM,2025/03/19 20:12:07+00
563947.428923588,674057.71921026,C00158560,2023/11/13,NUISANCE,CLOSED,NA,09 06 23 3 000 005.000,NO DISTRICT,,AL,,MUST KEEP IT CUT.,52,3.00138889,9.10638889,,2023,11,{D771A26B-8B4A-4322-8A66-910B5906CB9E},,,HNAM,2025/03/19 20:12:07+00
563947.428923588,674057.71921026,C00158585,2023/11/14,NUISANCE,CLOSED,NA,09 06 23 3 000 005.000,NO DISTRICT,,AL,,,53,3.00138889,9.10638889,,2023,11,{A46EAF22-2A86-425E-839A-0B44E18CF084},,,HNAM,2025/03/19 20:12:07+00
544384.551710837,691236.79279168,C00163952,2024/05/07,NUISANCE,CLOSED,NA,09 03 06 1 001 001.010,DISTRICT 2,,AL,,,54,1.01694722,9.05166667,,2024,5,{07B5E16B-7074-416D-8E4A-540101734775},,,HNAM,2025/03/19 20:12:07+00
505932.015427087,671822.866396509,C00167472,2024/07/12,NUISANCE,OPEN,Lien Filed,11 06 24 3 015 032.000,DISTRICT 4,,AL,,,55,3.25888889,11.10666667,,2024,7,{5E5AD12D-926F-460E-B419-E41B93A86231},,,HNAM,2025/03/19 20:12:07+00
542949.33246842,673617.289644927,C00160225,2024/02/29,REPAIR,CLOSED,NA,09 04 19 3 001 001.085,DISTRICT 9,,AL,,,56,3.01696806,9.07194444,,2024,2,{AC049C1D-7382-42AA-95C8-E574F3565B86},,,HNAM,2025/03/19 20:12:07+00
511917.186199505,685842.632976346,C00169752,2024/08/16,NUISANCE,OPEN,NA,10 03 07 2 012 002.001,NO DISTRICT,,AL,,CUT AREA ALONG STREET ALSO,57,2.20055583,10.05194444,,2024,8,{56094060-C899-472C-BC34-7534B4E26D9C},,,HNAM,2025/03/19 20:12:07+00
480870.328017753,659112.516817257,C00159506,2024/01/18,NUISANCE,OPEN,NA,14 03 06 1 008 016.000,DISTRICT 4,,AL,,3 JUNK VEHICLES ON PROPERTY  1 VAN TRUCK  1 WHITE CAR BESIDE VAN TRUCK  AND 1 GREEN DARK COLORED 4 DOOR CAR  ALSO ANY FALLEN TREES IN AREA NEED TO BE REMOVED,58,1.13777778,14.05166667,,2024,1,{5644FA9E-80B7-448C-810B-727CE9483D11},,,HNAM,2025/03/19 20:12:07+00
536120.407149922,674582.827412009,C00170519,2024/09/11,NUISANCE,OPEN,NA,10 06 24 2 002 001.012,DISTRICT 5,,AL,,CUT THE TWO DITCHES BESIDE THE OFFICE TO THE APT. COMPLEX. AND PLEASE KEEP IT CUT AND CLEANED UP.,59,2.03361444,10.10666667,,2024,9,{C6396459-87AC-40FF-8465-EB4CE46E85BE},,,HNAM,2025/03/19 20:12:07+00
538547.731691588,676902.629530929,C00161885,2024/04/02,NUISANCE,OPEN,NA,10 06 13 3 000 008.000,DISTRICT 9,,AL,,,61,3.00222222,10.10361111,,2024,4,{CADD39D9-5A0B-4B05-98F6-997C7CF18AB0},,,HNAM,2025/03/19 20:12:07+00
505035.98211417,675242.931406759,C00171613,2024/10/16,NUISANCE,OPEN,Lien Filed,11 06 24 2 004 031.000,NO DISTRICT,,AL,,,62,2.07527778,11.10666667,,2024,10,{819B1DB0-94DE-44FF-A7A7-A3DAB93C6873},,,HNAM,2025/03/19 20:12:07+00
507291.564873338,677237.017969757,C00128842,2022/01/26,NUISANCE,CLOSED,NA,11 06 13 4 014 037.000,DISTRICT 7,MONTGOMERY,AL,36104,"ALL VEHICLES ON PROPERTY, INCLUDING GRAY CADILLAC DEVILLE, MUST BE IN AN OPERABLE CONDITION WITH ALL TIRES INFLATED AND CAPABLE OF BEING DRIVEN SAFELY ON THE STREET OR MUST BE REMOVED",63,4.24361111,11.10361111,1267 AARON ST,2022,1,{6C2646CC-1E35-4A7B-BD5C-F07D9DFF5904},,,HNAM,2025/03/19 20:12:07+00
507291.564873338,677237.017969757,C00127878,2021/12/06,NUISANCE,CLOSED,NA,11 06 13 4 014 037.000,DISTRICT 7,MONTGOMERY,AL,36104,,64,4.24361111,11.10361111,1267 AARON ST,2021,12,{0DB01FF0-074A-407F-BB5B-26866C81835D},,,HNAM,2025/03/19 20:12:07+00
507367.833421588,676890.111839429,C00124774,2021/08/26,NUISANCE,CLOSED,NA,11 06 13 4 024 001.000,DISTRICT 7,MONTGOMERY,AL,36104,,65,4.40027778,11.10361111,1401 AARON ST,2021,8,{5773FC0F-452D-4C96-92FE-1752658B916C},,,HNAM,2025/03/19 20:12:07+00
507367.833421588,676890.111839429,C00126049,2021/09/27,REPAIR,CLOSED,NA,11 06 13 4 024 001.000,DISTRICT 7,MONTGOMERY,AL,36104,,66,4.40027778,11.10361111,1401 AARON ST,2021,9,{7F4C3F6B-585E-4B56-8571-047E2113EE88},,,HNAM,2025/03/19 20:12:07+00
507367.833421588,676890.111839429,C00118071,2021/05/05,NUISANCE,CLOSED,NA,11 06 13 4 024 001.000,DISTRICT 7,MONTGOMERY,AL,36104,,67,4.40027778,11.10361111,1401 AARON ST,2021,5,{A4E4D104-5C4B-4907-8FB7-EFC5C20C258F},,,HNAM,2025/03/19 20:12:07+00
507291.564873338,677237.017969757,C00126777,2021/10/14,NUISANCE,CLOSED,NA,11 06 13 4 014 037.000,DISTRICT 7,MONTGOMERY,AL,36104,,68,4.24361111,11.10361111,1267 AARON ST,2021,10,{50C88292-5252-45D8-AF10-A31B30F092DE},,,HNAM,2025/03/19 20:12:07+00
507291.564873338,677237.017969757,C00126778,2021/10/14,NUISANCE,CLOSED,NA,11 06 13 4 014 037.000,DISTRICT 7,MONTGOMERY,AL,36104,,69,4.24361111,11.10361111,1267 AARON ST,2021,10,{217C8806-F079-468B-B2A2-EE05441949DC},,,HNAM,2025/03/19 20:12:07+00
507290.722683422,677275.376160756,C00126780,2021/10/14,NUISANCE,CLOSED,NA,11 06 13 4 014 036.000,DISTRICT 7,MONTGOMERY,AL,36104,,70,4.24333333,11.10361111,1261 AARON ST,2021,10,{3ECB5246-6F15-4649-8E98-B24D17D3461F},,,HNAM,2025/03/19 20:12:07+00
507390.393087752,676369.847460009,C00124772,2021/08/26,NUISANCE,CLOSED,NA,11 06 24 1 005 001.000,DISTRICT 7,MONTGOMERY,AL,36104,,71,1.08361111,11.10666667,1501 AARON ST,2021,8,{2992D8AB-22FF-46D8-8FBE-E89AE5080AD7},,,HNAM,2025/03/19 20:12:07+00
507290.722683422,677275.376160756,C00126781,2021/10/14,NUISANCE,CLOSED,NA,11 06 13 4 014 036.000,DISTRICT 7,MONTGOMERY,AL,36104,,72,4.24333333,11.10361111,1261 AARON ST,2021,10,{D9010DAA-6002-4BB7-976A-AB7B6DDB1336},,,HNAM,2025/03/19 20:12:07+00
507290.722683422,677275.376160756,C00129411,2022/02/22,DEMOLITION,OPEN,Lien Filed,11 06 13 4 014 036.000,DISTRICT 7,MONTGOMERY,AL,36104,,73,4.24333333,11.10361111,1261 AARON ST,2022,2,{2AFEA739-4244-4D6B-9C2E-C0AD22CCAFB8},,,HNAM,2025/03/19 20:12:07+00
507170.052977253,675905.01275976,C00124773,2021/08/26,NUISANCE,CLOSED,NA,11 06 24 1 007 009.000,DISTRICT 7,MONTGOMERY,AL,36104,,74,1.11916667,11.10666667,1616 AARON ST,2021,8,{F4694D24-47E9-414A-AD00-73144CC4A7FE},,,HNAM,2025/03/19 20:12:07+00
515053.097578589,682920.539083011,C00151291,2023/06/28,NUISANCE,CLOSED,NA,10 03 08 3 008 001.000,DISTRICT 3,MONTGOMERY,AL,36104,,75,3.13361111,10.05222222,1301 ADAMS AVE,2023,6,{DA2EB515-7205-4426-A37F-667420EB7B2C},,,HNAM,2025/03/19 20:12:07+00
507170.052977253,675905.01275976,C00169457,2024/08/13,NUISANCE,CLOSED,NA,11 06 24 1 007 009.000,DISTRICT 7,MONTGOMERY,AL,36104,,76,1.11916667,11.10666667,1616 AARON ST,2024,8,{ECCA86DE-B6C6-4844-B0D3-74C29C1285B5},,,HNAM,2025/03/19 20:12:07+00
544023.155780088,691238.103484593,C00124924,2021/08/30,NUISANCE,CLOSED,NA,09 03 06 1 001 001.004,DISTRICT 2,MONTGOMERY,AL,36117,,77,1.01694556,9.05166667,5825 ACACIA CT,2021,8,{054E53CC-B734-4D91-81CD-DFA319E2B883},,,HNAM,2025/03/19 20:12:07+00
544023.155780088,691238.103484593,C00125088,2021/09/02,OPEN VACANT,CLOSED,NA,09 03 06 1 001 001.004,DISTRICT 2,MONTGOMERY,AL,36117,,78,1.01694556,9.05166667,5825 ACACIA CT,2021,9,{876EFDE0-72A4-42E8-9988-F658F6A41CB8},,,HNAM,2025/03/19 20:12:07+00
544023.155780088,691238.103484593,C00140174,2022/08/23,NUISANCE,CLOSED,NA,09 03 06 1 001 001.004,DISTRICT 2,MONTGOMERY,AL,36117,,79,1.01694556,9.05166667,5825 ACACIA CT,2022,8,{08AEBE1B-D51A-4D31-835D-0003778B998E},,,HNAM,2025/03/19 20:12:07+00
513894.981128421,682361.152406506,C00150829,2023/06/15,NUISANCE,OPEN,Lien Filed,10 03 07 4 032 002.000,DISTRICT 3,MONTGOMERY,AL,36104,,80,4.53388889,10.05194444,1038 ADAMS AVE,2023,6,{5449A14D-2691-45A7-93E8-1AAA8C6EE279},,,HNAM,2025/03/19 20:12:07+00
515067.27504367,682285.189303845,C00157442,2023/09/29,NUISANCE,OPEN,Lien Filed,10 03 08 3 010 010.000,DISTRICT 3,MONTGOMERY,AL,36104,,81,3.16944444,10.05222222,1300 ADAMS AVE,2023,9,{7E073850-C6DD-44DE-B793-0ECFA186D24E},,,HNAM,2025/03/19 20:12:07+00
515067.27504367,682285.189303845,C00128976,2022/02/01,NUISANCE,CLOSED,Lien Released,10 03 08 3 010 010.000,DISTRICT 3,MONTGOMERY,AL,36104,,82,3.16944444,10.05222222,1300 ADAMS AVE,2022,2,{51D0BB69-6B5C-41A9-8DC0-54BE7A6E2165},,,HNAM,2025/03/19 20:12:07+00
506202.67564692,678112.826585591,C00153992,2023/07/31,NUISANCE,CLOSED,NA,11 06 13 3 012 007.000,DISTRICT 7,MONTGOMERY,AL,36108,,83,3.20194444,11.10361111,1017 ADELINE ST,2023,7,{9BCFB8F6-833D-4C2E-8729-9708E2EE1928},,,HNAM,2025/03/19 20:12:07+00
506202.67564692,678112.826585591,C00133404,2022/05/05,NUISANCE,CLOSED,NA,11 06 13 3 012 007.000,DISTRICT 7,MONTGOMERY,AL,36108,,84,3.20194444,11.10361111,1017 ADELINE ST,2022,5,{F574D721-A84A-442D-A735-84953923E7D0},,,HNAM,2025/03/19 20:12:07+00
506202.67564692,678112.826585591,C00139894,2022/08/18,NUISANCE,CLOSED,NA,11 06 13 3 012 007.000,DISTRICT 7,MONTGOMERY,AL,36108,,85,3.20194444,11.10361111,1017 ADELINE ST,2022,8,{AA40C875-DAC4-4DA0-ADDA-06D8F89A913F},,,HNAM,2025/03/19 20:12:07+00
515067.27504367,682285.189303845,C00116165,2021/04/13,NUISANCE,CLOSED,Lien Released,10 03 08 3 010 010.000,DISTRICT 3,MONTGOMERY,AL,36104,,86,3.16944444,10.05222222,1300 ADAMS AVE,2021,4,{64E8DF94-D0C6-483A-8917-55682FB0EA04},,,HNAM,2025/03/19 20:12:07+00
505972.869676087,678502.952117674,C00166833,2024/07/02,NUISANCE,OPEN,NA,11 06 13 3 014 017.000,DISTRICT 7,MONTGOMERY,AL,36108,,87,3.23805556,11.10361111,922 ADELINE ST,2024,7,{B70365A9-F59B-4809-9F20-79A7BA5305DF},,,HNAM,2025/03/19 20:12:07+00
505972.869676087,678502.952117674,C00130480,2022/03/24,REPAIR,CLOSED,NA,11 06 13 3 014 017.000,DISTRICT 7,MONTGOMERY,AL,36108,,88,3.23805556,11.10361111,922 ADELINE ST,2022,3,{13854F33-8B3A-4F8F-9F0C-99192B73D843},,,HNAM,2025/03/19 20:12:07+00
506196.786551088,678466.912819676,C00169309,2024/08/09,NUISANCE,OPEN,NA,11 06 13 3 013 019.000,DISTRICT 7,MONTGOMERY,AL,36108,,89,3.22194444,11.10361111,927 ADELINE ST,2024,8,{78B5A5C0-4206-4790-8F92-042968E3C026},,,HNAM,2025/03/19 20:12:07+00
506196.786551088,678466.912819676,C00128621,2022/01/14,NUISANCE,CLOSED,Lien Released,11 06 13 3 013 019.000,DISTRICT 7,MONTGOMERY,AL,36108,,90,3.22194444,11.10361111,927 ADELINE ST,2022,1,{AA00F017-05E6-4406-A057-100616D78391},,,HNAM,2025/03/19 20:12:07+00
506196.786551088,678466.912819676,C00139898,2022/08/18,NUISANCE,CLOSED,NA,11 06 13 3 013 019.000,DISTRICT 7,MONTGOMERY,AL,36108,TRASH ON FRONT PORCH,91,3.22194444,11.10361111,927 ADELINE ST,2022,8,{54922DAF-99B9-406F-B4EE-6B904843F100},,,HNAM,2025/03/19 20:12:07+00
507288.153790921,677422.513661757,C00126784,2021/10/14,NUISANCE,CLOSED,NA,11 06 13 4 014 032.000,DISTRICT 7,MONTGOMERY,AL,36104,,92,4.24222222,11.10361111,1233 AARON ST,2021,10,{CC3AD19B-BDED-4550-A808-6B4C5EA0215B},,,HNAM,2025/03/19 20:12:07+00
507288.153790921,677422.513661757,C00169461,2024/08/13,NUISANCE,CLOSED,NA,11 06 13 4 014 032.000,DISTRICT 7,MONTGOMERY,AL,36104,,93,4.24222222,11.10361111,1233 AARON ST,2024,8,{1877C752-A235-4EC0-857B-2AC34EC4C5F6},,,HNAM,2025/03/19 20:12:07+00
507288.795850005,677385.729614593,C00169460,2024/08/13,NUISANCE,CLOSED,NA,11 06 13 4 014 033.000,DISTRICT 7,MONTGOMERY,AL,36104,,94,4.2425,11.10361111,1239 AARON ST,2024,8,{D21DFE00-2395-4EB5-BA9E-7542C3B06D5A},,,HNAM,2025/03/19 20:12:07+00
507288.795850005,677385.729614593,C00126783,2021/10/14,NUISANCE,CLOSED,Lien Released,11 06 13 4 014 033.000,DISTRICT 7,MONTGOMERY,AL,36104,,95,4.2425,11.10361111,1239 AARON ST,2021,10,{E1568FAA-2B60-49C6-A0FB-6B05B195B42B},,,HNAM,2025/03/19 20:12:07+00
523268.378392085,658505.580367096,C00114136,2021/03/09,NUISANCE,CLOSED,NA,15 02 04 1 008 023.000,DISTRICT 6,MONTGOMERY,AL,36116,ALL VEHICLES MUST HAVE PUMPED UP TIRES A CURRENT TAG AND BE IN GOOD WORKING CONDITION.,96,1.13972222,15.03444444,266 ADLER DR,2021,3,{00C34A14-5BC0-4E53-9760-9DC257357512},,,HNAM,2025/03/19 20:12:07+00
507288.795850005,677385.729614593,C00129396,2022/02/18,DEMOLITION,OPEN,Lien Filed,11 06 13 4 014 033.000,DISTRICT 7,MONTGOMERY,AL,36104,,97,4.2425,11.10361111,1239 AARON ST,2022,2,{E057616B-ACBF-47FF-87AE-50852AAE56B1},,,HNAM,2025/03/19 20:12:07+00
514298.731633253,682669.66261626,C00149948,2023/06/05,NUISANCE,CLOSED,NA,10 03 07 4 019 016.000,DISTRICT 3,MONTGOMERY,AL,36104,,98,4.32111111,10.05194444,1109 ADAMS AVE,2023,6,{B6C7ECB3-3D2A-496B-83A6-80AF721A211C},,,HNAM,2025/03/19 20:12:07+00
505965.304402504,678980.568616509,C00115040,2021/03/26,NUISANCE,CLOSED,NA,11 06 13 3 002 018.000,DISTRICT 7,MONTGOMERY,AL,36108,,99,3.03833333,11.10361111,816 ADELINE ST,2021,3,{7D8C734B-B546-4653-ACFC-ED8C99D7A633},,,HNAM,2025/03/19 20:12:07+00
506152.123254586,678702.96221634,C00141201,2022/09/09,NUISANCE,CLOSED,NA,11 06 13 3 013 013.000,DISTRICT 7,MONTGOMERY,AL,36108,,100,3.22027778,11.10361111,901 ADELINE ST,2022,9,{D7C1B7ED-4C16-488B-B642-16C3916451D2},,,HNAM,2025/03/19 20:12:07+00
506152.123254586,678702.96221634,C00166831,2024/07/02,NUISANCE,CLOSED,NA,11 06 13 3 013 013.000,DISTRICT 7,MONTGOMERY,AL,36108,,101,3.22027778,11.10361111,901 ADELINE ST,2024,7,{C37351B7-166F-4DB8-9677-33A5297173ED},,,HNAM,2025/03/19 20:12:07+00
505979.97038367,678106.424695507,C00139902,2022/08/18,NUISANCE,OPEN,NA,11 06 13 3 023 021.000,DISTRICT 7,MONTGOMERY,AL,36108,,102,3.38916667,11.10361111,1018 ADELINE ST,2022,8,{1F837ACF-E276-41FA-81A7-BF07A05DF77C},,,HNAM,2025/03/19 20:12:07+00
506202.415148754,678152.826505594,C00133405,2022/05/05,NUISANCE,CLOSED,NA,11 06 13 3 012 006.000,DISTRICT 7,MONTGOMERY,AL,36108,,103,3.20166667,11.10361111,1013 ADELINE ST,2022,5,{9EAAA83B-330F-4B7D-8BCE-0C591AFA5E1A},,,HNAM,2025/03/19 20:12:07+00
505979.97038367,678106.424695507,C00137409,2022/07/13,OPEN VACANT,CLOSED,NA,11 06 13 3 023 021.000,DISTRICT 7,MONTGOMERY,AL,36108,,104,3.38916667,11.10361111,1018 ADELINE ST,2022,7,{51C2D339-5547-4B37-BE04-E95561EFE124},,,HNAM,2025/03/19 20:12:07+00
505979.97038367,678106.424695507,C00136504,2022/06/24,NUISANCE,CLOSED,NA,11 06 13 3 023 021.000,DISTRICT 7,MONTGOMERY,AL,36108,,105,3.38916667,11.10361111,1018 ADELINE ST,2022,6,{647B95CC-8795-4134-8AB3-C49BD0CFBB5E},,,HNAM,2025/03/19 20:12:07+00
505979.97038367,678106.424695507,C00116084,2021/04/09,NUISANCE,CLOSED,Lien Released,11 06 13 3 023 021.000,DISTRICT 7,MONTGOMERY,AL,36108,,106,3.38916667,11.10361111,1018 ADELINE ST,2021,4,{4DF34E6D-4378-448A-8856-D0BAB5AD820E},,,HNAM,2025/03/19 20:12:07+00
505979.97038367,678106.424695507,C00115411,2021/04/01,NUISANCE,CLOSED,NA,11 06 13 3 023 021.000,DISTRICT 7,MONTGOMERY,AL,36108,,107,3.38916667,11.10361111,1018 ADELINE ST,2021,4,{5F872E0B-6ED3-4100-BC85-3F82A101860C},,,HNAM,2025/03/19 20:12:07+00
505979.97038367,678106.424695507,C00120516,2021/06/17,NUISANCE,CLOSED,NA,11 06 13 3 023 021.000,DISTRICT 7,MONTGOMERY,AL,36108,,108,3.38916667,11.10361111,1018 ADELINE ST,2021,6,{3A8E7A41-20BB-4A0F-A6F0-4F40070EC68C},,,HNAM,2025/03/19 20:12:07+00
505979.97038367,678106.424695507,C00130072,2022/03/14,NUISANCE,CLOSED,Lien Released,11 06 13 3 023 021.000,DISTRICT 7,MONTGOMERY,AL,36108,,109,3.38916667,11.10361111,1018 ADELINE ST,2022,3,{19863993-AC48-4E59-9FFC-6C21AD8E46B8},,,HNAM,2025/03/19 20:12:07+00
505979.97038367,678106.424695507,C00150862,2023/06/16,NUISANCE,CLOSED,NA,11 06 13 3 023 021.000,DISTRICT 7,MONTGOMERY,AL,36108,,110,3.38916667,11.10361111,1018 ADELINE ST,2023,6,{59BDE534-6675-4B7D-B694-0C367F7D46AC},,,HNAM,2025/03/19 20:12:07+00
505979.97038367,678106.424695507,C00168505,2024/07/29,REPAIR,OPEN,NA,11 06 13 3 023 021.000,DISTRICT 7,MONTGOMERY,AL,36108,,111,3.38916667,11.10361111,1018 ADELINE ST,2024,7,{2314408E-FB7D-4C5F-9B63-E4CBF1CE0BEA},,,HNAM,2025/03/19 20:12:07+00
505979.97038367,678106.424695507,C00168506,2024/07/29,NUISANCE,CLOSED,NA,11 06 13 3 023 021.000,DISTRICT 7,MONTGOMERY,AL,36108,,112,3.38916667,11.10361111,1018 ADELINE ST,2024,7,{5ACBF292-9D28-4969-97D4-24D5184B40E5},,,HNAM,2025/03/19 20:12:07+00
507286.870328922,677496.072241679,C00169463,2024/08/13,NUISANCE,CLOSED,NA,11 06 13 4 014 030.000,DISTRICT 7,MONTGOMERY,AL,36104,,113,4.24166667,11.10361111,1221 AARON ST,2024,8,{73423408-034B-4628-96A4-BD3347FBAC3F},,,HNAM,2025/03/19 20:12:07+00
507286.870328922,677496.072241679,C00129335,2022/02/17,DEMOLITION,OPEN,Lien Filed,11 06 13 4 014 030.000,DISTRICT 7,MONTGOMERY,AL,36104,,114,4.24166667,11.10361111,1221 AARON ST,2022,2,{240F14CD-330B-4AB1-88B1-679C133FF0E2},,,HNAM,2025/03/19 20:12:07+00
507286.870328922,677496.072241679,C00126786,2021/10/14,NUISANCE,CLOSED,NA,11 06 13 4 014 030.000,DISTRICT 7,MONTGOMERY,AL,36104,,115,4.24166667,11.10361111,1221 AARON ST,2021,10,{5ECB704F-E90A-4F77-80E3-085DB1F373DD},,,HNAM,2025/03/19 20:12:07+00
507289.437909085,677348.945567429,C00126782,2021/10/14,NUISANCE,CLOSED,NA,11 06 13 4 014 034.000,DISTRICT 7,MONTGOMERY,AL,36104,,116,4.24277778,11.10361111,1247 AARON ST,2021,10,{D0A44E53-4052-4D34-8F40-EA13656C9895},,,HNAM,2025/03/19 20:12:07+00
507289.437909085,677348.945567429,C00169459,2024/08/13,NUISANCE,CLOSED,NA,11 06 13 4 014 034.000,DISTRICT 7,MONTGOMERY,AL,36104,,117,4.24277778,11.10361111,1247 AARON ST,2024,8,{AD0A4A9F-05DD-4B67-873E-B3EC35B899D1},,,HNAM,2025/03/19 20:12:07+00
514432.109647337,682407.423639424,C00160469,2024/03/11,NUISANCE,CLOSED,NA,10 03 07 4 033 004.000,DISTRICT 3,MONTGOMERY,AL,36104,,118,4.55111111,10.05194444,1120 ADAMS AVE,2024,3,{850DB6AC-FC57-4A41-A674-AAE8A455B496},,,HNAM,2025/03/19 20:12:07+00
543790.938724838,691198.101596095,C00124686,2021/08/25,NUISANCE,OPEN,NA,09 03 06 2 009 003.000,DISTRICT 2,MONTGOMERY,AL,36117,,119,2.15083333,9.05166667,5816 ACACIA CT,2021,8,{D94CD038-71BA-4D2E-BD35-5B71A073ABC9},,,HNAM,2025/03/19 20:12:07+00
514432.109647337,682407.423639424,C00160471,2024/03/11,NUISANCE,CLOSED,NA,10 03 07 4 033 004.000,DISTRICT 3,MONTGOMERY,AL,36104,,120,4.55111111,10.05194444,1120 ADAMS AVE,2024,3,{DA3B0DDF-C97E-4BEC-B84B-6E8A7F051A2B},,,HNAM,2025/03/19 20:12:07+00
506152.600287754,678662.03874176,C00115641,2021/04/06,NUISANCE,CLOSED,Lien Released,11 06 13 3 013 014.000,DISTRICT 7,MONTGOMERY,AL,36108,,121,3.22055556,11.10361111,905 ADELINE ST,2021,4,{ECB2FACB-25C1-472C-B7ED-3E32D7ACF677},,,HNAM,2025/03/19 20:12:07+00
506152.600287754,678662.03874176,C00139899,2022/08/18,NUISANCE,CLOSED,NA,11 06 13 3 013 014.000,DISTRICT 7,MONTGOMERY,AL,36108,,122,3.22055556,11.10361111,905 ADELINE ST,2022,8,{3738C350-7A5C-4E25-B803-65FFC5584B35},,,HNAM,2025/03/19 20:12:07+00
506202.934176587,678072.82732176,C00139892,2022/08/18,NUISANCE,CLOSED,NA,11 06 13 3 012 008.000,DISTRICT 7,MONTGOMERY,AL,36108,,123,3.20222222,11.10361111,1021 ADELINE ST,2022,8,{BCB35677-9AE5-487A-860B-9D0C32668D74},,,HNAM,2025/03/19 20:12:07+00
506202.934176587,678072.82732176,C00133403,2022/05/05,NUISANCE,CLOSED,NA,11 06 13 3 012 008.000,DISTRICT 7,MONTGOMERY,AL,36108,,124,3.20222222,11.10361111,1021 ADELINE ST,2022,5,{19B4084B-007E-4F60-8AE1-6398FC1F56BE},,,HNAM,2025/03/19 20:12:07+00
506202.934176587,678072.82732176,C00151803,2023/07/10,NUISANCE,CLOSED,NA,11 06 13 3 012 008.000,DISTRICT 7,MONTGOMERY,AL,36108,,125,3.20222222,11.10361111,1021 ADELINE ST,2023,7,{C39F8F1D-70CE-472E-B42E-2DCEA6089819},,,HNAM,2025/03/19 20:12:07+00
506202.934176587,678072.82732176,C00151804,2023/07/10,NUISANCE,CLOSED,NA,11 06 13 3 012 008.000,DISTRICT 7,MONTGOMERY,AL,36108,,126,3.20222222,11.10361111,1021 ADELINE ST,2023,7,{02A9EF8F-38E5-4B77-A297-35C5AFC78FD0},,,HNAM,2025/03/19 20:12:07+00
506202.934176587,678072.82732176,C00153993,2023/07/31,NUISANCE,CLOSED,NA,11 06 13 3 012 008.000,DISTRICT 7,MONTGOMERY,AL,36108,,127,3.20222222,11.10361111,1021 ADELINE ST,2023,7,{57A529DE-F45D-4548-9E87-9A08FCA977DD},,,HNAM,2025/03/19 20:12:07+00
505980.983505003,678026.431089096,C00139893,2022/08/18,NUISANCE,CLOSED,NA,11 06 13 3 023 019.000,DISTRICT 7,MONTGOMERY,AL,36108,,128,3.38861111,11.10361111,1026 ADELINE ST,2022,8,{C4A23541-F620-4E65-B258-0BF8AB1811BC},,,HNAM,2025/03/19 20:12:07+00
505980.983505003,678026.431089096,C00137519,2022/07/14,NUISANCE,CLOSED,NA,11 06 13 3 023 019.000,DISTRICT 7,MONTGOMERY,AL,36108,,129,3.38861111,11.10361111,1026 ADELINE ST,2022,7,{7E1E93C2-CD0E-4654-9F06-99E7C1D51120},,,HNAM,2025/03/19 20:12:07+00
505980.983505003,678026.431089096,C00115439,2021/04/01,NUISANCE,OPEN,NA,11 06 13 3 023 019.000,DISTRICT 7,MONTGOMERY,AL,36108,,130,3.38861111,11.10361111,1026 ADELINE ST,2021,4,{C34053BE-7968-4F40-99D5-DBF3F1BADFBA},,,HNAM,2025/03/19 20:12:07+00
505980.983505003,678026.431089096,C00120515,2021/06/17,NUISANCE,CLOSED,NA,11 06 13 3 023 019.000,DISTRICT 7,MONTGOMERY,AL,36108,,131,3.38861111,11.10361111,1026 ADELINE ST,2021,6,{8E7EC595-117A-439D-8959-BE925F573492},,,HNAM,2025/03/19 20:12:07+00
523455.278280754,658191.08919818,C00134509,2022/05/23,NUISANCE,CLOSED,NA,15 02 04 1 011 006.000,DISTRICT 6,MONTGOMERY,AL,36116,,132,1.185,15.03444444,289 ADLER DR,2022,5,{EE5D8711-30E5-4EA1-BCDA-39CB2798DF00},,,HNAM,2025/03/19 20:12:07+00
507386.379644338,676003.276670843,C00124771,2021/08/26,NUISANCE,CLOSED,NA,11 06 24 1 008 001.000,DISTRICT 7,MONTGOMERY,AL,36104,,133,1.13361111,11.10666667,1601 AARON ST,2021,8,{62FBE9C5-FC2B-406E-AF48-B0FF26AA87FE},,,HNAM,2025/03/19 20:12:07+00
507287.51205992,677459.298037007,C00169462,2024/08/13,NUISANCE,CLOSED,NA,11 06 13 4 014 031.000,DISTRICT 7,MONTGOMERY,AL,36104,,134,4.24194444,11.10361111,1227 AARON ST,2024,8,{E88408FE-92FB-4FB5-8130-9B8CBB649B25},,,HNAM,2025/03/19 20:12:07+00
507386.379644338,676003.276670843,C00162340,2024/04/10,NUISANCE,OPEN,NA,11 06 24 1 008 001.000,DISTRICT 7,MONTGOMERY,AL,36104,,135,1.13361111,11.10666667,1601 AARON ST,2024,4,{5406A71C-20F1-48AD-AAAC-971F0B78EB94},,,HNAM,2025/03/19 20:12:07+00
507287.51205992,677459.298037007,C00126785,2021/10/14,NUISANCE,OPEN,Lien Filed,11 06 13 4 014 031.000,DISTRICT 7,MONTGOMERY,AL,36104,,136,4.24194444,11.10361111,1227 AARON ST,2021,10,{C4B41CF2-8701-4B4E-9A82-00BAEA667C51},,,HNAM,2025/03/19 20:12:07+00
507287.51205992,677459.298037007,C00143796,2022/12/21,NUISANCE,OPEN,Lien Filed,11 06 13 4 014 031.000,DISTRICT 7,MONTGOMERY,AL,36104,,137,4.24194444,11.10361111,1227 AARON ST,2022,12,{48045BD2-15E5-418F-BEA4-B111F2122366},,,HNAM,2025/03/19 20:12:07+00
484443.748036254,658403.358130589,C00157857,2023/10/11,NUISANCE,CLOSED,NA,14 03 05 2 004 004.000,DISTRICT 4,MONTGOMERY,AL,36108,,138,2.06777778,14.05138889,4700 ACCESS BLVD *,2023,10,{CA88EE23-0C48-427D-882E-081ADFA1E112},,,HNAM,2025/03/19 20:12:07+00
507390.393087752,676369.847460009,C00145150,2023/03/14,NUISANCE,CLOSED,Lien Released,11 06 24 1 005 001.000,DISTRICT 7,MONTGOMERY,AL,36104,,139,1.08361111,11.10666667,1505 AARON ST,2023,3,{2CBDD7E9-BCEA-4F7C-BE4B-06989BA6AB0C},,,HNAM,2025/03/19 20:12:07+00
507390.393087752,676369.847460009,C00127612,2021/11/17,NUISANCE,CLOSED,NA,11 06 24 1 005 001.000,DISTRICT 7,MONTGOMERY,AL,36104,,140,1.08361111,11.10666667,1505 AARON ST,2021,11,{176D38D5-FDE5-4A4D-9EFC-C2C8644A97A1},,,HNAM,2025/03/19 20:12:07+00
507140.056646172,676290.62517751,C00127614,2021/11/17,NUISANCE,CLOSED,NA,11 06 24 1 006 011.000,DISTRICT 7,MONTGOMERY,AL,36108,,141,1.10305556,11.10666667,1514 AARON ST,2021,11,{96242AC9-82B2-4D55-9359-2A754B5FE19A},,,HNAM,2025/03/19 20:12:07+00
507140.056646172,676290.62517751,C00124775,2021/08/26,NUISANCE,CLOSED,NA,11 06 24 1 006 011.000,DISTRICT 7,MONTGOMERY,AL,36108,,142,1.10305556,11.10666667,1514 AARON ST,2021,8,{359B2B26-0B4B-4802-AF13-9AAA366E0A4E},,,HNAM,2025/03/19 20:12:07+00
507140.056646172,676290.62517751,C00115775,2021/04/07,NUISANCE,CLOSED,NA,11 06 24 1 006 011.000,DISTRICT 7,MONTGOMERY,AL,36108,,143,1.10305556,11.10666667,1514 AARON ST,2021,4,{69815140-5591-4CEA-ACD9-DA4B58B2C4C2},,,HNAM,2025/03/19 20:12:07+00
507140.056646172,676290.62517751,C00172735,2024/12/31,NUISANCE,CLOSED,NA,11 06 24 1 006 011.000,DISTRICT 7,MONTGOMERY,AL,36108,,144,1.10305556,11.10666667,1514 AARON ST,2024,12,{D76F600E-B9BB-4478-B168-DF895D8C8972},,,HNAM,2025/03/19 20:12:07+00
514188.410659671,682676.560240261,C00158376,2023/11/03,NUISANCE,OPEN,NA,10 03 07 4 019 015.000,DISTRICT 3,MONTGOMERY,AL,36104,,145,4.32083333,10.05194444,1065 ADAMS AVE,2023,11,{B08C7343-762A-49C9-BD3D-92E5BCC90C89},,,HNAM,2025/03/19 20:12:07+00
514188.410659671,682676.560240261,C00153633,2023/07/26,NUISANCE,OPEN,NA,10 03 07 4 019 015.000,DISTRICT 3,MONTGOMERY,AL,36104,,146,4.32083333,10.05194444,1065 ADAMS AVE,2023,7,{D9A0E371-1FA7-4AC4-BC17-888FFCAC2E50},,,HNAM,2025/03/19 20:12:07+00
514188.410659671,682676.560240261,C00150249,2023/06/07,NUISANCE,CLOSED,NA,10 03 07 4 019 015.000,DISTRICT 3,MONTGOMERY,AL,36104,,147,4.32083333,10.05194444,1065 ADAMS AVE,2023,6,{68D1299B-EA33-4E20-BE63-C8DDEE259BEE},,,HNAM,2025/03/19 20:12:07+00
514188.410659671,682676.560240261,C00167233,2024/07/10,NUISANCE,CLOSED,NA,10 03 07 4 019 015.000,DISTRICT 3,MONTGOMERY,AL,36104,,148,4.32083333,10.05194444,1065 ADAMS AVE,2024,7,{46A9E34F-1741-41AE-9FDD-AC140AE31282},,,HNAM,2025/03/19 20:12:07+00
514188.410659671,682676.560240261,C00132604,2022/04/27,NUISANCE,OPEN,NA,10 03 07 4 019 015.000,DISTRICT 3,MONTGOMERY,AL,36104,THE FENCE LINE IS OVERGROWN AND HAS TO BE CUT AND MAINTAINED.,149,4.32083333,10.05194444,1065 ADAMS AVE,2022,4,{CB5FFC62-5112-4B88-BCC4-AB775A6651C3},,,HNAM,2025/03/19 20:12:07+00
506195.913521338,678544.908070512,C00139901,2022/08/18,NUISANCE,OPEN,NA,11 06 13 3 013 017.000,DISTRICT 7,MONTGOMERY,AL,36108,1CAR PARKED IN THE BACK YARD.1 VEHICLE PARKED IN THE FRONT YARD .2 DISABLE PARKED ON THE STREET IN THE FRONT OF THE HOUSE.,150,3.22138889,11.10361111,919 ADELINE ST,2022,8,{E21D5009-BE52-4C0B-B9E6-F02C58F902B6},,,HNAM,2025/03/19 20:12:07+00
506195.913521338,678544.908070512,C00128623,2022/01/14,NUISANCE,OPEN,NA,11 06 13 3 013 017.000,DISTRICT 7,MONTGOMERY,AL,36108,"GREY BMW 4DR SEDAN , WHITE CHEVY IMPALA",151,3.22138889,11.10361111,919 ADELINE ST,2022,1,{8CD7238C-2511-447F-BB3D-E2358BC9122D},,,HNAM,2025/03/19 20:12:07+00
523541.234473672,658694.288651094,C00142938,2022/10/25,NUISANCE,CLOSED,NA,15 02 04 1 008 027.000,DISTRICT 6,MONTGOMERY,AL,36116,BROWN CAR AND A WRECKED BLACK CAR-BOTH ARE IN THE DRIVEWAY,152,1.14083333,15.03444444,242 ADLER DR,2022,10,{E14B083D-946E-42F3-A8DE-A65A56F32208},,,HNAM,2025/03/19 20:12:07+00
523541.234473672,658694.288651094,C00143918,2023/01/06,NUISANCE,CLOSED,Lien Released,15 02 04 1 008 027.000,DISTRICT 6,MONTGOMERY,AL,36116,WRECKED BLACK CAR IN THE DRIVEWAY,153,1.14083333,15.03444444,242 ADLER DR,2023,1,{2307C6EF-AF70-4358-BCC1-359AFA2F7936},,,HNAM,2025/03/19 20:12:07+00
497281.431678422,678165.180155426,C00170710,2024/09/19,NUISANCE,CLOSED,NA,11 05 15 4 005 002.000,DISTRICT 4,MONTGOMERY,AL,36108,,154,4.08388889,11.0875,531 AIR BASE BLVD,2024,9,{DA434991-84D2-4753-B314-953BA0BD8098},,,HNAM,2025/03/19 20:12:07+00
496845.168443337,678051.653479591,C00169689,2024/08/15,NUISANCE,CLOSED,NA,11 05 15 4 004 002.000,DISTRICT 4,MONTGOMERY,AL,36108,,155,4.06722222,11.0875,520 AIR BASE BLVD,2024,8,{4767FC4D-E22D-405D-9F5F-4E4AECFFC6F9},,,HNAM,2025/03/19 20:12:07+00
497281.431678422,678165.180155426,C00170920,2024/09/25,NUISANCE,CLOSED,NA,11 05 15 4 005 002.000,DISTRICT 4,MONTGOMERY,AL,36108,,156,4.08388889,11.0875,531 AIR BASE BLVD,2024,9,{A0E31485-39E0-4A20-A816-9352F3D0A330},,,HNAM,2025/03/19 20:12:07+00
506180.896491002,678232.59865576,C00160414,2024/03/07,NUISANCE,OPEN,NA,11 06 13 3 012 004.000,DISTRICT 7,MONTGOMERY,AL,36108,,157,3.20111111,11.10361111,1005 ADELINE ST,2024,3,{BC780E8B-CFBA-4A33-83CE-614991A9DEDF},,,HNAM,2025/03/19 20:12:07+00
506180.896491002,678232.59865576,C00164564,2024/05/21,NUISANCE,OPEN,NA,11 06 13 3 012 004.000,DISTRICT 7,MONTGOMERY,AL,36108,,158,3.20111111,11.10361111,1005 ADELINE ST,2024,5,{811162FA-5712-44BE-BAFB-65EE276898F0},,,HNAM,2025/03/19 20:12:07+00
506180.896491002,678232.59865576,C00151809,2023/07/10,NUISANCE,CLOSED,NA,11 06 13 3 012 004.000,DISTRICT 7,MONTGOMERY,AL,36108,,159,3.20111111,11.10361111,1005 ADELINE ST,2023,7,{39D1703F-E6D4-4806-9BC0-0EB8EBB33510},,,HNAM,2025/03/19 20:12:07+00
515515.488386087,667322.817653842,C00159747,2024/01/30,NUISANCE,CLOSED,NA,10 09 29 3 011 012.000,DISTRICT 7,MONTGOMERY,AL,36111,,160,3.18666667,10.15805556,1340 ADRIAN LN,2024,1,{D64AED26-E97C-4C49-9220-80F18B140D5D},,,HNAM,2025/03/19 20:12:07+00
506180.896491002,678232.59865576,C00150861,2023/06/16,NUISANCE,CLOSED,Lien Released,11 06 13 3 012 004.000,DISTRICT 7,MONTGOMERY,AL,36108,,161,3.20111111,11.10361111,1005 ADELINE ST,2023,6,{8C40D0B2-8622-4032-839C-7BA7A0B1EA94},,,HNAM,2025/03/19 20:12:07+00
506180.896491002,678232.59865576,C00153990,2023/07/31,NUISANCE,CLOSED,NA,11 06 13 3 012 004.000,DISTRICT 7,MONTGOMERY,AL,36108,,162,3.20111111,11.10361111,1005 ADELINE ST,2023,7,{8E531D87-A5DD-4656-AF44-9B396936F229},,,HNAM,2025/03/19 20:12:07+00
506180.896491002,678232.59865576,C00156778,2023/09/15,NUISANCE,OPEN,NA,11 06 13 3 012 004.000,DISTRICT 7,MONTGOMERY,AL,36108,,163,3.20111111,11.10361111,1005 ADELINE ST,2023,9,{BB4DD0FE-50DF-4C93-8939-C8FA9B55E961},,,HNAM,2025/03/19 20:12:07+00
506180.896491002,678232.59865576,C00139896,2022/08/18,NUISANCE,CLOSED,NA,11 06 13 3 012 004.000,DISTRICT 7,MONTGOMERY,AL,36108,,164,3.20111111,11.10361111,1005 ADELINE ST,2022,8,{2EA2F5EB-79D3-48D8-81EF-D9499946CF98},,,HNAM,2025/03/19 20:12:07+00
506180.896491002,678232.59865576,C00139897,2022/08/18,DEMOLITION,CLOSED,NA,11 06 13 3 012 004.000,DISTRICT 7,MONTGOMERY,AL,36108,,165,3.20111111,11.10361111,1005 ADELINE ST,2022,8,{A1B24210-9986-49AD-8FE5-4785E4B45FA8},,,HNAM,2025/03/19 20:12:07+00
506180.896491002,678232.59865576,C00136503,2022/06/24,NUISANCE,OPEN,NA,11 06 13 3 012 004.000,DISTRICT 7,MONTGOMERY,AL,36108,,166,3.20111111,11.10361111,1005 ADELINE ST,2022,6,{CD4FF8A8-2225-4DB0-B7B5-1C557E97AE67},,,HNAM,2025/03/19 20:12:07+00
506180.896491002,678232.59865576,C00133407,2022/05/05,NUISANCE,CLOSED,NA,11 06 13 3 012 004.000,DISTRICT 7,MONTGOMERY,AL,36108,,167,3.20111111,11.10361111,1005 ADELINE ST,2022,5,{98574630-18D6-49EE-B478-FA3D34278D71},,,HNAM,2025/03/19 20:12:07+00
506180.896491002,678232.59865576,C00125231,2021/09/08,NUISANCE,CLOSED,Lien Released,11 06 13 3 012 004.000,DISTRICT 7,MONTGOMERY,AL,36108,,168,3.20111111,11.10361111,1005 ADELINE ST,2021,9,{C4E19AAC-EE60-40E4-95F8-A487BAA7AF5F},,,HNAM,2025/03/19 20:12:07+00
524436.99350892,656700.651890345,C00141953,2022/09/26,NUISANCE,CLOSED,NA,15 02 04 4 008 020.000,DISTRICT 6,MONTGOMERY,AL,36116,,169,4.13888889,15.03444444,448 ADLER DR,2022,9,{34B0E46E-1161-468B-A4CF-F5CFC7B82A7D},,,HNAM,2025/03/19 20:12:07+00
524436.99350892,656700.651890345,C00156616,2023/09/13,NUISANCE,CLOSED,NA,15 02 04 4 008 020.000,DISTRICT 6,MONTGOMERY,AL,36116,,170,4.13888889,15.03444444,448 ADLER DR,2023,9,{0F0E7D63-70BE-4ACC-9EA6-2BD297890FD5},,,HNAM,2025/03/19 20:12:07+00
515465.494391587,667322.011225007,C00151349,2023/06/29,NUISANCE,CLOSED,NA,10 09 29 3 011 013.000,DISTRICT 7,MONTGOMERY,AL,36111,,171,3.18694444,10.15805556,1336 ADRIAN LN,2023,6,{F4E4A9A2-D3A7-4E1F-B727-2234386A372A},,,HNAM,2025/03/19 20:12:07+00
515465.494391587,667322.011225007,C00160877,2024/03/19,NUISANCE,CLOSED,NA,10 09 29 3 011 013.000,DISTRICT 7,MONTGOMERY,AL,36111,,172,3.18694444,10.15805556,1336 ADRIAN LN,2024,3,{375BF02B-1978-4CCB-B75C-B6C5337900FD},,,HNAM,2025/03/19 20:12:07+00
505594.147992589,672079.04993926,C00127380,2021/11/08,NUISANCE,CLOSED,Lien Released,11 06 24 3 015 020.000,DISTRICT 4,MONTGOMERY,AL,36105,,173,3.25555556,11.10666667,3221 AGATE ST,2021,11,{A30FD88E-C9EF-45CD-A8CB-81C1915A6971},,,HNAM,2025/03/19 20:12:07+00
515465.494391587,667322.011225007,C00171135,2024/10/02,NUISANCE,CLOSED,NA,10 09 29 3 011 013.000,DISTRICT 7,MONTGOMERY,AL,36111,BLACK CAR GRAY CAR BLUE CAR AND A WHITE CAR,174,3.18694444,10.15805556,1336 ADRIAN LN,2024,10,{448C3254-1D67-4FCA-B597-F5C81CE30B9A},,,HNAM,2025/03/19 20:12:07+00
506203.193690505,678032.827401757,C00125234,2021/09/08,NUISANCE,OPEN,Lien Filed,11 06 13 3 012 009.000,DISTRICT 7,MONTGOMERY,AL,36108,,175,3.2025,11.10361111,1025 ADELINE ST,2021,9,{ACDE8E99-EBB8-4A82-9C53-C15A1FC106FD},,,HNAM,2025/03/19 20:12:07+00
506203.193690505,678032.827401757,C00115639,2021/04/06,NUISANCE,OPEN,Lien Filed,11 06 13 3 012 009.000,DISTRICT 7,MONTGOMERY,AL,36108,,176,3.2025,11.10361111,1025 ADELINE ST,2021,4,{3D7A6D95-C21D-4644-8854-91F86D9D115C},,,HNAM,2025/03/19 20:12:07+00
506203.193690505,678032.827401757,C00147468,2023/04/24,NUISANCE,OPEN,Lien Filed,11 06 13 3 012 009.000,DISTRICT 7,MONTGOMERY,AL,36108,,177,3.2025,11.10361111,1025 ADELINE ST,2023,4,{10E3385C-DFA5-415C-8305-5F3D1A1F486B},,,HNAM,2025/03/19 20:12:07+00
506203.193690505,678032.827401757,C00133402,2022/05/05,NUISANCE,CLOSED,NA,11 06 13 3 012 009.000,DISTRICT 7,MONTGOMERY,AL,36108,,178,3.2025,11.10361111,1025 ADELINE ST,2022,5,{372FB6E6-CE0A-4414-AE57-47E8DD0539C1},,,HNAM,2025/03/19 20:12:07+00
506203.193690505,678032.827401757,C00132361,2022/04/25,NUISANCE,OPEN,Lien Filed,11 06 13 3 012 009.000,DISTRICT 7,MONTGOMERY,AL,36108,,179,3.2025,11.10361111,1025 ADELINE ST,2022,4,{DF3B525C-6B37-49D2-AC01-47E152E47924},,,HNAM,2025/03/19 20:12:07+00
506203.193690505,678032.827401757,C00136505,2022/06/24,NUISANCE,OPEN,Lien Filed,11 06 13 3 012 009.000,DISTRICT 7,MONTGOMERY,AL,36108,,180,3.2025,11.10361111,1025 ADELINE ST,2022,6,{B68E4A79-0BD2-4BBD-8F86-93D38CA36737},,,HNAM,2025/03/19 20:12:07+00
506203.193690505,678032.827401757,C00137454,2022/07/13,NUISANCE,CLOSED,NA,11 06 13 3 012 009.000,DISTRICT 7,MONTGOMERY,AL,36108,,181,3.2025,11.10361111,1025 ADELINE ST,2022,7,{69F48E18-A0B9-4516-8F69-95FAB1C4650A},,,HNAM,2025/03/19 20:12:07+00
506203.193690505,678032.827401757,C00139891,2022/08/18,NUISANCE,CLOSED,NA,11 06 13 3 012 009.000,DISTRICT 7,MONTGOMERY,AL,36108,,182,3.2025,11.10361111,1025 ADELINE ST,2022,8,{73068A68-3805-4121-8D7D-61FCA9DF2EDE},,,HNAM,2025/03/19 20:12:07+00
506203.193690505,678032.827401757,C00137453,2022/07/13,NUISANCE,CLOSED,NA,11 06 13 3 012 009.000,DISTRICT 7,MONTGOMERY,AL,36108,,183,3.2025,11.10361111,1025 ADELINE ST,2022,7,{44999967-00E8-4541-A201-2A2A4957D087},,,HNAM,2025/03/19 20:12:07+00
506203.193690505,678032.827401757,C00169974,2024/08/23,NUISANCE,OPEN,NA,11 06 13 3 012 009.000,DISTRICT 7,MONTGOMERY,AL,36108,,184,3.2025,11.10361111,1025 ADELINE ST,2024,8,{DDE60035-6919-448B-8FD1-A25076A14882},,,HNAM,2025/03/19 20:12:07+00
506203.193690505,678032.827401757,C00164567,2024/05/21,NUISANCE,OPEN,Lien Filed,11 06 13 3 012 009.000,DISTRICT 7,MONTGOMERY,AL,36108,,185,3.2025,11.10361111,1025 ADELINE ST,2024,5,{135AD01F-8719-4017-9082-7B179839F163},,,HNAM,2025/03/19 20:12:07+00
506203.193690505,678032.827401757,C00160437,2024/03/08,NUISANCE,OPEN,Lien Filed,11 06 13 3 012 009.000,DISTRICT 7,MONTGOMERY,AL,36108,,186,3.2025,11.10361111,1025 ADELINE ST,2024,3,{212D3676-1329-446D-9998-4788D88B829A},,,HNAM,2025/03/19 20:12:07+00
506203.193690505,678032.827401757,C00151805,2023/07/10,NUISANCE,OPEN,Lien Filed,11 06 13 3 012 009.000,DISTRICT 7,MONTGOMERY,AL,36108,,187,3.2025,11.10361111,1025 ADELINE ST,2023,7,{CF2630B2-F69E-45EB-B058-3EE18CBFE79E},,,HNAM,2025/03/19 20:12:07+00
523448.953490254,658041.222371928,C00134510,2022/05/23,NUISANCE,CLOSED,NA,15 02 04 1 011 008.000,DISTRICT 6,MONTGOMERY,AL,36116,,188,1.18555556,15.03444444,307 ADLER DR,2022,5,{14F3F604-7D40-49F4-A446-CA92B6DD89BA},,,HNAM,2025/03/19 20:12:07+00
524401.296073753,656913.479220591,C00116336,2021/04/14,NUISANCE,CLOSED,NA,15 02 04 4 009 013.000,DISTRICT 6,MONTGOMERY,AL,36116,,189,4.15361111,15.03444444,441 ADLER DR,2021,4,{9587C0DB-15C9-430B-9F36-81FCCBD58AFA},,,HNAM,2025/03/19 20:12:07+00
515192.242969587,667323.987927094,C00155660,2023/08/23,NUISANCE,CLOSED,NA,10 09 29 3 011 018.000,DISTRICT 7,MONTGOMERY,AL,36111,,190,3.18833333,10.15805556,1310 ADRIAN LN,2023,8,{7EAD402E-53E9-4715-8CDF-3F3E0EFF4E41},,,HNAM,2025/03/19 20:12:07+00
516177.874200422,667566.920184009,C00150365,2023/06/08,NUISANCE,CLOSED,NA,10 09 29 3 008 028.000,DISTRICT 7,MONTGOMERY,AL,36111,,191,3.14111111,10.15805556,1389 ADRIAN LN,2023,6,{93004610-92D9-4071-9CCD-84AF37EA5D65},,,HNAM,2025/03/19 20:12:07+00
505601.478358503,671719.127102673,C00120128,2021/06/11,NUISANCE,CLOSED,NA,11 06 24 3 015 026.000,DISTRICT 4,MONTGOMERY,AL,36105,,192,3.25722222,11.10666667,3257 AGATE ST,2021,6,{3920A73D-4ED5-4361-893F-BFA2C887A756},,,HNAM,2025/03/19 20:12:07+00
516177.874200422,667566.920184009,C00152570,2023/07/18,NUISANCE,OPEN,NA,10 09 29 3 008 028.000,DISTRICT 7,MONTGOMERY,AL,36111,,193,3.14111111,10.15805556,1389 ADRIAN LN,2023,7,{1349DFB8-2D40-43C5-A065-E12A07BD959C},,,HNAM,2025/03/19 20:12:07+00
505601.478358503,671719.127102673,C00142191,2022/09/29,NUISANCE,CLOSED,NA,11 06 24 3 015 026.000,DISTRICT 4,MONTGOMERY,AL,36105,,194,3.25722222,11.10666667,3257 AGATE ST,2022,9,{36740814-3421-48B7-8F3A-1F2B04DC034C},,,HNAM,2025/03/19 20:12:07+00
541575.838824335,691061.495242007,C00126290,2021/09/30,NUISANCE,CLOSED,Lien Released,09 03 06 2 004 015.000,DISTRICT 2,MONTGOMERY,AL,36117,,195,2.07083333,9.05166667,5700 AINSWORTH DR,2021,9,{69A27FD6-A72E-4733-BB75-626D91DB7741},,,HNAM,2025/03/19 20:12:07+00
496807.553033005,679718.861759342,C00166713,2024/07/01,NUISANCE,CLOSED,NA,11 05 15 1 004 003.000,DISTRICT 4,MONTGOMERY,AL,36108,,196,1.0675,11.0875,324 AIR BASE BLVD,2024,7,{B6EA585B-0D5F-47E1-BA88-6E0CBC4E5B29},,,HNAM,2025/03/19 20:12:07+00
496807.553033005,679718.861759342,C00171203,2024/10/04,NUISANCE,CLOSED,NA,11 05 15 1 004 003.000,DISTRICT 4,MONTGOMERY,AL,36108,,197,1.0675,11.0875,324 AIR BASE BLVD,2024,10,{9B74D228-F497-4421-8807-5D484AC63CBB},,,HNAM,2025/03/19 20:12:07+00
497377.463638589,677869.971756339,C00167136,2024/07/09,NUISANCE,CLOSED,NA,11 05 15 4 005 004.000,DISTRICT 4,MONTGOMERY,AL,36108,,198,4.08444444,11.0875,545 AIR BASE BLVD,2024,7,{1CBA66A0-5A06-414E-A0D7-1B31E7CB5423},,,HNAM,2025/03/19 20:12:07+00
497377.463638589,677869.971756339,C00171942,2024/10/31,NUISANCE,OPEN,NA,11 05 15 4 005 004.000,DISTRICT 4,MONTGOMERY,AL,36108,ENTIRE PARCEL MUST BE CUT ALL THE WAY TO ROAD FRONTAGE,199,4.08444444,11.0875,545 AIR BASE BLVD,2024,10,{8044E794-DFF8-4C3C-8C3D-9E3D0F580992},,,HNAM,2025/03/19 20:12:07+00
496807.553033005,679718.861759342,C00159461,2024/01/18,NUISANCE,CLOSED,NA,11 05 15 1 004 003.000,DISTRICT 4,MONTGOMERY,AL,36108,SPOKE WITH ROBIN ON SITE AND SHE STATED THE DUMPSTER HAD JUST BEEN EMPTIED AND THEY WOULD HAVE IT CLEANED ASAP  GAVE HER VERBAL WARNING,200,1.0675,11.0875,324 AIR BASE BLVD,2024,1,{62677652-FEB7-4B87-9C13-563C0B59C323},,,HNAM,2025/03/19 20:12:07+00
506175.041515838,678622.730421424,C00130738,2022/03/30,NUISANCE,OPEN,Lien Filed,11 06 13 3 013 015.000,DISTRICT 7,MONTGOMERY,AL,36108,,201,3.22083333,11.10361111,909 ADELINE ST,2022,3,{675FCB58-3670-4DB2-B64A-E69F668C12B5},,,HNAM,2025/03/19 20:12:07+00
506175.041515838,678622.730421424,C00125210,2021/09/07,NUISANCE,OPEN,Lien Filed,11 06 13 3 013 015.000,DISTRICT 7,MONTGOMERY,AL,36108,ALL VINES THAT HAVE GROWN ATTACHED TO STRUCTURE MUST BE REMOVED,202,3.22083333,11.10361111,909 ADELINE ST,2021,9,{5F936883-74EE-4DD3-A9FD-7C1E0736B420},,,HNAM,2025/03/19 20:12:07+00
516051.46598867,674243.42061051,C00171886,2024/10/29,NUISANCE,CLOSED,NA,10 04 20 2 023 012.000,DISTRICT 7,MONTGOMERY,AL,36106,,203,2.38666667,10.07222222,2544 AGNEW ST,2024,10,{F82BB285-17A1-4671-9128-09027AB1E670},,,HNAM,2025/03/19 20:12:07+00
498725.383514922,673334.756417342,C00115897,2021/04/08,NUISANCE,CLOSED,NA,11 05 22 4 001 001.000,DISTRICT 4,MONTGOMERY,AL,36108,,204,4.01694444,11.08944444,1225 AIR BASE BLVD,2021,4,{78F1FDBC-B456-48F0-85DB-9118B4539649},,,HNAM,2025/03/19 20:12:07+00
506175.041515838,678622.730421424,C00166832,2024/07/02,NUISANCE,OPEN,Lien Filed,11 06 13 3 013 015.000,DISTRICT 7,MONTGOMERY,AL,36108,,205,3.22083333,11.10361111,909 ADELINE ST,2024,7,{3D51DF0E-E7B1-44B0-A44E-65FFD7E3694C},,,HNAM,2025/03/19 20:12:07+00
506175.041515838,678622.730421424,C00139900,2022/08/18,NUISANCE,OPEN,Lien Filed,11 06 13 3 013 015.000,DISTRICT 7,MONTGOMERY,AL,36108,,206,3.22083333,11.10361111,909 ADELINE ST,2022,8,{463BAFAC-2739-4B0F-AD84-7BB6639BDA6F},,,HNAM,2025/03/19 20:12:07+00
506196.350200254,678505.910117008,C00128622,2022/01/14,NUISANCE,OPEN,Lien Filed,11 06 13 3 013 018.000,DISTRICT 7,MONTGOMERY,AL,36108,"WHITE CHEVY PICK-UP, GREY CHEVY SILVERADO PICK-UP",207,3.22166667,11.10361111,923 ADELINE ST,2022,1,{7349AD2B-5590-4A8A-9331-43D697DA7E43},,,HNAM,2025/03/19 20:12:07+00
506183.180279087,677992.597167261,C00125233,2021/09/08,NUISANCE,OPEN,NA,11 06 13 3 012 010.000,DISTRICT 7,MONTGOMERY,AL,36108,,208,3.20277778,11.10361111,1029 ADELINE ST,2021,9,{EA0D6FA0-D4E7-46EB-BE0A-6416252EDB56},,,HNAM,2025/03/19 20:12:07+00
506183.180279087,677992.597167261,C00115640,2021/04/06,NUISANCE,CLOSED,Lien Released,11 06 13 3 012 010.000,DISTRICT 7,MONTGOMERY,AL,36108,,209,3.20277778,11.10361111,1029 ADELINE ST,2021,4,{CCB27C75-36D7-48E0-B017-5D5CBA087557},,,HNAM,2025/03/19 20:12:07+00
506183.180279087,677992.597167261,C00139903,2022/08/18,REPAIR,CLOSED,NA,11 06 13 3 012 010.000,DISTRICT 7,MONTGOMERY,AL,36108,,210,3.20277778,11.10361111,1029 ADELINE ST,2022,8,{2A25B08A-59B0-483E-B3F5-30FA4DE4FC97},,,HNAM,2025/03/19 20:12:07+00
506183.180279087,677992.597167261,C00137520,2022/07/14,NUISANCE,CLOSED,NA,11 06 13 3 012 010.000,DISTRICT 7,MONTGOMERY,AL,36108,,211,3.20277778,11.10361111,1029 ADELINE ST,2022,7,{A0617384-1D10-47F6-A79D-99C4807E9030},,,HNAM,2025/03/19 20:12:07+00
506183.180279087,677992.597167261,C00139904,2022/08/18,NUISANCE,CLOSED,NA,11 06 13 3 012 010.000,DISTRICT 7,MONTGOMERY,AL,36108,,212,3.20277778,11.10361111,1029 ADELINE ST,2022,8,{F4E1CD8B-FDB0-4410-ADE4-C995476B62E9},,,HNAM,2025/03/19 20:12:07+00
506183.180279087,677992.597167261,C00136506,2022/06/24,NUISANCE,CLOSED,Lien Released,11 06 13 3 012 010.000,DISTRICT 7,MONTGOMERY,AL,36108,,213,3.20277778,11.10361111,1029 ADELINE ST,2022,6,{5219C51B-DE86-43E3-A11F-889C1EA3C2CF},,,HNAM,2025/03/19 20:12:07+00
506183.180279087,677992.597167261,C00133401,2022/05/05,NUISANCE,CLOSED,NA,11 06 13 3 012 010.000,DISTRICT 7,MONTGOMERY,AL,36108,,214,3.20277778,11.10361111,1029 ADELINE ST,2022,5,{D069ABFB-8242-49DF-A271-B1038C300CB4},,,HNAM,2025/03/19 20:12:07+00
506183.180279087,677992.597167261,C00142967,2022/10/25,DEMOLITION,OPEN,NA,11 06 13 3 012 010.000,DISTRICT 7,MONTGOMERY,AL,36108,STRUCTURE  FIRE 10/15/22,215,3.20277778,11.10361111,1029 ADELINE ST,2022,10,{DA57AED3-60EB-441A-BD00-D04365D739A7},,,HNAM,2025/03/19 20:12:07+00
506183.180279087,677992.597167261,C00164566,2024/05/21,NUISANCE,OPEN,NA,11 06 13 3 012 010.000,DISTRICT 7,MONTGOMERY,AL,36108,,216,3.20277778,11.10361111,1029 ADELINE ST,2024,5,{58AFBF12-C40B-493C-B41C-394EDC70D7FA},,,HNAM,2025/03/19 20:12:07+00
506183.180279087,677992.597167261,C00159128,2023/12/19,NUISANCE,CLOSED,NA,11 06 13 3 012 010.000,DISTRICT 7,MONTGOMERY,AL,36108,,217,3.20277778,11.10361111,1029 ADELINE ST,2023,12,{0BF6DD03-C886-4FA1-B156-F58A14748D53},,,HNAM,2025/03/19 20:12:07+00
506183.180279087,677992.597167261,C00160438,2024/03/08,DEMOLITION,CLOSED,NA,11 06 13 3 012 010.000,DISTRICT 7,MONTGOMERY,AL,36108,THIS STRUCTURE HAS BEN BURNED BADLY  IT HAS ALREADY BEEN PROCESSED FOR DEMOLITION,218,3.20277778,11.10361111,1029 ADELINE ST,2024,3,{D2776016-B36C-4ACA-8F36-560583A13C0F},,,HNAM,2025/03/19 20:12:07+00
506183.180279087,677992.597167261,C00160439,2024/03/08,NUISANCE,CLOSED,NA,11 06 13 3 012 010.000,DISTRICT 7,MONTGOMERY,AL,36108,,219,3.20277778,11.10361111,1029 ADELINE ST,2024,3,{881C076B-3CD3-4103-9151-AC167436F5C4},,,HNAM,2025/03/19 20:12:07+00
506183.180279087,677992.597167261,C00160411,2024/03/07,NUISANCE,OPEN,Lien Filed,11 06 13 3 012 010.000,DISTRICT 7,MONTGOMERY,AL,36108,,220,3.20277778,11.10361111,1029 ADELINE ST,2024,3,{6D1300F9-87E7-4EE2-B511-0F09FA6B619E},,,HNAM,2025/03/19 20:12:07+00
523748.735371005,657073.427063428,C00139995,2022/08/19,NUISANCE,CLOSED,NA,15 02 04 4 008 030.000,DISTRICT 6,MONTGOMERY,AL,36116,GOLD SUV AND A GRAY SUV,221,4.14166667,15.03444444,408 ADLER DR,2022,8,{7BDB5B92-AC2C-4686-A0F9-CD2EDD61FEE2},,,HNAM,2025/03/19 20:12:07+00
506183.180279087,677992.597167261,C00151806,2023/07/10,NUISANCE,OPEN,NA,11 06 13 3 012 010.000,DISTRICT 7,MONTGOMERY,AL,36108,,222,3.20277778,11.10361111,1029 ADELINE ST,2023,7,{00EF50E7-904D-4705-82E2-0B3A094C88A7},,,HNAM,2025/03/19 20:12:07+00
523748.735371005,657073.427063428,C00125293,2021/09/08,NUISANCE,CLOSED,NA,15 02 04 4 008 030.000,DISTRICT 6,MONTGOMERY,AL,36116,,223,4.14166667,15.03444444,408 ADLER DR,2021,9,{5A5215CE-F81F-43EF-A054-13A5A7F38415},,,HNAM,2025/03/19 20:12:07+00
515127.653531838,667522.182740673,C00143445,2022/11/23,NUISANCE,CLOSED,NA,10 09 29 3 008 013.000,DISTRICT 7,MONTGOMERY,AL,36111,,224,3.13694444,10.15805556,1305 ADRIAN LN,2022,11,{52B5BE29-E857-44D3-ACBF-A1D467432850},,,HNAM,2025/03/19 20:12:07+00
515250.521068253,667318.54600884,C00117733,2021/04/29,NUISANCE,CLOSED,NA,10 09 29 3 011 017.000,DISTRICT 7,MONTGOMERY,AL,36111,,225,3.18805556,10.15805556,1316 ADRIAN LN,2021,4,{6BAE96AE-1E1A-4FE9-A9F1-DF2513103821},,,HNAM,2025/03/19 20:12:07+00
515345.444762919,667554.054724179,C00138381,2022/07/27,NUISANCE,CLOSED,NA,10 09 29 3 008 016.000,DISTRICT 7,MONTGOMERY,AL,36111,,226,3.13777778,10.15805556,1327 ADRIAN LN,2022,7,{C288AD32-3AD5-43C0-858A-6698CBD2196C},,,HNAM,2025/03/19 20:12:07+00
516177.908321086,667333.492829345,C00120342,2021/06/15,NUISANCE,CLOSED,NA,10 09 29 3 011 003.000,DISTRICT 7,MONTGOMERY,AL,36111,,227,3.18416667,10.15805556,1388 ADRIAN LN,2021,6,{D67B3A0E-3BFB-49DE-A1FD-63E67C4DAC18},,,HNAM,2025/03/19 20:12:07+00
516177.908321086,667333.492829345,C00116780,2021/04/19,NUISANCE,CLOSED,NA,10 09 29 3 011 003.000,DISTRICT 7,MONTGOMERY,AL,36111,,228,3.18416667,10.15805556,1388 ADRIAN LN,2021,4,{18332716-D8FB-41F2-90E3-380FC93B4F9C},,,HNAM,2025/03/19 20:12:07+00
516177.908321086,667333.492829345,C00166131,2024/06/17,NUISANCE,CLOSED,NA,10 09 29 3 011 003.000,DISTRICT 7,MONTGOMERY,AL,36111,,229,3.18416667,10.15805556,1388 ADRIAN LN,2024,6,{5B3688D1-B87B-4AA7-9ECE-3E70EBA7B46F},,,HNAM,2025/03/19 20:12:07+00
516177.908321086,667333.492829345,C00126438,2021/10/04,NUISANCE,CLOSED,NA,10 09 29 3 011 003.000,DISTRICT 7,MONTGOMERY,AL,36111,,230,3.18416667,10.15805556,1388 ADRIAN LN,2021,10,{5D69A930-7743-48D4-8F58-0B30DFBEF586},,,HNAM,2025/03/19 20:12:07+00
515577.981043253,667323.824869677,C00138754,2022/08/01,GENERIC,CLOSED,NA,10 09 29 3 011 011.000,DISTRICT 7,MONTGOMERY,AL,36111,,231,3.18638889,10.15805556,1344 ADRIAN LN,2022,8,{2288DFE6-878B-4859-8AA9-80D213AF4141},,,HNAM,2025/03/19 20:12:07+00
515577.981043253,667323.824869677,C00141578,2022/09/16,NUISANCE,CLOSED,NA,10 09 29 3 011 011.000,DISTRICT 7,MONTGOMERY,AL,36111,DISMANTLED BLUE CAR AND A RED CHEVY CAR,232,3.18638889,10.15805556,1344 ADRIAN LN,2022,9,{CD44151A-23B6-430C-8999-53E99A17CE15},,,HNAM,2025/03/19 20:12:07+00
516902.799587838,667578.652772091,C00116698,2021/04/19,NUISANCE,CLOSED,NA,10 09 29 3 009 018.000,DISTRICT 7,MONTGOMERY,AL,36111,,233,3.155,10.15805556,1431 ADRIAN LN,2021,4,{A1DAF3FA-651C-4EC0-AF2A-1AA013127F83},,,HNAM,2025/03/19 20:12:07+00
516902.799587838,667578.652772091,C00116700,2021/04/19,GENERIC,CLOSED,NA,10 09 29 3 009 018.000,DISTRICT 7,MONTGOMERY,AL,36111,,234,3.155,10.15805556,1431 ADRIAN LN,2021,4,{EFBBFC4A-75D8-436C-A1C2-279F8C917625},,,HNAM,2025/03/19 20:12:07+00
527811.116681922,671799.659421928,C00115874,2021/04/08,REPAIR,CLOSED,NA,10 05 22 3 016 012.000,DISTRICT 5,MONTGOMERY,AL,36106,,235,3.27,10.08944444,2607 AIMEE DR,2021,4,{5255A8B3-B51B-4AE6-A9EE-395DE30AF47E},,,HNAM,2025/03/19 20:12:07+00
505591.70442792,672199.024764925,C00135739,2022/06/13,NUISANCE,CLOSED,NA,11 06 24 3 015 018.000,DISTRICT 4,MONTGOMERY,AL,36105,,236,3.255,11.10666667,3209 AGATE ST,2022,6,{F519B787-3E23-4554-A05B-38B0BBD06CE2},,,HNAM,2025/03/19 20:12:07+00
516902.799587838,667578.652772091,C00150346,2023/06/08,NUISANCE,CLOSED,NA,10 09 29 3 009 018.000,DISTRICT 7,MONTGOMERY,AL,36111,,237,3.155,10.15805556,1431 ADRIAN LN,2023,6,{FA253C68-5503-4795-BCCD-DD7129446892},,,HNAM,2025/03/19 20:12:07+00
505595.370103005,672019.062854506,C00162224,2024/04/09,NUISANCE,OPEN,Lien Filed,11 06 24 3 015 021.000,DISTRICT 4,MONTGOMERY,AL,36105,,238,3.25583333,11.10666667,3227 AGATE ST,2024,4,{513B7C56-1968-404C-9675-E8ACF2983782},,,HNAM,2025/03/19 20:12:07+00
497083.436011419,679090.832503594,C00150180,2023/06/07,NUISANCE,CLOSED,NA,11 05 15 1 017 005.000,DISTRICT 4,MONTGOMERY,AL,36108,,239,1.28472222,11.0875,421 AIR BASE BLVD,2023,6,{627DB824-8FEA-42EA-A145-C69F9FF662C3},,,HNAM,2025/03/19 20:12:07+00
496650.831889752,678310.275993839,C00130763,2022/03/31,OPEN VACANT,CLOSED,NA,11 05 15 4 004 001.000,DISTRICT 4,MONTGOMERY,AL,36108,,240,4.06694444,11.0875,500 AIR BASE BLVD,2022,3,{F09AA378-4341-4566-B7C8-DA7B3D8B811F},,,HNAM,2025/03/19 20:12:07+00
496650.831889752,678310.275993839,C00168247,2024/07/24,NUISANCE,OPEN,Lien Filed,11 05 15 4 004 001.000,DISTRICT 4,MONTGOMERY,AL,36108,,241,4.06694444,11.0875,500 AIR BASE BLVD,2024,7,{118C1C4D-AE4A-4B1C-9959-5E6E152E4E7B},,,HNAM,2025/03/19 20:12:07+00
496793.307326589,679057.191166677,C00126245,2021/09/29,NUISANCE,OPEN,NA,11 05 15 1 004 007.000,DISTRICT 4,MONTGOMERY,AL,36108,,242,1.06861111,11.0875,420 AIR BASE BLVD,2021,9,{2CB44408-91A7-4CA9-B9C0-98A9E912D8CD},,,HNAM,2025/03/19 20:12:07+00
496793.307326589,679057.191166677,C00119365,2021/05/26,NUISANCE,CLOSED,NA,11 05 15 1 004 007.000,DISTRICT 4,MONTGOMERY,AL,36108,,243,1.06861111,11.0875,420 AIR BASE BLVD,2021,5,{56946005-C8FE-497E-ACFD-8FD7F5D3ECAD},,,HNAM,2025/03/19 20:12:07+00
496793.307326589,679057.191166677,C00142756,2022/10/19,NUISANCE,CLOSED,Lien Released,11 05 15 1 004 007.000,DISTRICT 4,MONTGOMERY,AL,36108,,244,1.06861111,11.0875,420 AIR BASE BLVD,2022,10,{B218FEDC-2733-4CA5-BEF5-31204E493619},,,HNAM,2025/03/19 20:12:07+00
496793.307326589,679057.191166677,C00171827,2024/10/25,NUISANCE,CLOSED,NA,11 05 15 1 004 007.000,DISTRICT 4,MONTGOMERY,AL,36108,,245,1.06861111,11.0875,420 AIR BASE BLVD,2024,10,{43F5F55D-3950-4B91-AF62-7312BD0C850F},,,HNAM,2025/03/19 20:12:07+00
496793.307326589,679057.191166677,C00170919,2024/09/25,NUISANCE,OPEN,Lien Filed,11 05 15 1 004 007.000,DISTRICT 4,MONTGOMERY,AL,36108,,246,1.06861111,11.0875,420 AIR BASE BLVD,2024,9,{B73B9E3D-F8F1-44AE-857A-D3F5A3482F6A},,,HNAM,2025/03/19 20:12:07+00
496793.307326589,679057.191166677,C00150523,2023/06/12,NUISANCE,OPEN,NA,11 05 15 1 004 007.000,DISTRICT 4,MONTGOMERY,AL,36108,VEHICLES PARKED ON PROPERTY.,250,1.06861111,11.0875,420 AIR BASE BLVD,2023,6,{6AE6E6C5-23C7-4DEC-A021-24E3B04CF588},,,HNAM,2025/03/19 20:12:07+00
496793.307326589,679057.191166677,C00165267,2024/05/31,NUISANCE,OPEN,NA,11 05 15 1 004 007.000,DISTRICT 4,MONTGOMERY,AL,36108,,251,1.06861111,11.0875,420 AIR BASE BLVD,2024,5,{5B9B6E14-8D7B-4088-BEC5-5DE6DD417EE6},,,HNAM,2025/03/19 20:12:07+00
497142.532021835,676599.434599258,C00159996,2024/02/15,NUISANCE,CLOSED,NA,11 05 15 4 007 006.000,DISTRICT 4,MONTGOMERY,AL,36108,THE LOT IN VIOLATION IS NEXT DOOR TO THIS LOT WHICH IS A MOTEL,252,4.11833333,11.0875,800 AIR BASE BLVD,2024,2,{66B25B88-2137-471D-9C66-EDF38EF629A7},,,HNAM,2025/03/19 20:12:07+00
496008.448988169,678633.961042009,C00144433,2023/02/07,NUISANCE,CLOSED,NA,11 05 15 3 001 001.000,DISTRICT 4,MONTGOMERY,AL,36108,,253,3.01694444,11.0875,430 AIR BASE BLVD,2023,2,{02638791-37C9-46E3-8CB0-818EC06C13B6},,,HNAM,2025/03/19 20:12:07+00
502543.670497753,674800.365362756,C00163188,2024/04/23,NUISANCE,OPEN,Lien Filed,11 06 23 1 020 012.000,DISTRICT 4,MONTGOMERY,AL,36108,,254,1.33666667,11.10638889,2268 AJAX ST,2024,4,{3BE20FB8-90FD-42B8-AF8C-74CE1FBFE31B},,,HNAM,2025/03/19 20:12:07+00
502543.670497753,674800.365362756,C00152450,2023/07/17,NUISANCE,OPEN,NA,11 06 23 1 020 012.000,DISTRICT 4,MONTGOMERY,AL,36108,,255,1.33666667,11.10638889,2268 AJAX ST,2023,7,{18B05583-AFF4-4A25-BE4E-A5ABB06A744F},,,HNAM,2025/03/19 20:12:07+00
502543.670497753,674800.365362756,C00169039,2024/08/05,NUISANCE,OPEN,Lien Filed,11 06 23 1 020 012.000,DISTRICT 4,MONTGOMERY,AL,36108,,256,1.33666667,11.10638889,2268 AJAX ST,2024,8,{50ECBD26-0873-4A20-9C9C-8E0B12D86397},,,HNAM,2025/03/19 20:12:07+00
502543.670497753,674800.365362756,C00145514,2023/03/22,NUISANCE,OPEN,Lien Filed,11 06 23 1 020 012.000,DISTRICT 4,MONTGOMERY,AL,36108,,257,1.33666667,11.10638889,2268 AJAX ST,2023,3,{013ED915-3FD7-44B8-A1F2-551853C93908},,,HNAM,2025/03/19 20:12:07+00
502543.670497753,674800.365362756,C00134141,2022/05/16,NUISANCE,CLOSED,NA,11 06 23 1 020 012.000,DISTRICT 4,MONTGOMERY,AL,36108,,258,1.33666667,11.10638889,2268 AJAX ST,2022,5,{9C006E6E-6735-4168-A075-EAF0983D63A6},,,HNAM,2025/03/19 20:12:07+00
502543.670497753,674800.365362756,C00121932,2021/07/12,NUISANCE,OPEN,Lien Filed,11 06 23 1 020 012.000,DISTRICT 4,MONTGOMERY,AL,36108,,259,1.33666667,11.10638889,2268 AJAX ST,2021,7,{E7F5B604-B7D4-4659-A0DC-ADCEAB1923C6},,,HNAM,2025/03/19 20:12:07+00
502543.670497753,674800.365362756,C00129487,2022/02/24,NUISANCE,OPEN,Lien Filed,11 06 23 1 020 012.000,DISTRICT 4,MONTGOMERY,AL,36108,,260,1.33666667,11.10638889,2268 AJAX ST,2022,2,{7C372D11-0271-402E-BB21-AB03A3F5502D},,,HNAM,2025/03/19 20:12:07+00
489047.813959338,676968.607745424,C00157454,2023/09/29,NUISANCE,CLOSED,NA,11 05 16 3 004 016.000,DISTRICT 4,MONTGOMERY,AL,36108,,261,3.07111111,11.08777778,3205 ALAN LN,2023,9,{970A432C-8548-450F-B267-A1267AB20945},,,HNAM,2025/03/19 20:12:07+00
502414.295428421,674648.855167091,C00155221,2023/08/16,NUISANCE,CLOSED,NA,11 06 23 1 022 001.000,DISTRICT 4,MONTGOMERY,AL,36108,,262,1.36694444,11.10638889,2303 AJAX ST,2023,8,{440CA4C3-7463-4436-87C1-E9F7FEB02094},,,HNAM,2025/03/19 20:12:07+00
489047.813959338,676968.607745424,C00168464,2024/07/26,NUISANCE,CLOSED,NA,11 05 16 3 004 016.000,DISTRICT 4,MONTGOMERY,AL,36108,TRUCK ON JACKS,263,3.07111111,11.08777778,3205 ALAN LN,2024,7,{FB52AC76-B3EE-4D54-B57E-5270DD5A9627},,,HNAM,2025/03/19 20:12:07+00
497050.84454117,677956.649076425,C00169690,2024/08/15,NUISANCE,CLOSED,NA,11 05 15 4 004 002.001,DISTRICT 4,MONTGOMERY,AL,36108,,264,4.0672225,11.0875,530 AIR BASE BLVD,2024,8,{68230786-7843-4EC4-B8F3-1424F43E4963},,,HNAM,2025/03/19 20:12:07+00
532080.414573755,673533.020128429,C00112983,2021/01/07,NUISANCE,CLOSED,NA,10 06 23 3 002 010.000,DISTRICT 5,MONTGOMERY,AL,36106,! RED KIA VAN,265,3.03611111,10.10638889,1840 ALDERPOINT DR,2021,1,{8585D5EA-6B4A-47EC-AD98-8FE35A9272E0},,,HNAM,2025/03/19 20:12:07+00
520703.805437256,701656.951741345,C00116669,2021/04/16,NUISANCE,CLOSED,NA,04 08 28 2 000 001.006,DISTRICT 2,MONTGOMERY,AL,36110,,266,2.00027944,4.14111111,2531 ALABAMA RIVER PKWY,2021,4,{CE879F37-F2EF-4C5B-AAAE-04A4E51B5510},,,HNAM,2025/03/19 20:12:07+00
498037.939351752,673069.265478507,C00170922,2024/09/25,NUISANCE,CLOSED,NA,11 05 22 4 002 006.000,DISTRICT 4,MONTGOMERY,AL,36108,,267,4.035,11.08944444,1250 AIR BASE BLVD,2024,9,{AF06FF37-F876-4FB6-925F-2B3E8B9AAA01},,,HNAM,2025/03/19 20:12:07+00
502498.682070669,674799.877502844,C00129486,2022/02/24,NUISANCE,OPEN,Lien Filed,11 06 23 1 020 011.000,DISTRICT 4,MONTGOMERY,AL,36108,,268,1.33638889,11.10638889,2274 AJAX ST,2022,2,{CC2FC685-CA04-47FD-927D-745C15E51D2F},,,HNAM,2025/03/19 20:12:07+00
498037.939351752,673069.265478507,C00126384,2021/10/01,NUISANCE,CLOSED,NA,11 05 22 4 002 006.000,DISTRICT 4,MONTGOMERY,AL,36108,,269,4.035,11.08944444,1250 AIR BASE BLVD,2021,10,{49A0E98F-B61E-4A75-BAAC-316AE2FA9FDC},,,HNAM,2025/03/19 20:12:07+00
502498.682070669,674799.877502844,C00121931,2021/07/12,NUISANCE,OPEN,Lien Filed,11 06 23 1 020 011.000,DISTRICT 4,MONTGOMERY,AL,36108,,270,1.33638889,11.10638889,2274 AJAX ST,2021,7,{6A88E6F1-5CCF-4644-9E6E-034135CA9486},,,HNAM,2025/03/19 20:12:07+00
502498.682070669,674799.877502844,C00134142,2022/05/16,NUISANCE,OPEN,Lien Filed,11 06 23 1 020 011.000,DISTRICT 4,MONTGOMERY,AL,36108,,271,1.33638889,11.10638889,2274 AJAX ST,2022,5,{CCD64D34-B0CE-4BB0-91F4-904EA7CAE712},,,HNAM,2025/03/19 20:12:07+00
502498.682070669,674799.877502844,C00145513,2023/03/22,NUISANCE,OPEN,Lien Filed,11 06 23 1 020 011.000,DISTRICT 4,MONTGOMERY,AL,36108,,272,1.33638889,11.10638889,2274 AJAX ST,2023,3,{09AFEBC3-467B-470E-8B9C-868AED14E70F},,,HNAM,2025/03/19 20:12:07+00
502498.682070669,674799.877502844,C00169038,2024/08/05,NUISANCE,OPEN,Lien Filed,11 06 23 1 020 011.000,DISTRICT 4,MONTGOMERY,AL,36108,,273,1.33638889,11.10638889,2274 AJAX ST,2024,8,{FF49B2CA-B80F-4028-8AC5-6A498CADBE78},,,HNAM,2025/03/19 20:12:07+00
502498.682070669,674799.877502844,C00152449,2023/07/17,NUISANCE,OPEN,NA,11 06 23 1 020 011.000,DISTRICT 4,MONTGOMERY,AL,36108,,274,1.33638889,11.10638889,2274 AJAX ST,2023,7,{FE1DA1C0-7164-4EC7-831F-5C36BE807512},,,HNAM,2025/03/19 20:12:07+00
502498.682070669,674799.877502844,C00163182,2024/04/23,NUISANCE,OPEN,Lien Filed,11 06 23 1 020 011.000,DISTRICT 4,MONTGOMERY,AL,36108,,275,1.33638889,11.10638889,2274 AJAX ST,2024,4,{4A411835-B408-4921-974C-F4AC947767C1},,,HNAM,2025/03/19 20:12:07+00
502363.723351087,674793.654418178,C00168561,2024/07/30,NUISANCE,OPEN,Lien Filed,11 06 23 1 021 013.000,DISTRICT 4,MONTGOMERY,AL,36108,,276,1.35361111,11.10638889,2308 AJAX ST,2024,7,{7670BAC6-A9C3-4946-B5B3-E76273A22EA4},,,HNAM,2025/03/19 20:12:07+00
502363.723351087,674793.654418178,C00155219,2023/08/16,NUISANCE,OPEN,Lien Filed,11 06 23 1 021 013.000,DISTRICT 4,MONTGOMERY,AL,36108,,277,1.35361111,11.10638889,2308 AJAX ST,2023,8,{C10E4E9E-6615-4BA7-B0D2-70A73331A10E},,,HNAM,2025/03/19 20:12:07+00
502363.723351087,674793.654418178,C00134086,2022/05/16,NUISANCE,CLOSED,Lien Released,11 06 23 1 021 013.000,DISTRICT 4,MONTGOMERY,AL,36108,,278,1.35361111,11.10638889,2308 AJAX ST,2022,5,{E8236A07-E53E-4D8E-AF0A-D162B23C2D4A},,,HNAM,2025/03/19 20:12:07+00
502363.723351087,674793.654418178,C00136360,2022/06/22,NUISANCE,CLOSED,NA,11 06 23 1 021 013.000,DISTRICT 4,MONTGOMERY,AL,36108,,279,1.35361111,11.10638889,2308 AJAX ST,2022,6,{B7363F04-CA0D-4DA2-AEB7-E2D2C7C04932},,,HNAM,2025/03/19 20:12:07+00
502363.723351087,674793.654418178,C00120988,2021/06/28,NUISANCE,CLOSED,NA,11 06 23 1 021 013.000,DISTRICT 4,MONTGOMERY,AL,36108,,280,1.35361111,11.10638889,2308 AJAX ST,2021,6,{AF927F09-8EB4-49C6-A04A-7F9CF3FC3BDA},,,HNAM,2025/03/19 20:12:07+00
502363.723351087,674793.654418178,C00116155,2021/04/12,NUISANCE,OPEN,NA,11 06 23 1 021 013.000,DISTRICT 4,MONTGOMERY,AL,36108,,281,1.35361111,11.10638889,2308 AJAX ST,2021,4,{E649FCF7-F913-42A4-846C-0C6F8573C886},,,HNAM,2025/03/19 20:12:07+00
502363.723351087,674793.654418178,C00129488,2022/02/24,NUISANCE,CLOSED,Lien Released,11 06 23 1 021 013.000,DISTRICT 4,MONTGOMERY,AL,36108,,282,1.35361111,11.10638889,2308 AJAX ST,2022,2,{E90C7835-A7D2-41E6-9A99-610CE99E8521},,,HNAM,2025/03/19 20:12:07+00
502207.076354671,674657.112696506,C00152448,2023/07/17,NUISANCE,CLOSED,NA,11 06 23 1 022 004.000,DISTRICT 4,MONTGOMERY,AL,36108,,283,1.36777778,11.10638889,2335 AJAX ST,2023,7,{2C8A32B5-BC1E-4AF5-8509-21E30E8C6205},,,HNAM,2025/03/19 20:12:07+00
502207.076354671,674657.112696506,C00157799,2023/10/10,NUISANCE,OPEN,NA,11 06 23 1 022 004.000,DISTRICT 4,MONTGOMERY,AL,36108,,284,1.36777778,11.10638889,2335 AJAX ST,2023,10,{4E4F69FB-7758-429A-AD4B-21828D76EC6F},,,HNAM,2025/03/19 20:12:07+00
502207.076354671,674657.112696506,C00150096,2023/06/06,NUISANCE,OPEN,Lien Filed,11 06 23 1 022 004.000,DISTRICT 4,MONTGOMERY,AL,36108,,286,1.36777778,11.10638889,2335 AJAX ST,2023,6,{95069E22-E5E5-4433-BD0A-8BAE5F56B225},,,HNAM,2025/03/19 20:12:07+00
489079.118030585,676929.620290592,C00157455,2023/09/29,NUISANCE,CLOSED,NA,11 05 16 3 004 017.000,DISTRICT 4,MONTGOMERY,AL,36108,,287,3.07138889,11.08777778,3209 ALAN LN,2023,9,{B292FB40-68D0-464A-9991-EFFB7898B1B1},,,HNAM,2025/03/19 20:12:07+00
489166.457094755,677090.098644175,C00123161,2021/07/30,NUISANCE,CLOSED,NA,11 05 16 3 004 013.000,DISTRICT 4,MONTGOMERY,AL,36108,,288,3.07027778,11.08777778,3204 ALAN LN,2021,7,{C516C526-B64D-44DE-A67A-FFA7E5BF1505},,,HNAM,2025/03/19 20:12:07+00
489079.118030585,676929.620290592,C00159593,2024/01/23,NUISANCE,OPEN,Lien Filed,11 05 16 3 004 017.000,DISTRICT 4,MONTGOMERY,AL,36108,REMOVE ALL SCATTERED DEBRIS FROM PROPERTY INCLUDING DISMANTLED VEHICLE,289,3.07138889,11.08777778,3209 ALAN LN,2024,1,{7E89DD56-1AB0-447B-8EF7-3F526184069C},,,HNAM,2025/03/19 20:12:07+00
502207.076354671,674657.112696506,C00163186,2024/04/23,NUISANCE,OPEN,Lien Filed,11 06 23 1 022 004.000,DISTRICT 4,MONTGOMERY,AL,36108,,290,1.36777778,11.10638889,2335 AJAX ST,2024,4,{5EAB749D-54F3-46B5-BBAD-4C9E0009EBE4},,,HNAM,2025/03/19 20:12:07+00
489172.048619002,676807.091008089,C00138987,2022/08/04,NUISANCE,CLOSED,NA,11 05 16 3 004 020.000,DISTRICT 4,MONTGOMERY,AL,36108,,291,3.07222222,11.08777778,3221 ALAN LN,2022,8,{88AA879D-2606-44A0-9A59-DB937C001067},,,HNAM,2025/03/19 20:12:07+00
489260.622588836,676973.337722845,C00157452,2023/09/29,NUISANCE,CLOSED,NA,11 05 16 3 004 010.000,DISTRICT 4,MONTGOMERY,AL,36108,,292,3.06944444,11.08777778,3216 ALAN LN,2023,9,{65EE2DBA-89D0-481C-8148-CB62B5ADC119},,,HNAM,2025/03/19 20:12:07+00
489260.622588836,676973.337722845,C00123158,2021/07/30,NUISANCE,CLOSED,NA,11 05 16 3 004 010.000,DISTRICT 4,MONTGOMERY,AL,36108,,293,3.06944444,11.08777778,3216 ALAN LN,2021,7,{C30A4643-340C-4DAA-8596-1E702EEC77E1},,,HNAM,2025/03/19 20:12:07+00
489079.118030585,676929.620290592,C00168465,2024/07/26,NUISANCE,CLOSED,NA,11 05 16 3 004 017.000,DISTRICT 4,MONTGOMERY,AL,36108,TRUCK ON JACKS,294,3.07138889,11.08777778,3209 ALAN LN,2024,7,{A975DE2A-85CC-462B-92D6-D2B571336554},,,HNAM,2025/03/19 20:12:07+00
489172.048619002,676807.091008089,C00134775,2022/05/26,NUISANCE,OPEN,NA,11 05 16 3 004 020.000,DISTRICT 4,MONTGOMERY,AL,36108,,295,3.07222222,11.08777778,3221 ALAN LN,2022,5,{6CD0C531-E1D6-41B0-97B3-2AB3357C5DF7},,,HNAM,2025/03/19 20:12:07+00
489172.048619002,676807.091008089,C00157458,2023/09/29,NUISANCE,CLOSED,NA,11 05 16 3 004 020.000,DISTRICT 4,MONTGOMERY,AL,36108,,296,3.07222222,11.08777778,3221 ALAN LN,2023,9,{CBD1D078-3384-468F-A5E1-053A811319B2},,,HNAM,2025/03/19 20:12:07+00
522482.342562586,675912.706970096,C00171312,2024/10/08,NUISANCE,CLOSED,NA,10 05 21 2 011 016.000,DISTRICT 7,MONTGOMERY,AL,36107,,297,2.18777778,10.08916667,2726 ALBEMARLE RD,2024,10,{1AC3BBCA-B1C2-4229-99DE-9375CC4F1C74},,,HNAM,2025/03/19 20:12:07+00
522482.342562586,675912.706970096,C00172458,2024/12/06,NUISANCE,CLOSED,NA,10 05 21 2 011 016.000,DISTRICT 7,MONTGOMERY,AL,36107,,298,2.18777778,10.08916667,2726 ALBEMARLE RD,2024,12,{5C9BC515-0256-4DD8-94BA-CDF626249358},,,HNAM,2025/03/19 20:12:07+00
523802.998057753,657021.653216846,C00120903,2021/06/25,NUISANCE,CLOSED,NA,15 02 04 4 008 029.000,DISTRICT 6,MONTGOMERY,AL,36116,"ALL LITTER, JUNK, TRASH AND DEBRIS IN DRIVEWAY AND REAR OF PROPERTY MUST BE REMOVED",299,4.14138889,15.03444444,412 ADLER DR,2021,6,{B161A4F4-7C43-468F-B4EC-91B7F3D3C983},,,HNAM,2025/03/19 20:12:07+00
522482.342562586,675912.706970096,C00127219,2021/10/28,NUISANCE,CLOSED,Lien Released,10 05 21 2 011 016.000,DISTRICT 7,MONTGOMERY,AL,36107,"ALL OF TREE TRUNK, TREE LIMBS, AND OTHER DEBRIS FROM TREE THAT WAS CUT DOWN AND PLACED ADJACENT RIGHT-OF-WAY AND DRAINAGE DITCH MUST BE REMOVED",300,2.18777778,10.08916667,2726 ALBEMARLE RD,2021,10,{32918B24-AA7E-4972-98DC-1A4469A87455},,,HNAM,2025/03/19 20:12:07+00
516102.880584005,667565.762049839,C00120983,2021/06/28,NUISANCE,CLOSED,NA,10 09 29 3 008 027.000,DISTRICT 7,MONTGOMERY,AL,36111,,301,3.14083333,10.15805556,1385 ADRIAN LN,2021,6,{F7CB4D09-3E3A-468C-A971-DBC6B04BCA15},,,HNAM,2025/03/19 20:12:07+00
516102.880584005,667565.762049839,C00117731,2021/04/29,NUISANCE,CLOSED,NA,10 09 29 3 008 027.000,DISTRICT 7,MONTGOMERY,AL,36111,,302,3.14083333,10.15805556,1385 ADRIAN LN,2021,4,{0EE609A9-D318-4187-8BDA-FEE091CE84BF},,,HNAM,2025/03/19 20:12:07+00
516327.867666837,667569.440192096,C00116132,2021/04/12,NUISANCE,CLOSED,NA,10 09 29 3 008 030.000,DISTRICT 7,MONTGOMERY,AL,36111,,303,3.14166667,10.15805556,1397 ADRIAN LN,2021,4,{210A0155-743D-44EA-8821-FCF8E9745CBC},,,HNAM,2025/03/19 20:12:07+00
515210.459468588,667551.966801845,C00152405,2023/07/14,NUISANCE,CLOSED,NA,10 09 29 3 008 014.000,DISTRICT 7,MONTGOMERY,AL,36111,,304,3.13722222,10.15805556,1313 ADRIAN LN,2023,7,{541C56F0-4154-4363-983F-3AF78C833ED5},,,HNAM,2025/03/19 20:12:07+00
507290.080296256,677312.160864092,C00169458,2024/08/13,NUISANCE,CLOSED,NA,11 06 13 4 014 035.000,DISTRICT 7,MONTGOMERY,AL,36104,,306,4.24305556,11.10361111,1253 AARON ST,2024,8,{9F459258-C6DF-4580-9DCB-6D186EA7AC5A},,,HNAM,2025/03/19 20:12:07+00
526740.027288672,671432.862583339,C00118402,2021/05/12,NUISANCE,CLOSED,NA,10 05 22 3 019 011.000,DISTRICT 5,MONTGOMERY,AL,36106,,307,3.31972222,10.08944444,2509 AIMEE DR,2021,5,{D8F370D3-8361-4859-88FD-AC556420D8E5},,,HNAM,2025/03/19 20:12:07+00
526740.027288672,671432.862583339,C00114701,2021/03/22,NUISANCE,OPEN,NA,10 05 22 3 019 011.000,DISTRICT 5,MONTGOMERY,AL,36106,THE FENCE AROUND THE POOL MUST BE REPLACED-POOL WATER MUST BE CIRCULATING OR THE POOL MUST BE COVERED,308,3.31972222,10.08944444,2509 AIMEE DR,2021,3,{AE4DFFCD-FD35-4D24-B2B5-F8E66D8BF99F},,,HNAM,2025/03/19 20:12:07+00
507135.202981338,677266.52611284,C00126787,2021/10/14,NUISANCE,OPEN,Lien Filed,11 06 13 4 014 022.000,DISTRICT 7,MONTGOMERY,AL,36104,,309,4.23944444,11.10361111,1264 AARON ST,2021,10,{B6D69827-7AA6-4C93-89ED-7CD72FA1859E},,,HNAM,2025/03/19 20:12:07+00
507135.202981338,677266.52611284,C00129535,2022/02/25,DEMOLITION,CLOSED,NA,11 06 13 4 014 022.000,DISTRICT 7,MONTGOMERY,AL,36104,,310,4.23944444,11.10361111,1264 AARON ST,2022,2,{5511B831-87F4-48DD-BB90-EA0BEB74BE39},,,HNAM,2025/03/19 20:12:07+00
507142.936233588,676070.645302512,C00127613,2021/11/17,NUISANCE,CLOSED,NA,11 06 24 1 007 001.000,DISTRICT 7,MONTGOMERY,AL,36104,,311,1.11694444,11.10666667,1614 AARON ST,2021,11,{0AD6FE6C-EBD8-4F6B-B909-FAD31C9F1B64},,,HNAM,2025/03/19 20:12:07+00
507142.936233588,676070.645302512,C00115773,2021/04/07,NUISANCE,CLOSED,NA,11 06 24 1 007 001.000,DISTRICT 7,MONTGOMERY,AL,36104,,312,1.11694444,11.10666667,1614 AARON ST,2021,4,{5E9D1D3E-32E3-4C1F-9E9E-659FA22764D3},,,HNAM,2025/03/19 20:12:07+00
506180.637633253,678272.597919591,C00144138,2023/01/19,NUISANCE,CLOSED,NA,11 06 13 3 012 003.000,DISTRICT 7,MONTGOMERY,AL,36108,,313,3.20083333,11.10361111,1001 ADELINE ST,2023,1,{F26EBA3B-4C23-478B-A35C-0B6DF1E085F2},,,HNAM,2025/03/19 20:12:07+00
507142.936233588,676070.645302512,C00145152,2023/03/14,NUISANCE,CLOSED,NA,11 06 24 1 007 001.000,DISTRICT 7,MONTGOMERY,AL,36104,,314,1.11694444,11.10666667,1614 AARON ST,2023,3,{37B4DF08-FD4B-418E-9C80-10CB30DE3503},,,HNAM,2025/03/19 20:12:07+00
506180.637633253,678272.597919591,C00144141,2023/01/19,NUISANCE,CLOSED,NA,11 06 13 3 012 003.000,DISTRICT 7,MONTGOMERY,AL,36108,,315,3.20083333,11.10361111,1001 ADELINE ST,2023,1,{BFF5E4DF-23A6-4851-9FBE-2C5509B844E5},,,HNAM,2025/03/19 20:12:07+00
506180.637633253,678272.597919591,C00133408,2022/05/05,NUISANCE,CLOSED,NA,11 06 13 3 012 003.000,DISTRICT 7,MONTGOMERY,AL,36108,,316,3.20083333,11.10361111,1001 ADELINE ST,2022,5,{84A216DC-4DFB-40E7-B3CB-756E41E72D2D},,,HNAM,2025/03/19 20:12:07+00
506180.637633253,678272.597919591,C00153989,2023/07/31,NUISANCE,CLOSED,NA,11 06 13 3 012 003.000,DISTRICT 7,MONTGOMERY,AL,36108,,317,3.20083333,11.10361111,1001 ADELINE ST,2023,7,{97A1FBCB-002D-48BE-9EA3-37EF675BDB9F},,,HNAM,2025/03/19 20:12:07+00
506180.637633253,678272.597919591,C00151810,2023/07/10,NUISANCE,CLOSED,NA,11 06 13 3 012 003.000,DISTRICT 7,MONTGOMERY,AL,36108,,318,3.20083333,11.10361111,1001 ADELINE ST,2023,7,{D5E5D61E-C8CB-4A96-B3E5-9CE344169399},,,HNAM,2025/03/19 20:12:07+00
506180.637633253,678272.597919591,C00125230,2021/09/08,NUISANCE,CLOSED,NA,11 06 13 3 012 003.000,DISTRICT 7,MONTGOMERY,AL,36108,,319,3.20083333,11.10361111,1001 ADELINE ST,2021,9,{EB7CCA20-5793-4BA2-8BBC-4C8EBF903C78},,,HNAM,2025/03/19 20:12:07+00
506181.156989172,678192.599391922,C00151808,2023/07/10,NUISANCE,CLOSED,NA,11 06 13 3 012 005.000,DISTRICT 7,MONTGOMERY,AL,36108,,320,3.20138889,11.10361111,1009 ADELINE ST,2023,7,{D3877ABF-2C83-4C80-A32B-191D46763F41},,,HNAM,2025/03/19 20:12:07+00
506181.156989172,678192.599391922,C00150860,2023/06/16,NUISANCE,OPEN,Lien Filed,11 06 13 3 012 005.000,DISTRICT 7,MONTGOMERY,AL,36108,TREE HAS FALLEN ON THE FENCE LINE AND IN THE BACK YARD OF 1013 ADELINE ST,321,3.20138889,11.10361111,1009 ADELINE ST,2023,6,{D554F994-A09F-4BFC-8A06-92131A12A696},,,HNAM,2025/03/19 20:12:07+00
506181.156989172,678192.599391922,C00153991,2023/07/31,NUISANCE,CLOSED,NA,11 06 13 3 012 005.000,DISTRICT 7,MONTGOMERY,AL,36108,,322,3.20138889,11.10361111,1009 ADELINE ST,2023,7,{8B9AF884-1F8D-4F83-B343-0F6CD05965FC},,,HNAM,2025/03/19 20:12:07+00
506181.156989172,678192.599391922,C00150817,2023/06/15,NUISANCE,OPEN,Lien Filed,11 06 13 3 012 005.000,DISTRICT 7,MONTGOMERY,AL,36108,,323,3.20138889,11.10361111,1009 ADELINE ST,2023,6,{F25A5ADF-AC2E-4B03-8D05-BB3C707D5AFF},,,HNAM,2025/03/19 20:12:07+00
506181.156989172,678192.599391922,C00154124,2023/08/02,NUISANCE,CLOSED,NA,11 06 13 3 012 005.000,DISTRICT 7,MONTGOMERY,AL,36108,,324,3.20138889,11.10361111,1009 ADELINE ST,2023,8,{9D04082D-A700-40E2-9303-2B52F34F9661},,,HNAM,2025/03/19 20:12:07+00
506181.156989172,678192.599391922,C00157177,2023/09/22,NUISANCE,CLOSED,NA,11 06 13 3 012 005.000,DISTRICT 7,MONTGOMERY,AL,36108,,325,3.20138889,11.10361111,1009 ADELINE ST,2023,9,{8A30ED70-B5CC-4BDD-9D24-1F57E3CE1576},,,HNAM,2025/03/19 20:12:07+00
506181.156989172,678192.599391922,C00155947,2023/08/29,NUISANCE,OPEN,Lien Filed,11 06 13 3 012 005.000,DISTRICT 7,MONTGOMERY,AL,36108,,326,3.20138889,11.10361111,1009 ADELINE ST,2023,8,{A33DCE88-B519-45C9-89FE-01E200F04268},,,HNAM,2025/03/19 20:12:07+00
506181.156989172,678192.599391922,C00155019,2023/08/14,NUISANCE,CLOSED,NA,11 06 13 3 012 005.000,DISTRICT 7,MONTGOMERY,AL,36108,,327,3.20138889,11.10361111,1009 ADELINE ST,2023,8,{EE9B9A98-F098-472F-9EB1-3AFFCD346ACE},,,HNAM,2025/03/19 20:12:07+00
506181.156989172,678192.599391922,C00160413,2024/03/07,NUISANCE,OPEN,Lien Filed,11 06 13 3 012 005.000,DISTRICT 7,MONTGOMERY,AL,36108,,328,3.20138889,11.10361111,1009 ADELINE ST,2024,3,{0E3257CD-9A9D-4C1F-A844-B559F2F994B1},,,HNAM,2025/03/19 20:12:07+00
506181.156989172,678192.599391922,C00160431,2024/03/08,NUISANCE,CLOSED,NA,11 06 13 3 012 005.000,DISTRICT 7,MONTGOMERY,AL,36108,,329,3.20138889,11.10361111,1009 ADELINE ST,2024,3,{F7A61A07-71A6-4D89-B88F-5AE1A5274146},,,HNAM,2025/03/19 20:12:07+00
506181.156989172,678192.599391922,C00164565,2024/05/21,NUISANCE,OPEN,NA,11 06 13 3 012 005.000,DISTRICT 7,MONTGOMERY,AL,36108,,330,3.20138889,11.10361111,1009 ADELINE ST,2024,5,{22CCFB6F-A5AE-4791-85F5-F8AA48C38061},,,HNAM,2025/03/19 20:12:07+00
506181.156989172,678192.599391922,C00164668,2024/05/22,NUISANCE,OPEN,Lien Filed,11 06 13 3 012 005.000,DISTRICT 7,MONTGOMERY,AL,36108,,331,3.20138889,11.10361111,1009 ADELINE ST,2024,5,{76A8E132-7CDA-42A7-9DAB-8A66CEBE998C},,,HNAM,2025/03/19 20:12:07+00
506181.156989172,678192.599391922,C00160436,2024/03/08,NUISANCE,CLOSED,NA,11 06 13 3 012 005.000,DISTRICT 7,MONTGOMERY,AL,36108,,332,3.20138889,11.10361111,1009 ADELINE ST,2024,3,{D0F704DB-6BDB-4D3A-B125-871DBA316210},,,HNAM,2025/03/19 20:12:07+00
506181.156989172,678192.599391922,C00170294,2024/08/30,NUISANCE,CLOSED,NA,11 06 13 3 012 005.000,DISTRICT 7,MONTGOMERY,AL,36108,,333,3.20138889,11.10361111,1009 ADELINE ST,2024,8,{DA1BA179-7E71-4F1E-804B-465A3EDBBE84},,,HNAM,2025/03/19 20:12:07+00
506181.156989172,678192.599391922,C00125232,2021/09/08,NUISANCE,CLOSED,NA,11 06 13 3 012 005.000,DISTRICT 7,MONTGOMERY,AL,36108,,334,3.20138889,11.10361111,1009 ADELINE ST,2021,9,{AB8BDD0A-DC7A-4BF7-8264-BF3B0385D0FC},,,HNAM,2025/03/19 20:12:07+00
506181.156989172,678192.599391922,C00123731,2021/08/11,NUISANCE,OPEN,Lien Filed,11 06 13 3 012 005.000,DISTRICT 7,MONTGOMERY,AL,36108,,335,3.20138889,11.10361111,1009 ADELINE ST,2021,8,{6D74730B-49B4-4BE1-9BE4-08768200CCCE},,,HNAM,2025/03/19 20:12:07+00
506181.156989172,678192.599391922,C00167409,2024/07/11,NUISANCE,OPEN,Lien Filed,11 06 13 3 012 005.000,DISTRICT 7,MONTGOMERY,AL,36108,,336,3.20138889,11.10361111,1009 ADELINE ST,2024,7,{72E6A1BA-513C-47EE-8C8E-45D34AC00816},,,HNAM,2025/03/19 20:12:07+00
506181.156989172,678192.599391922,C00133406,2022/05/05,NUISANCE,CLOSED,NA,11 06 13 3 012 005.000,DISTRICT 7,MONTGOMERY,AL,36108,,337,3.20138889,11.10361111,1009 ADELINE ST,2022,5,{8AA52E2B-8FA4-4402-BA0F-8F91E0FA888C},,,HNAM,2025/03/19 20:12:07+00
506181.156989172,678192.599391922,C00127394,2021/11/09,NUISANCE,OPEN,Lien Filed,11 06 13 3 012 005.000,DISTRICT 7,MONTGOMERY,AL,36108,,338,3.20138889,11.10361111,1009 ADELINE ST,2021,11,{678E99A7-9543-480D-999D-3F17D405A1E0},,,HNAM,2025/03/19 20:12:07+00
506181.156989172,678192.599391922,C00132360,2022/04/25,NUISANCE,OPEN,Lien Filed,11 06 13 3 012 005.000,DISTRICT 7,MONTGOMERY,AL,36108,,339,3.20138889,11.10361111,1009 ADELINE ST,2022,4,{4F1BCA8A-CDE4-4B9D-8450-7E118377B676},,,HNAM,2025/03/19 20:12:07+00
506181.156989172,678192.599391922,C00118596,2021/05/14,NUISANCE,OPEN,Lien Filed,11 06 13 3 012 005.000,DISTRICT 7,MONTGOMERY,AL,36108,,340,3.20138889,11.10361111,1009 ADELINE ST,2021,5,{03B2E653-4269-486A-AEB4-B6B037CE1F7A},,,HNAM,2025/03/19 20:12:07+00
506181.156989172,678192.599391922,C00139895,2022/08/18,NUISANCE,OPEN,Lien Filed,11 06 13 3 012 005.000,DISTRICT 7,MONTGOMERY,AL,36108,,341,3.20138889,11.10361111,1009 ADELINE ST,2022,8,{1A1B32C1-256A-4B4F-98F5-530B0D070D7B},,,HNAM,2025/03/19 20:12:07+00
506181.156989172,678192.599391922,C00137452,2022/07/13,NUISANCE,CLOSED,NA,11 06 13 3 012 005.000,DISTRICT 7,MONTGOMERY,AL,36108,,342,3.20138889,11.10361111,1009 ADELINE ST,2022,7,{6AFE3B68-8F84-438D-A871-974B3CC17565},,,HNAM,2025/03/19 20:12:07+00
506181.156989172,678192.599391922,C00136502,2022/06/24,NUISANCE,OPEN,Lien Filed,11 06 13 3 012 005.000,DISTRICT 7,MONTGOMERY,AL,36108,,343,3.20138889,11.10361111,1009 ADELINE ST,2022,6,{3B32DA58-372C-4B83-8F4C-E7D8B6866F58},,,HNAM,2025/03/19 20:12:07+00
506181.156989172,678192.599391922,C00137451,2022/07/13,NUISANCE,CLOSED,NA,11 06 13 3 012 005.000,DISTRICT 7,MONTGOMERY,AL,36108,,344,3.20138889,11.10361111,1009 ADELINE ST,2022,7,{4BF2B4D2-515B-4C39-976E-A90996EAF616},,,HNAM,2025/03/19 20:12:07+00
502364.296512671,674648.654380091,C00163183,2024/04/23,NUISANCE,CLOSED,NA,11 06 23 1 022 002.000,DISTRICT 4,MONTGOMERY,AL,36108,,346,1.36722222,11.10638889,2309 AJAX ST,2024,4,{C2BFF88F-7019-403A-8B65-C777A4FACD23},,,HNAM,2025/03/19 20:12:07+00
506181.156989172,678192.599391922,C00137517,2022/07/14,NUISANCE,CLOSED,NA,11 06 13 3 012 005.000,DISTRICT 7,MONTGOMERY,AL,36108,,347,3.20138889,11.10361111,1009 ADELINE ST,2022,7,{274D2DDE-F95B-47C5-B14F-91F2B4C56C0E},,,HNAM,2025/03/19 20:12:07+00
502289.29666267,674648.352871507,C00163184,2024/04/23,NUISANCE,OPEN,NA,11 06 23 1 022 003.000,DISTRICT 4,MONTGOMERY,AL,36108,,348,1.3675,11.10638889,2319 AJAX ST,2024,4,{0392464F-F517-4961-8862-518ABC6A6DCB},,,HNAM,2025/03/19 20:12:07+00
511203.71879442,682169.41755376,C00136396,2022/06/22,NUISANCE,CLOSED,NA,10 03 07 3 304 032.000,DISTRICT 3,MONTGOMERY,AL,36104,,349,8.07555556,10.05194444,425 ALABAMA ST,2022,6,{305CE2D6-D908-4018-97F6-923E59F77602},,,HNAM,2025/03/19 20:12:07+00
502238.523798335,674843.152678758,C00163185,2024/04/23,NUISANCE,OPEN,NA,11 06 23 1 021 010.000,DISTRICT 4,MONTGOMERY,AL,36108,,350,1.35277778,11.10638889,2336 AJAX ST,2024,4,{4FA84349-D123-485D-899E-FECC2E129257},,,HNAM,2025/03/19 20:12:07+00
502238.523798335,674843.152678758,C00146120,2023/04/05,NUISANCE,CLOSED,NA,11 06 23 1 021 010.000,DISTRICT 4,MONTGOMERY,AL,36108,,351,1.35277778,11.10638889,2336 AJAX ST,2023,4,{F6CB4844-6E99-4B10-8ACF-1D3F19ED7F5E},,,HNAM,2025/03/19 20:12:07+00
489354.78808292,676856.578113839,C00123156,2021/07/30,NUISANCE,CLOSED,NA,11 05 16 3 004 007.000,DISTRICT 4,MONTGOMERY,AL,36108,,353,3.06861111,11.08777778,3228 ALAN LN,2021,7,{0EFFCB39-7FBB-4F8A-BCC4-4E6F05057AD0},,,HNAM,2025/03/19 20:12:07+00
489448.952920835,676739.817520596,C00157446,2023/09/29,NUISANCE,CLOSED,NA,11 05 16 3 004 004.000,DISTRICT 4,MONTGOMERY,AL,36108,,354,3.06777778,11.08777778,3240 ALAN LN,2023,9,{F59225F5-D9E9-4E0F-9A2C-1F60C1FB9520},,,HNAM,2025/03/19 20:12:07+00
489354.78808292,676856.578113839,C00157449,2023/09/29,NUISANCE,CLOSED,NA,11 05 16 3 004 007.000,DISTRICT 4,MONTGOMERY,AL,36108,,355,3.06861111,11.08777778,3228 ALAN LN,2023,9,{662D2DF9-D4A1-402D-9A3C-BDCBE82A6BB7},,,HNAM,2025/03/19 20:12:07+00
489354.78808292,676856.578113839,C00168450,2024/07/26,NUISANCE,CLOSED,NA,11 05 16 3 004 007.000,DISTRICT 4,MONTGOMERY,AL,36108,,356,3.06861111,11.08777778,3228 ALAN LN,2024,7,{16806856-BA41-49EA-8A83-CEDE0834777F},,,HNAM,2025/03/19 20:12:07+00
489448.952920835,676739.817520596,C00138982,2022/08/04,NUISANCE,CLOSED,NA,11 05 16 3 004 004.000,DISTRICT 4,MONTGOMERY,AL,36108,,357,3.06777778,11.08777778,3240 ALAN LN,2022,8,{11650F92-CB7C-48C0-A376-1F31D0AEDDA5},,,HNAM,2025/03/19 20:12:07+00
522103.512939669,675956.693102591,C00144647,2023/02/17,NUISANCE,CLOSED,NA,10 05 21 2 013 008.000,DISTRICT 7,MONTGOMERY,AL,36107,"FRONT YARD, CURB AND THE STREET",358,2.21888889,10.08916667,2707 ALBEMARLE RD,2023,2,{534F3585-F420-40FC-BBF3-0E05DDFD56CF},,,HNAM,2025/03/19 20:12:07+00
502834.545572169,674658.929622009,C00136351,2022/06/22,NUISANCE,CLOSED,NA,11 06 23 1 023 004.000,DISTRICT 4,MONTGOMERY,AL,36108,,359,1.38444444,11.10638889,2225 AJAX ST,2022,6,{263A3CE3-2DC6-4819-97B7-709FEF8FF078},,,HNAM,2025/03/19 20:12:07+00
502643.667345002,674801.450006261,C00166546,2024/06/26,NUISANCE,OPEN,NA,11 06 23 1 020 014.000,DISTRICT 4,MONTGOMERY,AL,36108,,361,1.33722222,11.10638889,2252 AJAX ST,2024,6,{A71A8E59-E11D-4974-9B9D-20EB7FD85B8A},,,HNAM,2025/03/19 20:12:07+00
502531.777148835,674653.767558843,C00164000,2024/05/08,NUISANCE,OPEN,Lien Filed,11 06 23 1 023 010.000,DISTRICT 4,MONTGOMERY,AL,36108,,363,1.38611111,11.10638889,2267 AJAX ST,2024,5,{25AEC8C5-DC40-4FC0-9DBA-A2A116B263BE},,,HNAM,2025/03/19 20:12:07+00
502531.777148835,674653.767558843,C00136350,2022/06/22,NUISANCE,CLOSED,NA,11 06 23 1 023 010.000,DISTRICT 4,MONTGOMERY,AL,36108,,364,1.38611111,11.10638889,2267 AJAX ST,2022,6,{6BE22E05-B8B9-4128-AAFF-D99E512CC928},,,HNAM,2025/03/19 20:12:07+00
502531.777148835,674653.767558843,C00145516,2023/03/22,NUISANCE,OPEN,NA,11 06 23 1 023 010.000,DISTRICT 4,MONTGOMERY,AL,36108,,365,1.38611111,11.10638889,2267 AJAX ST,2023,3,{1B2B0FD3-1244-4203-8047-C9C4950A96E9},,,HNAM,2025/03/19 20:12:07+00
502531.777148835,674653.767558843,C00121930,2021/07/12,NUISANCE,OPEN,Lien Filed,11 06 23 1 023 010.000,DISTRICT 4,MONTGOMERY,AL,36108,,366,1.38611111,11.10638889,2267 AJAX ST,2021,7,{48026691-FC55-421D-8FC2-2A8CC4B9C34B},,,HNAM,2025/03/19 20:12:07+00
502531.777148835,674653.767558843,C00134851,2022/05/27,NUISANCE,OPEN,Lien Filed,11 06 23 1 023 010.000,DISTRICT 4,MONTGOMERY,AL,36108,,367,1.38611111,11.10638889,2267 AJAX ST,2022,5,{7CB1279B-C7AD-4BE5-AD5D-37D135F69736},,,HNAM,2025/03/19 20:12:07+00
489197.845155336,677051.178118341,C00123160,2021/07/30,NUISANCE,CLOSED,NA,11 05 16 3 004 012.000,DISTRICT 4,MONTGOMERY,AL,36108,,368,3.07,11.08777778,3208 ALAN LN,2021,7,{AB469697-D82B-4B55-81A4-0B6157B51A88},,,HNAM,2025/03/19 20:12:07+00
506745.987880506,674734.001978427,C00151856,2023/07/10,NUISANCE,CLOSED,NA,11 06 24 2 014 016.000,DISTRICT 7,MONTGOMERY,AL,36108,,369,2.23777778,11.10666667,612 ALEXANDER ST,2023,7,{33B6ED20-201D-475C-B59D-E2765A57D11F},,,HNAM,2025/03/19 20:12:07+00
489197.845155336,677051.178118341,C00139004,2022/08/04,NUISANCE,CLOSED,NA,11 05 16 3 004 012.000,DISTRICT 4,MONTGOMERY,AL,36108,,370,3.07,11.08777778,3208 ALAN LN,2022,8,{FED1598D-70B5-4848-BDFF-716C39D1287D},,,HNAM,2025/03/19 20:12:07+00
506745.987880506,674734.001978427,C00171967,2024/11/01,NUISANCE,OPEN,Lien Filed,11 06 24 2 014 016.000,DISTRICT 7,MONTGOMERY,AL,36108,ENTIRE PARCEL MUST BE CUT AND CLEANED,371,2.23777778,11.10666667,612 ALEXANDER ST,2024,11,{695125DD-D93D-4248-B59B-056159B8F0B3},,,HNAM,2025/03/19 20:12:07+00
489110.421445671,676890.632179596,C00157456,2023/09/29,NUISANCE,CLOSED,NA,11 05 16 3 004 018.000,DISTRICT 4,MONTGOMERY,AL,36108,,372,3.07166667,11.08777778,3213 ALAN LN,2023,9,{5064749A-15C7-4E02-B8CB-25A6227DB9FD},,,HNAM,2025/03/19 20:12:07+00
506745.987880506,674734.001978427,C00172203,2024/11/14,DEMOLITION,OPEN,NA,11 06 24 2 014 016.000,DISTRICT 7,MONTGOMERY,AL,36108,,373,2.23777778,11.10666667,612 ALEXANDER ST,2024,11,{A859352E-1E6D-4CC1-A8CC-D5D9DD4EA4C7},,,HNAM,2025/03/19 20:12:07+00
506745.987880506,674734.001978427,C00146409,2023/04/07,NUISANCE,OPEN,Lien Filed,11 06 24 2 014 016.000,DISTRICT 7,MONTGOMERY,AL,36108,TREE HAS FALLEN ON HOUSE.,374,2.23777778,11.10666667,612 ALEXANDER ST,2023,4,{F6146103-FF4D-4797-845C-7A3584C4DCCA},,,HNAM,2025/03/19 20:12:07+00
506745.987880506,674734.001978427,C00135852,2022/06/14,NUISANCE,OPEN,Lien Filed,11 06 24 2 014 016.000,DISTRICT 7,MONTGOMERY,AL,36108,,375,2.23777778,11.10666667,612 ALEXANDER ST,2022,6,{EDDB0EB1-F1BC-49F0-A465-BA15DBE65283},,,HNAM,2025/03/19 20:12:07+00
506745.987880506,674734.001978427,C00118957,2021/05/20,NUISANCE,OPEN,Lien Filed,11 06 24 2 014 016.000,DISTRICT 7,MONTGOMERY,AL,36108,,376,2.23777778,11.10666667,612 ALEXANDER ST,2021,5,{2C6492A4-CEAD-4F26-8DF3-372601538B1B},,,HNAM,2025/03/19 20:12:07+00
506745.987880506,674734.001978427,C00114390,2021/03/15,NUISANCE,OPEN,Lien Filed,11 06 24 2 014 016.000,DISTRICT 7,MONTGOMERY,AL,36108,,377,2.23777778,11.10666667,612 ALEXANDER ST,2021,3,{ACFED8DA-45FF-4292-AFC9-E9CE4D80C197},,,HNAM,2025/03/19 20:12:07+00
506745.987880506,674734.001978427,C00114415,2021/03/15,NUISANCE,CLOSED,NA,11 06 24 2 014 016.000,DISTRICT 7,MONTGOMERY,AL,36108,,378,2.23777778,11.10666667,612 ALEXANDER ST,2021,3,{5CBBA680-DBDE-4E9A-B86D-13AE9A6A8882},,,HNAM,2025/03/19 20:12:07+00
506710.988278586,674585.33593718,C00116541,2021/04/15,NUISANCE,CLOSED,Lien Released,11 06 24 2 013 004.000,DISTRICT 7,MONTGOMERY,AL,36108,,379,2.21777778,11.10666667,619 ALEXANDER ST,2021,4,{B6E5459D-4E51-4507-9ACD-8A4348DC3FB5},,,HNAM,2025/03/19 20:12:07+00
506710.988278586,674585.33593718,C00128980,2022/02/01,NUISANCE,CLOSED,Lien Released,11 06 24 2 013 004.000,DISTRICT 7,MONTGOMERY,AL,36108,,380,2.21777778,11.10666667,619 ALEXANDER ST,2022,2,{F994FCAF-E6B0-4F55-B926-FC0FA2C3ACB7},,,HNAM,2025/03/19 20:12:07+00
506710.988278586,674585.33593718,C00139553,2022/08/12,NUISANCE,CLOSED,NA,11 06 24 2 013 004.000,DISTRICT 7,MONTGOMERY,AL,36108,,381,2.21777778,11.10666667,619 ALEXANDER ST,2022,8,{945F1158-4B00-47C1-882E-C964F2DB5AF2},,,HNAM,2025/03/19 20:12:07+00
506710.988278586,674585.33593718,C00135854,2022/06/14,NUISANCE,CLOSED,NA,11 06 24 2 013 004.000,DISTRICT 7,MONTGOMERY,AL,36108,,382,2.21777778,11.10666667,619 ALEXANDER ST,2022,6,{159C11FB-819C-4C52-867B-39383F5499DD},,,HNAM,2025/03/19 20:12:07+00
506710.988278586,674585.33593718,C00150458,2023/06/12,NUISANCE,CLOSED,NA,11 06 24 2 013 004.000,DISTRICT 7,MONTGOMERY,AL,36108,,383,2.21777778,11.10666667,619 ALEXANDER ST,2023,6,{59F345BF-D3FD-43BD-B2F5-F4717CB0B2C9},,,HNAM,2025/03/19 20:12:07+00
506710.988278586,674585.33593718,C00154798,2023/08/09,NUISANCE,CLOSED,NA,11 06 24 2 013 004.000,DISTRICT 7,MONTGOMERY,AL,36108,,384,2.21777778,11.10666667,619 ALEXANDER ST,2023,8,{3DE2819E-0DB9-4036-BE93-997DD748FB46},,,HNAM,2025/03/19 20:12:07+00
506575.920963421,674492.313813508,C00135855,2022/06/14,NUISANCE,CLOSED,NA,11 06 24 2 013 009.000,DISTRICT 7,MONTGOMERY,AL,36108,,385,2.21916667,11.10666667,625 ALEXANDER ST,2022,6,{CCBC21B9-B0D1-482C-8716-D700A80DCE9A},,,HNAM,2025/03/19 20:12:07+00
506001.670471504,674721.008566089,C00130694,2022/03/30,NUISANCE,OPEN,Lien Filed,11 06 24 2 024 018.000,DISTRICT 7,MONTGOMERY,AL,36108,,386,2.405,11.10666667,742 ALEXANDER ST,2022,3,{A4DCE642-5CE0-40E1-BB7A-62433744BA55},,,HNAM,2025/03/19 20:12:07+00
506575.920963421,674492.313813508,C00139552,2022/08/12,NUISANCE,CLOSED,NA,11 06 24 2 013 009.000,DISTRICT 7,MONTGOMERY,AL,36108,,387,2.21916667,11.10666667,625 ALEXANDER ST,2022,8,{2F288412-2278-4F8F-980B-D2D4211B96B1},,,HNAM,2025/03/19 20:12:07+00
506575.920963421,674492.313813508,C00128981,2022/02/01,NUISANCE,CLOSED,NA,11 06 24 2 013 009.000,DISTRICT 7,MONTGOMERY,AL,36108,,388,2.21916667,11.10666667,625 ALEXANDER ST,2022,2,{AAA1C89E-B7CC-454B-BDEA-D59C1CED807C},,,HNAM,2025/03/19 20:12:07+00
506001.670471504,674721.008566089,C00123658,2021/08/09,NUISANCE,OPEN,Lien Filed,11 06 24 2 024 018.000,DISTRICT 7,MONTGOMERY,AL,36108,,389,2.405,11.10666667,742 ALEXANDER ST,2021,8,{C9863AC8-0875-4D88-80F6-077714B18E12},,,HNAM,2025/03/19 20:12:07+00
506001.670471504,674721.008566089,C00119093,2021/05/24,NUISANCE,OPEN,Lien Filed,11 06 24 2 024 018.000,DISTRICT 7,MONTGOMERY,AL,36108,,390,2.405,11.10666667,742 ALEXANDER ST,2021,5,{6AFDBD22-6D7D-41E8-B7EC-7C4B326138FF},,,HNAM,2025/03/19 20:12:07+00
506001.670471504,674721.008566089,C00114488,2021/03/16,NUISANCE,OPEN,NA,11 06 24 2 024 018.000,DISTRICT 7,MONTGOMERY,AL,36108,,391,2.405,11.10666667,742 ALEXANDER ST,2021,3,{3E033783-AB7D-474D-9FBF-B2EAA52DE46F},,,HNAM,2025/03/19 20:12:07+00
506001.670471504,674721.008566089,C00135828,2022/06/14,NUISANCE,OPEN,Lien Filed,11 06 24 2 024 018.000,DISTRICT 7,MONTGOMERY,AL,36108,,392,2.405,11.10666667,742 ALEXANDER ST,2022,6,{FEB18AEC-EE82-4096-8027-173C5D70DDE3},,,HNAM,2025/03/19 20:12:07+00
506001.670471504,674721.008566089,C00162014,2024/04/04,NUISANCE,OPEN,Lien Filed,11 06 24 2 024 018.000,DISTRICT 7,MONTGOMERY,AL,36108,,393,2.405,11.10666667,742 ALEXANDER ST,2024,4,{791DA152-8ECD-4FB1-B265-4A37A5117774},,,HNAM,2025/03/19 20:12:07+00
506001.670471504,674721.008566089,C00150485,2023/06/12,NUISANCE,CLOSED,NA,11 06 24 2 024 018.000,DISTRICT 7,MONTGOMERY,AL,36108,,394,2.405,11.10666667,742 ALEXANDER ST,2023,6,{C33AB775-26E3-41BF-9F97-C4EFC5B0BBB4},,,HNAM,2025/03/19 20:12:07+00
506001.670471504,674721.008566089,C00139832,2022/08/17,NUISANCE,OPEN,NA,11 06 24 2 024 018.000,DISTRICT 7,MONTGOMERY,AL,36108,,395,2.405,11.10666667,742 ALEXANDER ST,2022,8,{01ECCC42-5A0B-4A4E-AD53-4FF8B53C5C6E},,,HNAM,2025/03/19 20:12:07+00
506001.670471504,674721.008566089,C00154811,2023/08/09,NUISANCE,OPEN,Lien Filed,11 06 24 2 024 018.000,DISTRICT 7,MONTGOMERY,AL,36108,,396,2.405,11.10666667,742 ALEXANDER ST,2023,8,{FC831348-1FDB-46EC-99FD-2DE51D11ED40},,,HNAM,2025/03/19 20:12:07+00
505924.291689254,674570.13583634,C00154807,2023/08/09,NUISANCE,OPEN,Lien Filed,11 06 24 2 023 011.000,DISTRICT 7,MONTGOMERY,AL,36108,,397,2.38638889,11.10666667,751 ALEXANDER ST,2023,8,{4AEB1703-3140-4AA8-A5F4-048D3A6089D0},,,HNAM,2025/03/19 20:12:07+00
505924.291689254,674570.13583634,C00142905,2022/10/25,NUISANCE,OPEN,Lien Filed,11 06 24 2 023 011.000,DISTRICT 7,MONTGOMERY,AL,36108,,398,2.38638889,11.10666667,751 ALEXANDER ST,2022,10,{DE7B9195-290C-45CA-9FB3-1BD944555042},,,HNAM,2025/03/19 20:12:07+00
505924.291689254,674570.13583634,C00169159,2024/08/06,NUISANCE,OPEN,Lien Filed,11 06 24 2 023 011.000,DISTRICT 7,MONTGOMERY,AL,36108,,399,2.38638889,11.10666667,751 ALEXANDER ST,2024,8,{D9F779A9-CE38-4FA1-9D2E-68DF8D3D107F},,,HNAM,2025/03/19 20:12:07+00
505924.291689254,674570.13583634,C00132229,2022/04/21,NUISANCE,OPEN,Lien Filed,11 06 24 2 023 011.000,DISTRICT 7,MONTGOMERY,AL,36108,,400,2.38638889,11.10666667,751 ALEXANDER ST,2022,4,{58022F05-9CBC-439F-A78B-CE3E45A32018},,,HNAM,2025/03/19 20:12:07+00
505924.291689254,674570.13583634,C00120248,2021/06/11,NUISANCE,OPEN,Lien Filed,11 06 24 2 023 011.000,DISTRICT 7,MONTGOMERY,AL,36108,,401,2.38638889,11.10666667,751 ALEXANDER ST,2021,6,{5B67E346-F868-4946-A0BE-0270123904D3},,,HNAM,2025/03/19 20:12:07+00
505924.291689254,674570.13583634,C00113371,2021/01/29,NUISANCE,OPEN,NA,11 06 24 2 023 011.000,DISTRICT 7,MONTGOMERY,AL,36108,,402,2.38638889,11.10666667,751 ALEXANDER ST,2021,1,{732B620D-68B0-44EB-B3A0-121E677B2C2E},,,HNAM,2025/03/19 20:12:07+00
505924.291689254,674570.13583634,C00113434,2021/02/04,DEMOLITION,OPEN,Lien Filed,11 06 24 2 023 011.000,DISTRICT 7,MONTGOMERY,AL,36108,,403,2.38638889,11.10666667,751 ALEXANDER ST,2021,2,{F5AA191F-1034-4D1C-B00C-DBE4B589B9A3},,,HNAM,2025/03/19 20:12:07+00
505924.291689254,674570.13583634,C00123668,2021/08/09,OPEN VACANT,CLOSED,NA,11 06 24 2 023 011.000,DISTRICT 7,MONTGOMERY,AL,36108,,404,2.38638889,11.10666667,751 ALEXANDER ST,2021,8,{3DE7758D-A501-4452-A9CB-D5715B46A90F},,,HNAM,2025/03/19 20:12:07+00
505924.291689254,674570.13583634,C00128983,2022/02/01,NUISANCE,OPEN,Lien Filed,11 06 24 2 023 011.000,DISTRICT 7,MONTGOMERY,AL,36108,,405,2.38638889,11.10666667,751 ALEXANDER ST,2022,2,{EFCE8A99-E380-49D1-BEE2-F6B8288DEF88},,,HNAM,2025/03/19 20:12:07+00
505924.291689254,674570.13583634,C00128984,2022/02/01,OPEN VACANT,CLOSED,NA,11 06 24 2 023 011.000,DISTRICT 7,MONTGOMERY,AL,36108,,406,2.38638889,11.10666667,751 ALEXANDER ST,2022,2,{F2079A3B-8326-41ED-89F0-28D5F99CA9B9},,,HNAM,2025/03/19 20:12:07+00
519607.450018421,670767.481696263,C00124311,2021/08/18,NUISANCE,CLOSED,NA,10 09 29 1 010 001.000,DISTRICT 7,MONTGOMERY,AL,36111,,407,1.16694444,10.15805556,2229 ALLENDALE RD,2021,8,{DEAEEE04-62CB-45C7-9DEB-C7C91DAB4C74},,,HNAM,2025/03/19 20:12:07+00
519607.450018421,670767.481696263,C00165123,2024/05/30,NUISANCE,CLOSED,NA,10 09 29 1 010 001.000,DISTRICT 7,MONTGOMERY,AL,36111,,408,1.16694444,10.15805556,2229 ALLENDALE RD,2024,5,{A59844F1-58CD-458D-A0B2-7BAF88FA5CA2},,,HNAM,2025/03/19 20:12:07+00
519607.450018421,670767.481696263,C00124926,2021/08/30,NUISANCE,CLOSED,Lien Released,10 09 29 1 010 001.000,DISTRICT 7,MONTGOMERY,AL,36111,,409,1.16694444,10.15805556,2229 ALLENDALE RD,2021,8,{1A055C0F-DB42-4F9D-8D75-F2B5D2C911D5},,,HNAM,2025/03/19 20:12:07+00
519290.50872317,670800.601708762,C00122773,2021/07/26,NUISANCE,CLOSED,NA,10 09 29 1 003 030.000,DISTRICT 7,MONTGOMERY,AL,36111,,410,1.05833333,10.15805556,2244 ALLENDALE RD,2021,7,{C641A456-E6D4-4C9D-A846-6356DFBF9E86},,,HNAM,2025/03/19 20:12:07+00
519287.83550017,670586.251415677,C00131474,2022/04/12,NUISANCE,CLOSED,NA,10 09 29 1 003 028.002,DISTRICT 7,MONTGOMERY,AL,36111,,411,1.05777833,10.15805556,2258 ALLENDALE RD,2022,4,{3CBC034B-6CC0-4BFC-99EB-9DBAFA638245},,,HNAM,2025/03/19 20:12:07+00
511278.960441839,682177.723967589,C00123570,2021/08/05,NUISANCE,OPEN,Lien Filed,10 03 07 3 304 033.000,DISTRICT 3,MONTGOMERY,AL,36104,ENTIRE PROPERTY MUST BE CUT INCLUDING RIGHT-OF-WAY,412,8.07583333,10.05194444,433 ALABAMA ST,2021,8,{22DFB576-8D1B-4EEE-8C0B-74C546AB0D6B},,,HNAM,2025/03/19 20:12:07+00
519290.50872317,670800.601708762,C00131248,2022/04/11,NUISANCE,CLOSED,NA,10 09 29 1 003 030.000,DISTRICT 7,MONTGOMERY,AL,36111,,413,1.05833333,10.15805556,2244 ALLENDALE RD,2022,4,{8CC4BBC3-C442-4E77-8A97-B4500F93CAD3},,,HNAM,2025/03/19 20:12:07+00
511278.960441839,682177.723967589,C00139110,2022/08/05,NUISANCE,CLOSED,NA,10 03 07 3 304 033.000,DISTRICT 3,MONTGOMERY,AL,36104,ENTIRE PROPERTY  MUST BE CUT INCLUDING RIGHT OF WAY OUTSIDE FENCING,414,8.07583333,10.05194444,433 ALABAMA ST,2022,8,{992CF12C-ACE4-431D-A7A5-4047880CEDB6},,,HNAM,2025/03/19 20:12:07+00
511278.960441839,682177.723967589,C00136395,2022/06/22,NUISANCE,CLOSED,NA,10 03 07 3 304 033.000,DISTRICT 3,MONTGOMERY,AL,36104,,415,8.07583333,10.05194444,433 ALABAMA ST,2022,6,{C7671296-E81D-458D-9090-7007FBB28C91},,,HNAM,2025/03/19 20:12:07+00
489417.564204086,676778.737718344,C00138983,2022/08/04,NUISANCE,CLOSED,NA,11 05 16 3 004 005.000,DISTRICT 4,MONTGOMERY,AL,36108,,416,3.06805556,11.08777778,3236 ALAN LN,2022,8,{3EDAFC4E-19A4-4185-8523-5FDF6BDC8E2C},,,HNAM,2025/03/19 20:12:07+00
489417.564204086,676778.737718344,C00123154,2021/07/30,NUISANCE,CLOSED,NA,11 05 16 3 004 005.000,DISTRICT 4,MONTGOMERY,AL,36108,,417,3.06805556,11.08777778,3236 ALAN LN,2021,7,{B0EBBC80-C9BE-4DC9-9FC3-09CC9FE76BB8},,,HNAM,2025/03/19 20:12:07+00
532266.726865169,674053.617512427,C00125320,2021/09/08,NUISANCE,CLOSED,NA,10 06 23 3 002 004.000,DISTRICT 5,MONTGOMERY,AL,36106,,418,3.03444444,10.10638889,1816 ALDERPOINT DR,2021,9,{80273B6E-8202-40B1-9183-68A437D1DE76},,,HNAM,2025/03/19 20:12:07+00
532266.726865169,674053.617512427,C00132792,2022/04/28,NUISANCE,CLOSED,NA,10 06 23 3 002 004.000,DISTRICT 5,MONTGOMERY,AL,36106,,419,3.03444444,10.10638889,1816 ALDERPOINT DR,2022,4,{4920AE9F-41CE-4253-9874-2A4A3FAC614E},,,HNAM,2025/03/19 20:12:07+00
506281.627588753,674725.896023512,C00154813,2023/08/09,NUISANCE,OPEN,Lien Filed,11 06 24 2 024 025.000,DISTRICT 7,MONTGOMERY,AL,36108,,420,2.40694444,11.10666667,706 ALEXANDER ST,2023,8,{815FDA52-6078-49C0-A7DB-9887268DA343},,,HNAM,2025/03/19 20:12:07+00
532266.726865169,674053.617512427,C00160394,2024/03/07,NUISANCE,CLOSED,NA,10 06 23 3 002 004.000,DISTRICT 5,MONTGOMERY,AL,36106,THEY HAVE AA PERMIT FROM 2023,421,3.03444444,10.10638889,1816 ALDERPOINT DR,2024,3,{3D1A4FE6-E470-4D26-A0D9-8F1315533086},,,HNAM,2025/03/19 20:12:07+00
506281.627588753,674725.896023512,C00151244,2023/06/27,NUISANCE,OPEN,Lien Filed,11 06 24 2 024 025.000,DISTRICT 7,MONTGOMERY,AL,36108,,422,2.40694444,11.10666667,706 ALEXANDER ST,2023,6,{8541B7E8-4D9A-499E-A3D1-4C355A4781C9},,,HNAM,2025/03/19 20:12:07+00
506281.627588753,674725.896023512,C00135859,2022/06/14,NUISANCE,OPEN,Lien Filed,11 06 24 2 024 025.000,DISTRICT 7,MONTGOMERY,AL,36108,,423,2.40694444,11.10666667,706 ALEXANDER ST,2022,6,{13CA1B20-C612-406A-B427-6D3583ED53E4},,,HNAM,2025/03/19 20:12:07+00
506281.627588753,674725.896023512,C00129801,2022/03/07,NUISANCE,OPEN,Lien Filed,11 06 24 2 024 025.000,DISTRICT 7,MONTGOMERY,AL,36108,,424,2.40694444,11.10666667,706 ALEXANDER ST,2022,3,{16F5E964-878B-4F6D-B4A5-B32AFD612F69},,,HNAM,2025/03/19 20:12:07+00
506241.633574255,674725.197534092,C00144255,2023/01/26,NUISANCE,CLOSED,NA,11 06 24 2 024 024.000,DISTRICT 7,MONTGOMERY,AL,36108,TRASH ON VACANT LOT.,425,2.40666667,11.10666667,712 ALEXANDER ST,2023,1,{0FBA61A4-6C8B-454A-BA09-35D7C6727A8C},,,HNAM,2025/03/19 20:12:07+00
506241.633574255,674725.197534092,C00144256,2023/01/26,NUISANCE,CLOSED,NA,11 06 24 2 024 024.000,DISTRICT 7,MONTGOMERY,AL,36108,TRASH ON VACANT LOT.,426,2.40666667,11.10666667,712 ALEXANDER ST,2023,1,{57A310FB-E521-4568-AC5E-00AF67FB82E1},,,HNAM,2025/03/19 20:12:07+00
506241.633574255,674725.197534092,C00141306,2022/09/13,NUISANCE,CLOSED,NA,11 06 24 2 024 024.000,DISTRICT 7,MONTGOMERY,AL,36108,,427,2.40666667,11.10666667,712 ALEXANDER ST,2022,9,{1765FC27-57A1-4509-865A-9AB80418DE70},,,HNAM,2025/03/19 20:12:07+00
506241.633574255,674725.197534092,C00146754,2023/04/13,NUISANCE,CLOSED,NA,11 06 24 2 024 024.000,DISTRICT 7,MONTGOMERY,AL,36108,,428,2.40666667,11.10666667,712 ALEXANDER ST,2023,4,{6D00331B-6EC3-45D2-9AC1-6121115133B8},,,HNAM,2025/03/19 20:12:07+00
506241.633574255,674725.197534092,C00151272,2023/06/28,NUISANCE,CLOSED,NA,11 06 24 2 024 024.000,DISTRICT 7,MONTGOMERY,AL,36108,,429,2.40666667,11.10666667,712 ALEXANDER ST,2023,6,{3AAEF678-97D1-47D3-9180-BCFEE1A97A19},,,HNAM,2025/03/19 20:12:07+00
506164.25544817,674574.324476257,C00151270,2023/06/28,NUISANCE,CLOSED,NA,11 06 24 2 023 005.000,DISTRICT 7,MONTGOMERY,AL,36108,,430,2.38472222,11.10666667,719 ALEXANDER ST,2023,6,{1B90E737-37CD-496A-8E8C-5C9CF2F6F07D},,,HNAM,2025/03/19 20:12:07+00
506164.25544817,674574.324476257,C00123661,2021/08/09,REPAIR,OPEN,NA,11 06 24 2 023 005.000,DISTRICT 7,MONTGOMERY,AL,36108,,431,2.38472222,11.10666667,719 ALEXANDER ST,2021,8,{1F35BB30-6178-42E0-819E-5640DA069369},,,HNAM,2025/03/19 20:12:07+00
506121.652843088,674723.102722012,C00123657,2021/08/09,NUISANCE,CLOSED,NA,11 06 24 2 024 021.000,DISTRICT 7,MONTGOMERY,AL,36108,,432,2.40583333,11.10666667,726 ALEXANDER ST,2021,8,{BED845BB-D125-419E-B54A-4E9B8ECB6BB1},,,HNAM,2025/03/19 20:12:07+00
506121.652843088,674723.102722012,C00115795,2021/04/07,NUISANCE,OPEN,NA,11 06 24 2 024 021.000,DISTRICT 7,MONTGOMERY,AL,36108,,433,2.40583333,11.10666667,726 ALEXANDER ST,2021,4,{7262D4C6-2194-4774-B4D9-0AC55D4E92D4},,,HNAM,2025/03/19 20:12:07+00
506121.652843088,674723.102722012,C00132093,2022/04/20,NUISANCE,CLOSED,NA,11 06 24 2 024 021.000,DISTRICT 7,MONTGOMERY,AL,36108,,434,2.40583333,11.10666667,726 ALEXANDER ST,2022,4,{760300FD-D5D5-4856-A298-A2A834C0849A},,,HNAM,2025/03/19 20:12:07+00
506121.652843088,674723.102722012,C00151247,2023/06/27,NUISANCE,CLOSED,NA,11 06 24 2 024 021.000,DISTRICT 7,MONTGOMERY,AL,36108,,435,2.40583333,11.10666667,726 ALEXANDER ST,2023,6,{4DB772C6-763D-42CF-9376-F22C67467E50},,,HNAM,2025/03/19 20:12:07+00
506121.652843088,674723.102722012,C00164830,2024/05/24,NUISANCE,OPEN,NA,11 06 24 2 024 021.000,DISTRICT 7,MONTGOMERY,AL,36108,,436,2.40583333,11.10666667,726 ALEXANDER ST,2024,5,{49C72AC5-7410-40F4-84A3-362336459B73},,,HNAM,2025/03/19 20:12:07+00
501335.842204753,679299.567322344,C00139051,2022/08/05,NUISANCE,CLOSED,NA,11 06 14 2 021 008.000,DISTRICT 4,MONTGOMERY,AL,36108,,437,2.35222222,11.10388889,820 ALMA DR,2022,8,{DA5AEBCB-78EB-4A39-A21A-3FD28070615B},,,HNAM,2025/03/19 20:12:07+00
501335.842204753,679299.567322344,C00156572,2023/09/12,NUISANCE,CLOSED,NA,11 06 14 2 021 008.000,DISTRICT 4,MONTGOMERY,AL,36108,,438,2.35222222,11.10388889,820 ALMA DR,2023,9,{97F1239B-F4A1-41C0-968A-46B8DEFA6A8D},,,HNAM,2025/03/19 20:12:07+00
520208.870731588,670535.052043006,C00133830,2022/05/11,NUISANCE,CLOSED,NA,10 08 28 2 007 002.000,DISTRICT 7,MONTGOMERY,AL,36111,,439,2.11722222,10.14111111,2240 ALLENDALE PL,2022,5,{A9957CD8-C4AC-473E-AE10-FB8EE20C33F9},,,HNAM,2025/03/19 20:12:07+00
521930.514269922,682227.528329924,C00144277,2023/01/27,NUISANCE,CLOSED,Lien Released,10 02 09 3 014 002.002,DISTRICT 1,MONTGOMERY,AL,36107,,440,3.23388944,10.03583333,3026 ALTHEA ST,2023,1,{D57A7532-4A65-4E14-9088-F8E396B29B3A},,,HNAM,2025/03/19 20:12:07+00
496806.392274171,679480.522012927,C00142755,2022/10/19,NUISANCE,CLOSED,Lien Released,11 05 15 1 004 008.000,DISTRICT 4,MONTGOMERY,AL,36108,,441,1.06888889,11.0875,330 AIR BASE BLVD,2022,10,{B2100CDE-AF7F-4047-A322-8DF259D3BF8B},,,HNAM,2025/03/19 20:12:07+00
496806.392274171,679480.522012927,C00119364,2021/05/26,NUISANCE,CLOSED,Lien Released,11 05 15 1 004 008.000,DISTRICT 4,MONTGOMERY,AL,36108,,442,1.06888889,11.0875,330 AIR BASE BLVD,2021,5,{9A990129-FF16-44DD-8DB4-97986CF3D237},,,HNAM,2025/03/19 20:12:07+00
515496.11375292,695715.958045922,C00153238,2023/07/21,NUISANCE,CLOSED,NA,04 09 32 2 006 039.034,DISTRICT 3,MONTGOMERY,AL,36110,,443,2.11084278,4.15888889,124 AMANDA LN,2023,7,{F33961DE-A917-4EEE-BC6D-20F3BC26D537},,,HNAM,2025/03/19 20:12:07+00
515220.218635421,695328.868268929,C00138859,2022/08/02,NUISANCE,CLOSED,NA,04 09 32 2 006 039.053,DISTRICT 3,MONTGOMERY,AL,36110,,444,2.11084806,4.15888889,229 AMANDA LOOP,2022,8,{953A86EF-3995-4487-B1F4-8C60376D63B4},,,HNAM,2025/03/19 20:12:07+00
515496.11375292,695715.958045922,C00164900,2024/05/27,NUISANCE,CLOSED,NA,04 09 32 2 006 039.034,DISTRICT 3,MONTGOMERY,AL,36110,,445,2.11084278,4.15888889,124 AMANDA LN,2024,5,{F3EF8583-CE50-4E6B-9BC6-C82DD6407AD7},,,HNAM,2025/03/19 20:12:07+00
496806.392274171,679480.522012927,C00165266,2024/05/31,NUISANCE,CLOSED,NA,11 05 15 1 004 008.000,DISTRICT 4,MONTGOMERY,AL,36108,,446,1.06888889,11.0875,330 AIR BASE BLVD,2024,5,{5970E64E-BEC1-4A76-A5F0-683A396BC47C},,,HNAM,2025/03/19 20:12:07+00
496806.392274171,679480.522012927,C00166674,2024/06/28,NUISANCE,OPEN,Lien Filed,11 05 15 1 004 008.000,DISTRICT 4,MONTGOMERY,AL,36108,SOMEONE MAY BE IN THE BUILDING BE CAREFUL.,447,1.06888889,11.0875,330 AIR BASE BLVD,2024,6,{1C56E104-F91B-4FE6-9CF8-AFB9DF787586},,,HNAM,2025/03/19 20:12:07+00
496806.392274171,679480.522012927,C00159828,2024/02/05,NUISANCE,OPEN,Lien Filed,11 05 15 1 004 008.000,DISTRICT 4,MONTGOMERY,AL,36108,,448,1.06888889,11.0875,330 AIR BASE BLVD,2024,2,{75F83BD6-FA1C-45E9-99D5-CD2320AEA5D5},,,HNAM,2025/03/19 20:12:07+00
496806.392274171,679480.522012927,C00171941,2024/10/31,NUISANCE,OPEN,Lien Filed,11 05 15 1 004 008.000,DISTRICT 4,MONTGOMERY,AL,36108,ENTIRE PARCEL MUST BE CUT AND CLEANED,449,1.06888889,11.0875,330 AIR BASE BLVD,2024,10,{0B8CB678-E7E2-45E6-9F35-88ECCA81311C},,,HNAM,2025/03/19 20:12:07+00
496806.392274171,679480.522012927,C00170323,2024/09/04,NUISANCE,CLOSED,NA,11 05 15 1 004 008.000,DISTRICT 4,MONTGOMERY,AL,36108,CLEAN UP ALL DEBRIS AND TRASH,450,1.06888889,11.0875,330 AIR BASE BLVD,2024,9,{7ED445CB-2C2E-4982-A4B3-37DFF2DCBA12},,,HNAM,2025/03/19 20:12:07+00
496806.392274171,679480.522012927,C00170916,2024/09/25,NUISANCE,OPEN,Lien Filed,11 05 15 1 004 008.000,DISTRICT 4,MONTGOMERY,AL,36108,,451,1.06888889,11.0875,330 AIR BASE BLVD,2024,9,{1A73891A-B278-487D-AB0A-FB200C79BE5D},,,HNAM,2025/03/19 20:12:07+00
496806.392274171,679480.522012927,C00170375,2024/09/04,OPEN VACANT,CLOSED,NA,11 05 15 1 004 008.000,DISTRICT 4,MONTGOMERY,AL,36108,,452,1.06888889,11.0875,330 AIR BASE BLVD,2024,9,{5683D40B-0538-4BFA-9662-48021E5BE813},,,HNAM,2025/03/19 20:12:07+00
498454.435237922,672532.470292263,C00119317,2021/05/26,NUISANCE,OPEN,NA,11 05 22 4 003 001.003,DISTRICT 4,MONTGOMERY,AL,36108,CUT HIGH GRASS ALONG FENCE LINE AT REAR OF BUILDING,454,4.05027861,11.08944444,1306 AIR BASE BLVD,2021,5,{991E9A0E-A5CA-4FBA-9380-D9C2E152606F},,,HNAM,2025/03/19 20:12:07+00
502843.659727171,674803.618965179,C00121929,2021/07/12,NUISANCE,OPEN,Lien Filed,11 06 23 1 020 018.000,DISTRICT 4,MONTGOMERY,AL,36108,,455,1.33833333,11.10638889,2220 AJAX ST,2021,7,{634EED41-1A83-4990-8745-C7350B5F0567},,,HNAM,2025/03/19 20:12:07+00
502843.659727171,674803.618965179,C00129491,2022/02/24,NUISANCE,OPEN,NA,11 06 23 1 020 018.000,DISTRICT 4,MONTGOMERY,AL,36108,,456,1.33833333,11.10638889,2220 AJAX ST,2022,2,{4C4CDE66-765A-43AE-9416-04E1F68924E8},,,HNAM,2025/03/19 20:12:07+00
498454.435237922,672532.470292263,C00116231,2021/04/13,NUISANCE,CLOSED,NA,11 05 22 4 003 001.003,DISTRICT 4,MONTGOMERY,AL,36108,,457,4.05027861,11.08944444,1306 AIR BASE BLVD,2021,4,{88D5D8AA-83F0-4850-AFB6-D63F11A52464},,,HNAM,2025/03/19 20:12:07+00
502693.664948419,674801.991999924,C00172443,2024/12/05,NUISANCE,OPEN,NA,11 06 23 1 020 015.000,DISTRICT 4,MONTGOMERY,AL,36108,,458,1.3375,11.10638889,2244 AJAX ST,2024,12,{BEBE70F4-0FB2-444B-B5DE-70B97A423BA9},,,HNAM,2025/03/19 20:12:07+00
502693.664948419,674801.991999924,C00163190,2024/04/23,NUISANCE,CLOSED,NA,11 06 23 1 020 015.000,DISTRICT 4,MONTGOMERY,AL,36108,,459,1.3375,11.10638889,2244 AJAX ST,2024,4,{4D0AF851-596D-4BC7-B295-74B40C8E1DE7},,,HNAM,2025/03/19 20:12:07+00
502693.664948419,674801.991999924,C00166545,2024/06/26,NUISANCE,CLOSED,NA,11 06 23 1 020 015.000,DISTRICT 4,MONTGOMERY,AL,36108,,460,1.3375,11.10638889,2244 AJAX ST,2024,6,{EF658AAC-01A2-4BEE-A065-963AD20A4C28},,,HNAM,2025/03/19 20:12:07+00
513904.311490338,665286.715098761,C00126395,2021/10/01,NUISANCE,CLOSED,NA,10 09 31 1 006 010.000,DISTRICT 7,MONTGOMERY,AL,36111,,461,1.10277778,10.15861111,731 ALAMO DR,2021,10,{81D2CDB7-CA58-4911-8AD0-80C7B5AFE317},,,HNAM,2025/03/19 20:12:07+00
513904.311490338,665286.715098761,C00138248,2022/07/26,NUISANCE,CLOSED,NA,10 09 31 1 006 010.000,DISTRICT 7,MONTGOMERY,AL,36111,,462,1.10277778,10.15861111,731 ALAMO DR,2022,7,{C80B998D-9191-4DCE-AEC8-51E4AED466AA},,,HNAM,2025/03/19 20:12:07+00
488812.985688835,677261.074680179,C00136580,2022/06/27,NUISANCE,CLOSED,NA,11 05 16 3 004 014.020,DISTRICT 4,MONTGOMERY,AL,36108,,463,3.07056111,11.08777778,3153 ALAN LN,2022,6,{171143B4-1E91-4578-A02C-9599617EDE3C},,,HNAM,2025/03/19 20:12:07+00
488812.985688835,677261.074680179,C00131257,2022/04/11,NUISANCE,CLOSED,NA,11 05 16 3 004 014.020,DISTRICT 4,MONTGOMERY,AL,36108,,464,3.07056111,11.08777778,3153 ALAN LN,2022,4,{B531E528-EC48-4FF8-AC8A-5BC138BD7777},,,HNAM,2025/03/19 20:12:07+00
489480.342293754,676700.897979006,C00157447,2023/09/29,NUISANCE,CLOSED,NA,11 05 16 3 004 003.000,DISTRICT 4,MONTGOMERY,AL,36108,,465,3.0675,11.08777778,3244 ALAN LN,2023,9,{6EEC4298-A152-4A18-98BE-25629DA17EEC},,,HNAM,2025/03/19 20:12:07+00
489480.342293754,676700.897979006,C00157388,2023/09/28,NUISANCE,CLOSED,NA,11 05 16 3 004 003.000,DISTRICT 4,MONTGOMERY,AL,36108,,466,3.0675,11.08777778,3249 ALAN LN,2023,9,{03A9837B-19A6-463E-A226-21A90D270465},,,HNAM,2025/03/19 20:12:07+00
516977.792548086,667579.83813718,C00116699,2021/04/19,GENERIC,CLOSED,NA,10 09 29 3 009 019.000,DISTRICT 7,MONTGOMERY,AL,36111,,467,3.15527778,10.15805556,1435 ADRIAN LN,2021,4,{4362888D-4DBD-4113-AC79-C2C5ACA3F2CB},,,HNAM,2025/03/19 20:12:07+00
489480.342293754,676700.897979006,C00123153,2021/07/30,NUISANCE,CLOSED,NA,11 05 16 3 004 003.000,DISTRICT 4,MONTGOMERY,AL,36108,,468,3.0675,11.08777778,3249 ALAN LN,2021,7,{802E3078-9D2A-4BA8-8974-71947E961025},,,HNAM,2025/03/19 20:12:07+00
505590.084352419,672279.137465596,C00136518,2022/06/24,NUISANCE,CLOSED,NA,11 06 24 3 015 017.000,DISTRICT 4,MONTGOMERY,AL,36105,,469,3.25472222,11.10666667,3203 AGATE ST,2022,6,{EFF64580-DCE5-4AA6-89F7-DB7D9DF151B9},,,HNAM,2025/03/19 20:12:07+00
516977.792548086,667579.83813718,C00116696,2021/04/19,NUISANCE,CLOSED,NA,10 09 29 3 009 019.000,DISTRICT 7,MONTGOMERY,AL,36111,,470,3.15527778,10.15805556,1435 ADRIAN LN,2021,4,{1A199073-D454-4F07-BC19-7A9289A591F9},,,HNAM,2025/03/19 20:12:07+00
505590.084352419,672279.137465596,C00135848,2022/06/14,NUISANCE,CLOSED,NA,11 06 24 3 015 017.000,DISTRICT 4,MONTGOMERY,AL,36105,,471,3.25472222,11.10666667,3203 AGATE ST,2022,6,{47237262-CA47-4941-859A-096B6FBB6EC5},,,HNAM,2025/03/19 20:12:07+00
505417.894736171,672196.565124176,C00141216,2022/09/12,NUISANCE,CLOSED,NA,11 06 24 3 016 022.000,DISTRICT 4,MONTGOMERY,AL,36105,BLACK NISSAN,473,3.27277778,11.10666667,3210 AGATE ST,2022,9,{6C08AEBB-B74F-4AD3-834A-51C96A169EF4},,,HNAM,2025/03/19 20:12:07+00
505417.894736171,672196.565124176,C00129769,2022/03/04,NUISANCE,CLOSED,NA,11 06 24 3 016 022.000,DISTRICT 4,MONTGOMERY,AL,36105,ALL VEHICLES MUST HAVE PUMPED UP TIRES AND BE IN GOOD WORKING CONDITION.,474,3.27277778,11.10666667,3210 AGATE ST,2022,3,{642BC9BE-A207-4CF3-A76D-0CAD86028514},,,HNAM,2025/03/19 20:12:07+00
497664.539179921,676667.682166174,C00142514,2022/10/12,NUISANCE,CLOSED,NA,11 05 15 4 008 003.000,DISTRICT 4,MONTGOMERY,AL,36113,TRASH AND FURNITURE AROUND DUMPSTER NEED TO BE REMOVE AND CLEAN AREA.,475,4.13416667,11.0875,755 AIR BASE BLVD,2022,10,{5CD1CB54-8089-4D21-906E-AFA87D11E7D1},,,HNAM,2025/03/19 20:12:07+00
497316.706214171,678861.214196429,C00168251,2024/07/24,NUISANCE,CLOSED,NA,11 05 15 4 002 001.000,DISTRICT 4,MONTGOMERY,AL,36108,,476,4.03361111,11.0875,449 AIR BASE BLVD,2024,7,{97E1C0AD-30F8-4235-9336-4BACA7FECBBC},,,HNAM,2025/03/19 20:12:07+00
497210.580770254,678365.599374011,C00168253,2024/07/24,NUISANCE,CLOSED,NA,11 05 15 4 005 001.000,DISTRICT 4,MONTGOMERY,AL,36108,,477,4.08361111,11.0875,525 AIR BASE BLVD,2024,7,{FF6925F8-BE7D-48DB-AAFC-AA92CEB8CD2D},,,HNAM,2025/03/19 20:12:07+00
497210.580770254,678365.599374011,C00150160,2023/06/07,NUISANCE,CLOSED,NA,11 05 15 4 005 001.000,DISTRICT 4,MONTGOMERY,AL,36108,,478,4.08361111,11.0875,525 AIR BASE BLVD,2023,6,{9000495A-BA18-4F10-9246-27F9E2A30310},,,HNAM,2025/03/19 20:12:07+00
497050.84454117,677956.649076425,C00170921,2024/09/25,NUISANCE,CLOSED,NA,11 05 15 4 004 002.001,DISTRICT 4,MONTGOMERY,AL,36108,,479,4.0672225,11.0875,532 AIR BASE BLVD,2024,9,{467D0AED-B7E7-4CE9-9968-7A32C1E3E220},,,HNAM,2025/03/19 20:12:07+00
497044.45380592,677686.179473013,C00170763,2024/09/20,NUISANCE,OPEN,Lien Filed,11 05 15 4 007 001.001,DISTRICT 4,MONTGOMERY,AL,36108,,480,4.11694472,11.0875,600 AIR BASE BLVD,2024,9,{A4411759-CD74-4CB2-B872-D5E969C9CA66},,,HNAM,2025/03/19 20:12:07+00
532575.356169172,672755.204098761,C00126240,2021/09/29,NUISANCE,CLOSED,NA,10 06 23 3 001 022.000,DISTRICT 5,MONTGOMERY,AL,36106,,481,3.02277778,10.10638889,1924 ALDERPOINT DR,2021,9,{DDD19C75-CA66-4A2B-9B08-52F4670652DD},,,HNAM,2025/03/19 20:12:07+00
538487.83745442,660972.055749096,C00115607,2021/04/05,NUISANCE,CLOSED,NA,10 07 36 3 000 001.002,DISTRICT 6,MONTGOMERY,AL,36116,,482,3.00027833,10.12666667,6000 ALDERSBROOK CT,2021,4,{1F294DEB-960D-4A5C-81D2-F2E02CACCB6F},,,HNAM,2025/03/19 20:12:07+00
538487.83745442,660972.055749096,C00170689,2024/09/18,NUISANCE,CLOSED,NA,10 07 36 3 000 001.002,DISTRICT 6,MONTGOMERY,AL,36116,,483,3.00027833,10.12666667,6000 ALDERSBROOK CT,2024,9,{97A19756-68EC-421E-B25F-206D6168A4AB},,,HNAM,2025/03/19 20:12:07+00
538487.83745442,660972.055749096,C00136577,2022/06/27,NUISANCE,CLOSED,NA,10 07 36 3 000 001.002,DISTRICT 6,MONTGOMERY,AL,36116,,484,3.00027833,10.12666667,6000 ALDERSBROOK CT,2022,6,{E6E2B662-A813-47CC-9DD7-E767B9DDAC48},,,HNAM,2025/03/19 20:12:07+00
538487.83745442,660972.055749096,C00133611,2022/05/09,NUISANCE,CLOSED,NA,10 07 36 3 000 001.002,DISTRICT 6,MONTGOMERY,AL,36116,,485,3.00027833,10.12666667,6000 ALDERSBROOK CT,2022,5,{7B4FFCEF-98DA-452D-9153-D9B0DA64D34A},,,HNAM,2025/03/19 20:12:07+00
506204.248806503,674575.022965677,C00123656,2021/08/09,NUISANCE,OPEN,NA,11 06 24 2 023 004.000,DISTRICT 7,MONTGOMERY,AL,36108,,486,2.38444444,11.10666667,715 ALEXANDER ST,2021,8,{F342A7AB-B67F-4D77-A630-F2835EA976F5},,,HNAM,2025/03/19 20:12:07+00
506204.248806503,674575.022965677,C00151269,2023/06/28,NUISANCE,CLOSED,NA,11 06 24 2 023 004.000,DISTRICT 7,MONTGOMERY,AL,36108,,487,2.38444444,11.10666667,715 ALEXANDER ST,2023,6,{F6444731-3584-4F15-B13C-627191BFC8FA},,,HNAM,2025/03/19 20:12:07+00
506204.248806503,674575.022965677,C00115681,2021/04/06,NUISANCE,CLOSED,Lien Released,11 06 24 2 023 004.000,DISTRICT 7,MONTGOMERY,AL,36108,,488,2.38444444,11.10666667,715 ALEXANDER ST,2021,4,{776F9EFE-C2F1-40C9-A4BC-3F8D56923BBC},,,HNAM,2025/03/19 20:12:07+00
538487.83745442,660972.055749096,C00152743,2023/07/19,GENERIC,CLOSED,NA,10 07 36 3 000 001.002,DISTRICT 6,MONTGOMERY,AL,36116,,489,3.00027833,10.12666667,6000 ALDERSBROOK CT,2023,7,{0BF39083-19E9-4B5E-A698-C42C404DE58C},,,HNAM,2025/03/19 20:12:07+00
506161.646201421,674723.801867589,C00151799,2023/07/10,NUISANCE,CLOSED,NA,11 06 24 2 024 022.000,DISTRICT 7,MONTGOMERY,AL,36108,,490,2.40611111,11.10666667,720 ALEXANDER ST,2023,7,{3E2884D0-71DA-4496-BF23-3AD4B3734663},,,HNAM,2025/03/19 20:12:07+00
506161.646201421,674723.801867589,C00151246,2023/06/27,NUISANCE,CLOSED,NA,11 06 24 2 024 022.000,DISTRICT 7,MONTGOMERY,AL,36108,,491,2.40611111,11.10666667,720 ALEXANDER ST,2023,6,{5167109D-1F04-46CD-9FEA-EAFAC15AC596},,,HNAM,2025/03/19 20:12:07+00
506044.273404669,674572.229992256,C00154805,2023/08/09,NUISANCE,OPEN,Lien Filed,11 06 24 2 023 008.000,DISTRICT 7,MONTGOMERY,AL,36108,,492,2.38555556,11.10666667,735 ALEXANDER ST,2023,8,{E740A2C1-46EC-4607-9C6D-8CE68D9E7C31},,,HNAM,2025/03/19 20:12:07+00
506044.273404669,674572.229992256,C00163598,2024/05/01,NUISANCE,OPEN,NA,11 06 24 2 023 008.000,DISTRICT 7,MONTGOMERY,AL,36108,,493,2.38555556,11.10666667,735 ALEXANDER ST,2024,5,{9AE2DC07-B788-4587-BA9E-ECF1A7D60CA0},,,HNAM,2025/03/19 20:12:07+00
506044.273404669,674572.229992256,C00130150,2022/03/17,NUISANCE,CLOSED,Lien Released,11 06 24 2 023 008.000,DISTRICT 7,MONTGOMERY,AL,36108,,494,2.38555556,11.10666667,735 ALEXANDER ST,2022,3,{AE6211C2-5B7B-4678-B096-56157448BAB4},,,HNAM,2025/03/19 20:12:07+00
506044.273404669,674572.229992256,C00123665,2021/08/09,NUISANCE,CLOSED,Lien Released,11 06 24 2 023 008.000,DISTRICT 7,MONTGOMERY,AL,36108,,495,2.38555556,11.10666667,735 ALEXANDER ST,2021,8,{AFDCA6D4-E36C-480B-BF18-1AFB2E093F17},,,HNAM,2025/03/19 20:12:07+00
506044.273404669,674572.229992256,C00114489,2021/03/16,NUISANCE,CLOSED,Lien Released,11 06 24 2 023 008.000,DISTRICT 7,MONTGOMERY,AL,36108,,496,2.38555556,11.10666667,735 ALEXANDER ST,2021,3,{CD7534C3-8049-452B-AF99-A8627BF99518},,,HNAM,2025/03/19 20:12:07+00
506044.273404669,674572.229992256,C00119874,2021/06/08,NUISANCE,CLOSED,Lien Released,11 06 24 2 023 008.000,DISTRICT 7,MONTGOMERY,AL,36108,,497,2.38555556,11.10666667,735 ALEXANDER ST,2021,6,{B3A8A03F-438E-49C5-B22C-C0F4630098E6},,,HNAM,2025/03/19 20:12:07+00
506044.273404669,674572.229992256,C00146342,2023/04/07,NUISANCE,OPEN,NA,11 06 24 2 023 008.000,DISTRICT 7,MONTGOMERY,AL,36108,,498,2.38555556,11.10666667,735 ALEXANDER ST,2023,4,{FA0851B7-EAD8-4A21-9B24-B272BA131716},,,HNAM,2025/03/19 20:12:07+00
506044.273404669,674572.229992256,C00142883,2022/10/24,NUISANCE,CLOSED,Lien Released,11 06 24 2 023 008.000,DISTRICT 7,MONTGOMERY,AL,36108,,499,2.38555556,11.10666667,735 ALEXANDER ST,2022,10,{20F40A00-32AF-4021-A54C-0104846BA1F0},,,HNAM,2025/03/19 20:12:07+00
506044.273404669,674572.229992256,C00135827,2022/06/14,NUISANCE,CLOSED,Lien Released,11 06 24 2 023 008.000,DISTRICT 7,MONTGOMERY,AL,36108,,500,2.38555556,11.10666667,735 ALEXANDER ST,2022,6,{0CFE68A9-1DA2-4A40-B1AA-26AB148FDCFF},,,HNAM,2025/03/19 20:12:07+00
506044.273404669,674572.229992256,C00139833,2022/08/17,NUISANCE,CLOSED,NA,11 06 24 2 023 008.000,DISTRICT 7,MONTGOMERY,AL,36108,,501,2.38555556,11.10666667,735 ALEXANDER ST,2022,8,{EFAAFC9B-A24E-40E1-BE71-7264CC264971},,,HNAM,2025/03/19 20:12:07+00
506044.273404669,674572.229992256,C00149346,2023/05/23,NUISANCE,CLOSED,Lien Released,11 06 24 2 023 008.000,DISTRICT 7,MONTGOMERY,AL,36108,,502,2.38555556,11.10666667,735 ALEXANDER ST,2023,5,{978E5D1A-1153-4DD6-9921-85EFF482761F},,,HNAM,2025/03/19 20:12:07+00
501289.164148502,678933.203225672,C00151400,2023/06/29,NUISANCE,CLOSED,NA,11 06 14 3 002 002.000,DISTRICT 4,MONTGOMERY,AL,36108,,503,3.03388889,11.10388889,844 ALMA DR,2023,6,{B942A851-FD5D-4E71-8AD5-8D2E44FC46FB},,,HNAM,2025/03/19 20:12:07+00
543206.041272588,655814.780958675,C00149510,2023/05/30,NUISANCE,CLOSED,NA,16 03 06 3 000 006.051,DISTRICT 6,MONTGOMERY,AL,36116,,504,3.00168083,16.05166667,5919 AMBERWOOD LN,2023,5,{5D329C36-BAB4-4F06-8B62-1E8AC1BA7682},,,HNAM,2025/03/19 20:12:07+00
543071.692459922,656026.660128094,C00148961,2023/05/16,NUISANCE,CLOSED,NA,16 03 06 3 000 006.048,DISTRICT 6,MONTGOMERY,AL,36116,,505,3.00168,16.05166667,5912 AMBERWOOD LN,2023,5,{B3FA0BB8-FB12-448C-8C7F-4386EB3510CA},,,HNAM,2025/03/19 20:12:07+00
543071.692459922,656026.660128094,C00116201,2021/04/13,NUISANCE,CLOSED,NA,16 03 06 3 000 006.048,DISTRICT 6,MONTGOMERY,AL,36116,,506,3.00168,16.05166667,5912 AMBERWOOD LN,2021,4,{00FC7782-B673-4A90-A452-13CEF78EFAB5},,,HNAM,2025/03/19 20:12:07+00
543071.692459922,656026.660128094,C00118859,2021/05/19,NUISANCE,CLOSED,NA,16 03 06 3 000 006.048,DISTRICT 6,MONTGOMERY,AL,36116,,507,3.00168,16.05166667,5912 AMBERWOOD LN,2021,5,{8851F1A0-6DFA-40AE-AED9-E46E6DE28488},,,HNAM,2025/03/19 20:12:07+00
543206.041272588,655814.780958675,C00154184,2023/08/02,NUISANCE,CLOSED,NA,16 03 06 3 000 006.051,DISTRICT 6,MONTGOMERY,AL,36116,,508,3.00168083,16.05166667,5919 AMBERWOOD LN,2023,8,{C9BA9076-8798-4F6F-9100-3CA77BDC720E},,,HNAM,2025/03/19 20:12:07+00
513924.553247754,664085.103656843,C00137933,2022/07/21,REPAIR,OPEN,NA,10 09 31 1 010 005.000,DISTRICT 5,MONTGOMERY,AL,36116,,509,1.16805556,10.15861111,4205 AMHERST DR,2022,7,{993CFFC6-C627-4DD6-A554-1B83E2EFC6AD},,,HNAM,2025/03/19 20:12:07+00
513995.028500505,663827.769853927,C00137324,2022/07/12,NUISANCE,CLOSED,NA,10 09 31 1 011 016.000,DISTRICT 5,MONTGOMERY,AL,36116,,510,1.18777778,10.15861111,4234 AMHERST DR,2022,7,{FD63888E-5870-4753-9308-CDF764B3543B},,,HNAM,2025/03/19 20:12:07+00
543206.041272588,655814.780958675,C00163614,2024/05/01,NUISANCE,CLOSED,NA,16 03 06 3 000 006.051,DISTRICT 6,MONTGOMERY,AL,36116,,511,3.00168083,16.05166667,5919 AMBERWOOD LN,2024,5,{3A3FFB91-0C4E-4248-8BA5-39A3D1277047},,,HNAM,2025/03/19 20:12:07+00
513995.028500505,663827.769853927,C00148465,2023/05/09,NUISANCE,CLOSED,NA,10 09 31 1 011 016.000,DISTRICT 5,MONTGOMERY,AL,36116,BACK YARD NEEDS TO BE IN COMPLIANCE.,512,1.18777778,10.15861111,4234 AMHERST DR,2023,5,{F78C332A-CB1F-4ED0-A5B1-56BAE2208928},,,HNAM,2025/03/19 20:12:07+00
513995.028500505,663827.769853927,C00135601,2022/06/09,NUISANCE,CLOSED,NA,10 09 31 1 011 016.000,DISTRICT 5,MONTGOMERY,AL,36116,,513,1.18777778,10.15861111,4234 AMHERST DR,2022,6,{FB440510-8D6F-4EBB-9666-7094CBF4BABD},,,HNAM,2025/03/19 20:12:07+00
513995.028500505,663827.769853927,C00164038,2024/05/09,NUISANCE,CLOSED,NA,10 09 31 1 011 016.000,DISTRICT 5,MONTGOMERY,AL,36116,,514,1.18777778,10.15861111,4234 AMHERST DR,2024,5,{D152611B-F2C6-4BC0-91C6-55AF6A98E5BB},,,HNAM,2025/03/19 20:12:07+00
513995.028500505,663827.769853927,C00165593,2024/06/07,NUISANCE,CLOSED,NA,10 09 31 1 011 016.000,DISTRICT 5,MONTGOMERY,AL,36116,,515,1.18777778,10.15861111,4234 AMHERST DR,2024,6,{F74C8D2B-5FBC-4EEE-822C-E7AA01945606},,,HNAM,2025/03/19 20:12:07+00
541881.16137642,689940.90233884,C00126178,2021/09/28,REPAIR,CLOSED,NA,09 03 06 3 001 024.000,DISTRICT 2,MONTGOMERY,AL,36117,,516,3.02333333,9.05166667,704 AMITY LN,2021,9,{5D1BBFE5-5FFB-4F40-867E-7822419A5188},,,HNAM,2025/03/19 20:12:07+00
513995.028500505,663827.769853927,C00168162,2024/07/24,NUISANCE,CLOSED,NA,10 09 31 1 011 016.000,DISTRICT 5,MONTGOMERY,AL,36116,,517,1.18777778,10.15861111,4234 AMHERST DR,2024,7,{8AEFEA00-C56C-4F92-BAE6-4267CFFA4FC2},,,HNAM,2025/03/19 20:12:07+00
513995.028500505,663827.769853927,C00153123,2023/07/21,NUISANCE,CLOSED,NA,10 09 31 1 011 016.000,DISTRICT 5,MONTGOMERY,AL,36116,,518,1.18777778,10.15861111,4234 AMHERST DR,2023,7,{F974B3A8-10E7-4719-B888-376067354F53},,,HNAM,2025/03/19 20:12:07+00
513995.028500505,663827.769853927,C00151133,2023/06/26,NUISANCE,CLOSED,NA,10 09 31 1 011 016.000,DISTRICT 5,MONTGOMERY,AL,36116,,519,1.18777778,10.15861111,4234 AMHERST DR,2023,6,{EBD7EE33-D3B0-4BDF-8FA5-1D39B3361846},,,HNAM,2025/03/19 20:12:07+00
541692.585310005,690012.362169676,C00118534,2021/05/13,NUISANCE,CLOSED,NA,09 03 06 3 001 028.000,DISTRICT 2,MONTGOMERY,AL,36117,,520,3.02444444,9.05166667,709 AMITY LN,2021,5,{27D0CDC0-B426-4277-B48D-8BE449D1BEAE},,,HNAM,2025/03/19 20:12:07+00
519794.695050754,691886.049367175,C00137135,2022/07/07,NUISANCE,OPEN,NA,10 03 05 1 006 028.000,DISTRICT 3,MONTGOMERY,AL,36107,,521,1.10777778,10.05138889,2047 AMOS ST,2022,7,{EE324EC8-128B-49F9-82C1-17458BF576BF},,,HNAM,2025/03/19 20:12:07+00
519794.695050754,691886.049367175,C00120817,2021/06/24,NUISANCE,OPEN,NA,10 03 05 1 006 028.000,DISTRICT 3,MONTGOMERY,AL,36107,,522,1.10777778,10.05138889,2047 AMOS ST,2021,6,{85D431CC-2D05-4DB5-8215-3AB207248AFC},,,HNAM,2025/03/19 20:12:07+00
519794.695050754,691886.049367175,C00140821,2022/09/02,NUISANCE,CLOSED,NA,10 03 05 1 006 028.000,DISTRICT 3,MONTGOMERY,AL,36107,,523,1.10777778,10.05138889,2047 AMOS ST,2022,9,{D2B01FC2-D30F-48AA-805B-C33B0FEDEEEF},,,HNAM,2025/03/19 20:12:07+00
519794.695050754,691886.049367175,C00170043,2024/08/26,NUISANCE,CLOSED,NA,10 03 05 1 006 028.000,DISTRICT 3,MONTGOMERY,AL,36107,,524,1.10777778,10.05138889,2047 AMOS ST,2024,8,{E45532D1-548C-4FA2-A568-3E4357803AE5},,,HNAM,2025/03/19 20:12:07+00
519794.695050754,691886.049367175,C00155772,2023/08/24,NUISANCE,CLOSED,NA,10 03 05 1 006 028.000,DISTRICT 3,MONTGOMERY,AL,36107,,525,1.10777778,10.05138889,2047 AMOS ST,2023,8,{80ED7FE6-002B-4624-8EC8-8754BD8AF58A},,,HNAM,2025/03/19 20:12:07+00
519794.695050754,691886.049367175,C00165796,2024/06/11,NUISANCE,OPEN,Lien Filed,10 03 05 1 006 028.000,DISTRICT 3,MONTGOMERY,AL,36107,,526,1.10777778,10.05138889,2047 AMOS ST,2024,6,{EE31C5B8-D2BE-4614-8208-B1A02EA7A1B0},,,HNAM,2025/03/19 20:12:07+00
519794.695050754,691886.049367175,C00162121,2024/04/07,NUISANCE,CLOSED,NA,10 03 05 1 006 028.000,DISTRICT 3,MONTGOMERY,AL,36107,,527,1.10777778,10.05138889,2047 AMOS ST,2024,4,{D9E2F853-4F83-40F9-832C-5128301D57AD},,,HNAM,2025/03/19 20:12:07+00
515870.913528252,693131.490445845,C00145285,2023/03/16,NUISANCE,OPEN,NA,04 09 32 3 018 036.000,DISTRICT 3,MONTGOMERY,AL,36110,REMOVE PILE OF TREE DEBRIS FROM PROPERTY,528,3.31,4.15888889,1500 AMOY CT,2023,3,{FF19A406-4FB4-4939-89A4-977FB95B23E5},,,HNAM,2025/03/19 20:12:07+00
515870.913528252,693131.490445845,C00141387,2022/09/15,NUISANCE,CLOSED,NA,04 09 32 3 018 036.000,DISTRICT 3,MONTGOMERY,AL,36110,,529,3.31,4.15888889,1500 AMOY CT,2022,9,{26A677E9-F3E8-4ACF-ADAA-2E949E2F9F69},,,HNAM,2025/03/19 20:12:07+00
515942.761809755,693278.97505901,C00163513,2024/04/29,NUISANCE,CLOSED,NA,04 09 32 3 018 034.000,DISTRICT 3,MONTGOMERY,AL,36110,,530,3.30944444,4.15888889,1507 AMOY CT,2024,4,{4CF18F1F-AF1A-429D-993B-3B472F967567},,,HNAM,2025/03/19 20:12:07+00
516685.660914503,681786.332033843,C00151375,2023/06/29,NUISANCE,CLOSED,NA,10 04 17 2 002 007.000,DISTRICT 3,MONTGOMERY,AL,36107,,531,2.03527778,10.07138889,511 ANDERSON ST,2023,6,{E12A40F0-EF64-4BCD-B67C-D6D92004B19B},,,HNAM,2025/03/19 20:12:07+00
527896.585343003,654208.495785423,C00133598,2022/05/06,NUISANCE,CLOSED,Lien Released,15 02 10 2 003 032.000,DISTRICT 6,MONTGOMERY,AL,36116,,532,2.05888889,15.03611111,4266 ANDOVA DR,2022,5,{3F9F851A-40B5-47E0-914F-8BF15E487D80},,,HNAM,2025/03/19 20:12:07+00
527896.585343003,654208.495785423,C00116480,2021/04/15,GENERIC,CLOSED,NA,15 02 10 2 003 032.000,DISTRICT 6,MONTGOMERY,AL,36116,,533,2.05888889,15.03611111,4266 ANDOVA DR,2021,4,{F6C3A3E4-F345-4319-B1D8-77D66378548D},,,HNAM,2025/03/19 20:12:07+00
521896.303380337,680731.822331846,C00145052,2023/03/09,NUISANCE,CLOSED,NA,10 05 16 2 012 001.000,DISTRICT 3,MONTGOMERY,AL,36107,ALL OF THE DUMPSTERS AT THE BACK OF THE BUILDINGS ALL NEEDS TO BE DUMPED AND CLEAN UP ALL AROUND DUMPSTER. TRY TO KEEP IT CLEAN BACK THERE.,534,2.20027778,10.08777778,851 ANN ST,2023,3,{FFCBCAC3-A62D-44CF-90C1-B62B52B6A739},,,HNAM,2025/03/19 20:12:07+00
521896.303380337,680731.822331846,C00165525,2024/06/05,NUISANCE,CLOSED,NA,10 05 16 2 012 001.000,DISTRICT 3,MONTGOMERY,AL,36107,,535,2.20027778,10.08777778,851 ANN ST,2024,6,{8AC5FDF1-75E0-4814-AFF6-C5057492DFD6},,,HNAM,2025/03/19 20:12:07+00
521896.303380337,680731.822331846,C00150746,2023/06/14,NUISANCE,CLOSED,NA,10 05 16 2 012 001.000,DISTRICT 3,MONTGOMERY,AL,36107,,536,2.20027778,10.08777778,851 ANN ST,2023,6,{0ADC54B3-5754-416D-A469-967860410745},,,HNAM,2025/03/19 20:12:07+00
521896.303380337,680731.822331846,C00149490,2023/05/30,NUISANCE,CLOSED,NA,10 05 16 2 012 001.000,DISTRICT 3,MONTGOMERY,AL,36107,,537,2.20027778,10.08777778,851 ANN ST,2023,5,{6E024101-5DD2-4AE2-BBD9-D3B7BA234ABA},,,HNAM,2025/03/19 20:12:07+00
506321.621603254,674726.594184846,C00163570,2024/04/30,NUISANCE,OPEN,Lien Filed,11 06 24 2 024 026.000,DISTRICT 7,MONTGOMERY,AL,36108,,538,2.40722222,11.10666667,700 ALEXANDER ST,2024,4,{5F037A24-A53F-453F-9817-33A6C213A24C},,,HNAM,2025/03/19 20:12:07+00
506321.621603254,674726.594184846,C00151855,2023/07/10,NUISANCE,CLOSED,NA,11 06 24 2 024 026.000,DISTRICT 7,MONTGOMERY,AL,36108,,539,2.40722222,11.10666667,700 ALEXANDER ST,2023,7,{42CF30D8-6084-4042-ACAD-2F40BFAC9F3D},,,HNAM,2025/03/19 20:12:07+00
506321.621603254,674726.594184846,C00165964,2024/06/13,NUISANCE,CLOSED,NA,11 06 24 2 024 026.000,DISTRICT 7,MONTGOMERY,AL,36108,,540,2.40722222,11.10666667,700 ALEXANDER ST,2024,6,{1E6269E7-2ABE-4E97-B3A5-56B381ABFB89},,,HNAM,2025/03/19 20:12:07+00
506321.621603254,674726.594184846,C00151242,2023/06/27,NUISANCE,OPEN,Lien Filed,11 06 24 2 024 026.000,DISTRICT 7,MONTGOMERY,AL,36108,,541,2.40722222,11.10666667,700 ALEXANDER ST,2023,6,{80EB6563-D0DD-403A-A97D-40FA3E6C7521},,,HNAM,2025/03/19 20:12:07+00
506321.621603254,674726.594184846,C00154814,2023/08/09,NUISANCE,OPEN,Lien Filed,11 06 24 2 024 026.000,DISTRICT 7,MONTGOMERY,AL,36108,,542,2.40722222,11.10666667,700 ALEXANDER ST,2023,8,{71CE4F29-466A-4165-BA4A-DBF859D5BE1E},,,HNAM,2025/03/19 20:12:07+00
506321.621603254,674726.594184846,C00169080,2024/08/06,NUISANCE,OPEN,Lien Filed,11 06 24 2 024 026.000,DISTRICT 7,MONTGOMERY,AL,36108,,543,2.40722222,11.10666667,700 ALEXANDER ST,2024,8,{AD8E4E7F-76C0-42E2-835C-7E621DF78681},,,HNAM,2025/03/19 20:12:07+00
506321.621603254,674726.594184846,C00170727,2024/09/19,NUISANCE,OPEN,Lien Filed,11 06 24 2 024 026.000,DISTRICT 7,MONTGOMERY,AL,36108,,544,2.40722222,11.10666667,700 ALEXANDER ST,2024,9,{F454C174-ECF5-47C2-A8B3-1E47DC62CA48},,,HNAM,2025/03/19 20:12:07+00
506321.621603254,674726.594184846,C00148786,2023/05/12,NUISANCE,CLOSED,NA,11 06 24 2 024 026.000,DISTRICT 7,MONTGOMERY,AL,36108,,546,2.40722222,11.10666667,700 ALEXANDER ST,2023,5,{310835C3-C51E-42AE-8274-9E9C99DC73F7},,,HNAM,2025/03/19 20:12:07+00
506321.621603254,674726.594184846,C00146695,2023/04/13,NUISANCE,OPEN,Lien Filed,11 06 24 2 024 026.000,DISTRICT 7,MONTGOMERY,AL,36108,,547,2.40722222,11.10666667,700 ALEXANDER ST,2023,4,{6CFE767A-4B15-4ACE-8CD6-78D5C4C025E9},,,HNAM,2025/03/19 20:12:07+00
506321.621603254,674726.594184846,C00140954,2022/09/07,NUISANCE,OPEN,Lien Filed,11 06 24 2 024 026.000,DISTRICT 7,MONTGOMERY,AL,36108,,548,2.40722222,11.10666667,700 ALEXANDER ST,2022,9,{288908DB-B3BA-48A3-81CA-C5429B3EDAE7},,,HNAM,2025/03/19 20:12:07+00
506321.621603254,674726.594184846,C00134911,2022/05/31,NUISANCE,OPEN,Lien Filed,11 06 24 2 024 026.000,DISTRICT 7,MONTGOMERY,AL,36108,,549,2.40722222,11.10666667,700 ALEXANDER ST,2022,5,{19AD46A0-41B5-4874-8840-4C19B08F21A1},,,HNAM,2025/03/19 20:12:07+00
506321.621603254,674726.594184846,C00115679,2021/04/06,NUISANCE,CLOSED,NA,11 06 24 2 024 026.000,DISTRICT 7,MONTGOMERY,AL,36108,,550,2.40722222,11.10666667,700 ALEXANDER ST,2021,4,{FD4337B5-B0AF-4910-AF3A-53B3C818DEF5},,,HNAM,2025/03/19 20:12:07+00
506321.621603254,674726.594184846,C00114391,2021/03/15,NUISANCE,OPEN,Lien Filed,11 06 24 2 024 026.000,DISTRICT 7,MONTGOMERY,AL,36108,,551,2.40722222,11.10666667,700 ALEXANDER ST,2021,3,{CA0BE807-6FF7-42D9-91CA-844E7D0A0EA0},,,HNAM,2025/03/19 20:12:07+00
506321.621603254,674726.594184846,C00120985,2021/06/28,NUISANCE,OPEN,NA,11 06 24 2 024 026.000,DISTRICT 7,MONTGOMERY,AL,36108,,552,2.40722222,11.10666667,700 ALEXANDER ST,2021,6,{907D818F-E731-4D0F-A32C-DCFA35BAE909},,,HNAM,2025/03/19 20:12:07+00
506321.621603254,674726.594184846,C00124485,2021/08/20,NUISANCE,OPEN,Lien Filed,11 06 24 2 024 026.000,DISTRICT 7,MONTGOMERY,AL,36108,,553,2.40722222,11.10666667,700 ALEXANDER ST,2021,8,{4B6D330D-0B2C-4A08-B085-32D20366E33E},,,HNAM,2025/03/19 20:12:07+00
506321.621603254,674726.594184846,C00129800,2022/03/07,NUISANCE,OPEN,Lien Filed,11 06 24 2 024 026.000,DISTRICT 7,MONTGOMERY,AL,36108,,554,2.40722222,11.10666667,700 ALEXANDER ST,2022,3,{F41A44AB-9B88-4698-B347-D4248E556823},,,HNAM,2025/03/19 20:12:07+00
506321.621603254,674726.594184846,C00128562,2022/01/12,NUISANCE,CLOSED,NA,11 06 24 2 024 026.000,DISTRICT 7,MONTGOMERY,AL,36108,REMOVE LARGE PILE OF  TREE LIMBS ON CURB.,555,2.40722222,11.10666667,700 ALEXANDER ST,2022,1,{2DA97C0A-45CF-42FD-A80B-17CC5303C234},,,HNAM,2025/03/19 20:12:07+00
506321.621603254,674726.594184846,C00128180,2021/12/20,NUISANCE,CLOSED,NA,11 06 24 2 024 026.000,DISTRICT 7,MONTGOMERY,AL,36108,,556,2.40722222,11.10666667,700 ALEXANDER ST,2021,12,{32F6339C-406C-4B62-82F1-9B21531CBF47},,,HNAM,2025/03/19 20:12:07+00
506321.621603254,674726.594184846,C00127777,2021/12/01,NUISANCE,OPEN,Lien Filed,11 06 24 2 024 026.000,DISTRICT 7,MONTGOMERY,AL,36108,,557,2.40722222,11.10666667,700 ALEXANDER ST,2021,12,{CDA913AF-96D6-4D46-BCEA-E7CC506B399B},,,HNAM,2025/03/19 20:12:07+00
506321.621603254,674726.594184846,C00128307,2021/12/29,NUISANCE,CLOSED,NA,11 06 24 2 024 026.000,DISTRICT 7,MONTGOMERY,AL,36108,,558,2.40722222,11.10666667,700 ALEXANDER ST,2021,12,{9D8D2692-F30E-416E-A792-25533F4AB61F},,,HNAM,2025/03/19 20:12:07+00
506284.236507419,674576.418960258,C00151267,2023/06/28,NUISANCE,CLOSED,NA,11 06 24 2 023 002.000,DISTRICT 7,MONTGOMERY,AL,36108,,559,2.38388889,11.10666667,705 ALEXANDER ST,2023,6,{385B4F98-5A30-43D1-9629-6EE4315134A2},,,HNAM,2025/03/19 20:12:07+00
506244.242492922,674575.721127011,C00151268,2023/06/28,NUISANCE,CLOSED,NA,11 06 24 2 023 003.000,DISTRICT 7,MONTGOMERY,AL,36108,,560,2.38416667,11.10666667,711 ALEXANDER ST,2023,6,{62C8CD68-34C9-4DD2-8576-A438A0B0ADE2},,,HNAM,2025/03/19 20:12:07+00
506244.242492922,674575.721127011,C00150495,2023/06/12,NUISANCE,CLOSED,NA,11 06 24 2 023 003.000,DISTRICT 7,MONTGOMERY,AL,36108,,561,2.38416667,11.10666667,711 ALEXANDER ST,2023,6,{61F2A3C9-8CDE-4D72-9B64-BBE656B402B2},,,HNAM,2025/03/19 20:12:07+00
506244.242492922,674575.721127011,C00150464,2023/06/12,NUISANCE,CLOSED,NA,11 06 24 2 023 003.000,DISTRICT 7,MONTGOMERY,AL,36108,,562,2.38416667,11.10666667,711 ALEXANDER ST,2023,6,{3D33AE88-FAEA-4E80-BCA1-191EB68F54FF},,,HNAM,2025/03/19 20:12:07+00
506244.242492922,674575.721127011,C00154804,2023/08/09,NUISANCE,CLOSED,NA,11 06 24 2 023 003.000,DISTRICT 7,MONTGOMERY,AL,36108,,563,2.38416667,11.10666667,711 ALEXANDER ST,2023,8,{935EED67-FA78-4CF6-8372-09F275E5FD6E},,,HNAM,2025/03/19 20:12:07+00
506244.242492922,674575.721127011,C00115680,2021/04/06,NUISANCE,OPEN,Lien Filed,11 06 24 2 023 003.000,DISTRICT 7,MONTGOMERY,AL,36108,,564,2.38416667,11.10666667,711 ALEXANDER ST,2021,4,{75D85E6A-D964-4C5C-8C46-9920E924267E},,,HNAM,2025/03/19 20:12:07+00
506244.242492922,674575.721127011,C00135857,2022/06/14,NUISANCE,OPEN,Lien Filed,11 06 24 2 023 003.000,DISTRICT 7,MONTGOMERY,AL,36108,,565,2.38416667,11.10666667,711 ALEXANDER ST,2022,6,{AB6C87C3-EDC0-4273-AF60-A88F2A1BEF09},,,HNAM,2025/03/19 20:12:07+00
506244.242492922,674575.721127011,C00134329,2022/05/18,NUISANCE,CLOSED,NA,11 06 24 2 023 003.000,DISTRICT 7,MONTGOMERY,AL,36108,,566,2.38416667,11.10666667,711 ALEXANDER ST,2022,5,{EA8AA9B9-938D-4E87-97D7-163086C87536},,,HNAM,2025/03/19 20:12:07+00
506244.242492922,674575.721127011,C00132227,2022/04/21,NUISANCE,OPEN,Lien Filed,11 06 24 2 023 003.000,DISTRICT 7,MONTGOMERY,AL,36108,,567,2.38416667,11.10666667,711 ALEXANDER ST,2022,4,{34CE8CDD-0B44-4069-BC1B-2D4BB6727757},,,HNAM,2025/03/19 20:12:07+00
506244.242492922,674575.721127011,C00139618,2022/08/15,NUISANCE,OPEN,Lien Filed,11 06 24 2 023 003.000,DISTRICT 7,MONTGOMERY,AL,36108,,568,2.38416667,11.10666667,711 ALEXANDER ST,2022,8,{F9B278BC-246D-411D-B50E-AAC1D6C5731C},,,HNAM,2025/03/19 20:12:07+00
506244.242492922,674575.721127011,C00132488,2022/04/26,NUISANCE,CLOSED,NA,11 06 24 2 023 003.000,DISTRICT 7,MONTGOMERY,AL,36108,,569,2.38416667,11.10666667,711 ALEXANDER ST,2022,4,{F020C4BB-E041-4742-8ECE-039220DFF073},,,HNAM,2025/03/19 20:12:07+00
506244.242492922,674575.721127011,C00146752,2023/04/13,NUISANCE,OPEN,Lien Filed,11 06 24 2 023 003.000,DISTRICT 7,MONTGOMERY,AL,36108,,570,2.38416667,11.10666667,711 ALEXANDER ST,2023,4,{F246F4E6-B9A4-4DEC-8EAC-2AA2F56D8BCE},,,HNAM,2025/03/19 20:12:07+00
506201.639559753,674724.500028923,C00146693,2023/04/13,NUISANCE,CLOSED,NA,11 06 24 2 024 023.000,DISTRICT 7,MONTGOMERY,AL,36108,,571,2.40638889,11.10666667,716 ALEXANDER ST,2023,4,{81AA4BEA-F3FF-4CE1-91EB-C3A7EF918661},,,HNAM,2025/03/19 20:12:07+00
506201.639559753,674724.500028923,C00141307,2022/09/13,NUISANCE,OPEN,Lien Filed,11 06 24 2 024 023.000,DISTRICT 7,MONTGOMERY,AL,36108,,572,2.40638889,11.10666667,716 ALEXANDER ST,2022,9,{D8DF1305-C29D-466E-BE20-B314BF899DA1},,,HNAM,2025/03/19 20:12:07+00
506201.639559753,674724.500028923,C00144235,2023/01/25,NUISANCE,CLOSED,NA,11 06 24 2 024 023.000,DISTRICT 7,MONTGOMERY,AL,36108,,573,2.40638889,11.10666667,716 ALEXANDER ST,2023,1,{C3DF1767-72CB-4D6D-81EE-9E569D78B971},,,HNAM,2025/03/19 20:12:07+00
506201.639559753,674724.500028923,C00135860,2022/06/14,NUISANCE,OPEN,Lien Filed,11 06 24 2 024 023.000,DISTRICT 7,MONTGOMERY,AL,36108,,574,2.40638889,11.10666667,716 ALEXANDER ST,2022,6,{0D666B22-1D2C-4C3A-A3C7-6795CCC8BD9C},,,HNAM,2025/03/19 20:12:07+00
506201.639559753,674724.500028923,C00129802,2022/03/07,NUISANCE,OPEN,Lien Filed,11 06 24 2 024 023.000,DISTRICT 7,MONTGOMERY,AL,36108,,575,2.40638889,11.10666667,716 ALEXANDER ST,2022,3,{A151CB72-C882-494A-B874-77A2116A6F22},,,HNAM,2025/03/19 20:12:07+00
506201.639559753,674724.500028923,C00154812,2023/08/09,NUISANCE,OPEN,Lien Filed,11 06 24 2 024 023.000,DISTRICT 7,MONTGOMERY,AL,36108,,576,2.40638889,11.10666667,716 ALEXANDER ST,2023,8,{8D4E7B6D-5A5F-45DC-93EC-05EDC5BD14B5},,,HNAM,2025/03/19 20:12:07+00
506201.639559753,674724.500028923,C00122452,2021/07/20,NUISANCE,OPEN,Lien Filed,11 06 24 2 024 023.000,DISTRICT 7,MONTGOMERY,AL,36108,,577,2.40638889,11.10666667,716 ALEXANDER ST,2021,7,{4448FDF9-7BBB-40CB-A4FD-E5321456965C},,,HNAM,2025/03/19 20:12:07+00
506201.639559753,674724.500028923,C00150471,2023/06/12,NUISANCE,OPEN,Lien Filed,11 06 24 2 024 023.000,DISTRICT 7,MONTGOMERY,AL,36108,,578,2.40638889,11.10666667,716 ALEXANDER ST,2023,6,{A2091325-ED75-4622-AA5D-3280CE15B81F},,,HNAM,2025/03/19 20:12:07+00
506201.639559753,674724.500028923,C00151245,2023/06/27,NUISANCE,CLOSED,NA,11 06 24 2 024 023.000,DISTRICT 7,MONTGOMERY,AL,36108,,579,2.40638889,11.10666667,716 ALEXANDER ST,2023,6,{6FDEF2E7-9D65-4C67-96B7-6D92E9ACBE3F},,,HNAM,2025/03/19 20:12:07+00
506201.639559753,674724.500028923,C00165965,2024/06/13,NUISANCE,OPEN,NA,11 06 24 2 024 023.000,DISTRICT 7,MONTGOMERY,AL,36108,,580,2.40638889,11.10666667,716 ALEXANDER ST,2024,6,{2AAF7E95-E1D7-4063-9CE4-6022914D267B},,,HNAM,2025/03/19 20:12:07+00
506201.639559753,674724.500028923,C00162563,2024/04/12,NUISANCE,OPEN,Lien Filed,11 06 24 2 024 023.000,DISTRICT 7,MONTGOMERY,AL,36108,"TREE VIOLATION,TREE LIMBS VIOLATION...",581,2.40638889,11.10666667,716 ALEXANDER ST,2024,4,{57D6AAF2-7B2F-4942-87BC-602A753101F9},,,HNAM,2025/03/19 20:12:07+00
506201.639559753,674724.500028923,C00162525,2024/04/12,NUISANCE,CLOSED,NA,11 06 24 2 024 023.000,DISTRICT 7,MONTGOMERY,AL,36108,,582,2.40638889,11.10666667,716 ALEXANDER ST,2024,4,{165D1F78-23AE-489C-95CA-1F176C2FD723},,,HNAM,2025/03/19 20:12:07+00
506201.639559753,674724.500028923,C00169155,2024/08/06,NUISANCE,OPEN,Lien Filed,11 06 24 2 024 023.000,DISTRICT 7,MONTGOMERY,AL,36108,,583,2.40638889,11.10666667,716 ALEXANDER ST,2024,8,{8C2937A4-F609-4900-8E6D-6D7CD2A5DC9A},,,HNAM,2025/03/19 20:12:07+00
502499.27951042,674653.213426091,C00163189,2024/04/23,NUISANCE,CLOSED,NA,11 06 23 1 023 011.000,DISTRICT 4,MONTGOMERY,AL,36108,,584,1.38638889,11.10638889,2273 AJAX ST,2024,4,{78C90CFD-D138-40BB-8688-416F9D7E3D67},,,HNAM,2025/03/19 20:12:07+00
502499.27951042,674653.213426091,C00154517,2023/08/07,NUISANCE,CLOSED,NA,11 06 23 1 023 011.000,DISTRICT 4,MONTGOMERY,AL,36108,,585,1.38638889,11.10638889,2273 AJAX ST,2023,8,{378F0AEE-0D62-47D9-9776-214DEDAB4C5A},,,HNAM,2025/03/19 20:12:07+00
502499.27951042,674653.213426091,C00145515,2023/03/22,NUISANCE,OPEN,NA,11 06 23 1 023 011.000,DISTRICT 4,MONTGOMERY,AL,36108,,586,1.38638889,11.10638889,2273 AJAX ST,2023,3,{20C7D1DF-3E39-4AAA-AC4C-3EB878FBF7D5},,,HNAM,2025/03/19 20:12:07+00
502413.722594921,674793.855533257,C00148668,2023/05/11,NUISANCE,CLOSED,NA,11 06 23 1 021 014.000,DISTRICT 4,MONTGOMERY,AL,36108,,587,1.35388889,11.10638889,2304 AJAX ST,2023,5,{69E10AB3-A4F5-4CAE-8462-A3F8AA82CD92},,,HNAM,2025/03/19 20:12:07+00
502413.722594921,674793.855533257,C00155220,2023/08/16,NUISANCE,CLOSED,NA,11 06 23 1 021 014.000,DISTRICT 4,MONTGOMERY,AL,36108,,589,1.35388889,11.10638889,2304 AJAX ST,2023,8,{D4115393-00D1-40AC-9BC8-CC7A2EAF7D17},,,HNAM,2025/03/19 20:12:07+00
502363.723351087,674793.654418178,C00168562,2024/07/30,NUISANCE,CLOSED,NA,11 06 23 1 021 013.000,DISTRICT 4,MONTGOMERY,AL,36108,,590,1.35361111,11.10638889,2310 AJAX ST,2024,7,{21398720-9BCF-47FE-83BF-C31C4E10F7B2},,,HNAM,2025/03/19 20:12:07+00
502363.723351087,674793.654418178,C00152447,2023/07/17,NUISANCE,CLOSED,NA,11 06 23 1 021 013.000,DISTRICT 4,MONTGOMERY,AL,36108,,591,1.35361111,11.10638889,2310 AJAX ST,2023,7,{DB023E2B-0952-406B-A8AF-AA84E5AC9D36},,,HNAM,2025/03/19 20:12:07+00
502363.723351087,674793.654418178,C00134087,2022/05/16,NUISANCE,CLOSED,NA,11 06 23 1 021 013.000,DISTRICT 4,MONTGOMERY,AL,36108,,592,1.35361111,11.10638889,2310 AJAX ST,2022,5,{0AD2FAFE-00A9-40E7-B819-71B71401C2B1},,,HNAM,2025/03/19 20:12:07+00
502363.723351087,674793.654418178,C00146119,2023/04/05,NUISANCE,CLOSED,Lien Released,11 06 23 1 021 013.000,DISTRICT 4,MONTGOMERY,AL,36108,,593,1.35361111,11.10638889,2310 AJAX ST,2023,4,{0C7F35C9-1FD4-4B68-B8C7-FC72B1C657C2},,,HNAM,2025/03/19 20:12:07+00
502363.723351087,674793.654418178,C00120987,2021/06/28,NUISANCE,OPEN,Lien Filed,11 06 23 1 021 013.000,DISTRICT 4,MONTGOMERY,AL,36108,,594,1.35361111,11.10638889,2310 AJAX ST,2021,6,{AE530569-CA7C-4727-B09C-23E9FB57CCC2},,,HNAM,2025/03/19 20:12:07+00
489229.233872086,677012.257592507,C00168452,2024/07/26,NUISANCE,OPEN,NA,11 05 16 3 004 011.000,DISTRICT 4,MONTGOMERY,AL,36108,,595,3.06972222,11.08777778,3212 ALAN LN,2024,7,{B08892E8-40E8-4E57-B8B8-B5F429716296},,,HNAM,2025/03/19 20:12:07+00
521429.153724086,701096.045710929,C00162190,2024/04/08,NUISANCE,OPEN,Lien Filed,04 08 28 2 000 003.001,DISTRICT 2,MONTGOMERY,AL,36110,,596,2.00083361,4.14111111,2421 ALABAMA RIVER PKWY,2024,4,{AE8C0279-AABD-4AE8-A816-84C19E67786E},,,HNAM,2025/03/19 20:12:07+00
521429.153724086,701096.045710929,C00119150,2021/05/24,REPAIR,CLOSED,NA,04 08 28 2 000 003.001,DISTRICT 2,MONTGOMERY,AL,36110,REPAIR ALL FENCE ON WEST AND SOUTH SIDE OF PROPERTY.,597,2.00083361,4.14111111,2421 ALABAMA RIVER PKWY,2021,5,{A904E118-30A4-46D1-90B9-9F2510595AAA},,,HNAM,2025/03/19 20:12:07+00
514282.832058754,660197.893255427,C00161187,2024/03/25,NUISANCE,CLOSED,NA,15 03 06 1 003 032.000,DISTRICT 5,MONTGOMERY,AL,36116,,598,1.05888889,15.05166667,4828 ALAMONT DR,2024,3,{F8E0B4FF-9FD2-4E73-9D5A-87C10F158BB1},,,HNAM,2025/03/19 20:12:07+00
489229.233872086,677012.257592507,C00123159,2021/07/30,NUISANCE,CLOSED,NA,11 05 16 3 004 011.000,DISTRICT 4,MONTGOMERY,AL,36108,,599,3.06972222,11.08777778,3212 ALAN LN,2021,7,{EB8C05B6-A92C-49E2-AEEB-9E88007AEAA3},,,HNAM,2025/03/19 20:12:07+00
489141.725188836,676851.643740512,C00134776,2022/05/26,NUISANCE,CLOSED,Lien Released,11 05 16 3 004 019.000,DISTRICT 4,MONTGOMERY,AL,36108,,600,3.07194444,11.08777778,3217 ALAN LN,2022,5,{9243A090-7558-48CB-B655-B873B5DF9113},,,HNAM,2025/03/19 20:12:07+00
489141.725188836,676851.643740512,C00138985,2022/08/04,NUISANCE,CLOSED,NA,11 05 16 3 004 019.000,DISTRICT 4,MONTGOMERY,AL,36108,,601,3.07194444,11.08777778,3217 ALAN LN,2022,8,{6E44FDE6-18BE-4ED5-A304-5820E3D9FCEB},,,HNAM,2025/03/19 20:12:07+00
489141.725188836,676851.643740512,C00157457,2023/09/29,NUISANCE,CLOSED,NA,11 05 16 3 004 019.000,DISTRICT 4,MONTGOMERY,AL,36108,,602,3.07194444,11.08777778,3217 ALAN LN,2023,9,{D236A3C4-F668-4E48-87EB-39E4A901AE53},,,HNAM,2025/03/19 20:12:07+00
489307.720263671,676914.940201841,C00157451,2023/09/29,NUISANCE,CLOSED,NA,11 05 16 3 004 008.000,DISTRICT 4,MONTGOMERY,AL,36108,,603,3.06888889,11.08777778,3224 ALAN LN,2023,9,{67BEF5B0-5B15-4849-90C9-89813F3F9098},,,HNAM,2025/03/19 20:12:07+00
489307.720263671,676914.940201841,C00159594,2024/01/23,NUISANCE,CLOSED,NA,11 05 16 3 004 008.000,DISTRICT 4,MONTGOMERY,AL,36108,WRECKED /INOPERABLE VEHICLES,604,3.06888889,11.08777778,3224 ALAN LN,2024,1,{739EE85E-415E-47B2-96F4-0AD0B6057841},,,HNAM,2025/03/19 20:12:07+00
489307.720263671,676914.940201841,C00168451,2024/07/26,NUISANCE,CLOSED,NA,11 05 16 3 004 008.000,DISTRICT 4,MONTGOMERY,AL,36108,,605,3.06888889,11.08777778,3224 ALAN LN,2024,7,{CF57BFC7-16F4-4A66-853B-35911579DFD0},,,HNAM,2025/03/19 20:12:07+00
489307.720263671,676914.940201841,C00134774,2022/05/26,NUISANCE,OPEN,NA,11 05 16 3 004 008.000,DISTRICT 4,MONTGOMERY,AL,36108,,606,3.06888889,11.08777778,3224 ALAN LN,2022,5,{427FDCBA-3466-490C-B7C3-7CD2D0DECBFC},,,HNAM,2025/03/19 20:12:07+00
489307.720263671,676914.940201841,C00140779,2022/09/01,NUISANCE,CLOSED,NA,11 05 16 3 004 008.000,DISTRICT 4,MONTGOMERY,AL,36108,,607,3.06888889,11.08777778,3224 ALAN LN,2022,9,{582A4B99-5A8D-4DB6-8B57-597B18DDCC6F},,,HNAM,2025/03/19 20:12:07+00
489307.720263671,676914.940201841,C00123157,2021/07/30,NUISANCE,CLOSED,NA,11 05 16 3 004 008.000,DISTRICT 4,MONTGOMERY,AL,36108,,608,3.06888889,11.08777778,3224 ALAN LN,2021,7,{A0326A3B-75FE-4649-BC72-CC6DC625E76D},,,HNAM,2025/03/19 20:12:07+00
489386.175487336,676817.657588013,C00123155,2021/07/30,NUISANCE,CLOSED,Lien Released,11 05 16 3 004 006.000,DISTRICT 4,MONTGOMERY,AL,36108,,609,3.06833333,11.08777778,3232 ALAN LN,2021,7,{6F36C248-F3EB-43B3-88D6-DE931BE7DDC2},,,HNAM,2025/03/19 20:12:07+00
489386.175487336,676817.657588013,C00157448,2023/09/29,NUISANCE,CLOSED,NA,11 05 16 3 004 006.000,DISTRICT 4,MONTGOMERY,AL,36108,,610,3.06833333,11.08777778,3232 ALAN LN,2023,9,{3C6002F8-ED1C-41BB-B4C9-55FDE715C55E},,,HNAM,2025/03/19 20:12:07+00
522438.35183692,676059.44125668,C00122417,2021/07/20,GENERIC,CLOSED,NA,10 05 21 2 011 014.000,DISTRICT 7,MONTGOMERY,AL,36107,,611,2.18722222,10.08916667,2723 ALBEMARLE RD,2021,7,{6C8FFC8B-C578-4757-8E7B-034695E03699},,,HNAM,2025/03/19 20:12:07+00
522438.35183692,676059.44125668,C00122418,2021/07/20,NUISANCE,CLOSED,NA,10 05 21 2 011 014.000,DISTRICT 7,MONTGOMERY,AL,36107,AT HE FRONT OF THE HOUSE AND ONE BIG ONE IN THE BACK YARD.,612,2.18722222,10.08916667,2723 ALBEMARLE RD,2021,7,{FC900FCA-6F27-44C4-97E1-67F93FB497B5},,,HNAM,2025/03/19 20:12:07+00
515974.545538839,701658.017684095,C00129360,2022/02/18,NUISANCE,CLOSED,NA,04 09 29 2 013 010.000,DISTRICT 3,MONTGOMERY,AL,36110,,613,2.21944444,4.15805556,2924 ALTA RD,2022,2,{874BAC11-6C02-4822-A0F1-F4A1010C46D6},,,HNAM,2025/03/19 20:12:07+00
515974.545538839,701658.017684095,C00131258,2022/04/11,NUISANCE,OPEN,NA,04 09 29 2 013 010.000,DISTRICT 3,MONTGOMERY,AL,36110,,614,2.21944444,4.15805556,2924 ALTA RD,2022,4,{2D9A3EB4-2CEF-464A-92F9-8228F65A14FB},,,HNAM,2025/03/19 20:12:07+00
515974.545538839,701658.017684095,C00129361,2022/02/18,REPAIR,CLOSED,NA,04 09 29 2 013 010.000,DISTRICT 3,MONTGOMERY,AL,36110,,615,2.21944444,4.15805556,2924 ALTA RD,2022,2,{038C9F03-9F61-447E-A04B-5DC726029651},,,HNAM,2025/03/19 20:12:07+00
515974.545538839,701658.017684095,C00131259,2022/04/11,REPAIR,CLOSED,NA,04 09 29 2 013 010.000,DISTRICT 3,MONTGOMERY,AL,36110,,616,2.21944444,4.15805556,2924 ALTA RD,2022,4,{FD8E2716-747B-4116-8765-89F699A3AA0D},,,HNAM,2025/03/19 20:12:07+00
515974.545538839,701658.017684095,C00149499,2023/05/30,NUISANCE,CLOSED,NA,04 09 29 2 013 010.000,DISTRICT 3,MONTGOMERY,AL,36110,,617,2.21944444,4.15805556,2924 ALTA RD,2023,5,{51C67E0C-EA6C-4B3B-8065-65B4009969C9},,,HNAM,2025/03/19 20:12:07+00
515974.545538839,701658.017684095,C00153312,2023/07/24,NUISANCE,CLOSED,NA,04 09 29 2 013 010.000,DISTRICT 3,MONTGOMERY,AL,36110,,618,2.21944444,4.15805556,2924 ALTA RD,2023,7,{7100B647-9D97-4AD2-B08E-1C6B84E2C1A3},,,HNAM,2025/03/19 20:12:07+00
515974.545538839,701658.017684095,C00160798,2024/03/18,NUISANCE,CLOSED,NA,04 09 29 2 013 010.000,DISTRICT 3,MONTGOMERY,AL,36110,,619,2.21944444,4.15805556,2924 ALTA RD,2024,3,{E9C509E2-CE42-4925-98BC-7AB0CAFE84DE},,,HNAM,2025/03/19 20:12:07+00
515974.545538839,701658.017684095,C00164372,2024/05/16,NUISANCE,CLOSED,NA,04 09 29 2 013 010.000,DISTRICT 3,MONTGOMERY,AL,36110,,620,2.21944444,4.15805556,2924 ALTA RD,2024,5,{CCAD4CDD-1E62-424D-94C8-9A09E553BBA3},,,HNAM,2025/03/19 20:12:07+00
515974.545538839,701658.017684095,C00170076,2024/08/26,NUISANCE,OPEN,Lien Filed,04 09 29 2 013 010.000,DISTRICT 3,MONTGOMERY,AL,36110,,621,2.21944444,4.15805556,2924 ALTA RD,2024,8,{8892C230-898A-4FC8-8676-A8ECA060C07C},,,HNAM,2025/03/19 20:12:07+00
516602.007538505,702543.261976592,C00132959,2022/04/29,NUISANCE,CLOSED,NA,04 09 29 2 010 024.000,DISTRICT 3,MONTGOMERY,AL,36110,WHITE SEDAN ON SIDE OF HOUSE,622,2.17333333,4.15805556,3033 ALTA RD,2022,4,{FEDD4872-91A4-47CF-8BF2-11E051BB3FE5},,,HNAM,2025/03/19 20:12:07+00
521180.954089254,682449.513450257,C00129846,2022/03/08,OPEN VACANT,CLOSED,NA,10 02 09 3 020 016.000,DISTRICT 1,MONTGOMERY,AL,36107,,623,3.33777778,10.03583333,2915 ALTHEA ST,2022,3,{3501EC5B-4531-4099-A306-2150A91C74AA},,,HNAM,2025/03/19 20:12:07+00
521180.954089254,682449.513450257,C00129845,2022/03/08,NUISANCE,CLOSED,NA,10 02 09 3 020 016.000,DISTRICT 1,MONTGOMERY,AL,36107,,624,3.33777778,10.03583333,2915 ALTHEA ST,2022,3,{4D17C78F-28D8-4931-B22E-60D789EFAA3D},,,HNAM,2025/03/19 20:12:07+00
515250.216606919,695329.160919257,C00138860,2022/08/02,NUISANCE,CLOSED,NA,04 09 32 2 006 039.054,DISTRICT 3,MONTGOMERY,AL,36110,,625,2.11084833,4.15888889,225 AMANDA LOOP,2022,8,{A3D7DBC4-C0D9-4850-AA25-C3F466B1B7AB},,,HNAM,2025/03/19 20:12:07+00
515250.216606919,695329.160919257,C00145241,2023/03/15,NUISANCE,OPEN,NA,04 09 32 2 006 039.054,DISTRICT 3,MONTGOMERY,AL,36110,,626,2.11084833,4.15888889,225 AMANDA LOOP,2023,3,{015F2536-B129-4EBF-B412-791105D5B82A},,,HNAM,2025/03/19 20:12:07+00
515250.216606919,695329.160919257,C00165073,2024/05/29,OPEN VACANT,CLOSED,NA,04 09 32 2 006 039.054,DISTRICT 3,MONTGOMERY,AL,36110,,627,2.11084833,4.15888889,225 AMANDA LOOP,2024,5,{EB22D082-DAF6-45BD-9041-B970958A7E23},,,HNAM,2025/03/19 20:12:07+00
515250.216606919,695329.160919257,C00165074,2024/05/29,REPAIR,CLOSED,NA,04 09 32 2 006 039.054,DISTRICT 3,MONTGOMERY,AL,36110,,628,2.11084833,4.15888889,225 AMANDA LOOP,2024,5,{29439AB3-01DE-4696-A62E-E2BC06480775},,,HNAM,2025/03/19 20:12:07+00
515250.216606919,695329.160919257,C00164648,2024/05/22,OPEN VACANT,CLOSED,NA,04 09 32 2 006 039.054,DISTRICT 3,MONTGOMERY,AL,36110,,629,2.11084833,4.15888889,225 AMANDA LOOP,2024,5,{4522BF45-6191-48BD-8FCE-EB0B8F008B2F},,,HNAM,2025/03/19 20:12:07+00
515250.216606919,695329.160919257,C00160129,2024/02/23,OPEN VACANT,CLOSED,NA,04 09 32 2 006 039.054,DISTRICT 3,MONTGOMERY,AL,36110,,630,2.11084833,4.15888889,225 AMANDA LOOP,2024,2,{40DC9337-C02B-463D-ACDE-35A7FCE3B7FD},,,HNAM,2025/03/19 20:12:07+00
515250.216606919,695329.160919257,C00163270,2024/04/24,OPEN VACANT,CLOSED,NA,04 09 32 2 006 039.054,DISTRICT 3,MONTGOMERY,AL,36110,,631,2.11084833,4.15888889,225 AMANDA LOOP,2024,4,{EBF714AE-F41B-4DCC-B086-FABB475C8A45},,,HNAM,2025/03/19 20:12:07+00
515250.216606919,695329.160919257,C00163088,2024/04/23,OPEN VACANT,CLOSED,NA,04 09 32 2 006 039.054,DISTRICT 3,MONTGOMERY,AL,36110,,632,2.11084833,4.15888889,225 AMANDA LOOP,2024,4,{87C6467C-8BE1-4AAB-93E7-8E6F3CEB09AB},,,HNAM,2025/03/19 20:12:07+00
515250.216606919,695329.160919257,C00158649,2023/11/17,OPEN VACANT,OPEN,NA,04 09 32 2 006 039.054,DISTRICT 3,MONTGOMERY,AL,36110,,633,2.11084833,4.15888889,225 AMANDA LOOP,2023,11,{E2BD3DE5-1E22-4685-BD2D-43C6AA98DF92},,,HNAM,2025/03/19 20:12:07+00
514251.220573422,662854.527049758,C00169553,2024/08/14,NUISANCE,CLOSED,NA,10 09 31 4 002 008.000,DISTRICT 5,MONTGOMERY,AL,36116,ENTIRE REAR OF PARCEL NEEDS TO BE CUT AND CLEANED,634,4.03555556,10.15861111,4335 AMHERST DR,2024,8,{A5BF6743-F44D-401B-80F3-60AFD674FA5E},,,HNAM,2025/03/19 20:12:07+00
532020.289365921,655355.360945761,C00155702,2023/08/24,GENERIC,CLOSED,NA,15 01 02 3 003 031.000,DISTRICT 6,MONTGOMERY,AL,36116,,635,3.05861111,15.01722222,4100 AMBERLY RD,2023,8,{C7455B83-7467-42F7-9753-5A4FE0CCE333},,,HNAM,2025/03/19 20:12:07+00
520917.373251587,680335.01899159,C00126814,2021/10/14,NUISANCE,CLOSED,NA,10 05 16 2 020 008.000,DISTRICT 3,MONTGOMERY,AL,36107,,636,2.33555556,10.08777778,922 ANN ST,2021,10,{BCE36619-85B0-4B50-A698-C99812C9E75F},,,HNAM,2025/03/19 20:12:07+00
520671.872758336,682844.937856257,C00132068,2022/04/19,NUISANCE,CLOSED,NA,10 02 09 3 011 001.000,DISTRICT 3,MONTGOMERY,AL,36107,,637,3.18361111,10.03583333,400 ANN ST,2022,4,{64EE2047-1DA6-4D09-8020-8323C11EE21E},,,HNAM,2025/03/19 20:12:07+00
520671.872758336,682844.937856257,C00153444,2023/07/25,NUISANCE,CLOSED,NA,10 02 09 3 011 001.000,DISTRICT 3,MONTGOMERY,AL,36107,,638,3.18361111,10.03583333,400 ANN ST,2023,7,{66D6B8CF-B4BD-4782-9769-71498948BA88},,,HNAM,2025/03/19 20:12:07+00
505803.873951089,668007.010839261,C00117356,2021/04/26,NUISANCE,OPEN,Lien Filed,11 07 25 3 003 017.000,DISTRICT 4,MONTGOMERY,AL,36105,,639,3.05472222,11.12361111,857 APRIL CT,2021,4,{51D9C1D9-76A7-4879-B34D-D21CC58F8BD0},,,HNAM,2025/03/19 20:12:07+00
505803.873951089,668007.010839261,C00113569,2021/02/09,NUISANCE,OPEN,Lien Filed,11 07 25 3 003 017.000,DISTRICT 4,MONTGOMERY,AL,36105,,640,3.05472222,11.12361111,857 APRIL CT,2021,2,{2D654C82-F739-4A5E-84A8-F2C282006482},,,HNAM,2025/03/19 20:12:07+00
505803.873951089,668007.010839261,C00132172,2022/04/21,NUISANCE,OPEN,Lien Filed,11 07 25 3 003 017.000,DISTRICT 4,MONTGOMERY,AL,36105,,641,3.05472222,11.12361111,857 APRIL CT,2022,4,{5BAB7EB7-C6CC-43C0-9858-7C4A39A07059},,,HNAM,2025/03/19 20:12:07+00
505803.873951089,668007.010839261,C00134440,2022/05/20,NUISANCE,CLOSED,NA,11 07 25 3 003 017.000,DISTRICT 4,MONTGOMERY,AL,36105,,642,3.05472222,11.12361111,857 APRIL CT,2022,5,{AB8ECCCF-866C-42A8-A42A-DDD154D514CA},,,HNAM,2025/03/19 20:12:07+00
505803.873951089,668007.010839261,C00139134,2022/08/05,NUISANCE,OPEN,Lien Filed,11 07 25 3 003 017.000,DISTRICT 4,MONTGOMERY,AL,36105,,643,3.05472222,11.12361111,857 APRIL CT,2022,8,{EEB5EC8F-504D-4882-8142-A97AB0035BAC},,,HNAM,2025/03/19 20:12:07+00
505803.873951089,668007.010839261,C00136372,2022/06/22,NUISANCE,OPEN,Lien Filed,11 07 25 3 003 017.000,DISTRICT 4,MONTGOMERY,AL,36105,,644,3.05472222,11.12361111,857 APRIL CT,2022,6,{382C9255-68B9-40A5-9161-F3E5605F7177},,,HNAM,2025/03/19 20:12:07+00
505803.873951089,668007.010839261,C00148231,2023/05/04,NUISANCE,OPEN,Lien Filed,11 07 25 3 003 017.000,DISTRICT 4,MONTGOMERY,AL,36105,,645,3.05472222,11.12361111,857 APRIL CT,2023,5,{BBA4934B-50AC-4C5A-9EDC-438B23DA18FF},,,HNAM,2025/03/19 20:12:07+00
505803.873951089,668007.010839261,C00145125,2023/03/13,NUISANCE,OPEN,Lien Filed,11 07 25 3 003 017.000,DISTRICT 4,MONTGOMERY,AL,36105,,646,3.05472222,11.12361111,857 APRIL CT,2023,3,{3727B125-754D-4540-B5B8-3DFBA8D5FF9A},,,HNAM,2025/03/19 20:12:07+00
505803.873951089,668007.010839261,C00149886,2023/06/02,NUISANCE,CLOSED,NA,11 07 25 3 003 017.000,DISTRICT 4,MONTGOMERY,AL,36105,,647,3.05472222,11.12361111,857 APRIL CT,2023,6,{BBFDBA46-E81E-4D7B-90E4-BB466D53DFC7},,,HNAM,2025/03/19 20:12:07+00
505803.873951089,668007.010839261,C00155190,2023/08/16,NUISANCE,OPEN,Lien Filed,11 07 25 3 003 017.000,DISTRICT 4,MONTGOMERY,AL,36105,,648,3.05472222,11.12361111,857 APRIL CT,2023,8,{843762FA-576C-4F9B-BF72-E176783283C0},,,HNAM,2025/03/19 20:12:07+00
505803.873951089,668007.010839261,C00169518,2024/08/13,NUISANCE,OPEN,Lien Filed,11 07 25 3 003 017.000,DISTRICT 4,MONTGOMERY,AL,36105,,649,3.05472222,11.12361111,857 APRIL CT,2024,8,{407E6845-9E72-4196-A8F2-7C2DC581F451},,,HNAM,2025/03/19 20:12:07+00
505803.873951089,668007.010839261,C00163328,2024/04/25,NUISANCE,OPEN,Lien Filed,11 07 25 3 003 017.000,DISTRICT 4,MONTGOMERY,AL,36105,,650,3.05472222,11.12361111,857 APRIL CT,2024,4,{83C3E4D3-D3EE-483D-87A7-19FBFF48F239},,,HNAM,2025/03/19 20:12:07+00
505581.152939837,668042.761095844,C00169515,2024/08/13,NUISANCE,OPEN,Lien Filed,11 07 25 3 003 020.000,DISTRICT 4,MONTGOMERY,AL,36105,,651,3.05555556,11.12361111,881 APRIL CT,2024,8,{7CDB96A5-435B-4BC7-8721-15C5C4B7E9D3},,,HNAM,2025/03/19 20:12:07+00
505581.152939837,668042.761095844,C00163323,2024/04/25,NUISANCE,OPEN,Lien Filed,11 07 25 3 003 020.000,DISTRICT 4,MONTGOMERY,AL,36105,,652,3.05555556,11.12361111,881 APRIL CT,2024,4,{6FFFBF9F-827E-4CC6-B454-4E9C81257886},,,HNAM,2025/03/19 20:12:07+00
505581.152939837,668042.761095844,C00163324,2024/04/25,OPEN VACANT,CLOSED,NA,11 07 25 3 003 020.000,DISTRICT 4,MONTGOMERY,AL,36105,,653,3.05555556,11.12361111,881 APRIL CT,2024,4,{9BDD5102-2B12-4963-A36A-5B063271EA27},,,HNAM,2025/03/19 20:12:07+00
505581.152939837,668042.761095844,C00155185,2023/08/16,NUISANCE,OPEN,Lien Filed,11 07 25 3 003 020.000,DISTRICT 4,MONTGOMERY,AL,36105,,654,3.05555556,11.12361111,881 APRIL CT,2023,8,{3ECD5C7B-8D11-45A9-8F71-C5357C354B71},,,HNAM,2025/03/19 20:12:07+00
505581.152939837,668042.761095844,C00149883,2023/06/02,NUISANCE,OPEN,Lien Filed,11 07 25 3 003 020.000,DISTRICT 4,MONTGOMERY,AL,36105,,655,3.05555556,11.12361111,881 APRIL CT,2023,6,{53C478A9-EFBE-449D-97C7-95AF58F7BABB},,,HNAM,2025/03/19 20:12:07+00
505581.152939837,668042.761095844,C00138604,2022/07/29,NUISANCE,OPEN,Lien Filed,11 07 25 3 003 020.000,DISTRICT 4,MONTGOMERY,AL,36105,,656,3.05555556,11.12361111,881 APRIL CT,2022,7,{52B75250-EAA4-4E6C-9E1C-76C443B436A6},,,HNAM,2025/03/19 20:12:07+00
505581.152939837,668042.761095844,C00132175,2022/04/21,NUISANCE,CLOSED,NA,11 07 25 3 003 020.000,DISTRICT 4,MONTGOMERY,AL,36105,,657,3.05555556,11.12361111,881 APRIL CT,2022,4,{9BC98554-DBEC-42E7-BB89-21EBECB55B06},,,HNAM,2025/03/19 20:12:07+00
505581.152939837,668042.761095844,C00117353,2021/04/26,NUISANCE,CLOSED,Lien Released,11 07 25 3 003 020.000,DISTRICT 4,MONTGOMERY,AL,36105,,658,3.05555556,11.12361111,881 APRIL CT,2021,4,{DCEF4971-DB43-40CF-B807-CB2FA3F90139},,,HNAM,2025/03/19 20:12:07+00
505581.152939837,668042.761095844,C00117351,2021/04/26,DEMOLITION,CLOSED,NA,11 07 25 3 003 020.000,DISTRICT 4,MONTGOMERY,AL,36105,,659,3.05555556,11.12361111,881 APRIL CT,2021,4,{628890C5-A40B-41D5-A1EF-6B22873D31CB},,,HNAM,2025/03/19 20:12:07+00
505581.152939837,668042.761095844,C00123267,2021/08/02,NUISANCE,OPEN,Lien Filed,11 07 25 3 003 020.000,DISTRICT 4,MONTGOMERY,AL,36105,TREE LIMBS BY STREET,660,3.05555556,11.12361111,881 APRIL CT,2021,8,{EF92435D-1537-407A-BF36-3E9A8B17CAF7},,,HNAM,2025/03/19 20:12:07+00
505581.152939837,668042.761095844,C00124809,2021/08/27,NUISANCE,CLOSED,NA,11 07 25 3 003 020.000,DISTRICT 4,MONTGOMERY,AL,36105,,661,3.05555556,11.12361111,881 APRIL CT,2021,8,{6B86F747-5BDD-4AB4-B90F-E9B135ACA40F},,,HNAM,2025/03/19 20:12:07+00
516958.211550504,702638.811326176,C00162625,2024/04/15,NUISANCE,OPEN,Lien Filed,04 09 29 2 010 029.000,DISTRICT 3,MONTGOMERY,AL,36110,REMOVE PILE OF DEBRIS FROM PROPERTY,662,2.17472222,4.15805556,3055 ALTA RD,2024,4,{B021AA60-6ADD-41BF-8E02-F7E367D4F8A5},,,HNAM,2025/03/19 20:12:07+00
517166.716382839,702635.969796427,C00164299,2024/05/14,NUISANCE,CLOSED,NA,04 09 29 2 010 032.000,DISTRICT 3,MONTGOMERY,AL,36110,,663,2.17555556,4.15805556,3073 ALTA RD,2024,5,{7732EB89-033E-4A7A-B287-243F169DAC64},,,HNAM,2025/03/19 20:12:07+00
521380.916287754,682453.260818094,C00164167,2024/05/13,NUISANCE,OPEN,Lien Filed,10 02 09 3 020 020.000,DISTRICT 1,MONTGOMERY,AL,36107,ENHANCE ABETMENT ON THIS LOT EVERY THING MUST GO.,664,3.33888889,10.03583333,2935 ALTHEA ST,2024,5,{ABA58FE6-B9F2-49AE-97C8-0BBDFE475B19},,,HNAM,2025/03/19 20:12:07+00
521380.916287754,682453.260818094,C00164850,2024/05/24,OPEN VACANT,OPEN,NA,10 02 09 3 020 020.000,DISTRICT 1,MONTGOMERY,AL,36107,,665,3.33888889,10.03583333,2935 ALTHEA ST,2024,5,{98DCCF7A-7830-4188-84B7-6C6F418940D6},,,HNAM,2025/03/19 20:12:07+00
521380.916287754,682453.260818094,C00167756,2024/07/18,OPEN VACANT,OPEN,NA,10 02 09 3 020 020.000,DISTRICT 1,MONTGOMERY,AL,36107,,666,3.33888889,10.03583333,2935 ALTHEA ST,2024,7,{6472051F-C279-4166-AEF3-268DA0EDC82D},,,HNAM,2025/03/19 20:12:07+00
521380.916287754,682453.260818094,C00167185,2024/07/09,NUISANCE,OPEN,Lien Filed,10 02 09 3 020 020.000,DISTRICT 1,MONTGOMERY,AL,36107,,667,3.33888889,10.03583333,2935 ALTHEA ST,2024,7,{E020B818-8EEC-4DCB-B0E2-67A9180546E1},,,HNAM,2025/03/19 20:12:07+00
521380.916287754,682453.260818094,C00155485,2023/08/21,OPEN VACANT,OPEN,NA,10 02 09 3 020 020.000,DISTRICT 1,MONTGOMERY,AL,36107,,668,3.33888889,10.03583333,2935 ALTHEA ST,2023,8,{C35D4182-F1C0-4E7A-B7B5-93681A941F39},,,HNAM,2025/03/19 20:12:07+00
521380.916287754,682453.260818094,C00155588,2023/08/22,NUISANCE,OPEN,NA,10 02 09 3 020 020.000,DISTRICT 1,MONTGOMERY,AL,36107,,669,3.33888889,10.03583333,2935 ALTHEA ST,2023,8,{3C8D234E-819E-4B2F-95C4-9D7A142D1FA0},,,HNAM,2025/03/19 20:12:07+00
521380.916287754,682453.260818094,C00158427,2023/11/06,NUISANCE,OPEN,Lien Filed,10 02 09 3 020 020.000,DISTRICT 1,MONTGOMERY,AL,36107,,670,3.33888889,10.03583333,2935 ALTHEA ST,2023,11,{8B738D05-73FC-46E4-A69B-CEC24AB2755F},,,HNAM,2025/03/19 20:12:07+00
521380.916287754,682453.260818094,C00158103,2023/10/23,OPEN VACANT,OPEN,NA,10 02 09 3 020 020.000,DISTRICT 1,MONTGOMERY,AL,36107,,671,3.33888889,10.03583333,2935 ALTHEA ST,2023,10,{A73DDF9D-9FDD-491F-BFA1-8AE2C5765245},,,HNAM,2025/03/19 20:12:07+00
521380.916287754,682453.260818094,C00116367,2021/04/14,NUISANCE,OPEN,Lien Filed,10 02 09 3 020 020.000,DISTRICT 1,MONTGOMERY,AL,36107,,672,3.33888889,10.03583333,2935 ALTHEA ST,2021,4,{6ABAD117-0948-4D08-B71A-6DD5186035F3},,,HNAM,2025/03/19 20:12:07+00
521380.916287754,682453.260818094,C00144549,2023/02/13,NUISANCE,OPEN,Lien Filed,10 02 09 3 020 020.000,DISTRICT 1,MONTGOMERY,AL,36107,,673,3.33888889,10.03583333,2935 ALTHEA ST,2023,2,{E8A02909-5238-42DB-9D87-3453D62F095B},,,HNAM,2025/03/19 20:12:07+00
521530.887444504,682456.071179926,C00157221,2023/09/25,DEMOLITION,CLOSED,NA,10 02 09 3 020 023.000,DISTRICT 1,MONTGOMERY,AL,36107,,674,3.33972222,10.03583333,2947 ALTHEA ST,2023,9,{74F11EC5-3C42-46CF-A06A-73F1983E45DE},,,HNAM,2025/03/19 20:12:07+00
521530.887444504,682456.071179926,C00167182,2024/07/09,NUISANCE,CLOSED,NA,10 02 09 3 020 023.000,DISTRICT 1,MONTGOMERY,AL,36107,,675,3.33972222,10.03583333,2947 ALTHEA ST,2024,7,{E98FC47A-784A-4CBE-AD57-460FC9EBC0AE},,,HNAM,2025/03/19 20:12:07+00
531005.712326836,655208.69293201,C00141248,2022/09/12,GENERIC,CLOSED,NA,15 01 02 3 004 016.000,DISTRICT 6,MONTGOMERY,AL,36116,,676,3.07111111,15.01722222,4004 AMBERLY RD,2022,9,{483D09B7-F2C5-48B6-86C6-26775B5D8AA1},,,HNAM,2025/03/19 20:12:07+00
531005.712326836,655208.69293201,C00142041,2022/09/27,GENERIC,CLOSED,NA,15 01 02 3 004 016.000,DISTRICT 6,MONTGOMERY,AL,36116,,677,3.07111111,15.01722222,4004 AMBERLY RD,2022,9,{C5C346D6-0300-4809-820A-C54DED9C1DAB},,,HNAM,2025/03/19 20:12:07+00
531005.712326836,655208.69293201,C00126258,2021/09/30,GENERIC,CLOSED,NA,15 01 02 3 004 016.000,DISTRICT 6,MONTGOMERY,AL,36116,,678,3.07111111,15.01722222,4004 AMBERLY RD,2021,9,{ED7DFC5C-A516-4E95-99E9-14AB1686371E},,,HNAM,2025/03/19 20:12:07+00
514251.626412503,663267.703716844,C00138540,2022/07/28,NUISANCE,CLOSED,NA,10 09 31 4 002 002.000,DISTRICT 5,MONTGOMERY,AL,36116,,679,4.03388889,10.15861111,4301 AMHERST DR,2022,7,{6E5B6210-060C-4E62-AFFB-81435E43C965},,,HNAM,2025/03/19 20:12:07+00
514251.626412503,663267.703716844,C00163518,2024/04/29,NUISANCE,OPEN,Lien Filed,10 09 31 4 002 002.000,DISTRICT 5,MONTGOMERY,AL,36116,,680,4.03388889,10.15861111,4301 AMHERST DR,2024,4,{311B3130-3021-46A1-9B3C-4BD7A106FB08},,,HNAM,2025/03/19 20:12:07+00
506656.567127585,674717.99577684,C00171756,2024/10/22,NUISANCE,CLOSED,NA,11 06 24 2 014 014.000,DISTRICT 7,MONTGOMERY,AL,36108,,681,2.23722222,11.10666667,624 ALEXANDER ST,2024,10,{C5A0FE78-2F07-49C0-88AD-09B47E027B0A},,,HNAM,2025/03/19 20:12:07+00
514251.626412503,663267.703716844,C00170157,2024/08/28,NUISANCE,OPEN,Lien Filed,10 09 31 4 002 002.000,DISTRICT 5,MONTGOMERY,AL,36116,THE ENTIRE PARCEL MUST BE CUT INCLUDING THE REAR OF PARCEL. THIS PARCEL INCLUDES A 255'REAR PROPERTY LINE ON POWER LINE ROW,682,4.03388889,10.15861111,4301 AMHERST DR,2024,8,{9680847D-2111-420E-8D44-B51539705F2E},,,HNAM,2025/03/19 20:12:07+00
506656.567127585,674717.99577684,C00150459,2023/06/12,NUISANCE,CLOSED,NA,11 06 24 2 014 014.000,DISTRICT 7,MONTGOMERY,AL,36108,,683,2.23722222,11.10666667,624 ALEXANDER ST,2023,6,{9287C6B4-8220-4CA8-9C14-B36727E9EE6E},,,HNAM,2025/03/19 20:12:07+00
506656.567127585,674717.99577684,C00146407,2023/04/07,NUISANCE,CLOSED,NA,11 06 24 2 014 014.000,DISTRICT 7,MONTGOMERY,AL,36108,,684,2.23722222,11.10666667,624 ALEXANDER ST,2023,4,{E7BF6442-70C3-4F96-A994-F24587A4F272},,,HNAM,2025/03/19 20:12:07+00
506405.608311921,674728.060061179,C00128421,2022/01/05,NUISANCE,CLOSED,NA,11 06 24 2 014 010.000,DISTRICT 7,MONTGOMERY,AL,36108,,685,2.23611111,11.10666667,680 ALEXANDER ST,2022,1,{9C0E1524-39C4-4E7B-9758-41418550F64B},,,HNAM,2025/03/19 20:12:07+00
506281.627588753,674725.896023512,C00124484,2021/08/20,NUISANCE,OPEN,Lien Filed,11 06 24 2 024 025.000,DISTRICT 7,MONTGOMERY,AL,36108,,686,2.40694444,11.10666667,704 ALEXANDER ST,2021,8,{97548FBA-4FFB-4212-BE4D-1585B28C8B45},,,HNAM,2025/03/19 20:12:07+00
506281.627588753,674725.896023512,C00114392,2021/03/15,NUISANCE,OPEN,Lien Filed,11 06 24 2 024 025.000,DISTRICT 7,MONTGOMERY,AL,36108,,687,2.40694444,11.10666667,704 ALEXANDER ST,2021,3,{421F1411-2140-4333-A278-73CF576EA4A0},,,HNAM,2025/03/19 20:12:07+00
506281.627588753,674725.896023512,C00146668,2023/04/12,NUISANCE,OPEN,Lien Filed,11 06 24 2 024 025.000,DISTRICT 7,MONTGOMERY,AL,36108,,688,2.40694444,11.10666667,704 ALEXANDER ST,2023,4,{5EDC9C10-302B-49E6-9EEC-0D43EA05B4AB},,,HNAM,2025/03/19 20:12:07+00
506281.627588753,674725.896023512,C00141305,2022/09/13,NUISANCE,OPEN,Lien Filed,11 06 24 2 024 025.000,DISTRICT 7,MONTGOMERY,AL,36108,,689,2.40694444,11.10666667,704 ALEXANDER ST,2022,9,{6E481978-E224-4486-BFDB-35C332416918},,,HNAM,2025/03/19 20:12:07+00
506281.627588753,674725.896023512,C00144234,2023/01/25,NUISANCE,CLOSED,NA,11 06 24 2 024 025.000,DISTRICT 7,MONTGOMERY,AL,36108,,690,2.40694444,11.10666667,704 ALEXANDER ST,2023,1,{3049DFD6-5C10-4A9C-9C6F-07D15A66109D},,,HNAM,2025/03/19 20:12:07+00
506284.236507419,674576.418960258,C00141304,2022/09/13,NUISANCE,CLOSED,NA,11 06 24 2 023 002.000,DISTRICT 7,MONTGOMERY,AL,36108,,691,2.38388889,11.10666667,707 ALEXANDER ST,2022,9,{8B1141E0-7400-4F37-B095-29C9FA37E31E},,,HNAM,2025/03/19 20:12:07+00
506284.236507419,674576.418960258,C00146753,2023/04/13,NUISANCE,CLOSED,NA,11 06 24 2 023 002.000,DISTRICT 7,MONTGOMERY,AL,36108,,692,2.38388889,11.10666667,707 ALEXANDER ST,2023,4,{90806F50-4A13-485D-9526-B51CF2BA544F},,,HNAM,2025/03/19 20:12:07+00
506284.236507419,674576.418960258,C00148788,2023/05/12,NUISANCE,CLOSED,NA,11 06 24 2 023 002.000,DISTRICT 7,MONTGOMERY,AL,36108,,693,2.38388889,11.10666667,707 ALEXANDER ST,2023,5,{E1125941-A0AB-45E9-ADAE-EA762F02037E},,,HNAM,2025/03/19 20:12:07+00
506284.236507419,674576.418960258,C00134328,2022/05/18,NUISANCE,CLOSED,NA,11 06 24 2 023 002.000,DISTRICT 7,MONTGOMERY,AL,36108,,694,2.38388889,11.10666667,707 ALEXANDER ST,2022,5,{506225D1-D216-4A1B-8F46-58FFB8D5FAE5},,,HNAM,2025/03/19 20:12:07+00
506284.236507419,674576.418960258,C00150465,2023/06/12,NUISANCE,CLOSED,NA,11 06 24 2 023 002.000,DISTRICT 7,MONTGOMERY,AL,36108,,695,2.38388889,11.10666667,707 ALEXANDER ST,2023,6,{18EDC988-6444-4DED-BAA3-5A69A6B73EA4},,,HNAM,2025/03/19 20:12:07+00
520911.109156504,670745.316058174,C00151670,2023/07/05,NUISANCE,CLOSED,NA,10 08 28 2 004 008.000,DISTRICT 7,MONTGOMERY,AL,36111,,696,2.06888889,10.14111111,3349 ALLENDALE PL,2023,7,{8FA0DA2B-A7AF-4352-80B2-24BBCCE6A03D},,,HNAM,2025/03/19 20:12:07+00
541743.672150087,690725.046767928,C00133456,2022/05/05,NUISANCE,CLOSED,NA,09 03 06 2 004 022.000,DISTRICT 2,MONTGOMERY,AL,36117,,697,2.07277778,9.05166667,753 AMITY LN,2022,5,{DEF56A4B-80F4-44FC-910C-F2F4C040C4C1},,,HNAM,2025/03/19 20:12:07+00
516073.758266922,692982.745008424,C00127293,2021/11/02,NUISANCE,CLOSED,NA,04 09 32 3 018 047.000,DISTRICT 3,MONTGOMERY,AL,36110,,698,3.31305556,4.15888889,1512 AMOY CT,2021,11,{A83684FD-DFF6-4FA0-BF00-C355A31A932F},,,HNAM,2025/03/19 20:12:07+00
519694.238230672,691880.950296007,C00161981,2024/04/04,NUISANCE,OPEN,Lien Filed,10 03 05 1 006 026.000,DISTRICT 3,MONTGOMERY,AL,36107,,699,1.10722222,10.05138889,2039 AMOS ST,2024,4,{5EC738F5-B317-4FFE-9760-7121F68CA4F3},,,HNAM,2025/03/19 20:12:07+00
519694.238230672,691880.950296007,C00156363,2023/09/07,NUISANCE,OPEN,Lien Filed,10 03 05 1 006 026.000,DISTRICT 3,MONTGOMERY,AL,36107,,700,1.10722222,10.05138889,2039 AMOS ST,2023,9,{4213CDA7-FC96-4F86-B79A-804225601660},,,HNAM,2025/03/19 20:12:07+00
519694.238230672,691880.950296007,C00165795,2024/06/11,NUISANCE,OPEN,Lien Filed,10 03 05 1 006 026.000,DISTRICT 3,MONTGOMERY,AL,36107,,701,1.10722222,10.05138889,2039 AMOS ST,2024,6,{56C2D65D-5260-4BE6-85CD-D4E50CDD48F3},,,HNAM,2025/03/19 20:12:07+00
528074.561036922,654882.97212676,C00138531,2022/07/28,NUISANCE,CLOSED,NA,15 02 10 2 001 003.000,DISTRICT 6,MONTGOMERY,AL,36116,,702,2.0175,15.03611111,4213 ANDOVA DR,2022,7,{D7C6EE69-76AE-453E-B75E-78D4DD8B3859},,,HNAM,2025/03/19 20:12:07+00
528074.561036922,654882.97212676,C00152379,2023/07/14,NUISANCE,CLOSED,NA,15 02 10 2 001 003.000,DISTRICT 6,MONTGOMERY,AL,36116,,703,2.0175,15.03611111,4213 ANDOVA DR,2023,7,{F6F46779-3DCF-49D7-8BDB-610E86DD1176},,,HNAM,2025/03/19 20:12:07+00
528074.561036922,654882.97212676,C00146146,2023/04/05,NUISANCE,OPEN,NA,15 02 10 2 001 003.000,DISTRICT 6,MONTGOMERY,AL,36116,,704,2.0175,15.03611111,4213 ANDOVA DR,2023,4,{A25353B0-79BE-43D0-9050-EE598ADF8C80},,,HNAM,2025/03/19 20:12:07+00
528074.561036922,654882.97212676,C00155357,2023/08/18,NUISANCE,CLOSED,NA,15 02 10 2 001 003.000,DISTRICT 6,MONTGOMERY,AL,36116,,705,2.0175,15.03611111,4213 ANDOVA DR,2023,8,{E6FEA4C4-A4C0-4171-BE16-2E9BEFF09128},,,HNAM,2025/03/19 20:12:07+00
521649.693637338,680038.793534175,C00171599,2024/10/16,NUISANCE,CLOSED,NA,10 05 16 2 012 006.000,DISTRICT 3,MONTGOMERY,AL,36107,,706,2.20166667,10.08777778,949 ANN ST,2024,10,{73B2A874-8AEF-473A-98BA-151A97A89138},,,HNAM,2025/03/19 20:12:07+00
520991.01024342,682409.408543594,C00140197,2022/08/23,NUISANCE,CLOSED,NA,10 02 09 3 020 013.000,DISTRICT 1,MONTGOMERY,AL,36107,,707,3.33694444,10.03583333,475 ANN ST,2022,8,{608B05AB-CA0A-4C02-9063-AE9613A7C36E},,,HNAM,2025/03/19 20:12:07+00
521136.130688086,681766.647690006,C00146619,2023/04/11,NUISANCE,CLOSED,NA,10 05 16 2 002 013.001,DISTRICT 1,MONTGOMERY,AL,36107,,708,2.03694472,10.08777778,621 ANN ST,2023,4,{864568D1-ABBC-4387-891E-F20038DAD77C},,,HNAM,2025/03/19 20:12:07+00
521136.130688086,681766.647690006,C00138866,2022/08/02,NUISANCE,CLOSED,NA,10 05 16 2 002 013.001,DISTRICT 1,MONTGOMERY,AL,36107,,709,2.03694472,10.08777778,621 ANN ST,2022,8,{5B000C6B-8C50-48AD-88E6-EC55B445D672},,,HNAM,2025/03/19 20:12:07+00
521136.130688086,681766.647690006,C00130814,2022/03/31,NUISANCE,CLOSED,NA,10 05 16 2 002 013.001,DISTRICT 1,MONTGOMERY,AL,36107,,710,2.03694472,10.08777778,621 ANN ST,2022,3,{CA27C488-EA3F-45E5-8D9A-7B4B785ABC08},,,HNAM,2025/03/19 20:12:07+00
521136.130688086,681766.647690006,C00124877,2021/08/27,NUISANCE,OPEN,Lien Filed,10 05 16 2 002 013.001,DISTRICT 1,MONTGOMERY,AL,36107,,711,2.03694472,10.08777778,621 ANN ST,2021,8,{38E3DD02-4519-4B56-A901-2A4FAD81507E},,,HNAM,2025/03/19 20:12:07+00
521136.130688086,681766.647690006,C00125791,2021/09/20,DEMOLITION,CLOSED,NA,10 05 16 2 002 013.001,DISTRICT 1,MONTGOMERY,AL,36107,,712,2.03694472,10.08777778,621 ANN ST,2021,9,{150D3119-93FB-4912-8A61-BA98C659ACD1},,,HNAM,2025/03/19 20:12:07+00
521136.130688086,681766.647690006,C00156139,2023/09/01,NUISANCE,OPEN,Lien Filed,10 05 16 2 002 013.001,DISTRICT 1,MONTGOMERY,AL,36107,,714,2.03694472,10.08777778,621 ANN ST,2023,9,{D34D5F57-1A9A-4062-9D62-BCA219505938},,,HNAM,2025/03/19 20:12:07+00
521066.045854505,679455.763204172,C00153252,2023/07/21,NUISANCE,OPEN,NA,10 05 16 2 011 012.001,DISTRICT 3,MONTGOMERY,AL,36107,,715,2.18666694,10.08777778,1201 ANN ST,2023,7,{8B14AF6E-5732-453B-B941-CB4C4C48ABCE},,,HNAM,2025/03/19 20:12:07+00
521066.045854505,679455.763204172,C00147181,2023/04/19,NUISANCE,CLOSED,Lien Released,10 05 16 2 011 012.001,DISTRICT 3,MONTGOMERY,AL,36107,CUT ALL THE OTHER  LOTS YOU OWN IN THAT AREA AND TRY TO CUT THEM EVERY TWO TO THREE WEEKS.,716,2.18666694,10.08777778,1201 ANN ST,2023,4,{874B8C6E-52A9-478F-9646-7718D16EFAB6},,,HNAM,2025/03/19 20:12:07+00
521066.045854505,679455.763204172,C00135242,2022/06/03,NUISANCE,CLOSED,Lien Released,10 05 16 2 011 012.001,DISTRICT 3,MONTGOMERY,AL,36107,,717,2.18666694,10.08777778,1201 ANN ST,2022,6,{174A04C0-E90B-40AD-BEC2-CABD9CB4A437},,,HNAM,2025/03/19 20:12:07+00
521099.065801587,678558.483174592,C00152445,2023/07/17,NUISANCE,CLOSED,NA,10 05 16 3 004 002.000,DISTRICT 7,MONTGOMERY,AL,36107,,718,3.06722222,10.08777778,1425 ANN ST,2023,7,{DDB71FF5-9059-4550-8BE1-3D43FDA2A3E7},,,HNAM,2025/03/19 20:12:07+00
521099.065801587,678558.483174592,C00150441,2023/06/09,NUISANCE,CLOSED,NA,10 05 16 3 004 002.000,DISTRICT 7,MONTGOMERY,AL,36107,,719,3.06722222,10.08777778,1425 ANN ST,2023,6,{89EF80E1-AFDB-484B-99A4-60181872C8A4},,,HNAM,2025/03/19 20:12:07+00
521099.065801587,678558.483174592,C00169775,2024/08/19,NUISANCE,OPEN,Lien Filed,10 05 16 3 004 002.000,DISTRICT 7,MONTGOMERY,AL,36107,,720,3.06722222,10.08777778,1425 ANN ST,2024,8,{3D4CB453-267F-4FC6-91BA-7E8B470E67A4},,,HNAM,2025/03/19 20:12:07+00
521099.065801587,678558.483174592,C00166003,2024/06/13,NUISANCE,CLOSED,NA,10 05 16 3 004 002.000,DISTRICT 7,MONTGOMERY,AL,36107,,721,3.06722222,10.08777778,1425 ANN ST,2024,6,{5478A285-B11F-4708-94B2-2354286E1E93},,,HNAM,2025/03/19 20:12:07+00
505377.65662767,668807.150971256,C00165682,2024/06/10,NUISANCE,CLOSED,NA,11 07 25 2 015 020.000,DISTRICT 4,MONTGOMERY,AL,36105,SEDAN DRIVEWAY,722,2.25555556,11.12361111,3750 APRIL ST,2024,6,{EBE119A6-738D-409E-B09A-60DB1B6DBE42},,,HNAM,2025/03/19 20:12:07+00
505376.928610753,668857.145621926,C00128596,2022/01/13,NUISANCE,CLOSED,NA,11 07 25 2 015 021.000,DISTRICT 4,MONTGOMERY,AL,36105,,723,2.25583333,11.12361111,3742 APRIL ST,2022,1,{4AF171B0-8A31-43C1-A943-BDD37757D65B},,,HNAM,2025/03/19 20:12:07+00
505674.230181504,667869.180078179,C00117565,2021/04/27,NUISANCE,CLOSED,NA,11 07 25 3 003 023.000,DISTRICT 4,MONTGOMERY,AL,36105,,724,3.05638889,11.12361111,3873 APRIL ST,2021,4,{0202C74A-BCFE-4365-935D-37A88C0A4CD8},,,HNAM,2025/03/19 20:12:07+00
505788.455674838,667824.060089678,C00157536,2023/10/02,NUISANCE,OPEN,Lien Filed,11 07 25 3 003 025.000,DISTRICT 4,MONTGOMERY,AL,36105,,725,3.05694444,11.12361111,3889 APRIL ST,2023,10,{BD4DFD10-5709-475C-8EEC-0CF488D9C309},,,HNAM,2025/03/19 20:12:07+00
542108.611380838,673794.494999178,C00150415,2023/06/09,NUISANCE,CLOSED,NA,09 04 19 3 002 047.000,DISTRICT 9,MONTGOMERY,AL,36117,,727,3.04638889,9.07194444,6029 ARBOR GLEN DR,2023,6,{C817442D-2956-4219-B0CF-855D6A516FA4},,,HNAM,2025/03/19 20:12:07+00
555778.699526172,690339.549835511,C00132270,2022/04/22,NUISANCE,CLOSED,NA,09 02 04 0 000 001.122,DISTRICT 1,MONTGOMERY,AL,36117,,728,0.00031167,9.03444444,7336 ANNA ROSE DR,2022,4,{0149A65E-EB04-4A0C-BBE4-C7148927B577},,,HNAM,2025/03/19 20:12:07+00
542108.611380838,673794.494999178,C00153742,2023/07/27,NUISANCE,OPEN,NA,09 04 19 3 002 047.000,DISTRICT 9,MONTGOMERY,AL,36117,,729,3.04638889,9.07194444,6029 ARBOR GLEN DR,2023,7,{01AB9917-405F-416F-809D-2755CD0CF06C},,,HNAM,2025/03/19 20:12:07+00
524668.397901755,678577.269554339,C00142410,2022/10/06,NUISANCE,CLOSED,NA,10 05 16 4 007 022.000,DISTRICT 7,MONTGOMERY,AL,36109,,730,4.12277778,10.08777778,3337 ARBORFIELD RD,2022,10,{9D4C050D-DC37-426E-B217-DF9743F5CD31},,,HNAM,2025/03/19 20:12:07+00
521532.601023752,685328.374162346,C00148767,2023/05/12,NUISANCE,OPEN,NA,10 02 09 2 019 015.000,DISTRICT 2,MONTGOMERY,AL,36109,,731,2.32083333,10.03583333,10 ARDEN RD,2023,5,{E0B7EEF0-389B-40A6-8150-D7E28822A44B},,,HNAM,2025/03/19 20:12:07+00
521532.601023752,685328.374162346,C00116631,2021/04/16,NUISANCE,CLOSED,NA,10 02 09 2 019 015.000,DISTRICT 2,MONTGOMERY,AL,36109,,732,2.32083333,10.03583333,10 ARDEN RD,2021,4,{5106973B-CF55-46BB-9A7E-01F156C91FB2},,,HNAM,2025/03/19 20:12:07+00
521532.601023752,685328.374162346,C00116025,2021/04/09,NUISANCE,CLOSED,NA,10 02 09 2 019 015.000,DISTRICT 2,MONTGOMERY,AL,36109,THE TAN HONDA ACCORD IS NOT OPERABLE AND IT HAS AN EXPIRED TAG.,733,2.32083333,10.03583333,10 ARDEN RD,2021,4,{833FED8A-891E-4FD2-AB48-934B643764D0},,,HNAM,2025/03/19 20:12:07+00
521532.601023752,685328.374162346,C00157391,2023/09/28,NUISANCE,OPEN,NA,10 02 09 2 019 015.000,DISTRICT 2,MONTGOMERY,AL,36109,,734,2.32083333,10.03583333,10 ARDEN RD,2023,9,{37E846C1-5C47-42B6-BF03-F5294067F576},,,HNAM,2025/03/19 20:12:07+00
521532.601023752,685328.374162346,C00124943,2021/08/31,NUISANCE,CLOSED,NA,10 02 09 2 019 015.000,DISTRICT 2,MONTGOMERY,AL,36109,THE OVERGROWN GRASS AND WEEDS IN THE FLOWER BEDS HAS TO BE CUT AND KEPT CUT.,735,2.32083333,10.03583333,10 ARDEN RD,2021,8,{BF264332-9F77-4F64-9A8B-53B57B493893},,,HNAM,2025/03/19 20:12:07+00
521532.601023752,685328.374162346,C00171057,2024/10/01,NUISANCE,OPEN,NA,10 02 09 2 019 015.000,DISTRICT 2,MONTGOMERY,AL,36109,,736,2.32083333,10.03583333,10 ARDEN RD,2024,10,{2C6A5B49-5AE8-4151-A74A-3CB61A6B2437},,,HNAM,2025/03/19 20:12:07+00
521531.097417839,685448.396560095,C00114925,2021/03/25,NUISANCE,CLOSED,NA,10 02 09 2 019 013.000,DISTRICT 2,MONTGOMERY,AL,36109,,737,2.32027778,10.03583333,14 ARDEN RD,2021,3,{3619CF53-1C58-4C4C-ADF8-C62C92420D8C},,,HNAM,2025/03/19 20:12:07+00
521282.031971086,686321.496191844,C00120570,2021/06/21,NUISANCE,CLOSED,NA,10 02 09 2 004 022.000,DISTRICT 2,MONTGOMERY,AL,36109,,738,2.07277778,10.03583333,103 ARDEN RD,2021,6,{11AF0B5D-7057-46B7-823A-83312A4DE833},,,HNAM,2025/03/19 20:12:07+00
521508.503631003,687090.632120758,C00149129,2023/05/18,NUISANCE,CLOSED,NA,10 02 09 2 003 004.000,DISTRICT 2,MONTGOMERY,AL,36109,,739,2.05111111,10.03583333,126 ARDEN RD,2023,5,{017E37F6-F49F-4897-A972-DB9A8A846F26},,,HNAM,2025/03/19 20:12:07+00
505468.578689922,666300.391549096,C00168257,2024/07/24,NUISANCE,CLOSED,NA,11 07 25 3 005 040.000,DISTRICT 4,MONTGOMERY,AL,36105,,740,3.09444444,11.12361111,4081 ARDMORE DR,2024,7,{E036CF58-FB08-4912-AC73-494A3B75B07F},,,HNAM,2025/03/19 20:12:07+00
505587.955091588,666060.380218096,C00159921,2024/02/12,OPEN VACANT,CLOSED,NA,11 07 25 3 016 002.000,DISTRICT 4,MONTGOMERY,AL,36105,,741,3.26722222,11.12361111,4107 ARDMORE DR,2024,2,{2E8742B1-F84D-4872-8FE7-E3B897588F79},,,HNAM,2025/03/19 20:12:07+00
510216.512107421,673587.467526093,C00159864,2024/02/06,NUISANCE,CLOSED,NA,10 04 19 3 004 011.000,DISTRICT 7,MONTGOMERY,AL,36105,,742,3.06972222,10.07194444,125 ARLINGTON RD,2024,2,{59502227-16C3-4D4C-A4AB-EFB123E001B0},,,HNAM,2025/03/19 20:12:07+00
510151.863942754,673344.383038506,C00143232,2022/11/09,NUISANCE,CLOSED,NA,10 04 19 3 017 007.000,DISTRICT 7,MONTGOMERY,AL,36105,,743,3.28527778,10.07194444,114 ARLINGTON RD,2022,11,{E699614E-E770-44A6-8EBD-3A04064EC71C},,,HNAM,2025/03/19 20:12:07+00
510376.863492753,673346.887626678,C00120677,2021/06/22,NUISANCE,CLOSED,NA,10 04 19 3 017 004.000,DISTRICT 7,MONTGOMERY,AL,36105,,744,3.28444444,10.07194444,144 ARLINGTON RD,2021,6,{2FCECD90-C7FA-4C33-AD21-97AFD3444990},,,HNAM,2025/03/19 20:12:07+00
510437.786927339,673567.53613551,C00144830,2023/02/28,REPAIR,CLOSED,NA,10 04 19 3 004 014.000,DISTRICT 7,MONTGOMERY,AL,36105,,745,3.07055556,10.07194444,155 ARLINGTON RD,2023,2,{8E040378-A4B0-44AC-AD38-198A2C4581E9},,,HNAM,2025/03/19 20:12:07+00
521137.479110587,681660.655119844,C00128725,2022/01/24,OPEN VACANT,CLOSED,NA,10 05 16 2 002 013.002,DISTRICT 1,MONTGOMERY,AL,36107,,746,2.036945,10.08777778,633 ANN ST,2022,1,{EB059C77-A251-4E94-B9B4-099B9BD3010C},,,HNAM,2025/03/19 20:12:07+00
520521.482967254,683402.467581093,C00119542,2021/06/02,NUISANCE,CLOSED,NA,10 02 09 3 009 001.000,DISTRICT 3,MONTGOMERY,AL,36107,,747,3.15027778,10.03583333,206 ANN ST,2021,6,{5536C9C1-1E6B-498C-99A5-4DAE7534D7C1},,,HNAM,2025/03/19 20:12:07+00
528067.661772504,654967.081538595,C00155479,2023/08/21,NUISANCE,CLOSED,NA,15 02 10 2 001 002.000,DISTRICT 6,MONTGOMERY,AL,36116,,748,2.01722222,15.03611111,4207 ANDOVA DR,2023,8,{78A8F5CE-EAAB-44B4-9247-0DAC89426EB2},,,HNAM,2025/03/19 20:12:07+00
527823.552680671,654993.548677258,C00155355,2023/08/18,NUISANCE,CLOSED,NA,15 02 10 2 002 001.000,DISTRICT 6,MONTGOMERY,AL,36116,,749,2.03361111,15.03611111,4200 ANDOVA DR,2023,8,{377E78A1-A75A-4C7E-AD8D-EF33BA775E0E},,,HNAM,2025/03/19 20:12:07+00
521137.479110587,681660.655119844,C00130815,2022/03/31,NUISANCE,CLOSED,NA,10 05 16 2 002 013.002,DISTRICT 1,MONTGOMERY,AL,36107,,750,2.036945,10.08777778,633 ANN ST,2022,3,{E62C1F5B-63FD-43D2-BDC2-F8D21074F356},,,HNAM,2025/03/19 20:12:07+00
521137.479110587,681660.655119844,C00151843,2023/07/10,OPEN VACANT,CLOSED,NA,10 05 16 2 002 013.002,DISTRICT 1,MONTGOMERY,AL,36107,,751,2.036945,10.08777778,633 ANN ST,2023,7,{36DA2E6B-824B-480F-8B80-B7A7AC8FA38D},,,HNAM,2025/03/19 20:12:07+00
521137.479110587,681660.655119844,C00151841,2023/07/10,NUISANCE,CLOSED,NA,10 05 16 2 002 013.002,DISTRICT 1,MONTGOMERY,AL,36107,,752,2.036945,10.08777778,633 ANN ST,2023,7,{0237A2F4-5A2C-44CA-91C1-BCC1494516B4},,,HNAM,2025/03/19 20:12:07+00
520762.813193254,678568.044179089,C00160421,2024/03/07,NUISANCE,CLOSED,NA,10 05 16 3 003 027.000,DISTRICT 7,MONTGOMERY,AL,36107,REMOVE ALL SCATTERED DEBRIS FROM PROPERTY,753,3.0575,10.08777778,1414 ANN ST,2024,3,{BF871AE7-48F6-4412-AAC3-F3E87F6C86CD},,,HNAM,2025/03/19 20:12:07+00
520762.813193254,678568.044179089,C00162104,2024/04/05,NUISANCE,OPEN,Lien Filed,10 05 16 3 003 027.000,DISTRICT 7,MONTGOMERY,AL,36107,ERECTED SIGNAGE WITH NO ADVERTISEMENT AND IN A STATE OF DISREPAIR MUST BE REMOVED FROM THE PROPERTY,754,3.0575,10.08777778,1414 ANN ST,2024,4,{1B5AD5BD-D6C8-40BE-9C74-D12252EFA566},,,HNAM,2025/03/19 20:12:07+00
520762.813193254,678568.044179089,C00162875,2024/04/18,NUISANCE,OPEN,NA,10 05 16 3 003 027.000,DISTRICT 7,MONTGOMERY,AL,36107,,755,3.0575,10.08777778,1414 ANN ST,2024,4,{4FB3E269-EB18-4AA0-9C79-ACE08C35F1D3},,,HNAM,2025/03/19 20:12:07+00
520762.813193254,678568.044179089,C00166676,2024/06/28,NUISANCE,CLOSED,NA,10 05 16 3 003 027.000,DISTRICT 7,MONTGOMERY,AL,36107,,756,3.0575,10.08777778,1414 ANN ST,2024,6,{C9607A8F-57F1-47F0-809A-AC0A07DD7A5B},,,HNAM,2025/03/19 20:12:07+00
520762.813193254,678568.044179089,C00169846,2024/08/20,NUISANCE,OPEN,NA,10 05 16 3 003 027.000,DISTRICT 7,MONTGOMERY,AL,36107,,757,3.0575,10.08777778,1414 ANN ST,2024,8,{36D53BE4-D9F7-4C94-B5FC-CFD56A8CAEB5},,,HNAM,2025/03/19 20:12:07+00
520762.813193254,678568.044179089,C00170789,2024/09/23,NUISANCE,CLOSED,NA,10 05 16 3 003 027.000,DISTRICT 7,MONTGOMERY,AL,36107,,758,3.0575,10.08777778,1414 ANN ST,2024,9,{92A74A09-F0A1-40D4-B696-A4EF4A8D5A47},,,HNAM,2025/03/19 20:12:07+00
520762.813193254,678568.044179089,C00170478,2024/09/10,NUISANCE,CLOSED,NA,10 05 16 3 003 027.000,DISTRICT 7,MONTGOMERY,AL,36107,1 RAY SUV,759,3.0575,10.08777778,1414 ANN ST,2024,9,{EC263F10-A313-4573-AE3B-6A6122F23577},,,HNAM,2025/03/19 20:12:07+00
520762.813193254,678568.044179089,C00169257,2024/08/08,NUISANCE,CLOSED,NA,10 05 16 3 003 027.000,DISTRICT 7,MONTGOMERY,AL,36107,,760,3.0575,10.08777778,1414 ANN ST,2024,8,{72615CD5-03CE-4EF4-9623-679DCFB55E95},,,HNAM,2025/03/19 20:12:07+00
520762.813193254,678568.044179089,C00134284,2022/05/17,OPEN VACANT,CLOSED,NA,10 05 16 3 003 027.000,DISTRICT 7,MONTGOMERY,AL,36107,,761,3.0575,10.08777778,1414 ANN ST,2022,5,{73994A4A-6535-4CE6-A79B-AE8121E3E7FB},,,HNAM,2025/03/19 20:12:07+00
520762.813193254,678568.044179089,C00134285,2022/05/17,NUISANCE,CLOSED,Lien Released,10 05 16 3 003 027.000,DISTRICT 7,MONTGOMERY,AL,36107,,762,3.0575,10.08777778,1414 ANN ST,2022,5,{4321EC15-5EE0-4B20-A4AE-2A7CDC5F7ADF},,,HNAM,2025/03/19 20:12:07+00
517162.899789419,702477.785401508,C00164300,2024/05/14,NUISANCE,CLOSED,NA,04 09 29 2 012 002.000,DISTRICT 3,MONTGOMERY,AL,36110,,763,2.20055556,4.15805556,3074 ALTA RD,2024,5,{2EC93074-9FDC-44C6-9799-19FFCB17FDD3},,,HNAM,2025/03/19 20:12:07+00
520996.842908919,677999.995774508,C00165561,2024/06/06,NUISANCE,CLOSED,NA,10 05 16 3 008 001.000,DISTRICT 7,MONTGOMERY,AL,36107,,764,3.13361111,10.08777778,1507 ANN ST,2024,6,{C1B45CAD-4456-4B2A-96F9-B9ED80EA119C},,,HNAM,2025/03/19 20:12:07+00
520996.842908919,677999.995774508,C00165606,2024/06/07,NUISANCE,CLOSED,NA,10 05 16 3 008 001.000,DISTRICT 7,MONTGOMERY,AL,36107,,765,3.13361111,10.08777778,1507 ANN ST,2024,6,{A17B4456-F860-461C-AF6A-A30CB702B380},,,HNAM,2025/03/19 20:12:07+00
515366.656006586,695717.703449257,C00163759,2024/05/02,NUISANCE,OPEN,NA,04 09 32 2 006 039.032,DISTRICT 3,MONTGOMERY,AL,36110,SUV DRIVEWAY,766,2.11084222,4.15888889,132 AMANDA LN,2024,5,{07336BD3-70E6-42E1-BA10-02F243E4226A},,,HNAM,2025/03/19 20:12:07+00
515366.656006586,695717.703449257,C00153236,2023/07/21,NUISANCE,CLOSED,NA,04 09 32 2 006 039.032,DISTRICT 3,MONTGOMERY,AL,36110,2 SUVS,767,2.11084222,4.15888889,132 AMANDA LN,2023,7,{8C339B82-405A-4177-819F-B15DC8AA7E71},,,HNAM,2025/03/19 20:12:07+00
517485.708855089,702544.48703976,C00163421,2024/04/26,NUISANCE,OPEN,Lien Filed,04 09 29 2 011 001.000,DISTRICT 3,MONTGOMERY,AL,36110,TRUCK,768,2.18361111,4.15805556,3106 ALTA RD,2024,4,{140E5CC8-4196-42F9-9AE6-5C309C932AAF},,,HNAM,2025/03/19 20:12:07+00
558514.954552338,686533.357316673,C00126676,2021/10/12,NUISANCE,CLOSED,NA,09 02 10 2 007 019.000,DISTRICT 1,MONTGOMERY,AL,36117,,769,2.12194444,9.03611111,420 ARROWHEAD DR,2021,10,{970E22C2-30BC-41BA-B9FB-7C0F0525A75F},,,HNAM,2025/03/19 20:12:07+00
556685.597974837,688879.519947179,C00133205,2022/05/03,NUISANCE,CLOSED,NA,09 02 04 0 000 107.000,DISTRICT 1,MONTGOMERY,AL,36117,,770,0.02972222,9.03444444,7530 ARROWLEAF RD,2022,5,{83873F98-5CB3-45AD-AB18-66D3253C30E3},,,HNAM,2025/03/19 20:12:07+00
518112.579648588,682091.446909174,C00113852,2021/02/24,NUISANCE,CLOSED,NA,10 03 08 4 013 008.000,DISTRICT 3,MONTGOMERY,AL,36107,,771,4.21888889,10.05222222,429 ARTHUR ST,2021,2,{8B8F284D-D55F-4CD0-8047-8116EE6D5EE2},,,HNAM,2025/03/19 20:12:07+00
517852.982726838,682188.785953343,C00121067,2021/06/29,NUISANCE,CLOSED,NA,10 03 08 4 012 010.000,DISTRICT 3,MONTGOMERY,AL,36107,ALL AT CURB AND ALL OVER FRONT YARD REMOVE ASAP,772,4.20277778,10.05222222,410 ARTHUR ST,2021,6,{F3583907-1654-4DF2-87FE-9D8ABE75F8C3},,,HNAM,2025/03/19 20:12:07+00
518112.579648588,682091.446909174,C00113851,2021/02/24,NUISANCE,CLOSED,NA,10 03 08 4 013 008.000,DISTRICT 3,MONTGOMERY,AL,36107,,773,4.21888889,10.05222222,429 ARTHUR ST,2021,2,{6765A9DF-CC8E-4C5B-B4D5-0B297F883A81},,,HNAM,2025/03/19 20:12:07+00
518112.579648588,682091.446909174,C00137500,2022/07/14,NUISANCE,CLOSED,NA,10 03 08 4 013 008.000,DISTRICT 3,MONTGOMERY,AL,36107,,774,4.21888889,10.05222222,429 ARTHUR ST,2022,7,{B0E7AAEF-B244-4BB0-8273-2C8F5AE07385},,,HNAM,2025/03/19 20:12:07+00
543404.858788338,672904.187068507,C00114964,2021/03/25,NUISANCE,CLOSED,NA,09 04 19 3 001 001.054,DISTRICT 9,MONTGOMERY,AL,36117,,775,3.01695944,9.07194444,6712 APPLE JACK CT,2021,3,{1216EB01-6A1A-4C7B-8409-A5030768CA95},,,HNAM,2025/03/19 20:12:07+00
543404.858788338,672904.187068507,C00155239,2023/08/16,NUISANCE,CLOSED,NA,09 04 19 3 001 001.054,DISTRICT 9,MONTGOMERY,AL,36117,,776,3.01695944,9.07194444,6712 APPLE JACK CT,2023,8,{07472B53-2CCE-4AF0-90BA-51825083FFAF},,,HNAM,2025/03/19 20:12:07+00
518112.579648588,682091.446909174,C00154241,2023/08/03,NUISANCE,CLOSED,NA,10 03 08 4 013 008.000,DISTRICT 3,MONTGOMERY,AL,36107,,777,4.21888889,10.05222222,429 ARTHUR ST,2023,8,{6B97642E-8F09-44C1-A55E-5C6E22153FF9},,,HNAM,2025/03/19 20:12:07+00
543404.858788338,672904.187068507,C00124802,2021/08/27,NUISANCE,CLOSED,NA,09 04 19 3 001 001.054,DISTRICT 9,MONTGOMERY,AL,36117,,778,3.01695944,9.07194444,6712 APPLE JACK CT,2021,8,{7FAA8902-D6EB-49D6-B10E-079E4FF24945},,,HNAM,2025/03/19 20:12:07+00
505724.159543589,668023.283444509,C00139133,2022/08/05,NUISANCE,OPEN,Lien Filed,11 07 25 3 003 018.000,DISTRICT 4,MONTGOMERY,AL,36105,,779,3.055,11.12361111,865 APRIL CT,2022,8,{7DFFAD79-25B2-4288-BF65-6535E75C622D},,,HNAM,2025/03/19 20:12:07+00
505724.159543589,668023.283444509,C00136371,2022/06/22,NUISANCE,OPEN,Lien Filed,11 07 25 3 003 018.000,DISTRICT 4,MONTGOMERY,AL,36105,,780,3.055,11.12361111,865 APRIL CT,2022,6,{640551C6-8E6F-4BB4-A298-E2B00283A8CC},,,HNAM,2025/03/19 20:12:07+00
533884.291871503,671717.191082925,C00139221,2022/08/09,NUISANCE,OPEN,NA,10 06 23 4 005 006.000,DISTRICT 5,MONTGOMERY,AL,36106,YOUR LOT GOES TO VAUGHN RD. KEEP IT CUT ALSO.,781,4.085,10.10638889,4608 APPLECROSS PL,2022,8,{B7F3B1EF-C2A0-405E-ABC1-876CC5C2D4C9},,,HNAM,2025/03/19 20:12:07+00
505724.159543589,668023.283444509,C00132173,2022/04/21,NUISANCE,OPEN,Lien Filed,11 07 25 3 003 018.000,DISTRICT 4,MONTGOMERY,AL,36105,,782,3.055,11.12361111,865 APRIL CT,2022,4,{1D3F8006-EBFC-4B35-AEBD-04CDDB25404A},,,HNAM,2025/03/19 20:12:07+00
505724.159543589,668023.283444509,C00117352,2021/04/26,DEMOLITION,CLOSED,NA,11 07 25 3 003 018.000,DISTRICT 4,MONTGOMERY,AL,36105,,783,3.055,11.12361111,865 APRIL CT,2021,4,{C5C224AE-4C9C-4D01-90F2-505735C334C9},,,HNAM,2025/03/19 20:12:07+00
505724.159543589,668023.283444509,C00117354,2021/04/26,NUISANCE,CLOSED,NA,11 07 25 3 003 018.000,DISTRICT 4,MONTGOMERY,AL,36105,,784,3.055,11.12361111,865 APRIL CT,2021,4,{50F89EBA-B3EB-42B6-BA8A-EF70D5E413EC},,,HNAM,2025/03/19 20:12:07+00
505724.159543589,668023.283444509,C00124811,2021/08/27,DEMOLITION,CLOSED,NA,11 07 25 3 003 018.000,DISTRICT 4,MONTGOMERY,AL,36105,,785,3.055,11.12361111,865 APRIL CT,2021,8,{FB03DC81-9EEC-475C-B4E7-E31C9ECBBF77},,,HNAM,2025/03/19 20:12:07+00
505724.159543589,668023.283444509,C00155189,2023/08/16,NUISANCE,OPEN,Lien Filed,11 07 25 3 003 018.000,DISTRICT 4,MONTGOMERY,AL,36105,,786,3.055,11.12361111,865 APRIL CT,2023,8,{C6CEE0D1-26C0-452B-BAF4-F7CD553BCC67},,,HNAM,2025/03/19 20:12:07+00
505724.159543589,668023.283444509,C00149885,2023/06/02,NUISANCE,OPEN,Lien Filed,11 07 25 3 003 018.000,DISTRICT 4,MONTGOMERY,AL,36105,,787,3.055,11.12361111,865 APRIL CT,2023,6,{0BD6DB00-57B3-46D7-BA1D-9906F0A36E5D},,,HNAM,2025/03/19 20:12:07+00
505724.159543589,668023.283444509,C00163326,2024/04/25,OPEN VACANT,CLOSED,NA,11 07 25 3 003 018.000,DISTRICT 4,MONTGOMERY,AL,36105,,788,3.055,11.12361111,865 APRIL CT,2024,4,{80FB4760-318B-4375-A8B4-65B316748E81},,,HNAM,2025/03/19 20:12:07+00
505724.159543589,668023.283444509,C00163325,2024/04/25,NUISANCE,OPEN,Lien Filed,11 07 25 3 003 018.000,DISTRICT 4,MONTGOMERY,AL,36105,,789,3.055,11.12361111,865 APRIL CT,2024,4,{47B6CD53-12C9-436F-AC7E-050D91DFF163},,,HNAM,2025/03/19 20:12:07+00
505724.159543589,668023.283444509,C00169517,2024/08/13,NUISANCE,OPEN,Lien Filed,11 07 25 3 003 018.000,DISTRICT 4,MONTGOMERY,AL,36105,,790,3.055,11.12361111,865 APRIL CT,2024,8,{D225ACAD-D1FF-4950-927A-4C92BEE63756},,,HNAM,2025/03/19 20:12:07+00
505368.053628504,669467.090596259,C00161692,2024/03/29,NUISANCE,OPEN,NA,11 07 25 2 013 037.000,DISTRICT 4,MONTGOMERY,AL,36105,TOILET ON FRONT PORCH NEEDS TO BE REMOVED,791,2.22694444,11.12361111,3644 APRIL ST,2024,3,{3B7970C5-8A0D-4D81-BF5C-1F30AD0CFAFB},,,HNAM,2025/03/19 20:12:07+00
505449.400250588,667891.016976759,C00123268,2021/08/02,NUISANCE,CLOSED,NA,11 07 25 3 004 031.000,DISTRICT 4,MONTGOMERY,AL,36105,,792,3.07527778,11.12361111,3860 APRIL ST,2021,8,{6CCA1BC6-71EB-4C8B-ADBF-2480BE6A8D6F},,,HNAM,2025/03/19 20:12:07+00
505508.302035671,667765.865980342,C00123269,2021/08/02,NUISANCE,OPEN,Lien Filed,11 07 25 3 004 029.000,DISTRICT 4,MONTGOMERY,AL,36105,,793,3.07472222,11.12361111,3868 APRIL ST,2021,8,{13FB7FF4-94EC-46A9-B758-6691417212E6},,,HNAM,2025/03/19 20:12:07+00
505508.302035671,667765.865980342,C00117564,2021/04/27,NUISANCE,OPEN,Lien Filed,11 07 25 3 004 029.000,DISTRICT 4,MONTGOMERY,AL,36105,,794,3.07472222,11.12361111,3868 APRIL ST,2021,4,{6BF634FF-D60E-4756-B3EC-68DA404E7918},,,HNAM,2025/03/19 20:12:07+00
505508.302035671,667765.865980342,C00139187,2022/08/08,NUISANCE,CLOSED,NA,11 07 25 3 004 029.000,DISTRICT 4,MONTGOMERY,AL,36105,,795,3.07472222,11.12361111,3868 APRIL ST,2022,8,{727B8FD9-709C-4A0F-948F-0AD861427524},,,HNAM,2025/03/19 20:12:07+00
505508.302035671,667765.865980342,C00141926,2022/09/23,NUISANCE,OPEN,Lien Filed,11 07 25 3 004 029.000,DISTRICT 4,MONTGOMERY,AL,36105,,796,3.07472222,11.12361111,3868 APRIL ST,2022,9,{AD666975-7BBB-4AFB-9D8A-C218420ED4CF},,,HNAM,2025/03/19 20:12:07+00
505508.302035671,667765.865980342,C00145730,2023/03/27,NUISANCE,OPEN,NA,11 07 25 3 004 029.000,DISTRICT 4,MONTGOMERY,AL,36105,,797,3.07472222,11.12361111,3868 APRIL ST,2023,3,{630040AC-4B85-46B6-B615-5B0EC7ED5205},,,HNAM,2025/03/19 20:12:07+00
505508.302035671,667765.865980342,C00170642,2024/09/17,NUISANCE,OPEN,Lien Filed,11 07 25 3 004 029.000,DISTRICT 4,MONTGOMERY,AL,36105,,798,3.07472222,11.12361111,3868 APRIL ST,2024,9,{07E703B7-75D9-4F81-9C03-8700386CD6E1},,,HNAM,2025/03/19 20:12:07+00
505508.302035671,667765.865980342,C00157933,2023/10/12,NUISANCE,OPEN,Lien Filed,11 07 25 3 004 029.000,DISTRICT 4,MONTGOMERY,AL,36105,,799,3.07472222,11.12361111,3868 APRIL ST,2023,10,{659E453C-2A6C-41C6-B933-A8B04496048B},,,HNAM,2025/03/19 20:12:07+00
505751.035474088,667639.733030513,C00113863,2021/02/25,NUISANCE,CLOSED,NA,11 07 25 3 004 025.000,DISTRICT 4,MONTGOMERY,AL,36105,,800,3.07361111,11.12361111,3888 APRIL ST,2021,2,{91436E31-066F-4D21-B001-0D8B58FAADE8},,,HNAM,2025/03/19 20:12:07+00
542290.110033587,673608.28835059,C00161033,2024/03/21,NUISANCE,CLOSED,NA,09 04 19 3 007 004.000,DISTRICT 9,MONTGOMERY,AL,36117,,801,3.11777778,9.07194444,6044 ARBOR GLEN DR,2024,3,{DA829D7F-1D1A-42F9-84AB-87F4D2C7010C},,,HNAM,2025/03/19 20:12:07+00
533836.831664588,671723.938772842,C00139220,2022/08/09,NUISANCE,CLOSED,NA,10 06 23 4 005 005.000,DISTRICT 5,MONTGOMERY,AL,36106,YOUR LOT GOES TO VAUGHN RD. KEEP IT CUT,802,4.08472222,10.10638889,4606 APPLECROSS PL,2022,8,{448D5E3B-034B-4FD4-8226-507D41F4EF16},,,HNAM,2025/03/19 20:12:07+00
505365.871218171,669617.073892094,C00146367,2023/04/07,NUISANCE,CLOSED,NA,11 07 25 2 013 040.000,DISTRICT 4,MONTGOMERY,AL,36105,,803,2.22777778,11.12361111,3628 APRIL ST,2023,4,{7E18D567-3CC9-4E11-BB19-368C5D28331E},,,HNAM,2025/03/19 20:12:07+00
533836.831664588,671723.938772842,C00165613,2024/06/07,NUISANCE,CLOSED,NA,10 06 23 4 005 005.000,DISTRICT 5,MONTGOMERY,AL,36106,,804,4.08472222,10.10638889,4606 APPLECROSS PL,2024,6,{BB3DC1A8-AECC-40ED-8D56-4CD1A9C61E1D},,,HNAM,2025/03/19 20:12:07+00
533836.831664588,671723.938772842,C00157626,2023/10/04,NUISANCE,CLOSED,NA,10 06 23 4 005 005.000,DISTRICT 5,MONTGOMERY,AL,36106,CUT GRASS AND WEEDS AL THE WAY TO VAUGHN RD. THAT IS PART OF YOUR LOT ALSO.,805,4.08472222,10.10638889,4606 APPLECROSS PL,2023,10,{7B1AFBD7-AA93-479F-9032-323D5D7A815E},,,HNAM,2025/03/19 20:12:07+00
505365.871218171,669617.073892094,C00117093,2021/04/21,NUISANCE,OPEN,Lien Filed,11 07 25 2 013 040.000,DISTRICT 4,MONTGOMERY,AL,36105,,806,2.22777778,11.12361111,3628 APRIL ST,2021,4,{317B78D8-FF07-4DEF-BDA0-6254B7F60409},,,HNAM,2025/03/19 20:12:07+00
505365.871218171,669617.073892094,C00130775,2022/03/31,NUISANCE,OPEN,Lien Filed,11 07 25 2 013 040.000,DISTRICT 4,MONTGOMERY,AL,36105,,808,2.22777778,11.12361111,3628 APRIL ST,2022,3,{79276202-08A7-4FDD-A2E2-C22B8A17A1AD},,,HNAM,2025/03/19 20:12:07+00
505589.05581117,668344.830045506,C00166230,2024/06/18,NUISANCE,CLOSED,NA,11 07 25 3 003 009.000,DISTRICT 4,MONTGOMERY,AL,36105,,809,3.0525,11.12361111,3817 APRIL ST,2024,6,{D88E965F-296E-4186-B976-FC97B578DA8D},,,HNAM,2025/03/19 20:12:07+00
505401.191357505,668212.404129259,C00123265,2021/08/02,NUISANCE,CLOSED,Lien Released,11 07 25 3 004 036.000,DISTRICT 4,MONTGOMERY,AL,36105,,810,3.07666667,11.12361111,3828 APRIL ST,2021,8,{177EFBC4-F7E4-46C2-A30E-4B6B4998D2B0},,,HNAM,2025/03/19 20:12:07+00
505589.05581117,668344.830045506,C00136277,2022/06/21,NUISANCE,CLOSED,NA,11 07 25 3 003 009.000,DISTRICT 4,MONTGOMERY,AL,36105,,811,3.0525,11.12361111,3817 APRIL ST,2022,6,{EFEEF7DD-4C65-4492-A195-1CE37E404ED4},,,HNAM,2025/03/19 20:12:07+00
505589.05581117,668344.830045506,C00127211,2021/10/28,NUISANCE,CLOSED,NA,11 07 25 3 003 009.000,DISTRICT 4,MONTGOMERY,AL,36105,,812,3.0525,11.12361111,3817 APRIL ST,2021,10,{674E42D2-5F72-42C6-BE43-AE387877E5AA},,,HNAM,2025/03/19 20:12:07+00
542335.108631253,673608.654819675,C00161034,2024/03/21,NUISANCE,CLOSED,NA,09 04 19 3 007 003.000,DISTRICT 9,MONTGOMERY,AL,36117,,813,3.1175,9.07194444,6048 ARBOR GLEN DR,2024,3,{DA12EA2F-70CB-43B9-8498-6937FBCA8330},,,HNAM,2025/03/19 20:12:07+00
524981.610858005,678410.177368842,C00168163,2024/07/24,NUISANCE,CLOSED,NA,10 05 16 4 009 006.000,DISTRICT 7,MONTGOMERY,AL,36109,,814,4.15166667,10.08777778,3366 ARBORFIELD RD,2024,7,{C1F9AFFD-FFB0-40DD-9C52-2E2D95247608},,,HNAM,2025/03/19 20:12:07+00
524981.610858005,678410.177368842,C00165101,2024/05/29,NUISANCE,CLOSED,NA,10 05 16 4 009 006.000,DISTRICT 7,MONTGOMERY,AL,36109,,815,4.15166667,10.08777778,3366 ARBORFIELD RD,2024,5,{E493747F-DB6E-429E-A731-93E8DDB6F18E},,,HNAM,2025/03/19 20:12:07+00
524981.610858005,678410.177368842,C00151617,2023/07/05,NUISANCE,CLOSED,NA,10 05 16 4 009 006.000,DISTRICT 7,MONTGOMERY,AL,36109,,816,4.15166667,10.08777778,3366 ARBORFIELD RD,2023,7,{E2CDC83B-09BD-47B1-B936-00ED526ACCDC},,,HNAM,2025/03/19 20:12:07+00
524981.610858005,678410.177368842,C00124489,2021/08/20,NUISANCE,CLOSED,NA,10 05 16 4 009 006.000,DISTRICT 7,MONTGOMERY,AL,36109,,817,4.15166667,10.08777778,3366 ARBORFIELD RD,2021,8,{5E61C9A1-0739-4F6A-AE51-D0C582A5A927},,,HNAM,2025/03/19 20:12:07+00
524981.610858005,678410.177368842,C00127698,2021/11/23,NUISANCE,CLOSED,NA,10 05 16 4 009 006.000,DISTRICT 7,MONTGOMERY,AL,36109,,818,4.15166667,10.08777778,3366 ARBORFIELD RD,2021,11,{A67F894D-A653-4F3F-BFAA-B6B43B3DB277},,,HNAM,2025/03/19 20:12:07+00
524981.610858005,678410.177368842,C00145080,2023/03/10,GENERIC,CLOSED,NA,10 05 16 4 009 006.000,DISTRICT 7,MONTGOMERY,AL,36109,,819,4.15166667,10.08777778,3366 ARBORFIELD RD,2023,3,{D97309DC-9CF3-4A5F-849F-A402FFE24D44},,,HNAM,2025/03/19 20:12:07+00
524981.610858005,678410.177368842,C00144786,2023/02/24,GENERIC,CLOSED,NA,10 05 16 4 009 006.000,DISTRICT 7,MONTGOMERY,AL,36109,,820,4.15166667,10.08777778,3366 ARBORFIELD RD,2023,2,{B25C228B-9C62-4050-8C7F-8D09A757A986},,,HNAM,2025/03/19 20:12:07+00
524981.610858005,678410.177368842,C00145888,2023/03/30,GENERIC,CLOSED,NA,10 05 16 4 009 006.000,DISTRICT 7,MONTGOMERY,AL,36109,,821,4.15166667,10.08777778,3366 ARBORFIELD RD,2023,3,{3C5AA3BC-4B2D-4312-B73F-8BA056CBC7F6},,,HNAM,2025/03/19 20:12:07+00
524981.610858005,678410.177368842,C00144787,2023/02/24,NUISANCE,CLOSED,NA,10 05 16 4 009 006.000,DISTRICT 7,MONTGOMERY,AL,36109,,822,4.15166667,10.08777778,3366 ARBORFIELD RD,2023,2,{F779EA57-CB5F-4920-87D4-A6DC0DEDB770},,,HNAM,2025/03/19 20:12:07+00
521525.560027339,685056.814338006,C00120568,2021/06/21,NUISANCE,OPEN,NA,10 02 09 2 019 018.000,DISTRICT 2,MONTGOMERY,AL,36109,THE FENCE LINE AROUND THIS PROPERTY IS EXTREMELY OVERGROWN AND IT HAS TO BE CUT AND CLEANED OFF.,823,2.32166667,10.03583333,2 ARDEN RD,2021,6,{FC71625A-2784-40A0-A695-FC3B2ED14A22},,,HNAM,2025/03/19 20:12:07+00
524981.610858005,678410.177368842,C00145023,2023/03/08,GENERIC,CLOSED,NA,10 05 16 4 009 006.000,DISTRICT 7,MONTGOMERY,AL,36109,,824,4.15166667,10.08777778,3366 ARBORFIELD RD,2023,3,{106C8142-E3BA-49F8-800F-736FA3A685EC},,,HNAM,2025/03/19 20:12:07+00
521525.560027339,685056.814338006,C00133080,2022/05/02,NUISANCE,CLOSED,NA,10 02 09 2 019 018.000,DISTRICT 2,MONTGOMERY,AL,36109,THE FENCE LINE AROUND THIS PROPERTY HAS TO BE CUT AND CLEANED UP.,825,2.32166667,10.03583333,2 ARDEN RD,2022,5,{B2A52F4D-2D10-434E-ADE9-E86F7400A1D4},,,HNAM,2025/03/19 20:12:07+00
521287.575267088,685744.014407173,C00133918,2022/05/12,NUISANCE,OPEN,NA,10 02 09 2 020 020.000,DISTRICT 2,MONTGOMERY,AL,36109,,826,2.33888889,10.03583333,29 ARDEN RD,2022,5,{338C18E1-3895-4409-99F7-4BF854FE85CA},,,HNAM,2025/03/19 20:12:07+00
521527.203396752,685748.378571674,C00130608,2022/03/29,NUISANCE,CLOSED,NA,10 02 09 2 019 008.000,DISTRICT 2,MONTGOMERY,AL,36109,,827,2.31888889,10.03583333,26 ARDEN RD,2022,3,{41AFF42C-681B-4197-8E16-548151AEDC9B},,,HNAM,2025/03/19 20:12:07+00
521287.575267088,685744.014407173,C00122015,2021/07/13,NUISANCE,CLOSED,NA,10 02 09 2 020 020.000,DISTRICT 2,MONTGOMERY,AL,36109,,828,2.33888889,10.03583333,29 ARDEN RD,2021,7,{2B519665-3F94-45E8-B426-E8E3F2EB457B},,,HNAM,2025/03/19 20:12:07+00
521527.203396752,685748.378571674,C00124788,2021/08/27,NUISANCE,CLOSED,NA,10 02 09 2 019 008.000,DISTRICT 2,MONTGOMERY,AL,36109,,829,2.31888889,10.03583333,26 ARDEN RD,2021,8,{F41ED075-E47D-4E5E-98F0-A808E18D8642},,,HNAM,2025/03/19 20:12:07+00
521274.860725585,686778.940815009,C00168262,2024/07/24,NUISANCE,CLOSED,NA,10 02 09 2 004 029.000,DISTRICT 2,MONTGOMERY,AL,36109,,830,2.07472222,10.03583333,117 ARDEN RD,2024,7,{11F61417-103B-4D0A-BF76-70DD3B4251C0},,,HNAM,2025/03/19 20:12:07+00
531016.25987792,655408.838201009,C00147457,2023/04/24,NUISANCE,CLOSED,NA,15 01 02 3 003 020.000,DISTRICT 6,MONTGOMERY,AL,36116,,831,3.05555556,15.01722222,4005 AMBERLY RD,2023,4,{C6FAB11E-4DB0-4886-B7F5-2AA7C2F0EB4B},,,HNAM,2025/03/19 20:12:07+00
531016.25987792,655408.838201009,C00137205,2022/07/08,NUISANCE,CLOSED,NA,15 01 02 3 003 020.000,DISTRICT 6,MONTGOMERY,AL