OBJECTID,FULLNAME,DistrictCode,DistrictDesc,StreetName,From_,To_,AsphaltEst,EstTons,Width_ft,Length_ft,Length_Miles,Status,Year,CompletionDate,Class,Class2,Contractor,RB_Rating,created_user,created_date,last_edited_user,last_edited_date,GlobalID,ShapeSTLength
17181,9TH ST,3,District 3,9TH ST,N COURT ST,Cross St,20133.12,280,24,1200,0.22727273,Completed,2020,,HISTORY,City,,3,,,NPJACKSON,2020/10/07 19:49:04+00,{58B6CF60-1F4C-4D05-A92C-F88CF8FACDEF},1199.48448011583
17182,ADAMS AVE,3,District 3,ADAMS AVE,S Court St,S Lawrence St,30901.33,429.72,52,850,0.16,Completed,2019,2019/03/21 00:00:00+00,HISTORY,Utility,City of Montgomery,0,,,,,{1A133DFD-EB52-4E40-A6D2-34F4D137254E},880.884521885297
17183,ADLER DR,6,District 6,ADLER DR (1),Garden Home Cir,Hunting Creek Rd,25166.4,350,30,1050,0.2,Completed,2020,2020/09/09 00:00:00+00,HISTORY,City,,3.11764706,,,NPJACKSON,2020/10/06 13:47:14+00,{A8CCF211-2077-4710-853B-EFAD4CD90673},1074.8593362285
17186,ALAN LN,4,District 4,ALAN LN,Old Selma Rd,End,14616.52,310,,1138.2662996,0.21558074,Completed,2016,2016/08/23 00:00:00+00,HISTORY,City,City of Montgomery,0,,,,,{7C80B518-866E-4CF6-82A1-BFEC2F0D04B0},1138.26629959834
17189,ALRED CT,9,District 9,ALRED CT,Laurelwood Ln,End,11304.02784,157.21,30,539,0.10208333,Completed,2020,2019/10/02 00:00:00+00,HISTORY,City,City of Montgomery,0,,,NPJACKSON,2020/10/06 13:47:14+00,{532DDD8E-DC6B-4423-B514-7DCEEA4EBDE0},539.096046645587
17190,ALTHEA ST,1,District 1,ALTHEA ST,Ann St,End,17162.04672,238.68,25,982,0.18598485,Completed,2022,2022/02/10 00:00:00+00,HISTORY,City,,3.47826087,,,ABENEFIELD,2022/11/09 14:41:29+00,{287F007F-29D9-4116-B284-7F11126303FE},982.015017287342
17191,AMOS ST,2,District 2,AMOS ST,Fairground Rd,Clara St,14956.36,263.7333,27,1006.91692523,0.19,Completed,2017,,HISTORY,City,City of Montgomery,0,,,,,{F74EF5F3-5D20-4E5D-BB52-DADD4E330968},1006.91692523148
17192,ANDOVA DR,6,District 6,ANDOVA DR,Matterhorn St,End,13341.81,233.33,30,1018.01019662,0.151515,Completed,2018,2018/08/30 00:00:00+00,HISTORY,City,City of Montgomery,0,,,,,{C679644D-9FD2-41CE-9E28-34D76C10AAC6},1018.0101966212
17193,ANN ST,2,District 2,ANN ST,Mcqueen St,Highland Ave,37821.38,803,,1344.3642612,0.25461046,Completed,2016,2016/03/23 00:00:00+00,HISTORY,City,City of Montgomery,0,,,NPJACKSON,2020/05/12 15:48:13+00,{8AEAAF88-0A76-46A2-A253-C6C832511723},1344.34325177356
17194,APACHE CT,1,District 1,APACHE CT,Seminole Dr,End,7948.26816,110.54,30,378.38531825,0.07178,Completed,2021,2021/04/27 00:00:00+00,HISTORY,City,,3,,,NPJACKSON,2021/10/12 20:43:33+00,{93AD1667-B41D-4D34-B4D0-739566BF0FD3},378.385318251731
17195,APPLEWOOD CT,9,District 9,APPLEWOOD CT,Laurelwood Ln,End,6732.37152,93.63,30,321,0.06079545,Completed,2020,2019/10/08 00:00:00+00,HISTORY,City,City of Montgomery,0,,,NPJACKSON,2020/10/06 13:47:14+00,{3396A7A7-AA55-4674-AA9D-645FEF80F38E},321.342281434579
17196,ARBOR GLEN DR,9,District 9,ARBOR GLEN DR,Woodmere Loop,End,12063.42,212.721,30,731.29723698,0.14,Completed,2017,,HISTORY,City,City of Montgomery,0,,,,,{E5887AE2-83A5-4D67-AFF0-0CB56E043615},731.297236986394
17197,ARLINGTON RD,7,District 7,ARLINGTON RD,Court St,Norman Bridge Rd,48358.93,852.7464,33,2663.98623024,0.5,Completed,2017,,HISTORY,City,City of Montgomery,0,,,,,{142E0602-0B3F-477F-8CE3-A56F3149C347},2663.98623023608
17198,ARROWHEAD CT,1,District 1,ARROWHEAD CT,Arrowhead Dr,Arrowhead Dr,21999.74784,305.96,30,1049.60974242,0.198674,Completed,2019,2019/07/02 00:00:00+00,HISTORY,City,City of Montgomery,0,,,,,{9204FA95-1FE8-497A-978A-D2A8160940CB},1049.60974241417
17199,ASHLEY RD,4,District 4,ASHLEY RD,Old Selma Rd,W Blvd,58960.32,1039.6848,29,3864.17007519,0.7,Completed,2017,,HISTORY,City,City of Montgomery,0,,,,,{17386B7D-8AB6-41E7-AA27-CF76F72BFC8F},3864.1700751856
17200,ASHWOOD CT,9,District 9,ASHWOOD CT,Woodmere Blvd,End,1518.04,26.772,30,91.44797809,0.02,Completed,2017,,HISTORY,City,City of Montgomery,0,,,,,{8AD28AE6-9372-407B-9551-93509CD0457E},91.4479780863586
17205,AUGUSTA AVE,7,District 7,AUGUSTA AVE,Thomas Ave,Lebron Rd,39294.81696,546.49,22,2555,0.48390152,Completed,2021,2021/09/28 00:00:00+00,HISTORY,City,,3.38617886,,,NPJACKSON,2021/10/12 20:43:33+00,{558813CD-6CE2-4F26-B953-3137F130D66A},2236.75265982557
17207,AVONDALE RD,1,District 1,AVONDALE RD,Farwood Dr,Harrison Rd,37905.21,668.4076,28,2461.27779003,0.47,Completed,2017,,HISTORY,City,City of Montgomery,0,,,,,{3B2ED868-0F98-4639-8E7D-F9352411EF72},2461.27779003194
17209,BALMORAL RD,9,District 9,BALMORAL RD,Burbank Dr,Rainer Rd,29341.26,517.398,30,1778.41427444,0.34,Completed,2017,,HISTORY,City,City of Montgomery,0,,,,,{8BBE2436-F35B-43EE-BFF2-D29174EAE30B},1778.41427444027
17210,BANBURY AVE,2,District 2,BANBURY AVE,Biltmore Ave,Sumter Ave,6460.87,113.9265,27,467.2566404,0.08,Completed,2017,,HISTORY,City,City of Montgomery,0,,,,,{33BD3417-B33B-4E26-8916-EA6579944C95},467.256640400674
17211,BANGOR CT,2,District 2,BANGOR CT, Burbank Dr,End,9587.48,169.0613,29,600.57442589,0.11,Completed,2017,,HISTORY,City,City of Montgomery,0,,,,,{1AFA0962-3B91-49F2-8636-7A7489F0C5FA},600.574425891658
17212,BANK ST,4,District 4,BANK ST,Palma Dr,Center St,1725.12,30.4192,14,223.81163028,0.04,Completed,2017,,HISTORY,City,City of Montgomery,0,,,,,{28768624-EDED-45A6-9786-EFD78F7350AC},223.811630269061
17214,BAY ST,3,District 3,BAY ST,Dead End,Dead End,19619.59,417,,1529.55013219,0.28968753,Completed,2016,2015/12/09 00:00:00+00,HISTORY,City,City of Montgomery,0,,,,,{1D52B05F-B181-45FD-B843-CB0E02F2A4D2},1529.55013218764
17216,BEECHDALE RD,1,District 1,BEECHDALE RD,Dundale Rd,Farwood Rd,26271.79,463.272,30,1592.403028,0.3,Completed,2017,,HISTORY,City,City of Montgomery,0,,,,,{F75EAB20-D3F8-4205-91FF-8C8A87379A98},1592.40302799763
17217,BEECHDALE RD,7,District 7,BEECHDALE RD (1&7),Dundale Rd,Harrison Rd,15050.28,265.392,30,911.22799733,0.17,Completed,2017,,HISTORY,City,City of Montgomery,0,,,,,{F5154BF2-6775-462B-835B-264ED4D774C0},911.227997338569
17218,BELL GABLES,9,District 9,BELL GABLES,Bell Rd,End,21280.68,372.17,30,1276.1549321,0.241667,Completed,2018,,HISTORY,City,City of Montgomery,0,,,,,{EB8CC095-1767-4E0D-B0ED-D3A79AC02016},1276.15493210142
17222,BENNINGTON CT,9,District 9,BENNINGTON CT,Fair Oaks Dr,End,1556.44,27.22,28,99.66569956,0.018939,Completed,2018,2017/11/28 00:00:00+00,HISTORY,City,City of Montgomery,0,,,,,{4C9A31E5-2CCF-4DAF-9CCC-281EC2596F8F},99.6656995622835
17223,BENTLEY CT,9,District 9,BENTLEY CT,Copperfield Dr,End,9332.42016,129.79,30,445,0.0842803,Completed,2020,2019/10/16 00:00:00+00,HISTORY,City,City of Montgomery,0,,,NPJACKSON,2020/10/06 13:47:14+00,{213430EA-1007-4EF9-B1E1-8A2C056ABD20},444.632931247008
17224,BETH MANOR DR,1,District 1,BETH MANOR DR,Perry Hill Rd,Hardee's (Ditch),9437.4,131.25,27,500,0.094697,Completed,2019,2018/12/11 00:00:00+00,HISTORY,City,City of Montgomery,0,,,,,{EDCE8804-2A41-4D94-B6F4-7FDE7B32D071},582.600521572684
17225,BIGFIELD RD,1,District 1,BIGFIELD RD,Oldfield Dr,End,6162.89184,85.71,38,232.34018337,0.043939,Completed,2019,2019/06/27 00:00:00+00,HISTORY,City,City of Montgomery,0,,,,,{E1825727-3D64-4CC2-B96C-CE8C480673E0},232.340183371654
17226,BILTMORE AVE,2,District 2,BILTMORE AVE,Coliseum Blvd,Dalraida Pkwy,23730.27,415.01,31,1742.72135959,0.260795,Completed,2018,2018/04/04 00:00:00+00,HISTORY,City,City of Montgomery,0,,,,,{9046AA70-7D7D-4CB9-99D3-AD215593A045},1742.72135959086
17227,BISCAYNE DR,5,District 5,BISCAYNE DR,Queensbury Dr,Woodbridge Dr,14992.08,262.191,30,900.77919081,0.17,Completed,2018,,HISTORY,City,City of Montgomery,0,,,,,{99734F39-51E1-4656-B601-4BAB9C291E45},900.779190804828
17229,BLAKE ST,1,District 1,BLAKE ST,Blackwood Dr,End,5410.776,75.25,30,258.13292395,0.048864,Completed,2021,2021/01/12 00:00:00+00,HISTORY,City,,3,,,NPJACKSON,2021/10/12 20:43:33+00,{70F6596C-6F75-4784-9E77-4F1FC77C45DA},258.132923948842
17232,BOXWOOD DR,7,District 7,BOXWOOD DR (2),Wildwood Dr,Hill Hedge Dr,79274.16,1102.5,30,3779.9,0.71589015,Completed,2021,2021/05/17 00:00:00+00,HISTORY,City,,3,,,NPJACKSON,2021/10/12 20:43:33+00,{D1B5AB70-BD8A-493B-92D5-75EDB9E7B979},3780.23741139198
17233,BOYCE ST,3,District 3,BOYCE ST,Locust St,Highland Ave,18733.16,397,,1144.73414047,0.21680571,Completed,2016,2015/11/18 00:00:00+00,HISTORY,City,City of Montgomery,0,,,,,{E1FC216B-B0D6-4070-BBD5-2D57B0F081A5},1144.73414047736
17236,BRACKENBURY PL,9,District 9,BRACKENBURY PL,Woodmere Loop,End,11106.09,195.843,30,672.54905753,0.13,Completed,2017,,HISTORY,City,City of Montgomery,0,,,,,{A6230BC7-E3E1-42AD-AE75-3A25086AED1A},672.549057529191
17238,BRAGG ST,4,District 4,BRAGG ST,Stephens St,Mill St,47649.8,1010,,2660.29031551,0.50384286,Completed,2016,2016/09/20 00:00:00+00,HISTORY,City,City of Montgomery,0,,,,,{5E69255F-431D-4E41-94A4-7313E8DD9715},2660.29031551137
17239,BRAMPTON CT,9,District 9,BRAMPTON CT,Brampton Ln,End,4152.456,57.75,30,198,0.0375,Completed,2020,2019/10/21 00:00:00+00,HISTORY,City,,3,,,NPJACKSON,2020/10/06 13:47:14+00,{ACFF5651-4064-4AF6-A560-9FEA831A5E94},198.468181963256
17241,BREWTON ST,3,District 3,BREWTON ST,Ann St,Calloway St,18077.79,383,,1701.98263078,0.3223452,Completed,2016,2016/09/29 00:00:00+00,HISTORY,City,City of Montgomery,0,,,,,{CA9C0773-09CA-43B2-93C6-B01BAB96BE90},1701.98263077686
17242,BRIAR GATE DR,8,District 8,BRIAR GATE DR,Capouano Dr,Wampold Rd,27724.2,488.88,28,1776.17370276,0.34,Completed,2017,,HISTORY,City,City of Montgomery,0,,,,,{637F041C-3B05-449B-A4BC-2BCB5CC8A385},1776.17370276383
17243,BRIAR GLEN CT,9,District 9,BRIAR GLEN CT,Copperfield Dr,End,3523.296,49,30,168,0.03181818,Completed,2020,2019/10/23 00:00:00+00,HISTORY,City,,3,,,NPJACKSON,2020/10/06 13:47:14+00,{1EB2E0CA-1075-4C43-AB31-DC378F8BDEF8},168.012708811605
17244,BRIARBROOK DR,3,District 3,BRIARBROOK DR,Brookview Dr,End,50206.968,698.25,30,2394,0.45340909,Completed,2019,2019/05/15 00:00:00+00,HISTORY,City,City of Montgomery,3.51578947,,,,,{729528EE-DDC6-4A58-B475-5443AA9D381D},1883.29974986977
17246,BROCKWAY DR,3,District 3,BROCKWAY DR,Vandiver Blvd,End,11420.2,242,,983.81975652,0.1863295,Completed,2016,2015/11/23 00:00:00+00,HISTORY,City,City of Montgomery,0,,,,,{23F0FE44-8692-441F-BB3C-7B5895D8C9A7},983.819756512657
17247,BROOKS CT,7,District 7,BROOKS CT,Brooks St,End,3036.50592,42.23,24,181.27013578,0.03433147,Completed,2020,2020/07/08 00:00:00+00,HISTORY,City,,3,,,NPJACKSON,2020/10/06 13:47:14+00,{73774F2F-F5FD-4A70-A262-5C391EF7C38E},181.270135777487
17248,BROOKS ST,7,District 7,BROOKS ST,Fifth St,Le Ruth Ave,18195.3072,253.05,27,963.67103878,0.18251345,Completed,2020,2020/07/13 00:00:00+00,HISTORY,City,,4.13978495,,,NPJACKSON,2020/10/06 13:47:14+00,{4646AD85-617B-447D-B30F-CAB394FDB6AF},963.671038783288
17249,BROOKTREE RD,6,District 6,BROOKTREE RD,Matterhorn St,End,12624.90432,175.58,30,602,0.11401515,Completed,2019,2018/11/05 00:00:00+00,HISTORY,City,City of Montgomery,0,,,,,{57E5EE3A-696C-4FDD-AC78-2AAE2A586E7B},602.274769852087
17251,BURNS ST,4,District 4,BURNS ST,Beecher St,Shreve St,10387,144.44,26,500,0.09,Completed,2021,2021/07/14 00:00:00+00,HISTORY,City,,3.05084746,,,NPJACKSON,2021/10/12 20:43:33+00,{3539DDEB-2C2C-41A9-9353-44EE17726853},478.624012784065
17252,BURNT HICKORY DR,6,District 6,BURNT HICKORY DR,Woodpark Dr,End,3502.44384,48.71,30,167,0.03162879,Completed,2021,2021/09/20 00:00:00+00,HISTORY,City,,3,,,NPJACKSON,2021/10/12 20:43:33+00,{5F84131F-D0A6-4987-A03B-F54D89FA01E8},167.073031301862
17253,BURTON AVE,3,District 3,BURTON AVE,Hull St,Decatur  St,26363.6016,366.65,39,967,0.18314394,Completed,2019,2019/07/16 00:00:00+00,HISTORY,City,City of Montgomery,3.78378378,,,,,{89273F8E-904C-423D-AEA9-8E23E8B6D480},968.927275081083
17256,CAMDEN ST,4,District 4,CAMDEN ST,Martha St,Maxwell Blvd,22480.06656,312.64,27,1191,0.22556818,Completed,2019,2019/09/24 00:00:00+00,HISTORY,City,City of Montgomery,4.02083333,,,,,{3F35AEE8-1F4D-4C32-BF56-921C8D50B9B6},1028.89741330527
17257,CAMPBELL RD,7,District 7,CAMPBELL RD,Allendale Rd,End,36623.79,427,28,1830,0.35,Completed,2019,2018/10/09 00:00:00+00,HISTORY,Utility,Alexander Sealcoating,4.38650307,,,,,{5464E421-CDF3-4089-80A8-6431B28F9D62},1574.54823232453
17258,CAPITOL AVE,3,District 3,CAPITOL AVE,Mt. Meigs Rd,Madison Ter,17673.24,374,,2220.87290692,0.42061987,Completed,2016,2016/03/23 00:00:00+00,HISTORY,City,City of Montgomery,0,,,,,{864957F0-2E9E-45EA-8327-CA0C02C33EED},2220.87290692212
17259,CAPITOL PLAZA DR,4,District 4,CAPITOL PLAZA DR,Birmingham Hwy,End,21278.55072,295.93,18,1691,0.32026515,Completed,2019,,HISTORY,City,City of Montgomery,0,,,,,{D14458F1-5396-4CDA-9A69-07AD3530043E},1463.19268952376
17260,CAPSTONE CT,5,District 5,CAPSTONE CT,Capstone Dr,End,3418.31616,47.54,30,163,0.03087121,Completed,2019,2019/04/10 00:00:00+00,HISTORY,City,City of Montgomery,0,,,,,{479A5976-183D-4E2D-B0E8-288009BD4FCD},163.351399434316
17263,CARMEL DR,9,District 9,CARMEL DR,Burbank Dr,End,13746.68,242.403,30,1105.73326415,0.16,Completed,2017,,HISTORY,City,City of Montgomery,0,,,,,{61324871-631E-4C74-ADE1-0B29B23405BC},1105.73326414745
17264,CAROLINE ST,7,District 7,CAROLINE ST,Clayton St,Mildred St,20389.1,283.56,29,880,0.17272395,Completed,2018,2018/02/06 00:00:00+00,HISTORY,Utility,Alexander Sealcoating,0,,,,,{888DC99D-0728-42FD-902F-D3E5D379DFA4},911.80778020611
17266,CARRIAGE PL,6,District 6,CARRIAGE PL,Cross Creek Dr,End,20670.24288,287.47,28,1056,0.2,Completed,2021,2021/09/29 00:00:00+00,HISTORY,City,,3,,,NPJACKSON,2021/10/12 20:43:33+00,{86BF03EF-585D-450E-9C48-03FC031FF0D7},1055.51100311298
17267,CARTER HILL RD,7,District 7,CARTER HILL RD,College St,Zelda Rd,7390.84,2507.6052,36,7342.79242019,1.36,Completed,2017,,HISTORY,City,City of Montgomery,0,,,,,{E6FD2FBF-F14E-47A4-9655-35CC9B67025B},7342.79242019108
17269,CATHERINE DR,6,District 6,CATHERINE DR,Troy Hwy,End,8346.61632,116.08,30,398,0.07537879,Completed,2020,2020/07/15 00:00:00+00,HISTORY,City,,3,,,NPJACKSON,2020/10/06 13:47:14+00,{3DC6DB03-0334-49AF-A581-AEC66E6FD3D5},404.105043040791
17270,CECIL LN,1,District 1,CECIL LN,Atlanta Hwy,End,14070.89376,195.69,34,592.04131757,0.112121,Completed,2019,,HISTORY,City,City of Montgomery,2.94936709,,,,,{E99D1BB1-81CC-4C8E-AB96-6A2F11AEB507},592.041317571775
17271,CEDARWOOD LN,8,District 8,CEDARWOOD LN,Capouano Dr,Briargate Dr,18482.99,325.92,28,1151.88913863,0.23,Completed,2017,,HISTORY,City,City of Montgomery,0,,,,,{E1416E0D-F8F5-4ABB-ACB7-B972B2B042AA},1151.88913863837
17273,CENTENNIAL CIR,3,District 3,CENTENNIAL CIR,Adams Ave,King Cole Dr,12584.25,175.01,27,728,0.13787879,Completed,2022,2022/04/27 00:00:00+00,HISTORY,City,,3,,,ABENEFIELD,2022/11/09 14:41:29+00,{6503EA3F-5A98-47B2-B173-590548E8C666},497.661850304759
17274,CENTER ST,4,District 4,CENTER ST,Bank St,Hugh St,4004.73,70.616,20,363.53591458,0.07,Completed,2017,,HISTORY,City,City of Montgomery,0,,,,,{1257C69E-C08D-4004-B958-7A52CE0821C9},363.535914582061
17275,CENTRAL PKWY,5,District 5,CENTRAL PKWY,Vaughn Rd,Young Barn Rd,45029.25,787.5,45,1817.10892404,0.340909,Completed,2018,2018/01/10 00:00:00+00,HISTORY,City,City of Montgomery,0,,,,,{20A31934-97E8-488F-9669-7F0C7B0F5D23},1817.10892403691
17276,CENTRAL ST,4,District 4,CENTRAL ST,Bragg St,I-65,4923.2,0,0,368.60276909,0.069886,Completed,2018,,HISTORY,City,City of Montgomery,0,,,,,{350F7D55-E661-4E6C-8F14-B2F34C5C9CAB},368.602769093598
17278,CHAPPELL ST,4,District 4,CHAPPELL ST,Busch St,Hill St,8537.92,150.5537,17,913.33192863,0.17,Completed,2017,,HISTORY,City,City of Montgomery,0,,,,,{5C420992-11BF-4780-AA48-E0087624EBB5},913.331928633064
17279,CHATSWORTH DR,2,District 2,CHATSWORTH DR,Marie Cook Dr,Johnstown Dr,28494.82,502.4697,31,1671.35525346,0.32,Completed,2017,,HISTORY,City,City of Montgomery,0,,,,,{DE0680D0-90F1-4FD3-B131-9EFF691AEF58},1671.35525346247
17280,CHATTAHOOCHEE DR,1,District 1,CHATTAHOOCHEE DR,Seminole Dr,Arrowhead Dr,13725.03552,190.88,29,677.30760223,0.12822,Completed,2019,2019/07/08 00:00:00+00,HISTORY,City,City of Montgomery,2.25396825,,,,,{8A05843C-C9BA-4D5D-A715-DDF76ECA24D0},677.307602229605
17281,CHEAHA CT,1,District 1,CHEAHA CT,Arrowhead Dr,End,5200.81632,72.33,30,248.00104608,0.04697,Completed,2021,2021/05/26 00:00:00+00,HISTORY,City,,3,,,NPJACKSON,2021/10/12 20:43:33+00,{79A5581B-F5A3-46B3-9A0E-AAD01BAD8AE6},248.001046081743
17282,CHEEKWOOD LN,6,District 6,CHEEKWOOD LN,Rosedon Dr,Alder Dr,8140.72,142.37,28,350.5400067,0.099053,Completed,2018,2018/09/25 00:00:00+00,HISTORY,City,City of Montgomery,0,,,,,{351AFFD4-C3C2-4DDD-B8D6-84B46C92C1D4},350.540006698591
17283,CHEEKWOOD LN,6,District 6,CHEEKWOOD LN,Rosedon Dr,End,2785.24,48.71,30,172.15269176,0.03,Completed,2018,2018/09/25 00:00:00+00,HISTORY,City,City of Montgomery,0,,,,,{4C1A5A63-6B76-4E98-A855-CBED40B92238},172.152691757567
17284,CHELSEA DR,3,District 3,CHELSEA DR,Vandiver Blvd,Park Ave,13967.352,194.25,30,666,0.12613636,Completed,2019,2019/02/26 00:00:00+00,HISTORY,City,City of Montgomery,3.89705882,,,,,{724E17A6-8DCB-4CC0-B984-7455BCD70AB2},666.2468705513
17286,CHERRY HILL RD,6,District 6,CHERRY HILL RD,Troy Hwy,End,111335.66,1548.26,35,4550,0.67,Completed,2022,2022/08/30 00:00:00+00,HISTORY,City,City of Montgomery,3.02891566,,,ABENEFIELD,2022/11/09 14:41:29+00,{ACB21271-ADF3-489C-A2CB-472E1D2BBA9D},4582.47473462571
17288,CHESTERFIELD CT,9,District 9,CHESTERFIELD CT,Chappell Ln,End,10192.392,141.75,30,486,0.09204545,Completed,2020,2019/10/08 00:00:00+00,HISTORY,City,City of Montgomery,0,,,NPJACKSON,2020/10/06 13:47:14+00,{08F39C22-AB55-4F99-9956-111506E0E511},417.226341733582
17291,CHINABERRY CT,1,District 1,CHINABERRY CT,Countryside Ln,End,2756.79936,38.34,29,137.59965613,0.025758,Completed,2021,2021/07/15 00:00:00+00,HISTORY,City,,3,,,NPJACKSON,2021/10/12 20:43:33+00,{21CE31C8-85F7-4FDF-8DB8-FF1A0255A55C},137.599656136392
17292,CHIPPEWA CT,1,District 1,CHIPPEWA CT,Arrowhead Dr,End,2935.84032,40.83,30,140.15814911,0.026515,Completed,2021,2021/05/26 00:00:00+00,HISTORY,City,,3,,,NPJACKSON,2021/10/12 20:43:33+00,{24E48D68-C4AD-4874-8908-B08BA85BECC9},140.158149107628
17294,CHRISTINA CT,9,District 9,CHRISTINA CT,Chappell Ln,End,2097.43968,29.17,30,100,0.01893939,Completed,2020,2019/10/08 00:00:00+00,HISTORY,City,City of Montgomery,0,,,NPJACKSON,2020/10/06 13:47:14+00,{2AAB1FC8-D673-4DB0-BB4A-ADDDBC740916},78.6468481848707
17295,CITRUS ST,4,District 4,CITRUS ST,Margaret Ann Dr,End,2231.18112,31.03,28,114,0.02159091,Completed,2021,2021/08/10 00:00:00+00,HISTORY,City,,3,,,NPJACKSON,2021/10/12 20:43:33+00,{9B3E7CD2-8655-43C0-8CAB-742947D530A0},113.828851541771
17296,CIVITAN ST,3,District 3,CIVITAN ST,E Vandiver Blvd,Rotary St,13703.46432,190.58,27,726,0.1375,Completed,2019,2019/02/27 00:00:00+00,HISTORY,City,City of Montgomery,2.31884058,,,,,{B775529E-1BAE-4FE8-A220-2063970B62B6},726.631067549667
17302,CLOVERDALE RD,7,District 7,CLOVERDALE RD (1),Edgemont Ave,Augusta Ave,16667.34,293.91,30,1009.51766156,0.19,Completed,2017,,HISTORY,City,City of Montgomery,0,,,,,{8688EBAB-2533-4A80-8ED7-80DE78508754},1009.51766155642
17303,CLOVERDALE RD,7,District 7,CLOVERDALE RD (2),Edgemont Ave,Fairview Ave,65023.43,1149.23,33,2755.81093105,0.53,Completed,2017,,HISTORY,City,City of Montgomery,0,,,,,{6392AE4E-921A-441E-A603-CC3DD9C1382F},2755.81093104634
17308,COBBLESTONE CT,9,District 9,COBBLESTONE CT,Woodmere Blvd,End,6765.84,119.31,30,409.99007278,0.08,Completed,2017,,HISTORY,City,City of Montgomery,0,,,,,{DD0406DE-6C36-4767-9CC1-09E2D5E975AA},409.990072782596
17309,COLBERT ST,4,District 4,COLBERT ST,Maxwell Blvd,Herron St,11549.68,203.6612,29,721.77645176,0.14,Completed,2017,,HISTORY,City,City of Montgomery,0,,,,,{433634A6-D102-4663-944D-5DC97DD4CBF5},721.77645176201
17315,CONECUH ST,4,District 4,CONECUH ST,Maxwell Blvd,Herron St,12228.64,215.631,30,737.35696359,0.14,Completed,2017,,HISTORY,City,City of Montgomery,0,,,,,{718D995A-BB4B-4ED3-B5D0-33D38424B9AD},737.356963589589
17317,COOSA CT,1,District 1,COOSA CT,Natchez Dr,End,2328.25152,32.38,30,111.12714898,0.021023,Completed,2021,2021/04/26 00:00:00+00,HISTORY,City,,3,,,NPJACKSON,2021/10/12 20:43:33+00,{9D11DED6-4C95-4223-B374-5569012B5DCA},111.127148982452
17318,COOSADA DR,1,District 1,COOSADA DR,Seminole Dr,Arrowhead Dr,16948.49184,235.71,29,836.42704117,0.158333,Completed,2022,2022/04/28 00:00:00+00,HISTORY,City,,3,,,ABENEFIELD,2022/11/09 14:41:29+00,{1E723E12-A36C-4241-9A15-714C41B93346},836.427041168311
17322,COTTONDALE RD,7,District 7,COTTONDALE RD,Dundale Rd,End,8040.02,141.7752,29,504.6914734,0.1,Completed,2017,,HISTORY,City,City of Montgomery,0,,,,,{707624B7-FBD8-4D12-815D-7E1E4C9CA69E},504.691473397825
17323,COTTONDALE RD,1,District 1,COTTONDALE RD,Dundale Rd,Farwood Rd,18975.18,331.85,29,1176.60373125,0.222841,Completed,2018,,HISTORY,City,City of Montgomery,0,,,,,{97A68580-37E3-4E49-9862-D2C9799172DA},1176.60373124222
17326,COUNTRYWOOD CT,9,District 9,COUNTRYWOOD CT,Woodmere Loop,End,1518.04,26.772,30,92.32352657,0.02,Completed,2017,,HISTORY,City,City of Montgomery,0,,,,,{3BC26493-9B4A-4D7A-9164-22D19DE881D8},92.3235265684277
17327,COVINGTON ST,4,District 4,COVINGTON ST,Herron St,Maxwell Blvd,16251.02304,226.01,27,861,0.16306818,Completed,2019,2019/05/09 00:00:00+00,HISTORY,City,City of Montgomery,4.72222222,,,,,{1B77577A-88E0-4972-9512-122C769034ED},731.235444195302
17328,CRAIG ST,7,District 7,CRAIG ST,Liberty St,Lincoln St,8862.6,166,25,510.44028839,0.1,Completed,2016,2016/06/14 00:00:00+00,HISTORY,City,City of Montgomery,0,,,NPJACKSON,2020/05/12 15:56:37+00,{8A6F5C44-1353-41FC-810D-A5085D507312},510.44028839096
17329,CREEK CT,1,District 1,CREEK CT,Creek Dr,End,5620.73568,78.17,30,267.68750799,0.050758,Completed,2021,2021/05/25 00:00:00+00,HISTORY,City,,3,,,NPJACKSON,2021/10/12 20:43:33+00,{BF07B42A-1819-4D45-88EA-5F1A63DBA26E},267.687507996126
17330,CRENSHAW CLOSE CT,7,District 7,CRENSHAW CLOSE CT,Crenshaw Pl,End,2820.98,60,,158.42092077,0.03000396,Completed,2016,2015/10/21 00:00:00+00,HISTORY,City,City of Montgomery,0,,,,,{B9C9D1A8-17EE-4FEE-96AB-0B20937C1F72},158.420920776054
17332,CROSS RIDGE RD,6,District 6,CROSS RIDGE RD,Hunter Branch Rd,Cross Creek Dr,16827.5,294.29,30,1008.80998297,0.191098,Completed,2019,2018/10/30 00:00:00+00,HISTORY,City,City of Montgomery,0,,,,,{3742119F-C8A4-45A6-BF28-0C16C8E15945},1008.80998297502
17335,DEE DR,6,District 6,DEE DR,Spring Valley Rd,End,13589.856,189,30,648,0.12272727,Completed,2021,2021/09/20 00:00:00+00,HISTORY,City,,4.77777778,,,NPJACKSON,2021/10/12 20:43:33+00,{56B1FD8C-2C5B-4CEE-B272-DE044E1463E1},647.74739911336
17336,DEER TRAIL RD,1,District 1,DEER TRAIL RD,Creek Dr,End,26466.42432,368.08,30,1262.3313863,0.239015,Completed,2020,2020/09/30 00:00:00+00,HISTORY,City,,3.77192982,,,NPJACKSON,2020/10/06 13:47:14+00,{20F087B4-0169-4CC7-B8EF-02EE8ECC47C5},1262.33138629854
17337,DEERWOOD PL,2,District 2,DEERWOOD PL,David Dr,End,21264.1,371.88,35,682.75744726,0.160985,Completed,2018,2017/11/20 00:00:00+00,HISTORY,City,City of Montgomery,0,,,,,{A2C82639-E8A3-43F7-9DA5-4B2545F45163},682.75744726165
17340,DEWANEE ST,1,District 1,DEWANEE ST,Thrasher St,End,17319.51648,240.87,25,991,0.18768939,Completed,2022,2022/02/10 00:00:00+00,HISTORY,City,,4.01086957,,,ABENEFIELD,2022/11/09 14:41:29+00,{CB3D6B55-1D57-4C1F-A3D5-F3DA80DBF8BC},990.916493055066
17341,DICKERSON ST,3,District 3,DICKERSON ST,Herron St,Day St,33619.84,713,,767.96547735,0.14544801,Completed,2016,2015/10/14 00:00:00+00,HISTORY,City,City of Montgomery,0,,,,,{EB47C91C-01C4-45EB-837F-8D3554E4BE15},767.96547735071
17343,DOGWOOD ST,4,District 4,DOGWOOD ST,Redbud Ct,Old Selma Rd,19240.79136,267.59,28,983,0.18617424,Completed,2019,2018/12/04 00:00:00+00,HISTORY,City,City of Montgomery,4.13513514,,,,,{4866FE5E-71A9-4D67-B722-E5FE335D08F6},983.291080438112
17345,DONOVAN DR,1,District 1,DONOVAN DR,Wares Ferry Rd,Bowling Green Dr,43201.36128,600.82,29,2131.12267507,0.403598,Completed,2021,2021/04/19 00:00:00+00,HISTORY,City,,3.8364486,,,NPJACKSON,2021/10/12 20:43:33+00,{192235B1-5CDF-4CE1-8505-921CAA0DB687},2131.12267506806
17346,DOSFORD RD,6,District 6,DOSFORD RD,Mayflower Dr,End,7771.91,135.92,30,466.01300775,0.088258,Completed,2018,2018/09/12 00:00:00+00,HISTORY,City,City of Montgomery,0,,,,,{1D2C6C18-C5E3-4CF9-BD89-5E9FE797C840},466.013007750134
17348,DRESDEN CT,5,District 5,DRESDEN CT,Dresden Dr,End,5823.78,101.85,30,240.81931095,0.07,Completed,2018,2017/12/12 00:00:00+00,HISTORY,City,City of Montgomery,0,,,,,{1095E257-BEE3-43D2-BA4D-B277A4CF0530},240.819310952614
17349,DRESDEN DR,5,District 5,DRESDEN DR,Albans Ln,Fernway Dr,49918.14,873,30,2937.46804061,0.57,Completed,2018,2017/12/13 00:00:00+00,HISTORY,City,City of Montgomery,0,,,,,{42B24796-B6DA-42A1-B4EF-E0E41D7B1763},2937.46804060586
17350,DUMAS ST,4,District 4,DUMAS ST,Durbin St,End,4893.78624,68.06,14,500,0.09469697,Completed,2020,2020/09/21 00:00:00+00,HISTORY,City,,4.51111111,,,NPJACKSON,2020/10/06 13:47:14+00,{7CF93785-E6F4-4384-83DF-EF258480F976},481.622946080893
17351,DUNDALE RD,1,District 1,DUNDALE RD,Beechdale Rd,Beth Manor Dr,14307.95,252.297,30,865.85007038,0.16,Completed,2017,,HISTORY,City,City of Montgomery,0,,,,,{B990E49A-2978-4F9B-8E8E-8BA6788AAFAF},865.850070380299
17352,DUNDALE RD,7,District 7,DUNDALE RD (1&7),Farwood Dr,Elaine Dr,13878.51,244.731,30,841.163647,0.16,Completed,2017,,HISTORY,City,City of Montgomery,0,,,,,{36059E94-E148-4CF3-A170-EA404FB2BAED},841.16364700114
17354,DUNWOODY CT,9,District 9,DUNWOODY CT,Woodmere Loop,End,6353.37,112.035,30,385.11469383,0.07,Completed,2017,,HISTORY,City,City of Montgomery,0,,,,,{D5CE5B34-B099-4F3E-92E0-CE7EAEF1DF72},385.114693838259
17356,DURBIN ST,4,District 4,DURBIN ST,Harmony St,End,41339.76672,574.93,16,3696,0.7,Completed,2021,2020/12/08 00:00:00+00,HISTORY,City,,4.24332344,,,NPJACKSON,2021/10/12 20:43:33+00,{2A355C45-39E5-42E8-A9AA-11F22A224E86},3372.47450718962
17358,E CYPRESS CT,1,District 1,E CYPRESS CT,Countryside Ln,End,16295.60352,226.63,30,160.45910213,0.147159,Completed,2021,2021/07/21 00:00:00+00,HISTORY,City,,3,,,NPJACKSON,2021/10/12 20:43:33+00,{02DBEE49-8C5D-48D8-89F3-0C1C491076F7},160.459102130394
17360,E LYNCHBURG CT,6,District 6,E LYNCHBURG CT,Lynchburg Dr,End,9670.36896,134.49,29,477,0.09034091,Completed,2019,2019/09/09 00:00:00+00,HISTORY,City,City of Montgomery,0,,,,,{063B3895-FC4E-4B42-A224-F6B458E1ECAC},476.915026816233
17361,E MENDEL PKWY,9,District 9,E MENDEL PKWY,Mendel Pkwy W,Mendel Pkwy,15009.75,262.5,30,780.24746587,0.17,Completed,2018,,HISTORY,City,City of Montgomery,0,,,,,{B8B65DD6-7298-487B-B8C0-4E2F7521C8A0},780.247465869499
17362,E RUTGERS LOOP,1,District 1,E RUTGERS LOOP,Northwestern Rd,Wake Forest Dr,29360.56032,408.33,30,1074.46834921,0.265152,Completed,2021,2021/01/14 00:00:00+00,HISTORY,City,,4.14150943,,,NPJACKSON,2021/10/12 20:43:33+00,{5DA91D0A-DABD-439D-AAFC-DD9C26E7E15E},1074.46834920496
17363,E SALEM DR,2,District 2,E SALEM DR,Eton Rd,Eton Rd,26550.552,369.25,30,1266,0.23977273,Completed,2020,2020/06/02 00:00:00+00,HISTORY,City,,4.69047619,,,NPJACKSON,2020/10/06 13:47:14+00,{62489DA4-7676-47C3-AC62-C9EE906FE22B},1266.12080514014
17364,E TRINITY BLVD,5,District 5,E TRINITY BLVD,White Acres Rd,Carmichael Rd,61306.68,1072.17,30,3123.88484828,0.696212,Completed,2018,2018/03/15 00:00:00+00,HISTORY,City,City of Montgomery,0,,,,,{DB0B30A8-E36F-4487-9833-C1E6A3DE40C7},3123.88484828385
17365,E VANDIVER BLVD,3,District 3,E VANDIVER BLVD,Lower Wetumpka Rd,Zoo Rd,62775.51,576.5292,36,3311.18436969,0.6,Completed,2016,2016/06/07 00:00:00+00,HISTORY,City,City of Montgomery,0,,,NPJACKSON,2020/05/12 15:55:05+00,{B65D355D-8C22-4E02-924F-2D89A99060D9},3311.18436968989
17366,E VIRGINIA LN,6,District 6,E VIRGINIA LN,Woodley Cir,End,18580.31,436,,1878.66928789,0.35580858,Completed,2016,2016/06/16 00:00:00+00,HISTORY,City,City of Montgomery,0,,,,,{BAF83DA8-2B05-4060-BE7F-68D99A1D80B5},1878.66928788686
17367,E WOODLAND DR,7,District 7,E WOODLAND DR,Norman Bridge Rd,Court St,54689.46336,760.59,28,2793.73234754,0.52911597,Completed,2022,2022/05/04 00:00:00+00,HISTORY,City,,4.62737643,,,ABENEFIELD,2022/11/09 14:41:29+00,{3E369F0A-DE5F-4667-A116-3D53CA332A00},2793.73234754298
17368,E FLEMING RD,5,District 5,E FLEMING RD,S COURT ST,NORMAN BRIDGE RD,54467.28,757.5,24,2525,0.48,Completed,2022,2022/02/16 00:00:00+00,HISTORY,City,,3,,,ABENEFIELD,2022/11/09 14:41:29+00,{F9395FBE-FE1F-4024-994C-671B3153104A},2658.85546486298
17371,EASTERN RIDGE CT,2,District 2,EASTERN RIDGE CT,Gardendale Dr,End,5191.37,90.79,29,321.73823542,0.060985,Completed,2018,2017/11/21 00:00:00+00,HISTORY,City,City of Montgomery,0,,,,,{0846566E-B6D9-406A-AF29-3B2F34A8C7D2},321.738235417533
17372,EASTMONT DR,1,District 1,EASTMONT DR,Hillside Rd,Kiefer Dr,19551.56,341.93,29,1117.84158927,0.211553,Completed,2018,,HISTORY,City,City of Montgomery,0,,,,,{46652BD7-4A1D-45B7-9FDA-519049971069},1117.84158926678
17373,EASTWOOD DR,1,District 1,EASTWOOD DR,Donovan Dr,Blackwood Dr,19252.296,267.75,30,918.09837248,0.173864,Completed,2019,2019/07/11 00:00:00+00,HISTORY,City,City of Montgomery,5,,,,,{A964AED5-478F-484F-9BC9-3C23CCD1A95F},918.098372478246
17374,EDGAR ST,3,District 3,EDGAR ST,Madison Ave,Lloyd St,5128.91232,71.33,23,319,0.06041667,Completed,2019,2019/04/18 00:00:00+00,HISTORY,City,City of Montgomery,3,,,,,{11813C51-1E5D-4588-AA36-A0105C8F7B9B},326.024677441543
17375,EDINBURGH DR,8,District 8,EDINBURGH DR,W. Aberdeen Dr,End,13862.1,244.44,28,922.53858167,0.17,Completed,2017,,HISTORY,City,City of Montgomery,0,,,,,{89E92104-DE46-4EF7-BEB8-0942B88153B5},922.538581668652
17376,EDWARD ST,3,District 3,EDWARD ST,Curve,Dead End (Cul-de-sac Portion),8798.17344,122.36,29,434,0.08219697,Completed,2022,2022/04/11 00:00:00+00,HISTORY,City,,3,,,ABENEFIELD,2022/11/09 14:41:29+00,{102749F6-3702-4E85-9398-4FB4CF6B120F},433.964351699906
17377,ELAINE DR,7,District 7,ELAINE DR,Dundale Rd,Noremac Rd,13727.96,301,,1332.54967924,0.25237683,Completed,2016,2015/10/07 00:00:00+00,HISTORY,City,City of Montgomery,0,,,,,{CB14590C-DF8A-4579-AEBA-27EA702D2DC1},1332.54967923998
17381,EMORY FOLMAR BLVD,2,District 2,EMORY FOLMAR BLVD,Con. Dickinson Dr,N Blvd,204538.1184,2844.6,48,4741,0.89791667,Completed,2022,2022/03/23 00:00:00+00,HISTORY,City,,4.48076923,,,ABENEFIELD,2022/11/09 14:41:29+00,{18C4F0EF-A759-4620-B22F-885655642F7D},4700.34223428393
17382,ENGLISH OAK CT,9,District 9,ENGLISH OAK CT,English Oak Ct,English Oak Ct,4991.57568,69.42,30,238,0.04507576,Completed,2020,2019/11/18 00:00:00+00,HISTORY,City,City of Montgomery,0,,,NPJACKSON,2020/10/06 13:47:14+00,{871768A1-AE5A-4D69-80B3-BDBE25702334},262.099434265587
17383,ENGLISH OAK LOOP,9,District 9,ENGLISH OAK LOOP,Meadow Oak Ct,Chappell Ln,22146.432,308,30,1056,0.2,Completed,2020,2019/11/18 00:00:00+00,HISTORY,City,City of Montgomery,0,,,NPJACKSON,2020/10/06 13:47:14+00,{3C33CB47-A90B-44C2-BA62-588C435FB595},1056.01797344091
17385,ERATO ST,4,District 4,ERATO ST,Mill St,Chappell St,7583.71488,105.47,16,678,0.12840909,Completed,2020,2020/09/21 00:00:00+00,HISTORY,City,,4.65432099,,,NPJACKSON,2020/10/06 13:47:14+00,{1BAF1E4C-152C-49D7-ADF3-D9490872D04A},678.013168293693
17387,ETON RD,2,District 2,ETON RD,Salem Dr,Pelzer Ave,36026.91,501,27,1670,0.31,Completed,2020,2020/05/28 00:00:00+00,HISTORY,City,,4.01851852,,,NPJACKSON,2020/10/06 13:47:14+00,{24ED29A6-6FF0-4066-9DD8-7C699402C50B},1623.1345838867
17388,EUFAULA CT,1,District 1,EUFAULA CT,Arrowhead Dr,End,4823.32032,67.08,30,229.90339757,0.043561,Completed,2020,2020/09/28 00:00:00+00,HISTORY,City,,3,,,NPJACKSON,2020/10/06 13:47:14+00,{44A42296-9D43-4647-BB54-E6F58D5E33B2},229.90339757273
17390,EXECUTIVE PARK DR,5,District 5,EXECUTIVE PARK DR,E Blvd,Fairlane Dr,39847.03968,554.17,30,1900,0.35984848,Completed,2020,2020/05/13 00:00:00+00,HISTORY,City,,3.43930636,,,NPJACKSON,2020/10/06 13:47:14+00,{A4D0483C-3BA5-4BFA-846D-7F2468A9559D},1812.7166430599
17391,F SCOTT DR,7,District 7,F SCOTT DR,Zelda Rd,Apartment Entrance,4826.98,117.855,27,341.15996374,0.09,Completed,2017,,HISTORY,City,City of Montgomery,0,,,,,{15190B88-D764-4C59-B382-6DA2FDF6FC00},341.159963738863
17393,FAIR OAKS CT,9,District 9,FAIR OAKS CT,Fair Oaks Dr,End,6879.9,120.32,28,441.64216998,0.083712,Completed,2018,2017/11/27 00:00:00+00,HISTORY,City,City of Montgomery,0,,,,,{06A2DD2C-0DA6-417A-814B-8A29777637F6},441.64216998662
17394,FAIRWAY DR,6,District 6,FAIRWAY DR,Overhill Rd,Meadow Ln,24243.87168,337.17,30,1156,0.21893939,Completed,2020,2020/09/10 00:00:00+00,HISTORY,City,,3.10084034,,,NPJACKSON,2020/10/06 13:47:14+00,{9E97310B-86C5-4E43-98B2-1D64F550438B},1204.88449630363
17396,FANNIN RD,4,District 4,FANNIN RD,Hunter Loop Rd,End,18874.8,262.5,30,900,0.17045455,Completed,2020,2020/09/22 00:00:00+00,HISTORY,City,,4.5,,,NPJACKSON,2020/10/06 13:47:14+00,{D4525AE4-79C2-4700-B5E6-306A8C4F9895},2443.46666613158
17398,FARWOOD DR,1,District 1,FARWOOD DR,Dundale Rd,End,29819.92,525.837,30,1807.5625629,0.34,Completed,2017,,HISTORY,City,City of Montgomery,0,,,,,{6CD8A2B6-190D-4A75-BDD3-E8AC81B00D0C},1807.56256289874
17399,FARWOOD DR,7,District 7,FARWOOD DR (1&7),Normac Rd,Dundale Rd,22113.16,389.94,30,1339.82743203,0.25,Completed,2017,,HISTORY,City,City of Montgomery,0,,,,,{E63B9730-DB10-4121-AD69-935591FDDB20},1339.82743203063
17400,FELDER AVE,7,District 7,FELDER AVE,Court St,Ridge Ave,54739.73,1160,,3310.06432475,0.62690612,Completed,2016,2016/07/27 00:00:00+00,HISTORY,City,City of Montgomery,0,,,,,{0F1D91D1-1F25-4346-8D3B-BC72408B6B10},3310.06432475298
17402,FERNWAY DR,5,District 5,FERNWAY DR,Fieldcrest Dr,Brentwood Dr,37708.31,393.141,30,1337.74742838,0.43,Completed,2017,,HISTORY,City,City of Montgomery,0,,,,,{89A8F312-B837-411C-9376-4BBA7E740FBE},1337.74742837779
17403,FERNWOOD DR,6,District 6,FERNWOOD DR,Whispering Pine Dr,End,3252.4,56.88,30,195.26340296,0.036932,Completed,2019,2018/10/18 00:00:00+00,HISTORY,City,City of Montgomery,0,,,,,{11C5CE86-82F3-4000-A60B-DADF2D869AD4},195.263402961807
17404,FESTIVAL DR,9,District 9,FESTIVAL DR,Festival Dr,Property Line,0,0,,5311.13491411,1.16588475,Completed,2016,2016/05/31 00:00:00+00,HISTORY,City,City of Montgomery,0,,,,,{63BABAD0-8F4D-425C-80A9-571FFC1EBF61},5311.13491412038
17406,FIELDBROOK CT,1,District 1,FIELDBROOK CT,Fieldbrook Dr,End,6690.63,117.01,29,414.66924838,0.078598,Completed,2018,2018/08/13 00:00:00+00,HISTORY,City,City of Montgomery,0,,,,,{5BDFB770-2CB9-41E1-8006-127C6972C5EF},414.6692483836
17407,FIELDBROOK DR,1,District 1,FIELDBROOK DR,Pinebrook Dr,Wares Ferry Rd,34655.65,606.08,30,2078.03503913,0.393561,Completed,2018,2018/08/27 00:00:00+00,HISTORY,City,City of Montgomery,0,,,,,{C349050C-EFBE-4A03-B3E9-31E7EB658288},2078.03503912233
17408,FIELDSTONE CT,9,District 9,FIELDSTONE CT,Copperfield Dr,End,4194.16032,58.33,30,200,0.03787879,Completed,2020,2019/11/20 00:00:00+00,HISTORY,City,,3,,,NPJACKSON,2020/10/06 13:47:14+00,{84277118-1B72-4EB5-BD4A-5603FE9646CF},200.428428327317
17409,FLETCHER HILL DR,9,District 9,FLETCHER HILL DR,Brookstone Dr,Parkview Dr S,10706.96,187.25,30,641.69285716,0.121591,Completed,2018,2017/11/29 00:00:00+00,HISTORY,City,City of Montgomery,0,,,,,{BB83AD4D-AEA1-45A2-8643-58A8EFC8A212},641.69285715416
17410,FOSTER ST,3,District 3,FOSTER ST,DEAD END,DEAD END,42263.73,587.78,23,2300,0.44,Completed,2020,,HISTORY,Utility,Alexander Sealcoating,2.16528926,,,NPJACKSON,2020/10/28 20:39:05+00,{E8024AB8-78BC-41D5-8CE3-D95DC56B511E},2128.43099596283
17411,FOX HOLLOW CIR,1,District 1,FOX HOLLOW CIR,Hollybrook Dr,End,6754.67,118.13,27,375.6573934,0.085227,Completed,2018,2018/08/14 00:00:00+00,HISTORY,City,City of Montgomery,0,,,,,{29481310-5DC5-4D29-9041-D81B609794A6},375.657393404148
17415,FRENCH ST,3,District 3,FRENCH ST,N DECATUR ST,DEAD END,45299.52,630,28,2100,0.40075758,Completed,2021,2020/10/20 00:00:00+00,HISTORY,Utility,Alexander Sealcoating,2.31284916,,,NPJACKSON,2021/10/12 20:43:33+00,{9663863C-3B70-41D7-89A5-85E14779393E},2115.59090303496
17416,FRESNO LN,2,District 2,FRESNO LN,Johnstown Dr,Ray Dr,9374.84352,130.38,30,447,0.08465909,Completed,2019,2019/02/20 00:00:00+00,HISTORY,City,City of Montgomery,0,,,,,{3B596ACE-ED9B-4CBC-8E8E-3E067651E3D1},446.742193052371
17417,GALENA AVE,7,District 7,GALENA AVE,Cloverdale Rd,Felder Ave,13640.02,289,,892.0228866,0.16894373,Completed,2016,2015/10/01 00:00:00+00,HISTORY,City,City of Montgomery,0,,,,,{A1D5F14A-5A0D-4682-A610-3DCE0E513AC8},892.022886605078
17418,GATSBY DR,7,District 7,GATSBY DR,Zelda Rd,Apartment Entrance,5610.85,137.4975,27,590.46359279,0.1,Completed,2017,,HISTORY,City,City of Montgomery,0,,,,,{FEF8A967-5FF8-4931-80FD-526C1DED6DD8},590.463592786549
17423,GLADSTONE DR,1,District 1,GLADSTONE DR,Fieldbrook Dr,Mulligan Dr,33972.35,594.13,30,1264.62554535,0.385795,Completed,2018,,HISTORY,City,City of Montgomery,0,,,,,{3681454A-C6FF-445A-A320-A4BAD79EA592},1264.62554534673
17425,GLENCOE CT,9,District 9,GLENCOE CT,Copperfield Dr,End,8389.03968,116.67,30,400,0.07575758,Completed,2020,2020/01/07 00:00:00+00,HISTORY,City,,3,,,NPJACKSON,2020/10/06 13:47:14+00,{F88D98E9-3018-4829-AA99-849E44FFBE47},400.176161531063
17426,GLENNSIDE CT,9,District 9,GLENNSIDE CT,Chappell Ln,End,2097.43968,29.17,30,100,0.01893939,Completed,2020,2019/10/08 00:00:00+00,HISTORY,City,City of Montgomery,0,,,NPJACKSON,2020/10/06 13:47:14+00,{1C648B85-C28B-42F3-ABE8-BD8A1AF80EE1},73.9960343848542
17427,GORDON CT,6,District 6,GORDON CT,Lilly Ln,End,3502.44384,48.71,30,167,0.03162879,Completed,2022,2022/06/27 00:00:00+00,HISTORY,City,,3,,,ABENEFIELD,2022/11/09 14:41:29+00,{3DE3216A-E824-47F3-86B8-1A2D8B961DF1},143.793600244031
17431,GRANDE AVE,6,District 6,GRANDE AVE,Narrow Lane Rd,End,51065.50176,710.19,23,3176,0.60151515,Completed,2020,2020/09/08 00:00:00+00,HISTORY,City,,3.24034335,,,NPJACKSON,2020/10/06 13:47:14+00,{B46EF523-4518-4AC1-8077-F6A847DBFC35},2348.45359495343
17432,GREEN ACRES DR,5,District 5,GREEN ACRES DR,Vaughn Rd,Semmes Dr,53699.14,423.114,30,3157.00646475,0.61,Completed,2017,,HISTORY,City,City of Montgomery,0,,,,,{DF3C83AA-4646-400D-90B2-F547CA24E401},3157.00646474937
17434,GREEN WAY,9,District 9,GREEN WAY,Woodmere Dr,End,23173.94016,322.29,30,1105,0.2092803,Completed,2020,2020/02/10 00:00:00+00,HISTORY,City,City of Montgomery,2.37179487,,,NPJACKSON,2020/10/06 13:47:14+00,{44C1EA3A-710A-405C-8945-C1EDCF4DD4D9},1039.71550480009
17438,GREYFIELD DR,9,District 9,GREYFIELD DR,Parkview Dr,Lochwood Dr,26152.20384,363.71,30,1247,0.23617424,Completed,2019,2019/08/14 00:00:00+00,HISTORY,City,City of Montgomery,2.19834711,,,,,{AAA5C4D1-0E9C-4E68-9B85-3C4C21A4D554},1246.8370643411
17442,GROVEWOOD CT,4,District 4,GROVEWOOD CT,Grovewood Dr,Grovewood Dr,26843.92032,373.33,24,1600,0.3030303,Completed,2022,2022/01/26 00:00:00+00,HISTORY,City,,3,,,ABENEFIELD,2022/11/09 14:41:29+00,{177CD6C3-C1BA-48B0-BC66-4C9DD6FA08E1},1629.35248176288
17443,GROVEWOOD DR,4,District 4,GROVEWOOD DR,Hunter Loop Rd,Grovewood Ct,27962.74656,388.89,25,1600,0.3030303,Completed,2022,2022/01/27 00:00:00+00,HISTORY,City,,2.22839506,,,ABENEFIELD,2022/11/09 14:41:29+00,{47893E0F-ED29-4EC1-A1C4-AA896A71FE7D},1583.12237270265
17444,GWYNBROOK RD,6,District 6,GWYNBROOK RD,Dorchester Dr,Endicott Dr,22290.24,310,30,930,0.18,Completed,2019,2019/07/19 00:00:00+00,HISTORY,Utility,Alexander Sealcoating,2.86363636,,,,,{CA94E25C-593D-4282-B814-D2D21FE00E73},883.733744367707
17445,HACKBERRY LN,6,District 6,HACKBERRY LN,Overhill Rd,Meadow Ln,41943.76032,583.33,30,2000,0.37878788,Completed,2020,2020/09/22 00:00:00+00,HISTORY,City,,3.485,,,NPJACKSON,2020/10/06 13:47:14+00,{99A613E7-46B0-4967-98FF-FEBEAB0D5033},2003.93372699801
17446,HACKEL DR,2,District 2,HACKEL DR,Eastern Blvd,Oliver Rd,38284.29,525.0707,37,1463.21602101,0.28,Completed,2017,,HISTORY,City,City of Montgomery,0,,,,,{BFD3316C-73D3-4B7D-B219-7B592C125470},1463.2160210128
17453,HARRIS ST,3,District 3,HARRIS ST,Yarbrough St,End,17819.96832,247.83,29,879.12752386,0.16650142,Completed,2022,2022/03/24 00:00:00+00,HISTORY,City,,3.85714286,,,ABENEFIELD,2022/11/09 14:41:29+00,{91CE3B2B-BF7F-4AAA-8C25-FC3085649AFE},879.127412262275
17455,HATHAWAY PL,7,District 7,HATHAWAY PL,Highfield Dr,Highfield Dr,16148.20032,224.58,28,825,0.15625,Completed,2021,2020/11/09 00:00:00+00,HISTORY,City,,3,,,NPJACKSON,2021/10/12 20:43:33+00,{626990BF-59D0-4B8D-86F4-4251B3616824},824.892542540963
17456,HAYNEVILLE RD,4,District 4,HAYNEVILLE RD,Green Pine Curv,3120 Hayneville Rd,72046.8,1260,27,4531.44878367,0.91,Completed,2018,,HISTORY,City,City of Montgomery,0,,,,,{7802CD3E-36DC-4B02-89A6-4A7EA0FC5124},4531.44878366663
17461,HERCULES ST,4,District 4,HERCULES ST,Hill St,End,19629.792,273,26,1080,0.20454545,Completed,2019,2019/09/23 00:00:00+00,HISTORY,City,City of Montgomery,3.05084746,,,,,{2D048A43-7658-4917-9A52-0AC16F2DF556},1079.63783268601
17462,HERITAGE OAK CT,9,District 9,HERITAGE OAK CT,Dead End,End,2495.78784,34.71,30,119,0.02253788,Completed,2020,2019/10/09 00:00:00+00,HISTORY,City,City of Montgomery,0,,,NPJACKSON,2020/10/06 13:47:14+00,{388CB63F-BFCA-40F9-AB62-ADD5ADA743A0},233.576565692986
17463,HICKMAN ST,4,District 4,HICKMAN ST,Mobile Rd,Sandy St,26522.50944,368.86,28,1355,0.25662879,Completed,2021,2021/07/14 00:00:00+00,HISTORY,City,,3.29104478,,,NPJACKSON,2021/10/12 20:43:33+00,{AFFF393C-6F2A-4A9C-AAA7-0441D5DA0770},1332.37996696314
17464,HIGHFIELD DR,7,District 7,HIGHFIELD DR,Canterbury Dr,End,53416.04352,742.88,30,2547,0.48238636,Completed,2021,2020/11/19 00:00:00+00,HISTORY,City,City of Montgomery,3.90222222,,,NPJACKSON,2021/10/12 20:43:33+00,{D5729A0D-08A5-4147-8503-5FBDA9F59F2B},2314.58474394061
17465,HIGHLAND GARDEN COMMUNITY CENTER,2,District 2,HIGHLAND GARDEN COMMUNITY CENTER, , ,0,0,0,1427.18920876,0.27032773,Completed,2016,,HISTORY,City,City of Montgomery,0,,,,,{014A66D4-A59B-4AD8-995D-C390177295F6},1427.1892087683
17466,HIGHRIDGE CT,5,District 5,HIGHRIDGE CT,Fieldcrest Dr,End,8981.26,157.07,28,362.21953541,0.11,Completed,2018,2017/11/02 00:00:00+00,HISTORY,City,City of Montgomery,0,,,,,{C1F7C0BB-2DC0-4263-8962-A2BBF523727B},362.219535407214
17467,HILL HEDGE DR,7,District 7,HILL HEDGE DR,Carter Hill Rd,Pinehurst Dr,16931.09,359,,1423.82175757,0.26966321,Completed,2016,2015/10/06 00:00:00+00,HISTORY,City,City of Montgomery,0,,,,,{0F54D7AB-EBD6-4607-9E96-6C5FA651D069},1423.82175756862
17469,HILLSIDE OAKS,1,District 1,HILLSIDE OAKS,Hillside Rd,End,8805.72,154,30,527.96604153,0.1,Completed,2018,,HISTORY,City,City of Montgomery,0,,,,,{C3665F61-A45A-45F3-B7D3-FCB9C434CB76},527.966041524542
17470,HILLSIDE RD,1,District 1,HILLSIDE RD,Atlanta Hwy,Wares Ferry Rd,33972.35,594.13,30,2034.67486337,0.39,Completed,2018,,HISTORY,City,City of Montgomery,0,,,,,{37C89107-44DA-4D17-A460-A8D54171BF49},2034.67486337245
17471,HILMAR CT,9,District 9,HILMAR CT,Carmichael Rd,End,7829.62656,108.89,28,400,0.07575758,Completed,2020,2020/01/08 00:00:00+00,HISTORY,City,City of Montgomery,0,,,NPJACKSON,2020/10/06 13:47:14+00,{E2C9AC68-2A0D-49FB-8C66-A0E0B4568B4E},399.659662877611
17472,HINCHCLIFF RD,1,District 1,HINCHCLIFF RD,Gladstone Dr,End,48878.18208,679.77,29,2411.22109696,0.456629,Completed,2019,2019/07/10 00:00:00+00,HISTORY,City,City of Montgomery,2.7768595,,,,,{CCFE34C1-23C1-46AC-9037-9361677F1E24},2411.22109695762
17473,HIWASEE DR,1,District 1,HIWASEE DR,Seminole Dr,End,9264.8304,128.85,29,457,0.086553,Completed,2019,2019/07/09 00:00:00+00,HISTORY,City,City of Montgomery,0,,,,,{A2292ED6-46B5-4DD3-9260-C0F05FF3303F},229.914868227731
17478,HUNTERS BRANCH RD,6,District 6,HUNTERS BRANCH RD,Dead End,End,15142.98,264.83,30,908.16081319,0.17197,Completed,2019,2018/10/31 00:00:00+00,HISTORY,City,City of Montgomery,0,,,,,{11C2C270-0F65-45EC-A829-623BE5BAFAF1},908.160813186731
17479,INDUSTRIAL DR,4,District 4,INDUSTRIAL DR,Birmingham Hwy,Capitol Plaza Dr,8109.33312,112.78,20,580,0.10984848,Completed,2019,,HISTORY,City,City of Montgomery,0,,,,,{596D14D5-F8E4-4588-90E4-3243A481CECB},611.42013764336
17480,INGLE CT,3,District 3,INGLE CT,Ingle Dr,Ingle Dr,4614.07968,64.17,25,264.30100106,0.05005701,Completed,2019,2019/03/19 00:00:00+00,HISTORY,City,City of Montgomery,0,,,,,{47F50192-1653-445D-8382-164CE04F92AC},264.300884228028
17482,INTERSTATE CT,1,District 1,INTERSTATE CT,Perry Hill Rd,End,12163.99968,169.17,30,589.42231773,0.109889,Completed,2021,2021/07/26 00:00:00+00,HISTORY,City,,3,,,NPJACKSON,2021/10/12 20:43:33+00,{FDFB7D5E-56C9-4631-9659-1C35EB3B6CDE},589.422317733925
17483,IROQUOIS CT,1,District 1,IROQUOIS CT,Creek Dr,End,4314.6,45.68,29,161.4674178,0.030682,Completed,2021,2021/05/28 00:00:00+00,HISTORY,City,,3,,,ABENEFIELD,2022/10/24 20:38:51+00,{8D781E3E-0BD2-4CA0-8E8E-B1BF481948D9},161.467417802156
17484,JACKSON FERRY RD,3,District 3,JACKSON FERRY RD,N Blvd,City Limits,31637.76,440,32,1100,0.20833333,Completed,2022,2021/12/07 00:00:00+00,HISTORY,City,,3.175,,,ABENEFIELD,2022/11/09 14:41:29+00,{9F2CCC69-3D3E-49D5-B676-7085A612AD4C},2234.46140883396
17485,JAMES AVE,3,District 3,JAMES AVE,Madison Ter,Florida St,12861.6,272,,1101.08810683,0.20853941,Completed,2016,2016/01/06 00:00:00+00,HISTORY,City,City of Montgomery,0,,,,,{B7BCDF99-77D1-41B6-B0FD-C2B09A5EE9DC},1101.08810682809
17486,JAMESWOOD CT,1,District 1,JAMESWOOD CT,Dundale Rd,End,4753.85,83.8274,29,297.66836456,0.06,Completed,2017,,HISTORY,City,City of Montgomery,0,,,,,{39CB2C7E-1527-4DA1-BA8A-CD20735733FE},297.66836456064
17487,JAY ST,2,District 2,JAY ST,Marlborough St,Salem Dr,2298.06,40.19,13,324.07745344,0.060227,Completed,2018,2017/12/04 00:00:00+00,HISTORY,City,City of Montgomery,0,,,,,{1C23285E-3898-4C51-A4F9-F7ED883C21D8},324.077453434219
17490,E&W JOHN DUNN CT,9,District 9,E&W JOHN DUNN CT,Still Oaks Dr,End,12954.56,228.435,30,784.06312377,0.15,Completed,2017,,HISTORY,City,City of Montgomery,0,,,,,{B4F2BF98-D2F5-4FDE-BF12-D688164111E2},784.063123762378
17492,KEATING DR,3,District 3,KEATING DR,Vandiver Blvd,Montclair Dr,15309.79968,212.92,30,729.60669384,0.13818309,Completed,2021,2020/11/10 00:00:00+00,HISTORY,City,,4.70833333,,,NPJACKSON,2021/10/12 20:43:33+00,{E9C72818-8FEB-4C47-A092-C6578D3574A5},729.606751815258
17493,KELLY ANNE CT,1,District 1,KELLY ANNE CT,Woodvale Dr,End,4950.75,87.3,30,241.10229509,0.06,Completed,2017,,HISTORY,City,City of Montgomery,0,,,,,{4C63E212-B277-4A73-881C-EEF5BBE8CEB9},241.102295090259
17496,KING ST,3,District 3,KING ST,N Union St,N Ripley St,10396.58,183.75,49,450,0.01,Completed,2017,2017/09/01 00:00:00+00,HISTORY,Utility,Alexander Sealcoating,0,,,,,{E986ED70-5A1E-4CD9-8FED-263F62EC6B44},484.721357253158
17497,KINGSBURY DR,5,District 5,KINGSBURY DR,Vaughn Rd,End,113324.2992,1576.05,36,4503,0.85284091,Completed,2019,2019/05/29 00:00:00+00,HISTORY,City,City of Montgomery,3.94701987,,,,,{77A1432D-6B28-4877-8318-3EBA455D48ED},4502.98540333348
17499,KIWANIS ST,3,District 3,KIWANIS ST,Brockway Dr,Lower Wetumpka Rd,32051.208,445.75,29,1581,0.29943182,Completed,2021,2020/11/17 00:00:00+00,HISTORY,City,,4.52469136,,,NPJACKSON,2021/10/12 20:43:33+00,{23AB6D17-72E1-424E-87B4-78617023A016},1580.5699990277
17501,LA VERNE LN,4,District 4,LA VERNE LN,Rita Lane,End,8353.57,177,30,330.61242247,0.06,Completed,2016,2016/08/23 00:00:00+00,HISTORY,City,City of Montgomery,0,,,NPJACKSON,2020/05/12 15:59:56+00,{85E320B6-3AC3-4D2E-B66D-46957F7873D4},330.61242247404
17502,LAKE FOREST CT,1,District 1,LAKE FOREST CT,Lake Forest Dr,End,14879.81376,206.94,33,645,0.122159,Completed,2019,2019/07/08 00:00:00+00,HISTORY,City,City of Montgomery,0,,,,,{9043ED6B-075D-490F-AB3B-BEF3F302ACBF},254.626180790391
17506,LANCASTER LN,7,District 7,LANCASTER LN,Croom Dr,End,48514.94,848.46,30,2908.78715401,0.550947,Completed,2018,2018/09/28 00:00:00+00,HISTORY,City,City of Montgomery,0,,,,,{C5D8A048-03AA-4594-85F4-699C27B9242B},2908.78715400688
17507,LANSDOWNE DR,5,District 5,LANSDOWNE DR,Carter Hill Rd,Fernway Dr,35484.624,493.5,30,1691.9,0.32043561,Completed,2019,2019/07/22 00:00:00+00,HISTORY,City,City of Montgomery,3.23295455,,,,,{A383A652-A1A5-488A-90D2-CF170599E2BE},1691.94835033832
17509,LAREDO CT,2,District 2,LAREDO CT,Dubuque Dr,End,10423.20384,144.96,30,497,0.09412879,Completed,2019,2019/05/16 00:00:00+00,HISTORY,City,City of Montgomery,0,,,,,{E3EB416C-C1F0-42C3-8818-967D67E144A1},496.938091486222
17511,LARKSPUR CT,1,District 1,LARKSPUR CT,Countryside Ln,End,4317.8352,60.05,29,213.21336931,0.040341,Completed,2021,2021/07/21 00:00:00+00,HISTORY,City,,3,,,NPJACKSON,2021/10/12 20:43:33+00,{453B6F1A-D12C-484C-AFC3-6605E0E9E436},213.21336931264
17512,LAUREL LN,7,District 7,LAUREL LN,Bankhead Ave,End,12197.07552,169.63,24,726.81615691,0.13765458,Completed,2020,2020/06/16 00:00:00+00,HISTORY,City,,4.61290323,,,NPJACKSON,2020/10/06 13:47:14+00,{A3314E0B-BD36-40C2-A736-A429746116A6},726.816156912539
17515,LEGRAND PL,7,District 7,LEGRAND PL,Fairview Ave,Norman Bridge Rd,11714.12,204.864,30,704.19562074,0.13,Completed,2018,,HISTORY,City,City of Montgomery,0,,,,,{0A2C92D4-765B-4BAE-8526-90758743B357},704.195620735757
17516,LENNY LN,4,District 4,LENNY LN,Margaret Ann Dr,Margaret Ann Dr,9814.896,136.5,30,468,0.08863636,Completed,2021,2021/08/09 00:00:00+00,HISTORY,City,,5,,,NPJACKSON,2021/10/12 20:43:33+00,{B9DB41F2-4A60-4C9D-BF35-D0612DC617C9},468.191986168993
17517,LESTER LN,1,District 1,LESTER LN,Hinchcliff Rd,Wares Ferry Rd,7257.98976,100.94,29,358.14780029,0.067803,Completed,2019,,HISTORY,City,City of Montgomery,2.95744681,,,,,{D42E7FDB-3A3F-4B4D-ABE4-B37CCC44F7DB},358.147800284576
17518,LEXINGTON RD,7,District 7,LEXINGTON RD,Augusta Ave,Ponce De Leon,49964.21,902.1,30,3197.94646201,0.59,Completed,2017,,HISTORY,City,City of Montgomery,0,,,,,{C0D0C3DE-9639-424D-8D59-D869CADE73DF},3197.94646201239
17520,LILLY LN,6,District 6,LILLY LN,Sawston Rd,Hurlston Dr,25402.24512,353.28,29,1253,0.23731061,Completed,2022,2022/06/28 00:00:00+00,HISTORY,City,,3.304,,,ABENEFIELD,2022/11/09 14:41:29+00,{0B1AB29C-584D-4DF7-B7E1-68DC0650514E},1253.41710685867
17521,LIMESTONE CT,9,District 9,LIMESTONE CT,Woodmere Blvd,End,6765.84,119.31,30,267.06431586,0.08,Completed,2017,,HISTORY,City,City of Montgomery,0,,,,,{E8D77954-0B3E-4F02-88A9-BCE1777D2398},267.064315864948
17522,LINCOLN ST,7,District 7,LINCOLN ST,Rosa Parks Ave,End,7783.21,174,,649.60566242,0.1230313,Completed,2016,2016/06/14 00:00:00+00,HISTORY,City,City of Montgomery,0,,,,,{EAA66FBC-A3EA-4FEB-89B3-2458D8E1F468},649.605259445282
17523,LITTLE LN,9,District 9,LITTLE LN,Landmark Dr,End,8430.744,117.25,30,402,0.07613636,Completed,2020,2020/01/28 00:00:00+00,HISTORY,City,,3,,,NPJACKSON,2020/10/06 13:47:14+00,{37D4BC10-CACF-4670-ABB9-236F844FB36A},402.177213450447
17524,LIVE OAK CT,9,District 9,LIVE OAK CT,White Ok Ln,Brampton Ln,7361.53152,102.38,30,351,0.06647727,Completed,2020,2019/10/17 00:00:00+00,HISTORY,City,City of Montgomery,0,,,NPJACKSON,2020/10/06 13:47:14+00,{EA1460BD-74FA-4294-91DF-6BBC810E7D72},350.573364765387
17526,LIZTAME DR,5,District 5,LIZTAME DR,Kingsbury Dr,End,47585.34816,661.79,30,2269,0.42973485,Completed,2020,2020/05/20 00:00:00+00,HISTORY,City,,4.23913043,,,NPJACKSON,2020/10/06 13:47:14+00,{ACE19D2E-B68A-48D1-8C23-171D6C84E42C},2268.8871720479
17527,LLOYD ST,3,District 3,LLOYD ST,Edgar St,Hopper St,12583.2,175,24,750,0.14204545,Completed,2019,2019/04/24 00:00:00+00,HISTORY,City,City of Montgomery,4.11111111,,,,,{D9E4FC00-8811-4C76-93B9-FBA1797F208A},637.876972139961
17528,LLYDE LN,5,District 5,LLYDE LN,Green Acres Dr,Semmes Dr,19027.29,335.523,30,1152.95263806,0.22,Completed,2017,,HISTORY,City,City of Montgomery,0,,,,,{7D9ED40F-0661-4AC5-B628-5DD121535DF3},1152.95263805587
17529,LOCHWOOD DR,9,District 9,LOCHWOOD DR,Greyfield Dr,End,5326.64832,74.08,30,254,0.04810606,Completed,2019,2019/08/21 00:00:00+00,HISTORY,City,City of Montgomery,0,,,,,{070CDC1C-E3BF-4E9E-B211-BF36123BE460},253.959274688934
17534,LONGVIEW ST,3,District 3,LONGVIEW ST,Locust St,Plum St,5906.95,104.1586,14,767.34308646,0.15,Completed,2016,2016/06/09 00:00:00+00,HISTORY,City,City of Montgomery,0,,,NPJACKSON,2020/05/12 15:55:35+00,{650CC8F5-3F50-41DF-A824-3EDC97514B88},767.343086461028
17535,LORAINE DR,4,District 4,LORAINE DR,Old Selma Rd,End,10071.24,151.611,30,520.99137518,0.1,Completed,2016,2016/04/20 00:00:00+00,HISTORY,City,City of Montgomery,0,,,NPJACKSON,2020/05/12 15:54:03+00,{699CDFBE-A932-487D-A488-A6B9F1BCF581},520.991375185824
17539,LUCIAN LN,3,District 3,LUCIAN LN,Michigan Ave,End,4684.35,100,,298.34474344,0.05650469,Completed,2016,2015/10/28 00:00:00+00,HISTORY,City,City of Montgomery,0,,,,,{C4DE47D8-5319-4B0B-B9BA-67795CEFF748},298.344743441092
17540,LYCOMING CT,1,District 1,LYCOMING CT, Lycoming Rd,End,2723.2,48.015,30,165.41669616,0.03,Completed,2017,,HISTORY,City,City of Montgomery,0,,,,,{2C75D246-59E4-4726-BD40-86BC9F6C9365},165.416696155897
17541,LYCOMING RD,1,District 1,LYCOMING RD, Nature Dr,Townsend Dr,18727.98,330.2462,29,1174.36223341,0.22,Completed,2017,,HISTORY,City,City of Montgomery,0,,,,,{7959F4AA-16A1-4040-9E4B-E52AE27AC74F},1174.36223341551
17543,MACEDONIA DR,6,District 6,MACEDONIA DR,Woodley Rd,End,111604.05,1530.66,30,5259.54798272,1,Completed,2016,2016/06/28 00:00:00+00,HISTORY,City,City of Montgomery,0,,,NPJACKSON,2020/05/12 15:58:08+00,{69889457-D234-422B-935B-5D3B1D01BD1D},5259.5479827169
17544,MAGNOLIA CURV,7,District 7,MAGNOLIA CURV,College St,Cloverdale Rd,65552.72,911.67,30,2735,0.52,Completed,2021,2021/07/07 00:00:00+00,HISTORY,City,City of Montgomery,0,,,NPJACKSON,2021/10/12 20:43:33+00,{052480DB-EBE6-4AB4-93EC-417DF0B8C827},2243.59138577277
17545,MALLARD CT,5,District 5,MALLARD CT,Mallard Ln,End,5348.21952,74.38,30,255,0.04829545,Completed,2019,2019/05/16 00:00:00+00,HISTORY,City,City of Montgomery,0,,,,,{94724DC2-6245-4044-A5AA-A46B80B9C6D6},254.907907524254
17546,MALLARD LN,5,District 5,MALLARD LN,Talbot Terrace,Llyde Ln,19650.64416,273.29,30,937,0.17746212,Completed,2019,2019/05/22 00:00:00+00,HISTORY,City,City of Montgomery,3.35106383,,,,,{5AB70BF0-E4FC-4F5B-B9EC-7DD9B9887A9A},937.34684328072
17549,MANGROVE LN,5,District 5,MANGROVE LN,Delray Rd,End,7701.1,135.8,28,273.8094898,0.09,Completed,2017,,HISTORY,City,City of Montgomery,0,,,,,{ECE858C9-9D5C-44CE-85F8-C5304CE07630},273.809489804005
17551,MARGARET ANN DR,4,District 4,MARGARET ANN DR,Old Selma Rd,Margaret Ann Dr,50109.17856,696.89,32,2240,0.42424242,Completed,2021,2021/08/10 00:00:00+00,HISTORY,City,,4.40888889,,,NPJACKSON,2021/10/12 20:43:33+00,{ADD3CE3C-8FD7-4BD8-889C-D09BB6FF5622},2240.22866552281
17552,MARIA PL,2,District 2,MARIA PL,Vista View,End,7237.1376,100.65,29,357.00401298,0.0676144,Completed,2019,2019/03/18 00:00:00+00,HISTORY,City,City of Montgomery,4,,,,,{C78B5D65-E27F-4D4A-925D-CD4B8D7F23B7},357.004128913871
17553,MARIE COOK DR,2,District 2,MARIE COOK DR,Chatsworth Dr,Georgetown Dr,72982.56,1015,29,3150,0.59659091,Completed,2019,2019/02/05 00:00:00+00,HISTORY,City,City of Montgomery,4.16307692,,,,,{BA301DB3-8A04-46AC-86B3-5C1EC79D5E6A},3133.81656869385
17554,MARLBOROUGH ST,2,District 2,MARLBOROUGH ST,Atlanta Hwy,Biltmore Ave,72988.65,1015,29,3150,0.6,Completed,2021,2020/10/27 00:00:00+00,HISTORY,City,,4.08695652,,,NPJACKSON,2021/10/12 20:43:33+00,{21B1B48B-F114-4EC2-BF42-B33FE9059FDC},3125.01359289018
17555,MARTHA ST,3,District 3,MARTHA ST,Oak St,Dickerson St,17259.83616,240.04,30,823,0.15587121,Completed,2021,2020/10/07 00:00:00+00,HISTORY,City,,4.65822785,,,NPJACKSON,2021/10/12 20:43:33+00,{01A6E713-FF37-4B70-96D7-F6494C3EBDA1},822.633507289188
17556,MARTIN PATTON ST,5,District 5,MARTIN PATTON ST,Moses Harris St,Norman Bridge Rd,31753.83,561.22,25,2308.71886223,0.437311,Completed,2018,,HISTORY,City,City of Montgomery,0,,,,,{4CA407EA-7471-43B9-B757-5A6B0866857E},2308.71886223455
17558,MASTIN LN,7,District 7,MASTIN LN,Ponce De Leon Ave,Fairview Ave,9663.9,134.4,28,432,0.08,Completed,2020,2020/09/17 00:00:00+00,HISTORY,Utility,Alexander Sealcoating ,4.28888889,,,NPJACKSON,2020/10/28 20:24:46+00,{B1BC9CF4-A9E9-41DA-8114-E84BE3485858},466.475605347601
17559,MATTERHORN CT,6,District 6,MATTERHORN CT,Matterhorn St,End,13341.81,233.33,30,453.83577361,0.151515,Completed,2018,2018/08/30 00:00:00+00,HISTORY,City,City of Montgomery,0,,,,,{9D1586F3-2361-4CD4-9673-9F1B64466798},453.835773603569
17560,MATTERHORN ST,6,District 6,MATTERHORN ST,Matterhorn Ct,End,16777.36032,233.33,30,800,0.15151515,Completed,2019,2018/11/06 00:00:00+00,HISTORY,City,City of Montgomery,0,,,,,{B37D1786-044C-4A0C-8FC3-F14ABD78856B},378.457869080021
17562,MAXWELL BLVD,3,District 3,MAXWELL BLVD,Holt St,Molton Street,78170.02,1657,,2380.242215,0.45080345,Completed,2016,2016/02/02 00:00:00+00,HISTORY,City,City of Montgomery,0,,,,,{01F8B6E1-E72C-413F-B939-015D6F426D41},2380.24221499944
17564,MCCAIN LN,5,District 5,MCCAIN LN,Green Acres Dr,Talbot Terrace,11584.76,204.282,30,702.02788821,0.13,Completed,2017,,HISTORY,City,City of Montgomery,0,,,,,{59548B56-867E-4BD1-AE2C-EFD24D482182},702.027888210484
17566,MEADOWBRIAR CT,6,District 6,MEADOWBRIAR CT,Matterhorn St,End,3552.59,62.13,30,212.9087091,0.040341,Completed,2018,2018/08/29 00:00:00+00,HISTORY,City,City of Montgomery,0,,,,,{CC2F6C74-CFD3-4F91-B4D0-DE2463F8AF06},212.908709103453
17567,MEADOWLANE DR,7,District 7,MEADOWLANE DR,Cartel Hill Rd,End,19112.42,334.25,30,1145.63304035,0.22,Completed,2018,2017/10/30 00:00:00+00,HISTORY,City,City of Montgomery,0,,,,,{221C318D-8360-4D24-A65E-F7033D57BBF3},1145.63304034934
17570,MENDEL PKWY,9,District 9,MENDEL PKWY,Atlanta Hwy,E Mendel Pkwy,15885.75,277.82,32,888.25332625,0.169129,Completed,2018,,HISTORY,City,City of Montgomery,0,,,,,{39868A5E-679C-4DC5-9870-13D3DFEB73BB},888.253326243023
17571,MERIDIAN LN,9,District 9,MERIDIAN LN,Burbank Dr,End,29160.2,514.197,30,1767.38028785,0.33,Completed,2017,,HISTORY,City,City of Montgomery,0,,,,,{F178991D-C718-4A0B-9CA1-A9DDA677C176},1767.38028785133
17573,MICHIGAN AVE,3,District 3,MICHIGAN AVE,Lower Wetumpka Rd,Forbes Dr,27871.36,592,,2222.49477446,0.42092704,Completed,2016,2015/10/29 00:00:00+00,HISTORY,City,City of Montgomery,0,,,,,{ED9026F8-9E91-4F81-9F64-76C2E83DB91D},2222.49477445587
17577,MILL RIDGE DR,9,District 9,MILL RIDGE DR,Bell Rd,Wood Allen Ct,55650.44,973.25,34,2356.00329247,0.43,Completed,2018,2018/09/24 00:00:00+00,HISTORY,City,City of Montgomery,0,,,,,{30C0C809-EC32-4FA9-A0C3-B5250C539B44},2356.00329246585
17578,MILL ST,4,District 4,MILL ST,Hill St,Mobile Rd,18367.15776,255.44,29,906,0.17159091,Completed,2019,2019/09/19 00:00:00+00,HISTORY,City,City of Montgomery,0,,,,,{14EB62D8-3BBD-4D63-8CF3-D2A36CE21842},906.128726846023
17579,MILLARD FULLER DR,3,District 3,MILLARD FULLER DR,Trey Ln,End,19775.03808,275.02,26,1088,0.20606061,Completed,2021,2020/12/15 00:00:00+00,HISTORY,City,,2.51136364,,,NPJACKSON,2021/10/12 20:43:33+00,{DDB8A4F7-21D8-4B03-8B54-9957C628993E},872.535345777032
17581,MOBILE RD,4,District 4,MOBILE RD,Oak St,Beecher St,79387.57,1388.38,29,3748.72320677,0.73,Completed,2018,,HISTORY,City,City of Montgomery,0,,,,,{9B080B94-7808-4004-9893-4A375D3F472C},3748.72320677031
17582,MONTCLAIR DR,3,District 3,MONTCLAIR DR,Vandiver Blvd,Chisholm St,24240.27648,337.12,25,1387.35375665,0.26275639,Completed,2019,2019/02/26 00:00:00+00,HISTORY,City,City of Montgomery,4.10738255,,,,,{E149A91A-C23C-40B2-BF00-1C41C0BFE751},1387.35356845479
17585,MONTGOMERY ZOO,3,District 3,MONTGOMERY ZOO,Montgomery Zoo,Montgomery Zoo,65205.15,1382,,788.66610755,0.14936858,Completed,2016,2015/11/16 00:00:00+00,HISTORY,City,City of Montgomery,0,,,,,{EB1796BF-BA70-45BE-A8ED-591949F416E5},788.666107547222
17587,MONTICELLO DR,9,District 9,MONTICELLO DR,Eastern Blvd Service Rd,Greystone Dr,100350.9,1755,30,4547.9175863,0.89,Completed,2018,2017/11/14 00:00:00+00,HISTORY,City,City of Montgomery,0,,,,,{5F5501FD-BD31-45CA-AAD6-15DC124809F9},4547.91758629919
17590,MORNING GLORY CT,1,District 1,MORNING GLORY CT,Countryside Ln,End,12042.48192,167.48,29,593.75555262,0.1125,Completed,2021,2021/07/22 00:00:00+00,HISTORY,City,,3,,,NPJACKSON,2021/10/12 20:43:33+00,{2CBEF6E8-0737-48AC-9DE3-A60D3C37FB35},593.755552614145
17594,N COPPERFIELD CT,9,District 9,N COPPERFIELD CT,Copperfield Dr,End,10213.24416,142.04,30,487,0.09223485,Completed,2020,2019/11/20 00:00:00+00,HISTORY,City,,3,,,NPJACKSON,2020/10/06 13:47:14+00,{6F373C06-B13F-4C35-8504-7913D60E3136},487.004051931587
17595,N COUNTRY CLUB DR,7,District 7,N COUNTRY CLUB DR,Carter Hill Rd,Sixth St,32359.5,450.04,30,1214,0.23,Completed,2022,2022/09/13 00:00:00+00,HISTORY,City,,4.25892857,,,ABENEFIELD,2022/11/09 14:41:29+00,{94B0486B-F54C-4DFF-A924-93FF62D3B868},1128.9105280715
17597,N HILLIARD ST,3,District 3,N HILLIARD ST,Madison Ave,Jefferson St,4043.11,352.7793,27,391.47839713,0.07,Completed,2017,,HISTORY,City,City of Montgomery,0,,,,,{87273D9C-48C3-42AA-882F-D7451810BEAB},391.47839712442
17601,N LEWIS ST,3,District 3,N LEWIS ST,Madison Ave,Upper Wetumpka Rd,24222.36,514,,1405.93322717,0.26627523,Completed,2016,2016/02/16 00:00:00+00,HISTORY,City,City of Montgomery,0,,,,,{C6793C8A-F2A6-4ADC-922C-84CEB44407A3},1405.93322716967
17602,N MADISON TER,3,District 3,N MADISON TER,Madison Ave,Yancey Ave,15866.93,336,,1209.92061684,0.22915163,Completed,2016,2016/02/29 00:00:00+00,HISTORY,City,City of Montgomery,0,,,,,{8A0C775D-5E07-48B4-B885-965CBCF6E7BE},1209.920616837
17603,N MARYLAND ST,3,District 3,N MARYLAND ST,Upper Wetumpka Rd,Mckinley Ave,12291.07,261,,1077.52401276,0.20407652,Completed,2016,2015/12/10 00:00:00+00,HISTORY,City,City of Montgomery,0,,,,,{70854383-780B-49AE-9C92-963F17A212A3},1077.52401275995
17606,N OAKVIEW CT,2,District 2,N OAKVIEW CT,Gardendale Dr E,End,4320.52,75.56,29,267.58663949,0.050679,Completed,2018,2017/11/21 00:00:00+00,HISTORY,City,City of Montgomery,0,,,,,{BF75AED9-CF7D-424D-B12A-AE3544E35F7F},267.586639485262
17607,N PANAMA ST,3,District 3,N PANAMA ST,Madison Ave,Mccarter Ave,25813.68,547,,2647.87137468,0.50149079,Completed,2016,2015/12/16 00:00:00+00,HISTORY,City,City of Montgomery,0,,,,,{4D04A412-8276-465C-98C1-56311866351F},2647.87137467058
17611,LINCOLN TER,4,District 4,LINCOLN TER,Oak St,Oak St,30115.55232,418.83,24,1795,0.33996212,Completed,2020,2020/06/25 00:00:00+00,HISTORY,City,,3,,,NPJACKSON,2020/10/06 13:47:14+00,{A627F3DA-D994-4C24-991C-291A02D14036},1533.59831405355
17612,N/S MARYLAND ST,3,District 3,N/S MARYLAND ST,Mt Meigs Rd,St Charles Ave,28584.71616,397.54,30,1363,0.25814394,Completed,2022,2021/12/13 00:00:00+00,HISTORY,City,,4.33802817,,,ABENEFIELD,2022/11/09 14:41:29+00,{BF8D1F28-F6C3-4EB3-8869-EF8BB3B75591},1359.85869899075
17615,NARROW LANE RD,7,District 7,NARROW LANE RD,Carter Hill Rd,Narrow Ln Pkwy,225259.13,3089.45,35,9146.02109691,1.72,Completed,2017,,HISTORY,City,City of Montgomery,0,,,,,{2F8151D7-687C-416B-A8B2-28D56C2E5AD9},9146.02109691011
17617,NATCHEZ DR,1,District 1,NATCHEZ DR,Seminole Dr,Arrowhead Dr,41275.77216,574.04,29,2036.20513907,0.385606,Completed,2021,2021/06/01 00:00:00+00,HISTORY,City,,2.31632653,,,NPJACKSON,2021/10/12 20:43:33+00,{B8FF1212-6DF7-4A39-9497-0EEA7A919294},2036.20513907142
17618,NATURE DR,1,District 1,NATURE DR, Pinebrook Dr,End,29591.91,521.8115,29,1854.59869291,0.35,Completed,2017,,HISTORY,City,City of Montgomery,0,,,,,{529E42EE-D6C2-4E6F-AF2A-9B478B2531E7},1854.59869290375
17619,NAVAJO DR,1,District 1,NAVAJO DR,Coosada Dr,End,32740.76736,455.34,29,1614.89149559,0.305871,Completed,2021,2021/04/22 00:00:00+00,HISTORY,City,,3.31875,,,NPJACKSON,2021/10/12 20:43:33+00,{94181CE2-44B9-4B56-99AE-F852D6D96D18},1614.8914955945
17621,NEWCASTLE LN,1,District 1,NEWCASTLE LN,Lycoming Rd,Nature Dr,14677.76352,204.13,29,723.59760553,0.137121,Completed,2021,2021/07/15 00:00:00+00,HISTORY,City,,3.88888889,,,NPJACKSON,2021/10/12 20:43:33+00,{DAAA90AC-E247-4496-B527-84E09A627D4E},723.597605533928
17622,NEWELL PKWY,2,District 2,NEWELL PKWY,Emory Folmar Blvd,Congress W L Dickinson Dr,73333.35,1282.5,38,3079.8142117,0.51,Completed,2018,2017/11/01 00:00:00+00,HISTORY,City,City of Montgomery,0,,,,,{68BFC00E-8415-43EE-80A2-04FCEBC83516},3079.81421170445
17627,NORMAN BRIDGE RD,7,District 7,NORMAN BRIDGE RD,Western Blvd,Davis Dr,34142.25,724,,868.89419393,0.16456329,Completed,2016,2016/03/28 00:00:00+00,HISTORY,City,City of Montgomery,0,,,,,{279E55C0-88B5-40B0-AB73-CBE16D8FBF20},868.894193930565
17631,NORTHWESTERN RD,1,District 1,NORTHWESTERN RD,Wares Ferry Rd,Wake Forest Dr,29360.56032,408.33,30,1359.041019,0.265152,Completed,2021,2021/01/20 00:00:00+00,HISTORY,City,,2.73873874,,,NPJACKSON,2021/10/12 20:43:33+00,{6528915F-C25B-4DDF-B6C0-43BB77439AF6},1359.04101899757
17632,OAK RIDGE CT,1,District 1,OAK RIDGE CT,Little John Dr,End,3628.99488,50.47,29,178.74173972,0.033902,Completed,2022,2022/06/23 00:00:00+00,HISTORY,City,,3,,,ABENEFIELD,2022/11/09 14:41:29+00,{40D3E51A-9853-4A30-B30F-9F6119194B47},178.74173971836
17635,OCALA CT,1,District 1,OCALA CT,O'Cala Dr,End,2501.63,43.75,30,149.55614171,0.028409,Completed,2018,2018/01/29 00:00:00+00,HISTORY,City,City of Montgomery,0,,,,,{D9C96005-B68B-4B2D-86CE-62F2128088C0},149.556141712726
17637,OLD FOREST CT,1,District 1,OLD FOREST CT,Old Forest Rd,End,5568.19,97.38,32,313.19309921,0.05928,Completed,2018,2018/01/29 00:00:00+00,HISTORY,City,City of Montgomery,0,,,,,{ADB4E771-DDCB-484C-BD2F-F656223EEB17},313.193099205694
17638,OLD LAKE RD,1,District 1,OLD LAKE RD,Old Pump Rd,End,4014.40032,55.83,33,173.88260148,0.032955,Completed,2018,2018/08/31 00:00:00+00,HISTORY,Utility,Alexander Sealcoating,0,,,,,{98EC31D2-778F-490F-BF55-A91453175E58},173.882601478926
17640,OLD PUMP CT,1,District 1,OLD PUMP CT,Old Pump Rd,End,13703.46432,190.58,33,594.17780787,0.1125,Completed,2019,2019/06/17 00:00:00+00,HISTORY,City,City of Montgomery,0,,,,,{B84E1215-B3C5-4EBD-B1F9-0AE4D7BD987F},594.177807874977
17641,OLD PUMP PL,1,District 1,OLD PUMP PL,Old Pump Ct,End,3414.00192,47.48,33,147.98666966,0.02803,Completed,2019,2019/06/24 00:00:00+00,HISTORY,City,City of Montgomery,0,,,,,{D40CECCE-2044-481A-893F-8634F7CCB1FC},147.986669661333
17642,OLD PUMP RD,1,District 1,OLD PUMP RD,Old Forest Rd,End,64570.51104,898.01,33,2799.5865962,0.530114,Completed,2019,2019/07/08 00:00:00+00,HISTORY,City,City of Montgomery,3.32116788,,,,,{DD29DA64-D592-40F4-8AC4-8C35D332F01A},2799.58659620517
17643,OLDFIELD DR,1,District 1,OLDFIELD DR,Atlanta Hwy,Seminole Dr,99205.84,1379.58,30,4730,0.9,Completed,2019,2019/07/09 00:00:00+00,HISTORY,City,City of Montgomery,4.6,,,,,{2742D858-C079-46FF-A36B-BF5E7FCB5397},4725.77307123866
17647,ORIOLE DR,5,District 5,ORIOLE DR,Vaughn Ln,Green Acres Dr,5390.82,349.2,30,379.40272144,0.07,Completed,2017,,HISTORY,City,City of Montgomery,0,,,,,{41134439-1F2D-44E8-AFF6-0D6694E6C86A},379.402721445122
17651,PALMA DR,4,District 4,PALMA DR,Hugh St,Bank St,4465.86,78.7543,23,353.04480777,0.07,Completed,2017,,HISTORY,City,City of Montgomery,0,,,,,{25A72C61-CBF9-4E87-A855-81F45F074529},353.04480777039
17656,PARK AVE,7,District 7,PARK AVE,Cloverdale Pk,Cloverdale Rd,14633,310,,1197.36061106,0.22677284,Completed,2016,2016/01/13 00:00:00+00,HISTORY,City,City of Montgomery,0,,,,,{66DE0EF3-E270-4AE8-9290-A62E557ED179},1197.36061106604
17657,PARK TOWNE WAY,6,District 6,PARK TOWNE WAY,Troy Hwy,End,21429.11,1603.604,40,3657.58484401,0.23,Completed,2016,2016/04/11 00:00:00+00,HISTORY,City,City of Montgomery,0,,,NPJACKSON,2020/05/12 15:49:14+00,{5CBF8DF0-D29C-4F5A-AFBB-ECDFC0C1CB2C},3657.58484400927
17658,PARKER ST,4,District 4,PARKER ST,Greenpine Dr,End,53383.68672,742.43,34,2246,0.42537879,Completed,2019,2018/12/17 00:00:00+00,HISTORY,City,City of Montgomery,4.08733624,,,,,{3AB25689-0400-4AE5-85DE-8B815929B6AB},2246.24638596504
17659,PARKVIEW CT,9,District 9,PARKVIEW CT,Parkview Dr,End,18297.6,320,32,900,0.17,Completed,2018,2018/05/31 00:00:00+00,HISTORY,City,City of Montgomery,0,,,,,{ECE2BE94-1026-4333-89F2-D9018EEE5EA2},719.019855239874
17662,PATTERSON RD,6,District 6,PATTERSON RD,McInnis Rd,City Limits,46737.6,650,20,2600,0.49,Completed,2020,2020/03/18 00:00:00+00,HISTORY,City,,3,,,NPJACKSON,2020/10/06 13:47:14+00,{6F1E3AFD-707F-40DD-9BBE-C2614AD63A51},2670.77816800984
17665,PERSONS ST,4,District 4,PERSONS ST,Mill St,Mobile Rd,5373.38592,74.73,14,549,0.10397727,Completed,2019,2019/09/12 00:00:00+00,HISTORY,City,City of Montgomery,3.07692308,,,,,{4B8E421F-EE56-4498-B3A3-83A7FA3311BB},548.781063438861
17668,PINE SHADOW LN,6,District 6,PINE SHADOW LN,Whispering Pine Dr,End,8722.24,152.54,30,148.29601294,0.099053,Completed,2019,2018/10/18 00:00:00+00,HISTORY,City,City of Montgomery,0,,,,,{433BA3DA-2851-4374-837D-E39F435A0918},148.296012939642
17670,PINETOP CT,1,District 1,PINETOP CT,Lake Forest Dr,End,5466.98,95.61,33,298.07542468,0.056439,Completed,2018,2018/01/30 00:00:00+00,HISTORY,City,City of Montgomery,0,,,,,{54EB974D-DA9B-4192-B9F4-750B2F720081},298.075424679194
17672,PLANTATION WAY,2,District 2,PLANTATION WAY,Planters Rd,End,41287.2768,574.2,29,1584,0.3,Completed,2020,2020/07/07 00:00:00+00,HISTORY,City,,3.99459459,,,NPJACKSON,2020/10/06 13:47:14+00,{9227D87C-DC44-4FC8-9065-BADB0578715C},1916.54137055156
17675,PLUM ST,3,District 3,PLUM ST,Ann St,Ryan St,48937.14336,680.59,37,1892,0.35833333,Completed,2020,2020/05/04 00:00:00+00,HISTORY,City,,4.62244898,,,NPJACKSON,2020/10/06 13:47:14+00,{3742755F-45DD-408C-871E-33465F6073D2},1892.17453142981
17677,POLLARD ST,3,District 3,POLLARD ST,Court St,Bainbridge St,9333.34,198,,2317.56814669,0.43893336,Completed,2016,2015/10/19 00:00:00+00,HISTORY,City,City of Montgomery,0,,,,,{82F7B110-CE37-4A0F-BB83-306E44ED25E6},2317.56814668753
17678,PONCE DE LEON AVE,7,District 7,PONCE DE LEON AVE,Norman Bridge,Le Bron Rd,21764.91,461,,1702.08418722,0.32236443,Completed,2016,2016/01/12 00:00:00+00,HISTORY,City,City of Montgomery,0,,,,,{9F2AFC42-60BB-4E77-999A-1B6456AD2B94},1702.0841872228
17680,POPLAR ST,3,District 3,POPLAR ST,Ryan St,End,22563.4752,313.8,29,1113.03183751,0.21080148,Completed,2020,2020/05/04 00:00:00+00,HISTORY,City,,4.06363636,,,NPJACKSON,2020/10/06 13:47:14+00,{DB747882-B403-4CAE-9BE3-D8818A5DDD04},1112.94037724101
17681,PORTLAND AVE,7,District 7,PORTLAND AVE,Le Bron Ave,Audubon Rd,14627.83,310,,1324.89729298,0.25092752,Completed,2016,2015/10/07 00:00:00+00,HISTORY,City,City of Montgomery,0,,,,,{EE8DFD2B-2E11-443B-B783-2F8E8ABA947E},1324.89729297435
17683,QUEENS HOLLOW CT,9,District 9,QUEENS HOLLOW CT,Mill Ridge Dr,End,8105.27,141.75,30,486.01988023,0.092045,Completed,2018,2017/11/29 00:00:00+00,HISTORY,City,City of Montgomery,0,,,,,{E2FDB185-1807-486D-821C-C67938DEB412},486.019880231263
17684,QUEENSBURY DR,5,District 5,QUEENSBURY DR,Bassett Dr,Falcon Ln,110142.5472,1531.8,29,5433,1.02897727,Completed,2019,2019/08/13 00:00:00+00,HISTORY,City,City of Montgomery,3.53406998,,,,,{E20FBB48-4780-4FDB-A430-554436B99DC7},5432.68690046527
17686,RANDOLPH ST,3,District 3,RANDOLPH ST,Decatur St N,Bainbridge St,7433.2,158,,377.1221783,0.07142465,Completed,2016,2015/10/15 00:00:00+00,HISTORY,City,City of Montgomery,0,,,,,{B726B50C-A5E0-4B83-9B13-E9E1E805ED78},377.122178300183
17688,REDBUD DR,4,District 4,REDBUD DR,Rosebud Ct,Dogwood Dr,6831.59904,95.01,28,349,0.06609848,Completed,2019,2018/12/05 00:00:00+00,HISTORY,City,City of Montgomery,3.32258065,,,,,{740BFAE4-650C-41D1-A7A6-74EF27337559},327.605702057508
17693,RIDGE PARK CT,9,District 9,RIDGE PARK CT,Brampton Ln,End,11995.74432,166.83,30,572,0.10833333,Completed,2020,2019/11/21 00:00:00+00,HISTORY,City,,3,,,NPJACKSON,2020/10/06 13:47:14+00,{00AC254C-60B0-4016-BDCC-0BDEF9E2A089},571.603529369126
17694,RIDGEWAY E,2,District 2,RIDGEWAY E,Newell Pkwy,End,15753.09,275.5,38,409.08048721,0.11,Completed,2018,,HISTORY,City,City of Montgomery,0,,,,,{2D99CF09-6B95-40DB-B72C-6C86BCBD23C5},409.080487211412
17695,RIDGEWAY W,2,District 2,RIDGEWAY W,Newell Pkwy,End,15753.09,275.5,38,380.1765269,0.11,Completed,2018,,HISTORY,City,City of Montgomery,0,,,,,{A307EC05-B884-4500-B81B-BD60DFAE6EBE},380.176526895558
17700,ROSEBUD CT,4,District 4,ROSEBUD CT,Redbud Ct,Old Selma Rd,19906.6224,276.85,28,1017,0.19261364,Completed,2019,2018/12/04 00:00:00+00,HISTORY,City,City of Montgomery,0,,,,,{79A8E05F-6F7A-43E3-BB20-0231AF01903E},1016.86716942914
17701,ROSEDON CT,6,District 6,ROSEDON CT,Rosedon Dr,End,3402.21,59.5,30,203.59043952,0.038636,Completed,2018,2018/09/25 00:00:00+00,HISTORY,City,City of Montgomery,0,,,,,{C6927A74-36B9-4029-9529-EF38DD0345E9},203.59043952165
17702,ROSEDON DR,6,District 6,ROSEDON DR,E Riding Rd,Spring Valley Rd,20013,350,30,2084.60065925,0.227273,Completed,2019,2018/10/18 00:00:00+00,HISTORY,City,City of Montgomery,0,,,,,{C756B0DB-13D2-43A2-ADA1-145CBF58F183},2084.60065925846
17703,ROSEMONT PL,7,District 7,ROSEMONT PL,Carter Hill Rd,Security Gate,12164.78,169.17,24,725,0.14924245,Completed,2020,2020/04/08 00:00:00+00,HISTORY,City,,2.95,,,NPJACKSON,2020/10/06 13:47:14+00,{6E03DB36-C9B9-43B5-B63E-5FDB8CAA928B},906.39884634857
17704,ROSS ST,3,District 3,ROSS ST,Lake St,High St,10827.30432,150.58,22,704,0.13333333,Completed,2019,2019/03/13 00:00:00+00,HISTORY,City,City of Montgomery,3.09638554,,,,,{87AFC459-0EB9-4C5A-93CB-ADC53D02A836},703.852834280419
17707,ROYAL CREEK RD,6,District 6,ROYAL CREEK RD,Cross Creek Dr,End,16827.5,294.29,30,1000.73086509,0.191098,Completed,2019,2018/10/31 00:00:00+00,HISTORY,City,City of Montgomery,0,,,,,{BC6307A0-5CC8-4346-8A8D-3AB7B2CB2327},1000.73086509333
17709,ROYAL OAK CT,9,District 9,ROYAL OAK CT,Chappell Ln,End,6794.928,94.5,30,324,0.06136364,Completed,2020,2019/10/08 00:00:00+00,HISTORY,City,City of Montgomery,0,,,NPJACKSON,2020/10/06 13:47:14+00,{DB11B267-B34E-4F55-9812-17D550B049D7},324.122374021087
17712,S BRAMPTON CT,9,District 9,S BRAMPTON CT,Brampton Ln,End,2411.66016,33.54,30,115,0.0217803,Completed,2020,2019/10/21 00:00:00+00,HISTORY,City,,3,,,NPJACKSON,2020/10/06 13:47:14+00,{7E735734-A747-46D5-BCAA-EBB3F1A954D5},115.00153872465
17713,S BURBANK DR,9,District 9,S BURBANK DR,Meridian Ln,End,20722.99,365.4184,34,1158.63595455,0.21,Completed,2017,,HISTORY,City,City of Montgomery,0,,,,,{C3B07638-D796-4954-8CEB-A2B18260D76B},1158.63595454645
17715,S COPPERFIELD CT,9,District 9,S COPPERFIELD CT,Copperfield Dr,End,5578.31232,77.58,30,266,0.05037879,Completed,2020,2019/11/19 00:00:00+00,HISTORY,City,,3,,,NPJACKSON,2020/10/06 13:47:14+00,{B88D72BB-1D5E-41B5-98D2-89FA34D0B609},265.940436706326
17718,CRENSHAW PL S,7,District 7,CRENSHAW PL S,Narrow Ln Rd,End,1701.17,36,,208.12070382,0.0394168,Completed,2016,2015/10/21 00:00:00+00,HISTORY,City,City of Montgomery,0,,,,,{1D73A491-DB61-4652-BDDA-44905709A3F5},208.12070381927
17719,S DICKERSON ST,3,District 3,S DICKERSON ST,Madison Ave,Mt. Meigs Rd,10899.21,231,,1363.37191383,0.25821438,Completed,2016,2015/12/01 00:00:00+00,HISTORY,City,City of Montgomery,0,,,,,{58BCDA88-DAE8-439A-914F-E1B748E72E92},1363.37191383049
17720,S FLORIDA ST,4,District 4,S FLORIDA ST,MADISON AVE,MT MEIGS RD,10899.21,231,,1071.26617193,0.20289132,Completed,2016,2015/12/01 00:00:00+00,HISTORY,City,City of Montgomery,0,,,NPJACKSON,2020/05/12 15:44:59+00,{8AD6F9F3-8F3D-4758-8AC8-F58FC3D666A9},1071.26617192592
17723,S HULL ST,7,District 7,S HULL ST,FELDER AVE,E FAIRVIEW AVE,41903.62,888,,1947.32063142,0.36881073,Completed,2016,2015/11/04 00:00:00+00,HISTORY,City,City of Montgomery,0,,,NPJACKSON,2020/05/12 15:32:24+00,{87B29DC7-FA74-4CBE-B494-B34ED7D05E58},1947.32063141961
17725,S OAKVIEW CT,2,District 2,S OAKVIEW CT,Gardendale Dr E,End,7609.51,133.08,29,471.79263183,0.089355,Completed,2018,2017/11/21 00:00:00+00,HISTORY,City,City of Montgomery,0,,,,,{53BF386B-2170-4A0E-9B1D-9A6A7FD23B34},471.792631836393
17726,S PERRY ST,3,District 3,S PERRY ST,Noble Ave,High St,86609.84,1187.862,39,3140.23974223,0.59,Completed,2017,,HISTORY,City,City of Montgomery,0,,,,,{A754D765-5094-4696-A4B5-5610C95FD8F9},3140.23974224028
17727,SACCAPATOY DR,1,District 1,SACCAPATOY DR,Arrowhead Dr,Creek Dr,26874.6,470,29,1666.75021163,0.31572,Completed,2018,2018/01/25 00:00:00+00,HISTORY,City,City of Montgomery,0,,,,,{0A3465AF-A64B-49F7-BF9A-A3CD4EA91070},1666.75021163093
17728,SALEM DR,2,District 2,SALEM DR,Atlanta Hwy,Eton Rd,37752.75,525,27,1750,0.34,Completed,2020,2020/06/01 00:00:00+00,HISTORY,City,,3.73493976,,,NPJACKSON,2020/10/06 13:47:14+00,{B9C05D32-AC55-4E32-9071-17C67E0BFF18},1726.23420660913
17729,SANDY RIDGE CT,2,District 2,SANDY RIDGE CT,Sandy Ridge Curv,End,11669.63,0,0,358.0982588,0.09,Completed,2017,,HISTORY,City,City of Montgomery,0,,,,,{03A7B38F-96DC-4174-BF65-B049C1B7B9F5},358.098258798202
17730,SANDY RIDGE CURV,2,District 2,SANDY RIDGE CURV,Brookland Curv,Dead End,53788.68,748,34,2400,0.46,Completed,2019,2019/05/08 00:00:00+00,HISTORY,City,City of Montgomery,0,,,,,{8A8DD56B-8EB2-4D15-9C53-11BC67C67A4E},2252.94031341646
17731,SANDY ST,4,District 4,SANDY ST,Mobile Rd,Hickman St,17479.14336,243.09,28,893,0.16912879,Completed,2019,2019/09/16 00:00:00+00,HISTORY,City,City of Montgomery,4.23333333,,,,,{756E70A8-518C-4B99-9DFC-1FFDD08DF161},893.025607933695
17732,SANFORD ST,3,District 3,SANFORD ST,Felder Ave,Carter Hill Rd,23941.87488,332.97,24,1427,0.27026515,Completed,2019,2019/07/16 00:00:00+00,HISTORY,City,City of Montgomery,3.32432432,,,,,{C2CFD1B8-6C9D-42F2-9500-0B577A843187},1427.46567921995
17733,SAVANNAH DR,1,District 1,SAVANNAH DR,Seminole Dr,End,3885.38,67.95,29,240.91234497,0.045644,Completed,2018,2018/01/31 00:00:00+00,HISTORY,City,City of Montgomery,0,,,,,{A3075BB5-3308-4180-9C8E-5C4DC43931EE},240.912344974809
17734,SAWSTON CT,6,District 6,SAWSTON CT,Dead End,End,9269.86368,128.92,30,442,0.08371212,Completed,2022,2022/06/29 00:00:00+00,HISTORY,City,,0,,,ABENEFIELD,2022/11/09 14:41:29+00,{50D939B2-DFF9-4586-96A7-21468E0D5DE3},441.879714468936
17735,SEIBLES RD,5,District 5,SEIBLES RD,Norman Bridge Rd,Narrow Ln Rd,229215.5712,3187.8,23,11088,2.1,Completed,2021,2020/11/09 00:00:00+00,HISTORY,City,,3.801347,,,NPJACKSON,2021/10/12 20:43:33+00,{D7F52016-978B-4BE2-9BC1-8510A416DFB4},5839.86370213191
17736,SEMAHT DR,5,District 5,SEMAHT DR,Shamrock Ln to End,End,39175.45632,544.83,30,1868,0.35378788,Completed,2022,2022/04/14 00:00:00+00,HISTORY,City,,3.95977011,,,ABENEFIELD,2022/11/09 14:41:29+00,{AC66D6EC-73FB-4356-8980-E32E3AD445C3},1868.46928376376
17737,SEMINOLE CIR,1,District 1,SEMINOLE CIR,Seminole Dr,End,2134.53,37.33,30,128.47276729,0.024242,Completed,2018,2018/01/29 00:00:00+00,HISTORY,City,City of Montgomery,0,,,,,{DD7682CF-4227-4BFE-83FE-D9FAF8969E5A},128.472767289328
17738,SENDERSON CT,9,District 9,SENDERSON CT,Copperfield Dr,End,4383.26784,60.96,30,209,0.03958333,Completed,2020,2019/12/09 00:00:00+00,HISTORY,City,,3,,,NPJACKSON,2020/10/06 13:47:14+00,{8E0A4EDB-7174-4CE7-A3C4-2169C03212D7},209.214999271667
17739,SHADELAND DR,4,District 4,SHADELAND DR,Sunnybrook Dr,End,9753.05856,135.64,32,436,0.08257576,Completed,2016,2016/05/20 00:00:00+00,HISTORY,Utility,Alexander Sealcoating,3,,,NPJACKSON,2020/10/28 19:32:43+00,{E9822221-95AC-4A83-9E56-3F4AF601285A},436.48261618757
17743,SHARP ST,3,District 3,SHARP ST,Lake St,High St,9547.92,166.98,25,686.58275155,0.130114,Completed,2018,2018/02/22 00:00:00+00,HISTORY,City,City of Montgomery,0,,,,,{3AED732C-06B8-4256-9E19-65DE1CB31334},686.582751555985
17744,SHELDON LN,7,District 7,SHELDON LN,Felder Ave,Fairview Ave,41903.62,888,,922.74702919,0.17476269,Completed,2016,2015/11/04 00:00:00+00,HISTORY,City,City of Montgomery,0,,,,,{C960C4E5-1CDE-4748-8B8D-37826636E70D},922.747029189605
17745,SHORT ST,3,District 3,SHORT ST,Clayton St,Martha St,6078.04512,84.53,23,378,0.07159091,Completed,2021,2021/06/29 00:00:00+00,HISTORY,City,,3.65306122,,,NPJACKSON,2021/10/12 20:43:33+00,{63A8FAB3-0286-41FB-976D-E57975E4F96F},390.68240530456
17746,SIERRA ST,4,District 4,SIERRA ST,Early St,Stephens St,17901.91,315.6768,24,1355.53890759,0.26,Completed,2017,2017/08/31 00:00:00+00,HISTORY,City,City of Montgomery,0,,,NPJACKSON,2020/05/12 16:00:42+00,{64E8CEC7-3A0D-491B-ACE1-3EF7C37CC01C},1355.53890759392
17750,SPRUCE CURV,7,District 7,SPRUCE CURV,E Third St,Spruce St,32081.40768,446.17,28,1639,0.31041667,Completed,2020,2020/09/29 00:00:00+00,HISTORY,City,,4.23529412,,,NPJACKSON,2020/10/06 13:47:14+00,{A1594453-5E1E-4C87-BCC5-48720E882135},835.174025592514
17751,SPRUCE ST,7,District 7,SPRUCE ST,Ann St,Bryan St,37917.13632,527.33,30,1808.14563389,0.34245182,Completed,2022,2022/03/29 00:00:00+00,HISTORY,City,,3.59883721,,,ABENEFIELD,2022/11/01 15:55:07+00,{A3F22DCC-5622-46E2-A4F3-4E3E1F15BF80},1735.54588280154
17754,STAMFORD CT,9,District 9,STAMFORD CT,Copperfield Dr,End,12562.34784,174.71,30,599,0.11344697,Completed,2020,2019/11/19 00:00:00+00,HISTORY,City,,3,,,NPJACKSON,2020/10/06 13:47:14+00,{0FE6F00B-D8D5-4A59-AF2E-49291358BA2C},599.346794204133
17757,STILL OAKS DR,9,District 9,STILL OAKS DR,Sagewood Dr,End,32235.61,276.45,30,2060.46808927,0.4,Completed,2017,,HISTORY,City,City of Montgomery,0,,,,,{E0D4A7CF-B417-4A21-BE2F-02DF603E8680},2060.46808927023
17761,STUART ST,7,District 7,STUART ST,Court St S,Upchurch Cir,46874.17,994,,3677.40489482,0.6964782,Completed,2016,2016/05/31 00:00:00+00,HISTORY,City,City of Montgomery,0,,,,,{C9E4A4DF-44BB-44E4-B6F6-C259E1CD8363},3677.40489482352
17762,STURBRIDGE DR,8,District 8,STURBRIDGE DR,Vaughn Rd,Sturbridge Pl,105949.11,1473.48,34,3467,0.66,Completed,2019,2019/04/23 00:00:00+00,HISTORY,City,City of Montgomery,0,,,,,{D2B87E28-A5B2-4037-922D-E662F379F1E7},3482.64141782975
17764,SWEETWOOD WAY,2,District 2,SWEETWOOD WAY,Roy Hodges Blvd,Sweetwood Way,35310.23,789,,1012.4592139,0.19171575,Completed,2016,2016/06/07 00:00:00+00,HISTORY,City,City of Montgomery,0,,,,,{C589F764-B8EC-496D-9968-21D2E0F1CCA2},1012.25915140811
17766,TALON CT,9,District 9,TALON CT,Parkview Dr,End,4886.59584,67.96,30,233,0.04412879,Completed,2019,2019/08/05 00:00:00+00,HISTORY,City,City of Montgomery,0,,,,,{0D7D1BAF-362C-48B8-89A1-9BEC75E47B36},232.842550929764
17769,TERESA ST,2,District 2,TERESA ST,Fairground Rd,Clara St,15936.32,281.0187,29,999.23959875,0.19,Completed,2017,,HISTORY,City,City of Montgomery,0,,,,,{98C750AD-6636-47D5-994A-2BE15A8796A4},999.239598750126
17770,THOMAS AVE,7,District 7,THOMAS AVE,Peachtree St,Primrose Ln,28494.2538,502.46,40,4062.16483337,0.41,Completed,2017,,HISTORY,City,City of Montgomery,0,,,,,{3D747799-2696-4568-9C15-915D3696A15A},4062.16483336796
17771,THORN PL,7,District 7,THORN PL,Norman Bridge,Ridge Ave,21166.1,448,,712.39416789,0.13492314,Completed,2016,2016/03/14 00:00:00+00,HISTORY,City,City of Montgomery,0,,,,,{64EAF284-5931-45A5-ABFC-E53B7311F778},712.394167886445
17774,TOWNSEND DR,1,District 1,TOWNSEND DR,Dead End,End,15243.04,266.58,30,913.76762044,0.173106,Completed,2018,2018/08/06 00:00:00+00,HISTORY,City,City of Montgomery,0,,,,,{792A8EE2-ED91-4E4A-8BBB-92215E076918},913.767620441024
17776,TRAVIS ST,4,District 4,TRAVIS ST,Oak St,I-65,13013.02,227.58,28,835.55897015,0.158333,Completed,2018,,HISTORY,City,City of Montgomery,0,,,,,{452D6D4F-7970-4385-BB78-C03455804C21},835.558970151296
17778,TREY LN,3,District 3,TREY LN,N Gap Loop,Milliard Fuller Dr,9707.85,135,27,600,0.12,Completed,2021,,HISTORY,City,City of Montgomery,3.8125,,,NPJACKSON,2021/10/12 20:43:33+00,{889ADB16-9D3E-406B-B14F-D3EB7D27C5A9},489.747855407883
17782,UNIVERSITY DR N,3,District 3,UNIVERSITY DR N,Jackson Street,Union Street,27403.33344,381.11,35,1120,0.21212121,Completed,2019,2019/07/23 00:00:00+00,HISTORY,City,City of Montgomery,3.20769231,,,,,{7680E553-1C4D-4AAC-A075-D1512C0B3492},1175.76204544506
17784,VAUGHN RD PARK,5,District 5,VAUGHN RD PARK,Vaughn Rd Park,Vaughn Rd Park,34693.31,735,0,5526.51750305,1.04670296,Completed,2016,2016/08/04 00:00:00+00,HISTORY,City,City of Montgomery,0,,,,,{C90DB4A7-99DA-4C49-9EEB-84E012557748},5526.51750303631
17787,VINEYARD LN,9,District 9,VINEYARD LN,End,End Of Woodmere Lp,5633.01,119,,487.68939728,0.09236542,Completed,2016,2016/05/02 00:00:00+00,HISTORY,City,City of Montgomery,0,,,,,{D9B9AF65-D3A4-40F5-8424-EB55E1EFE8A3},487.689397275491
17791,W ABERDEEN DR,8,District 8,W ABERDEEN DR,Haddington Rd,End,11799.19,208.065,30,714.78082226,0.14,Completed,2017,,HISTORY,City,City of Montgomery,0,,,,,{0AEE338A-860D-4665-9AEF-CAA73FC5CE6D},714.780822263361
17792,W ASTRID PL,9,District 9,W ASTRID PL,Woodmere Loop,End,6617.6,116.691,30,401.19325623,0.08,Completed,2017,,HISTORY,City,City of Montgomery,0,,,,,{7AF81AE4-E740-4166-9075-F49EECFF6D81},401.193256233771
17798,W LYNCHBURG CT,6,District 6,W LYNCHBURG CT,Lynchburg Dr,End,9650.23584,134.21,29,476,0.09015152,Completed,2019,2019/09/09 00:00:00+00,HISTORY,City,City of Montgomery,0,,,,,{190B4BC9-28CE-475F-BF8F-9F8F31FC9451},476.009638551145
17799,W MENDEL PKWY,9,District 9,W MENDEL PKWY,Mendel Pkwy,Mendel Pkwy E,15009.75,262.5,30,803.85962051,0.17,Completed,2018,,HISTORY,City,City of Montgomery,0,,,,,{6F4994AD-CD8E-44E1-A1D7-B836B36EC930},803.859620514865
17800,W ROSEMARY RD,2,District 2,W ROSEMARY RD,Atlanta Hwy,Wares Ferry Rd,40996.0656,570.15,27,2171.92636033,0.41134969,Completed,2020,2020/06/22 00:00:00+00,HISTORY,City,,3.75555556,,,NPJACKSON,2020/10/06 13:47:14+00,{0192ECA4-3CC0-44B5-87D3-AEB7938518E1},2122.60937470053
17804,WADE ST,7,District 7,WADE ST,Court St,E. D. Nixon,17667.58,375,,1256.88016565,0.23804549,Completed,2016,2015/10/21 00:00:00+00,HISTORY,City,City of Montgomery,0,,,,,{A8B41E64-680C-4AD4-90D2-14E247B923BE},1256.88016564982
17806,WAKE FOREST DR,1,District 1,WAKE FOREST DR,Bowling Green Dr,Vanderbilt Loop,29360.56032,408.33,30,1400,0.265152,Completed,2021,2021/04/12 00:00:00+00,HISTORY,City,,3,,,NPJACKSON,2021/10/12 20:43:33+00,{5FC77BC1-3689-42A8-96D6-5768F731B1C7},1318.16147260386
17807,WAKE ROBIN CT,2,District 2,WAKE ROBIN CT,Deerwood Pl,End,8668.74624,120.56,31,400,0.07575758,Completed,2019,2019/05/06 00:00:00+00,HISTORY,City,City of Montgomery,0,,,,,{BBAEE311-EFD6-4EFF-8428-4B86D6AE1B33},267.386998383644
17808,WARE HILL CT,2,District 2,WARE HILL CT,Ware Hill Dr,End,25811.23,455.1434,29,152.42203367,0.31,Completed,2017,,HISTORY,City,City of Montgomery,0,,,,,{76F57E67-A3FD-4740-9B06-07457DA98E75},152.422033671064
17809,WARE HILL DR,2,District 2,WARE HILL DR,Dalraida Rd,Wares Ferry Rd,26701.23,470.838,30,1618.40738226,0.31,Completed,2017,,HISTORY,City,City of Montgomery,0,,,,,{A94A9071-073D-4E3D-9000-22F38EBDD05A},1618.40738226499
17810,WASHINGTON AVE,3,District 3,WASHINGTON AVE (1),S Court St,S McDonough St,60823.88,845.83,60,1450,0.27,Completed,2020,2020/08/20 00:00:00+00,HISTORY,Utility,City of Montgomery,0,,,NPJACKSON,2020/10/06 13:47:14+00,{688F235D-E427-4AD6-9F6E-BB7CBABCEAC2},1302.0122247266
17816,WEST RIDGE CT,9,District 9,WEST RIDGE CT,Fair Oaks Dr,End,3252.97,56.89,28,208.67494342,0.04,Completed,2018,2017/11/29 00:00:00+00,HISTORY,City,City of Montgomery,0,,,,,{6DA9DB5F-439C-4521-99C3-0CEA21E0CEB5},208.674943418629
17818,WESTHAMPTON CT,9,District 9,WESTHAMPTON CT,Lakeridge Loop,Westhampton Ct,40749,566.67,34,1500,0.29,Completed,2020,2019/11/07 00:00:00+00,HISTORY,City,,3,,,NPJACKSON,2020/10/06 13:47:14+00,{21507033-32E7-489B-BE30-C9D72E1B08E4},1229.18157256448
17819,WESTLAKES PL,9,District 9,WESTLAKES PL,Lakeridge Dr,End,16509.1584,229.6,32,738,0.13977273,Completed,2020,2019/11/04 00:00:00+00,HISTORY,City,City of Montgomery,3.13888889,,,NPJACKSON,2020/10/06 13:47:14+00,{6C4E36F9-BC46-4C7B-83F7-6982C32ABEA5},737.627353359591
17820,WESTMINISTER DR,9,District 9,WESTMINISTER DR,Camelot Ct,Woodmere Blvd,9538.26,168.198,30,578.40003577,0.11,Completed,2017,,HISTORY,City,City of Montgomery,0,,,,,{F613264F-FFC0-44B2-8E28-3FC0B1679453},578.400035769475
17822,WHISPERING PINE DR,6,District 6,WHISPERING PINE DR,Woodley Rd,Shadowood Dr,38563.91,674.43,35,1989.65101981,0.375379,Completed,2019,2018/10/22 00:00:00+00,HISTORY,City,City of Montgomery,0,,,,,{63C668D4-0146-46A7-8284-E040D30F6C5A},1989.65101980736
17823,WHITE OAK LN,9,District 9,WHITE OAK LN,Live Oak Ct,End,15225.672,211.75,30,726,0.1375,Completed,2020,2019/10/17 00:00:00+00,HISTORY,City,City of Montgomery,3,,,NPJACKSON,2020/10/06 13:47:14+00,{6B14AA91-84BA-476E-A721-1712229610A6},726.412525810964
17824,WHITMAN ST,3,District 3,WHITMAN ST,Clayton St,Maxwell Blvd,8376.66,177,,1509.61752298,0.28591241,Completed,2016,2016/02/02 00:00:00+00,HISTORY,City,City of Montgomery,0,,,,,{775778A4-09F6-45CA-A09C-BEE4BB1DBE6F},1509.61752298834
17826,WILLIAMSON RD,2,District 2,WILLIAMSON RD,Sarver Ave,Ray Dr,17238.984,239.75,30,821.93070678,0.15566869,Completed,2019,2019/02/20 00:00:00+00,HISTORY,City,City of Montgomery,2.01694915,,,,,{1EACF5AC-E1BF-407A-BDDF-BD9BFB719A75},1183.67258627636
17827,WILLOW OAK LN,9,District 9,WILLOW OAK LN,Fair Oaks Dr,End,3935.7,68.83,30,236.21075013,0.044697,Completed,2018,2017/11/28 00:00:00+00,HISTORY,City,City of Montgomery,0,,,,,{F8A7E884-1DEF-43C2-89CD-D734F72D780E},236.210750132075
17831,WINDEMERE DR,1,District 1,WINDEMERE DR,Nottingham Rd,Willow Lane Dr,15729,218.75,30,749.86083636,0.142045,Completed,2021,2021/08/18 00:00:00+00,HISTORY,City,,3.93506494,,,NPJACKSON,2021/10/12 20:43:33+00,{2E527B0A-21BD-45C9-BD04-F63B94E58A5E},749.860836359669
17832,WINDY HILL CT,2,District 2,WINDY HILL CT,Deerwood Pl,End,5959.40352,82.88,31,275,0.05208333,Completed,2019,2019/05/06 00:00:00+00,HISTORY,City,City of Montgomery,0,,,,,{4FC1FD16-4BF3-4DAA-A7E9-AC0BDCBFD845},118.677623015206
17833,WINIFRED ST,3,District 3,WINIFRED ST,Juliette St,Oak St,10325.85,219,25,1022,0.19356061,Completed,2014,2014/03/04 00:00:00+00,HISTORY,City,,2.52336449,,,NPJACKSON,2020/05/07 20:11:01+00,{F733D204-502D-4AB1-8C19-B212043B10D2},1022.37293212981
17834,WINONA AVE,3,District 3,WINONA AVE,Federal Dr,Hopper St,80113.03,1699,,4993.64447001,0.945766,Completed,2016,2016/01/05 00:00:00+00,HISTORY,City,City of Montgomery,0,,,,,{DBDEA803-8C7A-4A3C-AEDA-E4660756608D},4993.64447000659
17835,WOODHAVEN CT,9,District 9,WOODHAVEN CT,Copperfield Dr,End,6203.23,61.54,30,211,0.03996212,Completed,2020,2019/11/20 00:00:00+00,HISTORY,City,,3,,,ABENEFIELD,2022/11/01 13:39:56+00,{3A869BDD-61C8-4FCD-90F1-07E981D5D325},211.27167129514
17836,WOODLEY CIR,6,District 6,WOODLEY CIR,Macedonia Dr,Macdeonia Dr,57673.55,1355,,5935.75309811,1.12419566,Completed,2016,2016/06/22 00:00:00+00,HISTORY,City,City of Montgomery,0,,,,,{CC3A32E7-4DD1-4942-8D1A-596D675A6846},5935.75309811075
17837,WOODLEY TER,7,District 7,WOODLEY TER (1),Fairview Ave,Woodley Rd,22649.76,315,30,1080.44999842,0.20463068,Completed,2020,2020/06/11 00:00:00+00,HISTORY,City,,3.83076923,,,NPJACKSON,2020/10/06 13:47:14+00,{A40BA131-18D5-4FCC-A8EB-BF3E4D4C453E},622.356033889253
17838,WOODLEY TER,7,District 7,WOODLEY TER (2),Woodley Rd,Laurel Ln,9604.93632,133.58,30,458,0.08674242,Completed,2020,2020/06/15 00:00:00+00,HISTORY,City,,3,,,NPJACKSON,2020/10/06 13:47:14+00,{C461CCFF-7E38-4FA4-A16A-50A193EA2C6B},458.093964533754
17841,WOODVALE DR,1,District 1,WOODVALE DR,Chrystan Rd,End,16337.30784,227.21,30,779.15838398,0.147538,Completed,2021,2021/07/27 00:00:00+00,HISTORY,City,,3,,,NPJACKSON,2021/10/12 20:43:33+00,{0FE2B7E9-0452-420C-8E2A-8C1B00BF1FEE},779.158383988568
17844,WYNWOOD PL,9,District 9,WYNWOOD PL,Halcyon Dr,Halcyon Dr - (Loop),42598.5162,751.168,44,3550.47240051,0.33,Completed,2017,,HISTORY,City,City of Montgomery,0,,,,,{D6DB894E-E44B-4F9A-9873-7227ADB8585F},3550.47240051209
17845,YOUNG BARN RD,5,District 5,YOUNG BARN RD,Central Pkwy,E Blvd,16510.73,288.75,45,778.09819936,0.125,Completed,2018,2017/12/05 00:00:00+00,HISTORY,City,City of Montgomery,0,,,,,{5119665E-D5E7-4ACC-B02D-B8CD61CD5153},778.098199365117
17846,ZELDA CT,7,District 7,ZELDA CT,Zelda Rd,End,7290.33,128.5541,29,456.87443778,0.09,Completed,2017,,HISTORY,City,City of Montgomery,0,,,,,{8AF12DE3-9421-4C84-964F-39A5D3342643},456.874437783176
17847,ZORN LN,6,District 6,ZORN LN,Paterson Rd,End,12583.2,175,20,900,0.17045455,Completed,2020,2020/03/11 00:00:00+00,HISTORY,City,,3,,,NPJACKSON,2020/10/06 13:47:14+00,{67D9F18D-0960-4962-A961-60788FC68D3E},484.802947856888
17848,2ND ST,4,District 4,2ND ST,Maxwell Blvd,End,2891.24,50.9832,18,292.0647162,0.06,Completed,2017,,HISTORY,City,City of Montgomery,0,,,,,{C56DF742-F20F-4555-B983-5D7FC654C1F7},292.064716196732
17849,ALAN LN,4,District 4,ALAN LN,Old Selma Rd,End,17527.92,309.0808,28,1138.2662996,0.22,Completed,2017,,HISTORY,City,City of Montgomery,0,,,,,{35A3C4AB-95B9-414C-9ECE-D1E5DE99FA9A},1138.26629959834
17850,BRAGG ST,4,District 4,BRAGG ST,Stephens St,Mill St,35117.51,619.248,24,2660.29031551,0.5,Completed,2017,,HISTORY,City,City of Montgomery,0,,,,,{AC75C598-3813-4FD4-AA16-D9D701A0CFC4},2660.29031551137
17851,BREWTON ST,3,District 3,BREWTON ST,Ann St,Calloway St,25991.44,458.325,27,1701.98263078,0.34,Completed,2017,,HISTORY,City,City of Montgomery,0,,,,,{B47B6FB4-07F9-459C-9836-D17BC802C1BE},1701.98263077686
17852,E VIRGINIA LN,6,District 6,E VIRGINIA LN,Woodley Cir,End,20672.07,364.526,20,1878.66928789,0.36,Completed,2017,,HISTORY,City,City of Montgomery,0,,,,,{9732DC0E-23A4-4523-BA7A-ABD101EAD52E},1878.66928788686
17853,LINCOLN ST,7,District 7,LINCOLN ST,Rosa Parks Ave,End,8952.65,157.8675,25,649.60566242,0.12,Completed,2017,,HISTORY,City,City of Montgomery,0,,,,,{B331DC47-71D7-4B84-B956-0B7011EBD9A3},649.605259445282
17854,SHELDON LN,4,District 4,SHELDON LN,Alan Ln,End,14216.29,250.6868,28,922.74702919,0.17,Completed,2016,2016/08/22 00:00:00+00,HISTORY,City,City of Montgomery,0,,,NPJACKSON,2020/05/12 15:58:33+00,{1D8E37FB-EC85-4850-9AEA-3E59BBAD6464},922.747029189605
17855,WOODLEY CIR,6,District 6,WOODLEY CIR,Macdeonia Dr,Macdeonia Dr,67409.41,1188.6768,18,5935.75309811,1.29,Completed,2017,,HISTORY,City,City of Montgomery,0,,,,,{39294A46-1BD8-4A02-B690-5C2C2B5C9AA3},5935.75309811075
17856,S DECATUR ST,3,District 3,S DECATUR ST,Dexter Ave,E South St,115103.34,2013,48,3389.82722309,0.64,Completed,2018,2018/06/12 00:00:00+00,HISTORY,City,City of Montgomery,0,,,,,{055231F1-17C7-4846-B635-0CCDF22FF184},3389.82722308647
17857,E AVALON PKWY,8,District 8,E AVALON PKWY,Ray Thorington,,42094.01,736.17,42,2524,0.48,Completed,2018,2018/05/07 00:00:00+00,HISTORY,City,City of Montgomery,0,,,,,{2C905BF9-DE8B-40FF-9F23-5D4B550AB23E},2461.00521204678
17858,ECTOR PKWY,8,District 8,ECTOR PKWY,E Avalon Pkwy,End,5463.87,95.56,32,430,0.08,Completed,2018,2018/04/30 00:00:00+00,HISTORY,City,City of Montgomery,0,,,,,{84676A2F-B8EF-4F19-B118-EF8B1AE174BE},425.41365080093
17859,LANCELOT CT,8,District 8,LANCELOT CT,Lancelot Dr,End,6607.47,115.56,32,520,0.1,Completed,2018,2018/05/01 00:00:00+00,HISTORY,City,City of Montgomery,0,,,,,{66ECB74E-DF66-405C-88D3-806C0F38287D},339.42220494037
17860,LANCELOT DR,8,District 8,LANCELOT DR,E Avalon Pkwy,End,19060,333.33,32,1500,0.28,Completed,2018,2018/05/02 00:00:00+00,HISTORY,City,City of Montgomery,0,,,,,{017A01CA-CB54-4A30-AD4F-7F823B0D7175},1470.02220676662
17861,TAYLOR RD EAST,8,District 8,TAYLOR RD EAST,Taylor Rd,Past Quad Pkwy,357375,62.5,30,300,0.06,Completed,2018,2018/05/14 00:00:00+00,HISTORY,City,City of Montgomery,0,,,,,{201DA512-6E5B-480C-9830-17ECB511C0ED},375.995973102722
17862,QUAD PKWY,8,District 8,QUAD PKWY,Taylor Rd East,Past Braxton Way,13337.24,233.25,36,933,0.18,Completed,2018,2018/05/14 00:00:00+00,HISTORY,City,City of Montgomery,0,,,,,{8CBC3699-5A53-4CC1-9029-7C2A22976E6A},887.266731301373
17863,BRAXTON WAY,8,District 8,BRAXTON WAY,Quad Pkwy,Weston Pl,2203.81,38.54,30,185,0.04,Completed,2018,2018/05/14 00:00:00+00,HISTORY,City,City of Montgomery,0,,,,,{3EE86890-945D-417E-BECD-899CC94AE45F},222.93900283187
17864,WESTON PL,8,District 8,WESTON PL,Dead End,Dead End,19655.63,343.73,30,1650,0.31,Completed,2018,2018/05/09 00:00:00+00,HISTORY,City,City of Montgomery,0,,,,,{D20AD6A7-50AA-498A-A682-31794EDAEC9C},1500.68968143027
17865,OAK CREST PL,8,District 8,OAK CREST PL,Weston Pl,End,7909.9,138.33,30,664,0.13,Completed,2018,2018/05/07 00:00:00+00,HISTORY,City,City of Montgomery,0,,,,,{7DC1874A-3783-4AB3-AE61-CE05BF0AED37},582.741949395996
17867,PARKVIEW DR S,9,District 9,PARKVIEW DR S,Halcyon Blvd,Berryhill Rd,56010.99,979.56,38,2320,0.44,Completed,2018,2018/06/27 00:00:00+00,HISTORY,City,City of Montgomery,0,,,,,{D5A73AF2-2988-41D5-BBDB-C098017A11E5},2595.66782136131
17868,E GARDENDALE DR,2,District 2,E GARDENDALE DR,Coliseum Blvd,End,59581.81152,828.63,29,2939,0.55662879,Completed,2019,2019/03/20 00:00:00+00,HISTORY,City,City of Montgomery,0,,,,,{38685FC3-499C-4DC3-A3F8-8BCD86764E60},2938.63676341345
17869,CHATSWORTH DR,2,District 2,CHATSWORTH DR,Beardsley Dr,Marie Cook Dr,28633.61088,398.22,28,1280,0.24242424,Completed,2019,2019/02/06 00:00:00+00,HISTORY,City,City of Montgomery,0,,,,,{CFA7C6BD-C62E-4D3B-9DBB-A6C254A7A648},1257.56700873285
17870,OLIVIA CT,2,District 2,OLIVIA CT,McQueen St,End,8783.0736,122.15,36,349.41237522,0.06617659,Completed,2021,2021/04/20 00:00:00+00,HISTORY,City,,3,,,NPJACKSON,2021/10/12 20:43:33+00,{1936AEDD-B604-416F-A582-5C5FE1BE4543},464.893382688428
17871,MARY ANN DR,2,District 2,MARY ANN DR,Chatsworth Dr,Ray Dr,55142.45856,766.89,28,2465,0.46685606,Completed,2019,2018/11/15 00:00:00+00,HISTORY,City,City of Montgomery,0,,,,,{C7B4A782-4B24-4BB0-9F38-1C94D3533527},2440.14916678691
17876,EARLY ST,4,District 4,EARLY ST,I-65,Mobile Rd,67116,933.33,30,2800,0.53,Completed,2020,2020/08/27 00:00:00+00,HISTORY,City,,3,,,NPJACKSON,2020/10/06 13:47:14+00,{129D1DFF-3E77-4088-AC02-9152898C6F39},3013.78592922097
17880,BOYD-COOPER PKWY,9,District 9,BOYD-COOPER PKWY,East Chase Pkwy,RR Crossing,11396.55,199.31,41,1444.04551326,0.13,Completed,2018,,HISTORY,City,City of Montgomery,0,,,,,{CCD789CD-3334-4761-9720-414145F1D43A},385.260257062551
17881,GREEN WAY PL,9,District 9,GREEN WAY PL,Green Way,End,9961.58016,138.54,30,475,0.08996212,Completed,2020,2020/02/03 00:00:00+00,HISTORY,City,City of Montgomery,0,,,NPJACKSON,2020/10/06 13:47:14+00,{E31432D0-BCDB-436E-AA2E-AC174135C576},475.391139522546
17883,E EDGEMONT AVE,7,District 7,E EDGEMONT AVE - GLEN GRATTAN,Norman Bridge Rd,Thomas Ave,89139.39,1239.7,33,3864,0.73,Completed,2019,2019/03/13 00:00:00+00,HISTORY,City,City of Montgomery,0,,,,,{BE840F30-5AA2-45FB-AF97-C40F1589ADE0},3929.94240354893
17885,HARVEST HILL CT,8,District 8,HARVEST HILL CT,Sturbridge Dr,End,3984.92,55.42,30,190,0.04,Completed,2019,2019/03/28 00:00:00+00,HISTORY,City,City of Montgomery,0,,,,,{D7ED4F92-0DCA-4668-A412-F4CD57C45577},190.469512632388
17889,STEEPLECHASE LN,8,District 8,STEEPLECHASE LN,Vaughn Plaza Rd,Red Barn Rd,12295.58,171,33,533,0.1,Completed,2019,2019/04/10 00:00:00+00,HISTORY,City,City of Montgomery,0,,,,,{10C527A3-08D5-459D-8321-603D594AFB64},498.077228716371
17890,TWELVE OAKS LN,8,District 8,TWELVE OAKS LN,Sturbridge Dr,End,14853.93,206.58,32,664,0.13,Completed,2019,2019/03/28 00:00:00+00,HISTORY,City,City of Montgomery,0,,,,,{0B81C149-A4CD-4B9A-AA79-218648FEEE5C},663.745252025828
17891,WIBLE CT,8,District 8,WIBLE CT,Wible Run,End,3774.96,52.5,30,180,0.03,Completed,2019,2019/03/28 00:00:00+00,HISTORY,City,City of Montgomery,0,,,,,{6752508E-66F2-4475-958F-4DBB05FE2D3B},176.142529504066
17892,WIBLE RUN,8,District 8,WIBLE RUN,Fallow Field Rd,End,30797.2,428.31,30,1335,0.25,Completed,2019,2019/04/03 00:00:00+00,HISTORY,City,City of Montgomery,0,,,,,{B04B51E4-B744-45F5-BB30-33F85BA84E2B},1296.3562384206
17894,WILLOWBROOK CT,8,District 8,WILLOWBROOK CT,Wible Run,End,5179.96,72.04,30,247,0.05,Completed,2019,2019/03/28 00:00:00+00,HISTORY,City,City of Montgomery,0,,,,,{579C602B-392E-4479-A496-E7C937EB3D21},247.368235049832
17896,BALDWIN BROOK DR,6,District 6,BALDWIN BROOK DR,Endicott Dr,Ravenwood Dr,78762.75,799,34,1880,0.36,Completed,2019,2019/09/12 00:00:00+00,HISTORY,City,City of Montgomery,0,,,,,{6050F15A-677C-4C3B-8B18-DB460AE440C6},1878.33837400534
17897,ALLENDALE RD,7,District 7,ALLENDALE RD,Woodley Rd,Woodley Rd,99289.74,920.5,28,3945,0.75,Completed,2019,2018/10/11 00:00:00+00,HISTORY,Utility,Alexander Sealcoating,0,,,,,{C6102369-3384-483E-9044-CCC50376C805},3842.15964426984
17903,MIRIAM ST,3,District 3,MIRIAM ST,S Capitol Pkwy,Boyce St,7076.03,123.75,27,550,0.1,Completed,2020,2020/05/21 00:00:00+00,HISTORY,Utility,City of Montgomery,0,,,NPJACKSON,2020/10/06 13:47:14+00,{1613D1E6-29C6-425E-AA19-5DDFF8FF02C3},621.363184731973
17906,PALMETTO ST,3,District 3,PALMETTO ST,S Capitol Pkwy,Buford St,18011.7,315,27,1400,0.27,Completed,2020,2020/05/26 00:00:00+00,HISTORY,Utility,City of Montgomery,3.47457627,,,NPJACKSON,2020/10/06 13:47:14+00,{443DB698-56AC-4018-80BC-94AB9DA93D8B},1459.391353922
17907,PELHAM ST,3,District 3,PELHAM ST,N Ripley St,N Jackson St,12584.25,175,35,450,0.09,Completed,2020,2020/03/19 00:00:00+00,HISTORY,Utility,City of Montgomery,3,,,NPJACKSON,2020/10/06 13:47:14+00,{4918F918-1AD0-46C7-AF1E-5358F589FB17},477.690785075654
17912,COCA COLA RD,4,District 4,COCA COLA RD,Mobile Hwy,End,59214.87,843.34,33,1600,0.31,Completed,2019,2019/04/23 00:00:00+00,HISTORY,City,City of Montgomery,0,,,,,{37923B6E-827B-493C-91BC-3AA17C29125B},1647.69201020482
17913,VAUGHN RD,8,District 8,VAUGHN RD,Taylor Rd,Chantilly Pkwy,1865822,23756,84,23364,4.43,Completed,2019,,HISTORY,Federal,,0,,,,,{85CC68FE-18EE-4C51-AFAC-D55E419FC208},23575.4436535356
17917,E/W FAIRVIEW AVE,7,District 7,E/W FAIRVIEW AVE,I-65,Woodley Rd,197744.37,3938,48,8950,1.7,Completed,2019,2019/06/10 00:00:00+00,HISTORY,City,City of Montgomery,0,,,,,{34678486-20BD-4496-BA3C-1C83809E6A19},9288.98444083777
17921,WARES FERRY RD,1,District 1,WARES FERRY RD,Atlanta Hwy,Bypass,585148,6194,36,13200,2.5,Completed,2019,,HISTORY,Federal,,0,,,,,{32C695CF-2D94-4AB7-B2BB-6148AFCFF98D},13401.5273116414
17924,CARMICHAEL CT,5,District 5,CARMICHAEL CT,Carmichael Rd,Carmichael Rd,28044.9,390.03,27,1300,0.25,Completed,2019,2019/04/15 00:00:00+00,HISTORY,City,City of Montgomery,0,,,,,{9B7ACEC7-078D-4A46-BEB3-858DEA5EB827},1103.42127596025
17927,DORCHESTER DR,6,District 6,DORCHESTER DR,Baldwin Brook Dr,Endicott Dr,37749.6,525,30,1575,0.3,Completed,2019,2019/07/17 00:00:00+00,HISTORY,Utility,Alexander Sealcoating,0,,,,,{729DA2DC-4930-4116-9C2B-DE436FCC09B2},1487.9076738443
17928,ENDICOTT DR,6,District 6,ENDICOTT DR,Dorchester Dr,Baldwin Brook Dr,39547.2,550,30,1650,0.31,Completed,2019,2019/07/24 00:00:00+00,HISTORY,Utility,Alexander Sealcoating,0,,,,,{B8D5DF0B-C5E2-499F-8067-4FCC16676FBB},1663.95243072425
17930,DARTMOUTH CIR,5,District 5,DARTMOUTH CIR,Woodley Rd,Narrow Lane Rd,36239.62,504,28,1440,0.28,Completed,2019,2019/08/06 00:00:00+00,HISTORY,Utility,Alexander Sealcoating,0,,,,,{96D2AA37-BF72-4D45-BC3C-E828A12C56AC},1146.67404076794
17931,KELLY LN,5,District 5,KELLY LN,Southmont Dr,E Patton Ave,22769.84,316.67,30,940,0.18,Completed,2020,,HISTORY,Utility,Alexander Sealcoating,0,,,NPJACKSON,2020/10/28 20:37:53+00,{D563CA55-18A3-44B4-A815-22D056379701},868.539733557055
17934,DEER CREEK WAY,8,District 8,DEER CREEK WAY,Vaughn Rd,Deer Creek Blvd,76704,1066.67,48,2000,0.38,Completed,2019,2019/05/01 00:00:00+00,HISTORY,City,City of Montgomery,0,,,,,{09629B17-2BB3-4837-8AB8-5CC7DB58B31B},3568.81268786708
17935,MCQUEEN ST,2,District 2,MCQUEEN ST,Ann St,Bradley Dr,23887.95,332.22,23,1300,0.25,Completed,2014,2014/05/27 00:00:00+00,HISTORY,Utility,Alexander Sealcoating,0,,,NPJACKSON,2020/05/06 20:48:36+00,{02A185A4-1C4D-4227-A8DE-05230ADF4340},1335.1816437827
17936,BRADLEY DR,2,District 2,BRADLEY DR,McQueen St,Oak Forest Dr,15803.06,219.78,23,860,0.16,Completed,2013,2013/08/22 00:00:00+00,HISTORY,Utility,Alexander Sealcoating,0,,,,,{D9591A92-0569-42BB-B02B-F092F0CF863A},830.38309635933
17937,OAK FOREST DR,2,District 2,OAK FOREST DR,124 Oak Forest St,Dead End,28665.97,398.67,23,1560,0.3,Completed,2013,2013/08/14 00:00:00+00,HISTORY,Utility,Alexander Sealcoating,0,,,,,{9F6F8020-F4D9-4ED8-9FB5-B123E15B79EC},1600.17147001745
17938,CATER DR,4,District 4,CATER DR,Rush Dr,Dead End,22370.05,311.11,28,1000,0.19,Completed,2016,2016/06/16 00:00:00+00,HISTORY,Utility,Alexander Sealcoating,0,,,,,{DDFD45A4-AB81-47C5-992E-4E856705CCFD},1083.13789897215
17939,E LINDA CIR,4,District 4,E LINDA CIR,W Linda Cir,Linda Ln,15659.29,217.78,28,700,0.13,Completed,2016,2016/06/27 00:00:00+00,HISTORY,Utility,Alexander Sealcoating,0,,,,,{EC5DE7F3-CD07-4F15-B3C7-E616FBD0C5DC},700.159404598736
17940,GREEN LEAF DR,4,District 4,GREEN LEAF DR,436 Green Leaf Dr,Dead End,13981.23,194.44,28,625,0.13,Completed,2016,2016/06/15 00:00:00+00,HISTORY,Utility,Alexander Sealcoating,0,,,,,{0A27C2CC-0BB4-4C1A-B839-93E92E55B25C},1384.43877011435
17941,LINDA LN,4,District 4,LINDA LN,Rush Dr,Greensboro Dr,24606.99,342.22,28,1100,0.21,Completed,2016,2016/06/01 00:00:00+00,HISTORY,Utility,Alexander Sealcoating,0,,,,,{F65760C4-0A0B-4EFD-9018-D17C775F3112},1113.29066059506
17942,NEWBURY LN,4,District 4,NEWBURY LN,Linda Ln,Jeffrey Dr,20372.56,283.33,28,850,0.16,Completed,2016,2016/06/27 00:00:00+00,HISTORY,Utility,Alexander Sealcoating,0,,,,,{05D7AB58-3FAF-4F82-9F3B-DFBFA0D942AB},868.698252910465
17943,W LINDA CIR,4,District 4,W LINDA CIR,Linda Ln,E Linda Cir,15659.25,217.78,28,700,0.13,Completed,2016,2016/06/27 00:00:00+00,HISTORY,Utility,Alexander Sealcoating,0,,,,,{8E316EA3-78C6-4F37-AEA9-729BD1B3F7D7},664.474580168208
17944,BARBY RD,4,District 4,BARBY RD,Kingswood Rd,Bitford Way,12495.48,173.78,34,460,0.09,Completed,2016,2016/09/12 00:00:00+00,HISTORY,Utility,Alexander Sealcoating,0,,,,,{ED7E975E-7C03-4BC2-A51F-4E5972DE5584},349.538627171422
17945,BITFORD WAY,4,District 4,BITFORD WAY,Mobile Hwy,Upton Rd,58721.84,816.67,28,2625,0.5,Completed,2016,2016/09/12 00:00:00+00,HISTORY,Utility,Alexander Sealcoating,0,,,,,{604F1EDB-3B9A-4704-B2DE-3900DAA4BA76},2706.44591778733
17946,CHIPPING TER,4,District 4,CHIPPING TER,Upton Rd,Winderton Dr,18455.6,256.67,28,825,0.16,Completed,2016,2016/09/12 00:00:00+00,HISTORY,Utility,Alexander Sealcoating,0,,,,,{5F7F1571-083B-4993-8236-3ED74F6AD9BE},861.625114507817
17947,HATTON AVE,4,District 4,HATTON AVE,Sherwood Apts,Kingswood Rd,20133.12,280,28,900,0.17,Completed,2016,2016/09/12 00:00:00+00,HISTORY,Utility,Alexander Sealcoating,0,,,,,{48DA2ECF-6DC0-4262-A583-CF18FEEF3255},957.307892263255
17948,KINGSWOOD RD,4,District 4,KINGSWOOD RD,Mobile Hwy,Dead End,52793.35,734.22,28,2360,0.45,Completed,2016,2016/09/12 00:00:00+00,HISTORY,Utility,Alexander Sealcoating,0,,,,,{E68C37CA-7494-4309-8010-8D1E0893D762},2444.69756888328
17949,UPTON RD,4,District 4,UPTON RD,Winderton Dr,Kingswood Rd,72702.85,1011.11,28,3250,0.62,Completed,2016,2016/09/12 00:00:00+00,HISTORY,Utility,Alexander Sealcoating,0,,,,,{207EF4B3-BA04-4DAA-9916-E99A87F467D0},3279.65420264016
17950,WINDERTON DR,4,District 4,WINDERTON DR,Bitford Way,Dead End,48095.87,668.89,28,2150,0.41,Completed,2016,2016/09/12 00:00:00+00,HISTORY,Utility,Alexander Sealcoating,0,,,,,{305730EA-3115-4C7C-87C7-674A4474AF99},2177.37576738286
17951,BEACON DR,4,District 4,BEACON DR,Lawnwood Dr,Dead End,2236.93,31.11,28,100,0.02,Completed,2016,2016/05/20 00:00:00+00,HISTORY,Utility,Alexander Sealcoating,0,,,,,{97D7DF54-28CE-4CDE-9017-A6FFAB3EFD4F},144.861761315531
17952,CRESTMONT DR,4,District 4,CRESTMONT DR,Lawnwood Dr,Dead End,2236.93,31.11,28,100,0.02,Completed,2016,2016/05/27 00:00:00+00,HISTORY,Utility,Alexander Sealcoating,0,,,NPJACKSON,2020/10/28 19:26:44+00,{E4211CF8-7B4E-4E61-8698-B85AB4A39BDD},144.101550671357
17953,E LAWNWOOD DR,4,District 4,E LAWNWOOD DR,Dead End,Dead End,24159.74,336,28,1080,0.2,Completed,2016,2016/05/09 00:00:00+00,HISTORY,Utility,Alexander Sealcoating,0,,,,,{80A391CF-140F-4777-A6BD-98F13F8A4B08},1084.13922140477
17954,GREEN MEADOW DR,4,District 4,GREEN MEADOW DR,Dead End,Dead End,18567.05,258.22,28,850,0.16,Completed,2016,2016/05/09 00:00:00+00,HISTORY,Utility,Alexander Sealcoating,0,,,,,{6631C5A7-E9EA-40A7-A59A-40ED202D2B0C},854.933550018143
17955,LAWNWOOD CT,4,District 4,LAWNWOOD CT,E Lawnwood Dr,Dead End,10625.97,147.78,28,475,0.09,Completed,2016,2016/05/09 00:00:00+00,HISTORY,Utility,Alexander Sealcoating,0,,,,,{272318ED-DAE6-4C85-A5D0-5F87673B8E37},358.285789144209
17956,LAWNWOOD DR,4,District 4,LAWNWOOD DR,Thornwood Dr,Woodcrest Dr,81091.89,1127.78,28,3625,0.69,Completed,2016,2016/05/01 00:00:00+00,HISTORY,Utility,Alexander Sealcoating,0,,,,,{E3F70D43-1B70-4F5D-8C18-6E812C41CC0D},3624.8748254189
17957,SUNNYBROOK DR,4,District 4,SUNNYBROOK DR,E Lawnwood Dr,Dead End,59280.53,824.44,28,2650,0.5,Completed,2016,2016/05/01 00:00:00+00,HISTORY,Utility,Alexander Sealcoating,0,,,,,{B90C09A7-C81A-443B-8FCC-942937041A20},2661.86600687858
17958,THORNWOOD DR,4,District 4,THORNWOOD DR,Dead End,Dead End,19014.29,264.44,28,850,0.16,Completed,2016,2016/05/20 00:00:00+00,HISTORY,Utility,Alexander Sealcoating,0,,,,,{A4D60C78-4502-4205-BF0E-A5A0C1338489},841.57030177104
17959,WOODCREST DR,4,District 4,WOODCREST DR,Selma Hwy,Yorkshire Dr,44333.13,616.56,31,1790,0.34,Completed,2016,2016/05/20 00:00:00+00,HISTORY,Utility,Alexander Sealcoating,0,,,,,{DBC31CFE-9652-417A-8323-13D1B9C01AD4},2917.53812722244
17960,YORKSHIRE DR,4,District 4,YORKSHIRE DR,Sunnybrook Dr,Thornwood Dr,58162.43,808.89,28,2600,0.49,Completed,2016,2016/05/20 00:00:00+00,HISTORY,Utility,Alexander Sealcoating,0,,,,,{85DD9377-B09F-45CD-BDF5-3E2827E56FA8},1628.97069746841
17961,COUNTRY CHURCH RD,8,District 8,COUNTRY CHURCH RD,Royal Carriage Dr,N Watermill Rd,15099.84,210,28,675,0.13,Completed,2016,2016/07/05 00:00:00+00,HISTORY,Utility,Alexander Sealcoating,0,,,,,{AFA67231-5EED-445A-843F-CCDB067D9D32},655.974650704961
17962,RUSH DR,4,District 4,RUSH DR,Green Leaf Dr,Southlawn Dr,34673.55,482.22,28,1550,0.29,Completed,2016,2016/06/27 00:00:00+00,HISTORY,Utility,Alexander Sealcoating,0,,,,,{A0A0002C-AB7F-4F32-B814-6222EE7ABB6D},1566.30520988999
17963,SOUTHLAWN DR,4,District 4,SOUTHLAWN DR,Greensboro Dr,I-65,35312.77,491.11,34,1300,0.25,Completed,2016,2016/06/27 00:00:00+00,HISTORY,Utility,Alexander Sealcoating,0,,,,,{CF4D1BAD-14A1-4FF5-B5FF-FB76949BA0E0},2271.31063521762
17964,BANKHEAD AVE,7,District 7,BANKHEAD AVE,Woodley rd,E Edgemont Ave,46737.6,650,30,1950,0.37,Completed,2015,2015/05/12 00:00:00+00,HISTORY,Utility,Alexander Sealcoating,0,,,,,{B022389D-7B95-4AF5-9B19-A926360272FE},1984.78507595125
17965,ARGYLE RD,6,District 6,ARGYLE RD,Endicott Dr,Dorchester Dr,36134.78,502.5,27,1675,0.32,Completed,2018,2018/09/01 00:00:00+00,HISTORY,Utility,Alexander Sealcoating,0,,,,,{44E6ADF0-A599-410B-802F-5FC7CEDE549C},1678.25323147369
17966,BALDWIN BROOK DR,6,District 6,BALDWIN BROOK DR,Dorchester Dr,Endicott Dr,55146.98,766.89,34,2030,0.39,Completed,2018,2018/09/01 00:00:00+00,HISTORY,Utility,Alexander Sealcoating,0,,,,,{64D731B0-10FB-4E88-9DAC-B115556E7AB7},2000.51755849578
17967,FORSYTH LN,6,District 6,FORSYTH LN,Endicott Dr,Dorchester Dr,28044.9,390,27,1300,0.25,Completed,2018,2018/09/01 00:00:00+00,HISTORY,Utility,Alexander Sealcoating,0,,,,,{94C758C7-7AC1-4BA1-8C8C-6B00EB5A501B},1323.12015754038
17968,HOLCOMBE ST,7,District 7,HOLCOMBE ST,Mildred St,Clayton St,25805.63,358.89,38,850,0.16,Completed,2018,2018/02/06 00:00:00+00,HISTORY,Utility,Alexander Sealcoating,0,,,,,{0D978E9D-257D-40EE-ACD6-9274A2AD1258},914.824279640685
17969,MILDRED ST,7,District 7,MILDRED ST,Caroline St,Holcombe St,16697.55,232.22,38,550,0.1,Completed,2018,2018/02/06 00:00:00+00,HISTORY,Utility,Alexander Sealcoating,0,,,,,{BFDC1F8D-668C-4CDE-856A-41A07C833149},478.47895450978
17970,N LAWRENCE ST,3,District 3,N LAWRENCE ST,Madison Ave,Randolph St,45699.31,635.56,52,1100,0.21,Completed,2017,2017/05/17 00:00:00+00,HISTORY,Utility,Alexander Sealcoating,0,,,,,{CD6635AC-5231-4FA7-B846-4C51A23236E6},1217.43383098427
17971,ARROWLEAF RD,1,District 1,ARROWLEAF RD,Old Barn Rd,Whistlewood Dr,17256.96,240,32,675,0.13,Completed,2018,2018/08/31 00:00:00+00,HISTORY,Utility,Alexander Sealcoating,0,,,,,{31DF10F9-3115-42FF-872C-B0031A6949DE},673.881299141394
17972,FOREST EDGE LN,1,District 1,FOREST EDGE LN,Whistlewood Rd,7573 Forest Edge Ln,33235.47,462.22,32,1300,0.25,Completed,2018,2018/08/31 00:00:00+00,HISTORY,Utility,Alexander Sealcoating,0,,,,,{8D450E37-DEAB-47CF-A0BC-43A091DEE8A8},1455.20752488434
17973,OLD BARN RD,1,District 1,OLD BARN RD,Old Forest Rd,Arrowleaf Rd,63403.51,881.78,32,2480,0.47,Completed,2018,2018/08/31 00:00:00+00,HISTORY,Utility,Alexander Sealcoating,0,,,,,{80CF39E7-8645-4882-827D-8612D3AC84F3},2445.26493424656
17974,OLD FOREST RD,1,District 1,OLD FOREST RD,Old Pump Rd,Old Barn Rd,33235.47,462.22,32,1300,0.25,Completed,2018,2018/08/31 00:00:00+00,HISTORY,Utility,Alexander Sealcoating,0,,,,,{77BDF4B5-A1CC-473E-98B3-2270BB8295BD},967.218327130427
17975,WHISTLEWOOD RD,1,District 1,WHISTLEWOOD RD,Arrowleaf Rd,Forest Edge Ln,19429.9,270.22,32,760,0.14,Completed,2018,2018/08/31 00:00:00+00,HISTORY,Utility,Alexander Sealcoating,0,,,,,{32D1FBB5-19F5-4D9F-86D1-ED768977CED6},750.823256268642
17976,MCDOWELL LEE LN,3,District 3,MCDOWELL LEE LN,N Ripley St,N Union St,9760.05,172.5,46,450,0.01,Completed,2017,2017/09/01 00:00:00+00,HISTORY,Utility,Alexander Sealcoating,0,,,,,{C401A88C-BBE1-4AA3-9BB1-2E7C89C84F09},482.107752913693
17977,N RIPLEY ST,3,District 3,N RIPLEY ST,Madison Ave,Washington Ave,19737.46,348.84,41,1021,0.2,Completed,2017,2017/09/01 00:00:00+00,HISTORY,Utility,Alexander Sealcoating,0,,,,,{56E70E5F-6432-43D0-9434-74E55A221166},1237.7201665701
17978,ROQUEMORE ST,4,District 4,ROQUEMORE ST,Hunter Loop Rd,Anthony St,46490.25,646.56,23,2530,0.48,Completed,2018,2018/07/02 00:00:00+00,HISTORY,Utility,Alexander Sealcoating,0,,,,,{B874C00A-3AC7-457B-ADF3-FFF9882A6471},2841.13643790914
17979,ZELDA RD,7,District 7,ZELDA RD,Spruce St,Carter Hill Rd,169548.63,2640,48,6000,1.14,Completed,2019,2019/06/20 00:00:00+00,HISTORY,City,City of Montgomery,0,,,,,{6E2F68CA-3397-42E5-86DF-79A8B06160AC},6523.1060675907
17980,BROOKSTONE CT,9,District 9,BROOKSTONE CT,Brookstone Dr,End,12604.05216,175.29,30,601,0.11382576,Completed,2019,2019/07/25 00:00:00+00,HISTORY,City,City of Montgomery,1.38516746,,,,,{3D88C9C3-05FF-4CF5-820B-BB8D2CD8BB9E},236.366130667557
17981,NARROW LANE PKWY,5,District 5,NARROW LANE PKWY,Narrow Lane Rd,End,11577.51,161,28,460,0.09,Completed,2019,2019/07/24 00:00:00+00,HISTORY,City,,0,,,,,{08EEB648-19AB-4F85-AD8E-0A7B4270A486},309.816694295465
17982,FOX LEIGH CT,8,District 8,FOX LEIGH CT,Young Meadows Rd,End,14022.45,195,27,650,0.13,Completed,2019,2019/07/25 00:00:00+00,HISTORY,City,City of Montgomery,0,,,,,{061CB8B6-AEDE-4972-AB03-ADB9777B2028},573.255083417413
17983,S HULL ST,3,District 3,S HULL ST,Washington Ave,High St,49186.44,684,38,1620,0.31,Completed,2019,2019/08/27 00:00:00+00,HISTORY,City,,3,,,,,{C9F9D8DF-FE5A-4FC9-8745-76ECD62BA9C5},1633.70039157819
17984,CARMICHAEL CT N,5,District 5,CARMICHAEL CT N,Carmichael Rd,End,12673.08,176.25,28,480,0.21,Completed,2020,2020/04/09 00:00:00+00,HISTORY,City,,3,,,NPJACKSON,2020/10/06 13:47:14+00,{B1C007E0-9E96-48A1-A097-CC77CBDFBB53},337.21210989048
17985,E THIRD ST,7,District 7,E THIRD ST,Jean St,Spruce Curv,7997.16288,111.22,26,440.03618049,0.08334019,Completed,2020,2020/09/28 00:00:00+00,HISTORY,City,,4.39130435,,,NPJACKSON,2020/10/06 13:47:14+00,{B653BC87-4785-4768-BF70-F02739A90E51},440.036180491374
17986,PARK BLVD,5,District 5,PARK BLVD,Eastern Blvd,End,60938.64,847.5,30,2260,0.43,Completed,2020,2019/10/29 00:00:00+00,HISTORY,City,,3,,,NPJACKSON,2020/10/06 13:47:14+00,{2B921269-4634-4A41-BD89-B194A1802CE7},2297.00537638048
17987,EDWARD J NETTLES LN,4,District 4,EDWARD J NETTLES LN,Hill St,Burn St,29962.5,416.67,30,1250,0.24,Completed,2019,2019/08/22 00:00:00+00,HISTORY,City,,0,,,,,{0FE3A10F-38A6-4A2A-83E5-F9C4DA40DADB},1357.81992068974
17988,MOBILE RD,4,District 4,MOBILE RD,W Fairview Ave,Hickman St,10786.5,150,20,600,0.03,Completed,2019,2019/09/17 00:00:00+00,HISTORY,City,City of Montgomery,0,,,,,{B75F8609-89B1-4031-B5F3-23EE8CBF066B},418.6448048436
17989,BEARDSLEY DR,2,District 2,BEARDSLEY DR,Dalraida Rd,Edgeworth Dr,27565.5,383.33,30,1150,0.22,Completed,2020,2020/06/11 00:00:00+00,HISTORY,City,,3,,,NPJACKSON,2020/10/06 13:47:14+00,{D8B1A6E6-D96D-4A6D-99A1-B1A8BF4205AB},1178.78533142203
17990,HUNTER ST,4,District 4,HUNTER ST,Washington Ferry Rd,End,12464.4,173.33,24,650,0.12310606,Completed,2019,2019/09/17 00:00:00+00,HISTORY,City,City of Montgomery,3.22222222,,,,,{1F714855-1C8F-4527-B997-DED0BCB13A2C},639.808327985171
17991,HARVEST RIDGE DR,8,District 8,HARVEST RIDGE DR,Plantation Crossing,Plantation Crossing,51415.65,715,33,1950,0.37,Completed,2020,2020/06/30 00:00:00+00,HISTORY,City,,3,,,NPJACKSON,2020/10/06 13:47:14+00,{9BB841E9-0486-4591-8C01-3B8F09E42DB4},1945.96008020762
17992,MOYE DR,1,District 1,MOYE DR,Marquette Dr,Larkin Ln,12704.1,176.67,30,530,0.1,Completed,2020,2020/05/14 00:00:00+00,HISTORY,City,,3,,,NPJACKSON,2020/10/06 13:47:14+00,{289AB895-4FE2-427E-B3D3-C3649C33A981},436.670250982821
17995,BIBB ST,3,District 3,BIBB ST,Coosa St,Parking Deck,5880.64,40.89,23,160,0.03,Completed,2020,2020/05/05 00:00:00+00,HISTORY,Utility,City of Montgomery,0,,,NPJACKSON,2020/10/28 20:19:06+00,{17FD0056-0E18-4043-801B-30731CAF1B1B},265.564752592485
17996,COOSA ST,3,District 3,COOSA ST,Bibb St,Market Plaza,18281.12,127.11,26,440,0.09,Completed,2020,2020/05/06 00:00:00+00,HISTORY,Utility,,0,,,NPJACKSON,2020/10/06 13:47:14+00,{3DCAC9B1-40B4-4B7C-BA78-17202D1FFBB3},470.469120310875
18000,HOUSTON ST,3,District 3,HOUSTON ST,S Jackson St,S Hillard St,11505.6,160,36,400,0.08,Completed,2020,2020/01/30 00:00:00+00,HISTORY,City,City of Montgomery,3,,,NPJACKSON,2020/10/06 13:47:14+00,{D9F24126-6C09-4FBC-BEC8-731715E89D09},443.376520782918
18001,N JACKSON ST,3,District 3,N JACKSON ST,Monroe St,Pelham St,18216.96,253.33,38,600,0.12,Completed,2020,2020/03/24 00:00:00+00,HISTORY,City,City of Montgomery,3,,,NPJACKSON,2020/10/06 13:47:14+00,{A282DAF4-2137-4875-8319-EEA654077C01},558.731598504483
18006,MONROE ST,3,District 3,MONROE ST,H Hilliard St,N Ripley St,28764,400,40,900,0.17,Completed,2020,2020/04/01 00:00:00+00,HISTORY,City,City of Montgomery,3.38974359,,,NPJACKSON,2020/10/06 13:47:14+00,{42142679-9866-4335-BA48-33AF6CF1763D},905.725273247041
18009,WATERS EDGE,1,District 1,WATERS EDGE,Old Barn Rd,End,23071.13,320.83,30,1100,0.21,Completed,2020,2020/04/22 00:00:00+00,HISTORY,City,City of Montgomery,0,,,NPJACKSON,2020/10/06 13:47:14+00,{E5F033F0-BA8D-4D21-AE73-CE4F4509E947},1162.28019962066
18409,RED OAK CT,1,District 1,RED OAK CT,Dead End,Dead End,28314.56,393.75,30,1350,0.26,Completed,2020,2020/04/30 00:00:00+00,HISTORY,City,,0,,,NPJACKSON,2020/10/06 13:47:14+00,{2D757B95-22DF-4098-9FBF-7D0DF3046EDE},938.924406321446
18809,ROCK ROSE CT,1,District 1,ROCK ROSE CT,Countryside Ln,End,4865.74,67.67,29,240,0.05,Completed,2021,2021/07/22 00:00:00+00,HISTORY,City,,0,,,NPJACKSON,2021/10/12 20:43:33+00,{D38C5AD7-78F7-4901-B833-000548F7E1AD},239.574366288873
19224,OLD SELMA RD,4,District 4,OLD SELMA RD,West Blvd,Birmingham Hwy,171059.62,2379,27,7930,1.5,Completed,2021,2020/10/22 00:00:00+00,HISTORY,City,,0,,,NPJACKSON,2021/10/12 20:43:33+00,{6EC73B30-9B0C-4D3D-83A7-AE50CA002F4F},7633.19751671682
20409,SANDY CREEK TRL,1,District 1,SANDY CREEK TRL,Forest Edge Ln,Dead End,9228.45,128.33,28,500,0.1,Completed,2020,2020/03/30 00:00:00+00,HISTORY,City,City of Montgomery,0,,,NPJACKSON,2020/10/06 13:47:14+00,{6784D2BF-82FF-4665-83A4-F983D4F35F76},522.590002876437
20810,HUNTER LOOP RD,4,District 4,HUNTER LOOP RD,,,102351.9,1423.33,24,1600,1.16,Completed,2020,2020/04/02 00:00:00+00,HISTORY,City,City of Montgomery,0,,,NPJACKSON,2020/10/06 13:47:14+00,{591A9C35-F0AB-497A-A3D4-8F632C202992},10541.3457301136
21210,EASTCHASE PKWY,9,District 9,EASTCHASE PKWY,Taylor Rd,Chantilly Pkwy,95057.03,1294.08,35,3803,0.72,Completed,2020,2020/04/15 00:00:00+00,HISTORY,City,City of Montgomery,0,,,NPJACKSON,2020/10/06 13:47:14+00,{4ED5E8EC-7AC1-4664-94E7-34EF957D5E93},14025.733360845
21231,BROWN SPRINGS RD,9,District 9,BROWN SPRINGS RD,ATLANTA HWY,AUM DR,100050.43,2122,,3702,0.70112178,Completed,2013,2012/10/17 00:00:00+00,HISTORY,City,,0,,,NPJACKSON,2020/05/12 16:27:42+00,{224437CC-1853-4BC7-9F75-696100A2C255},3702.80589940101
21236,STROLL DR,1,District 1,STROLL DR,HINCHCLIFF RD,PINEBROOK DR,8512.96,181,,736,0.13939104,Completed,2013,2012/11/13 00:00:00+00,HISTORY,City,,0,,,NPJACKSON,2020/05/12 16:27:42+00,{A142A977-2E7F-4ADF-B3D7-4EA020A9FB08},736.423696272141
21237,INTERVALE RD,1,District 1,INTERVALE RD,PINEBROOK DR,HINCHCLIFF RD,14773.98,313,,1106,0.20946534,Completed,2013,2012/11/14 00:00:00+00,HISTORY,City,,0,,,NPJACKSON,2020/05/12 16:27:42+00,{37593DE4-341C-47E5-AB83-47C405BB0F48},1106.61394353696
21240,QUERCUS ST,1,District 1,QUERCUS ST,WARES FERRY RD,PLACID DR,4116.2,87,,339,0.06420321,Completed,2013,2012/11/15 00:00:00+00,HISTORY,City,,0,,,NPJACKSON,2020/05/12 16:27:42+00,{FB349AA8-E2B9-453A-8812-ECD19EC40F57},339.205568480524
21241,YATES CT,1,District 1,YATES CT,PINEBROOK DR,END,4815.9,102,,189,0.03579471,Completed,2013,2012/11/15 00:00:00+00,HISTORY,City,,0,,,NPJACKSON,2020/05/12 16:27:42+00,{5CF869A9-2046-4C71-9E35-939B06EB3D95},189.949465609832
21242,TECUMSEH DR,1,District 1,TECUMSEH DR,SEMINOLE DR,END,35645.87,756,,2960,0.5605944,Completed,2013,2013/01/10 00:00:00+00,HISTORY,City,,0,,,NPJACKSON,2020/05/12 16:27:42+00,{C42BECDD-3D4D-4D4E-BD40-04291869C6E4},2960.710118093
21250,HAMBLETON CT,1,District 1,HAMBLETON CT,TAYLOR RD NORTH,END,11015.66,234,,620,0.1174218,Completed,2013,2013/01/10 00:00:00+00,HISTORY,City,,0,,,NPJACKSON,2020/05/12 16:27:42+00,{D6314F9B-609D-4D57-9BA5-72490A2C8A5F},620.682477399734
21251,CLOVER FIELD RD,9,District 9,CLOVER FIELD RD,IVY CHASE LOOP,END,8522.36,181,,571,0.10814169,Completed,2013,2013/02/06 00:00:00+00,HISTORY,City,,0,,,NPJACKSON,2020/05/12 16:27:42+00,{35B0B16D-87FE-4AA5-A8CF-DCD853EB6EB4},571.906128506718
21253,PRINCETON RD,7,District 7,PRINCETON RD,BERKLEY DR,E PATTON AVE,12362.26,262,,942,0.17840538,Completed,2013,2013/02/14 00:00:00+00,HISTORY,City,,0,,,NPJACKSON,2020/05/12 16:27:42+00,{E92B283C-4AA2-4261-A050-A07F1C969D54},942.261921852282
21255,HEATHERMOORE LOOP,9,District 9,HEATHERMOORE LOOP,WIMBERLY LN,END,10241.92,217,,3703,0.70131117,Completed,2013,2013/02/20 00:00:00+00,HISTORY,City,,0,,,NPJACKSON,2020/05/12 16:27:42+00,{AC7A749F-C050-4C86-9F38-C761FED7E939},3703.11455183737
21259,LENOX CT,9,District 9,LENOX CT,CHAPPELLE LN,END,4510.84,96,,147,0.02784033,Completed,2013,2013/02/20 00:00:00+00,HISTORY,City,,0,,,NPJACKSON,2020/05/12 16:27:42+00,{2EC9F753-2A6D-4139-80A4-A4D28B4CE2DE},147.268947183908
21260,SANSONE RD,8,District 8,SANSONE RD,EDINBURGH DR,END,14550.02,309,,1419,0.26874441,Completed,2013,2013/02/24 00:00:00+00,HISTORY,City,,0,,,NPJACKSON,2020/05/12 16:27:42+00,{6E977DE4-C7DC-4B16-B08E-A926521B1728},1419.54096603391
21264,THISTLEWOOD CT,9,District 9,THISTLEWOOD CT,HALCYON DR,END,6453.42,137,,326,0.06174114,Completed,2013,2013/02/27 00:00:00+00,HISTORY,City,,0,,,NPJACKSON,2020/05/12 16:27:42+00,{E89B534B-60FC-4DDD-9537-3D1AA8152436},326.225389098686
21265,PARKVIEW DR S,9,District 9,PARKVIEW DR S,HALCYON BLVD,HALCYON PARK DR,100965.13,2141,,3558,0.67384962,Completed,2013,2013/03/14 00:00:00+00,HISTORY,City,,0,,,NPJACKSON,2020/05/12 16:27:42+00,{CEFD364F-60AB-485C-8D0C-E187D2F214D4},3558.27514699292
21276,BURBANK CT,2,District 2,BURBANK CT,N BURBANK DR,END,2795.99,59,,228,0.04318092,Completed,2013,2013/03/18 00:00:00+00,HISTORY,City,,0,,,NPJACKSON,2020/05/12 16:27:42+00,{41EC463A-DF94-45F9-AA58-1D5F8CD85879},228.811769762306
21277,NETTIE CIR,2,District 2,NETTIE CIR,SANDERS LN,UPBUILDERS LN,10737.52,228,,685,0.12973215,Completed,2013,2013/03/27 00:00:00+00,HISTORY,City,,0,,,NPJACKSON,2020/05/12 16:27:42+00,{17B18678-666C-4DA0-959A-5DA177223DCB},685.218102447493
21278,UPBUILDERS LN,2,District 2,UPBUILDERS LN,SANDERS LN,END,2861.06,61,,877,0.16609503,Completed,2013,2013/03/27 00:00:00+00,HISTORY,City,,0,,,NPJACKSON,2020/05/12 16:27:42+00,{A5B5CAC9-F8D5-48DA-990E-6FFD0C0EE0D0},877.381492100477
21280,HENDRICKS CIR,2,District 2,HENDRICKS CIR,SANDERS LN,SANDERS LN,20731.95,440,,2250,0.4261275,Completed,2013,2013/04/02 00:00:00+00,HISTORY,City,,0,,,NPJACKSON,2020/05/12 16:27:42+00,{997E782C-A316-44B0-B481-BAA73D237C4E},2250.70823362377
21285,OLD WETUMPKA HWY,2,District 2,OLD WETUMPKA HWY,BROOKS RD,CITY LIMIT,29034.97,616,,2325,0.44033175,Completed,2013,2013/04/02 00:00:00+00,HISTORY,City,,0,,,NPJACKSON,2020/05/12 16:27:42+00,{FFF08084-DB5D-4511-BB8D-AA42F0E42657},2325.46760292218
21289,GEORGE TODD DR,2,District 2,GEORGE TODD DR,PLANTATION WAY,END,8541.69,181,,557,0.10549023,Completed,2013,2013/04/04 00:00:00+00,HISTORY,City,,0,,,NPJACKSON,2020/05/12 16:27:42+00,{F0AF8894-E293-46A8-B48B-7A7020F5DE41},557.457823571582
21290,WILDERNESS WAY,3,District 3,WILDERNESS WAY,NORTH PASS RD,END,2731.4,58,,154,0.02916606,Completed,2013,2013/04/09 00:00:00+00,HISTORY,City,,0,,,NPJACKSON,2020/05/12 16:27:42+00,{9FECE963-976D-4FAC-BACD-A736C111BE57},154.992837473525
21291,NORTH PASS RD,3,District 3,NORTH PASS RD,ALABAMA RIVER PKWY,END,7005.07,149,,612,0.11590668,Completed,2013,2013/04/10 00:00:00+00,HISTORY,City,,0,,,NPJACKSON,2020/05/12 16:27:42+00,{1112868C-EE14-4115-B27D-FD2782467473},612.33359921082
21293,PLUM ST,3,District 3,PLUM ST,RYAN ST,PUTNAM ST,31204.81,662,,1817,0.34412163,Completed,2013,2013/04/15 00:00:00+00,HISTORY,City,,0,,,NPJACKSON,2020/05/12 16:27:42+00,{73EB3DB6-8425-4A41-9897-2D0426D5FF34},1817.54138045645
21298,VONORA AVE,3,District 3,VONORA AVE,MADISON AVE,UPPER WETUMPKA RD,13749.88,1663,,1108,0.20984412,Completed,2013,2013/04/23 00:00:00+00,HISTORY,City,,0,,,NPJACKSON,2020/05/12 16:27:42+00,{64A400E6-59F1-45FC-982B-FF308DB57CC3},1108.38474394029
21300,CHRISTY LN,6,District 6,CHRISTY LN,CHERRY HILL RD,END,5896.11,125,,445,0.08427855,Completed,2013,2013/05/01 00:00:00+00,HISTORY,City,,0,,,NPJACKSON,2020/05/12 16:27:42+00,{E4D7F55C-ABD9-449B-BF17-69B9C2A0472A},445.073762596255
21636,CROSS CREEK CT,6,District 6,CROSS CREEK CT,NARROW LANE RD,END,4715.48,100,,494,0.09355866,Completed,2013,2013/05/01 00:00:00+00,HISTORY,City,,0,NPJACKSON,2020/05/05 16:54:37+00,NPJACKSON,2020/05/12 16:27:42+00,{4B199642-F79F-4B21-8034-D6847B8E5DC7},494.494641405276
21637,GARDEN HOMES CIR,6,District 6,GARDEN HOMES CIR,ROSEDON DR,END,14739.11,313,,1113,0.21079107,Completed,2013,2013/05/02 00:00:00+00,HISTORY,City,,0,NPJACKSON,2020/05/05 17:13:37+00,NPJACKSON,2020/05/12 16:27:42+00,{420D9E51-808B-4A50-887D-635917BC1D40},1113.3850849543
21640,HOME PL,6,District 6,HOME PL,ELSMEADE DR,END,3720.14,79,,178,0.03371142,Completed,2013,2013/05/07 00:00:00+00,HISTORY,City,,0,NPJACKSON,2020/05/05 17:16:58+00,NPJACKSON,2020/05/12 16:27:42+00,{C2FE7EDF-577D-45D8-9458-B77C08AA41FC},178.140841295021
21641,MANSFIELD DR,6,District 6,MANSFIELD DR,SPRING PARK DR,END,1881.29,40,,150,0.0284085,Completed,2013,2013/05/07 00:00:00+00,HISTORY,City,,0,NPJACKSON,2020/05/05 17:27:00+00,NPJACKSON,2020/05/12 16:27:42+00,{33EE8395-FEE1-487A-B074-C2D553C8137F},150.888356354254
21642,STALLINGS DR,6,District 6,STALLINGS DR,SPRING PARK DR,END,1875.16,40,,148,0.02802972,Completed,2013,2013/05/07 00:00:00+00,HISTORY,City,,0,NPJACKSON,2020/05/05 17:30:19+00,NPJACKSON,2020/05/12 16:27:42+00,{F97A137C-4E9E-43E5-9661-84139CBFACFB},148.706023313662
21643,SPRING PARK DR,6,District 6,SPRING PARK DR,NEESE DR,END,14127.55,300,,1067,0.20207913,Completed,2013,2013/05/08 00:00:00+00,HISTORY,City,,0,NPJACKSON,2020/05/05 18:37:19+00,NPJACKSON,2020/05/12 16:27:42+00,{FB5C3EEF-CE1F-4DFC-8C8D-C7C0133BBE8A},1067.52481036825
21649,COACHMAN RD,8,District 8,COACHMAN RD,OAK SHADOW LN,END,15604.29,331,,429,0.08124831,Completed,2013,2013/05/08 00:00:00+00,HISTORY,City,,0,NPJACKSON,2020/05/05 18:40:41+00,NPJACKSON,2020/05/12 16:27:42+00,{29FF9ACC-269D-40BC-9EC1-AB245D685EC0},429.304330174316
21650,TELSIE LN,6,District 6,TELSIE LN,SPRING PARK DR,END,825.13,18,,146,0.02765094,Completed,2013,2013/05/13 00:00:00+00,HISTORY,City,,0,NPJACKSON,2020/05/05 18:42:53+00,NPJACKSON,2020/05/12 16:27:42+00,{DE6B3D42-E145-43D0-9862-6B341D52C73C},146.366234765688
21651,COMO CT,5,District 5,COMO CT,OXMOOR LN,END,6673.61,142,,306,0.05795334,Completed,2013,2013/05/14 00:00:00+00,HISTORY,City,,0,NPJACKSON,2020/05/05 18:50:12+00,NPJACKSON,2020/05/12 16:27:42+00,{E700134F-9337-4FAC-A7AC-CE2E3B93F40C},306.898001974101
21652,MCCAMPBELL DR,5,District 5,MCCAMPBELL DR,COTTINGHAM DR,SHAMROCK LN,11527.7,,,834,0.15795126,Completed,2013,2013/05/14 00:00:00+00,HISTORY,City,,0,NPJACKSON,2020/05/05 18:52:17+00,NPJACKSON,2020/05/12 16:27:42+00,{F48F9C63-661C-499C-8E5D-2C139C00E153},834.807221053416
21653,JOHN MORRIS AVE,5,District 5,JOHN MORRIS AVE,NORMAN BRIDGE RD,MOSE HARRIS ST,17237.09,366,,2307,0.43692273,Completed,2013,2013/05/15 00:00:00+00,HISTORY,City,,0,NPJACKSON,2020/05/05 19:11:13+00,NPJACKSON,2020/05/12 16:27:42+00,{9C79707C-C3C1-432B-A039-3C59418592B7},2307.78369387104
21654,MOSE HARRIS ST,5,District 5,MOSE HARRIS ST,JOHN MORRIS AVE,MARTIN PATTON ST,2798.35,59,,230,0.0435597,Completed,2013,2013/05/15 00:00:00+00,HISTORY,City,,0,NPJACKSON,2020/05/05 19:14:32+00,NPJACKSON,2020/05/12 16:27:42+00,{34AEF4A3-8D46-4209-82F0-A1EE6F65BA9C},230.081423846608
21655,BUSINESS PARK DR,6,District 6,BUSINESS PARK DR,TROY HWY,END,19972.48,424,,1090,0.2064351,Completed,2013,2013/05/20 00:00:00+00,HISTORY,City,,0,NPJACKSON,2020/05/05 19:19:12+00,NPJACKSON,2020/05/12 16:27:42+00,{F67C5F84-66F9-4FCC-99EC-D551A6B72BFE},1090.65340205
21658,TAYLOR CIR,9,District 9,TAYLOR CIR,TAYLOR RD,TAYLOR RD,18366.34,390,,1430,0.2708277,Completed,2013,2013/05/28 00:00:00+00,HISTORY,City,,0,NPJACKSON,2020/05/05 19:26:18+00,NPJACKSON,2020/05/12 16:27:42+00,{15EE55AD-3C26-4881-8038-29EC4D769985},1430.70462929303
21659,WILBANKS ST,4,District 4,WILBANKS ST,THOMASON AVE,END,19790.84,466,,1102,0.20870778,Completed,2014,2014/07/16 00:00:00+00,HISTORY,City,,0,NPJACKSON,2020/05/05 19:29:59+00,NPJACKSON,2020/05/12 16:27:42+00,{894B20EA-11E3-4894-9B6B-33ABED5989B4},1102.89679131176
21664,ALISON DR,6,District 6,ALISON DR,VIRGINIA LOOP DR,END,9228.19,196,,500,0.094695,Completed,2013,2013/06/04 00:00:00+00,HISTORY,City,,0,NPJACKSON,2020/05/05 19:44:55+00,NPJACKSON,2020/05/12 16:27:42+00,{46A2BA38-0225-422C-82BC-95BB36158246},500.44428474016
21665,DANBURY CIR,6,District 6,DANBURY CIR,SHERBURN RD,END,4698.03,100,,263,0.04980957,Completed,2013,2013/06/05 00:00:00+00,HISTORY,City,,0,NPJACKSON,2020/05/05 19:48:57+00,NPJACKSON,2020/05/12 16:27:42+00,{AEC29B79-1744-4B00-9242-B1F2B0CDEABB},263.058922460342
21666,WELLINGTON RD,7,District 7,WELLINGTON RD,E EDGEMONT AVE,HUBBARD ST,30052.46,637,,1820,0.3446898,Completed,2013,2013/06/06 00:00:00+00,HISTORY,City,,0,NPJACKSON,2020/05/05 20:04:18+00,NPJACKSON,2020/05/12 16:27:42+00,{B1A52A0F-69EC-4B03-910C-DC44568E0C97},1820.27308961042
21670,BELVEDERE DR,4,District 4,BELVEDERE DR,GASTON AVE,BOWMAN ST,15542.05,330,,839,0.15889821,Completed,2013,2013/06/06 00:00:00+00,HISTORY,City,,0,NPJACKSON,2020/05/05 20:09:33+00,NPJACKSON,2020/05/12 16:27:42+00,{1BED8313-8DB7-4CB2-A029-E1B78E06F324},839.035960511157
21671,KYSER CT,6,District 6,KYSER CT,TROY HWY,END,4635.32,98,,291,0.05511249,Completed,2013,2013/06/11 00:00:00+00,HISTORY,City,,0,NPJACKSON,2020/05/05 20:13:42+00,NPJACKSON,2020/05/12 16:27:42+00,{540226D5-2097-4E9A-A8B0-5C424803B199},291.595765270954
21672,THOMAS AVE,7,District 7,THOMAS AVE,PRIMROSE LN,AUGUSTA AVE,19397.02,411,,786,0.14886054,Completed,2013,2013/06/11 00:00:00+00,HISTORY,City,,0,NPJACKSON,2020/05/05 20:22:33+00,NPJACKSON,2020/05/12 16:27:42+00,{B6A16077-F237-4C5F-8B5E-9ECE1A685343},786.117142680322
21674,PROVOST AVE,6,District 6,PROVOST AVE,END,END,16771.73,356,,494,0.09355866,Completed,2013,2013/06/19 00:00:00+00,HISTORY,City,,0,NPJACKSON,2020/05/05 20:29:01+00,NPJACKSON,2020/05/12 16:27:42+00,{E43492AA-6C6B-4401-BB40-2A5475FF3EAB},494.483160779376
21676,BASSETT CT,5,District 5,BASSETT CT,BASSETT DR,END,2885.58,61,,155,0.02935545,Completed,2013,2013/06/26 00:00:00+00,HISTORY,City,,0,NPJACKSON,2020/05/05 20:40:13+00,NPJACKSON,2020/05/12 16:27:42+00,{7007002B-A10C-4EB9-911B-13EEC5677465},155.906073161923
21677,MERRIMAC CT,5,District 5,MERRIMAC CT,MERRIMAC DR,END,9140.03,194,,479,0.09071781,Completed,2013,2013/07/08 00:00:00+00,HISTORY,City,,0,NPJACKSON,2020/05/05 20:57:53+00,NPJACKSON,2020/05/13 14:37:07+00,{C384525A-66A6-48C6-BDC7-C8B6049EDA10},479.475128657701
21678,MERRIMAC DR,5,District 5,MERRIMAC DR,N COLONIAL DR,FISK RD,22364.65,474,,1613,0.30548607,Completed,2013,2013/07/09 00:00:00+00,HISTORY,City,,0,NPJACKSON,2020/05/05 21:14:44+00,NPJACKSON,2020/05/12 16:27:42+00,{FF0C291A-7324-4247-8D4C-49E2FE2A1510},1613.13964406511
21681,ROUSE RIDGE CT,5,District 5,ROUSE RIDGE CT,ROUSE RIDGE RD,END,8409.2,178,,475,0.08996025,Completed,2013,2013/07/15 00:00:00+00,HISTORY,City,,0,NPJACKSON,2020/05/05 21:26:43+00,NPJACKSON,2020/05/12 16:27:42+00,{4BA3631D-C554-4564-BA09-EF5FDDE5E9AD},475.072423669065
21682,WOODLAWN ST,7,District 7,WOODLAWN ST,BULLARD ST,BROOKS ST,10363.1,220,,1028,0.19469292,Completed,2013,2013/07/15 00:00:00+00,HISTORY,City,,0,NPJACKSON,2020/05/05 21:36:54+00,NPJACKSON,2020/05/12 16:27:42+00,{804C0DAD-A0F4-4E4C-AF2C-58769CE91917},1028.59817988519
21684,REXFORD CT,8,District 8,REXFORD CT,REXFORD RD,END,9382.85,199,,536,0.10151304,Completed,2013,2013/07/25 00:00:00+00,HISTORY,City,,0,NPJACKSON,2020/05/06 13:30:28+00,NPJACKSON,2020/05/12 16:27:42+00,{3757C555-70D7-4E4E-AA23-95E73415BFF2},536.171377552962
21685,REXFORD RD,8,District 8,REXFORD RD,WORCHESTER DR,END,22043.1,468,,942,0.17840538,Completed,2013,2013/07/29 00:00:00+00,HISTORY,City,,0,NPJACKSON,2020/05/06 13:38:16+00,NPJACKSON,2020/05/13 14:37:22+00,{97EF5B49-057F-46E4-A88E-6CD74D88989B},942.6470129372
21687,MORGAN AVE,7,District 7,MORGAN AVE,W JEFF DAVIS AVE,END,23525.96,499,,380,0.0719682,Completed,2013,2013/08/08 00:00:00+00,HISTORY,City,,0,NPJACKSON,2020/05/06 13:49:18+00,NPJACKSON,2020/05/12 16:27:42+00,{5850AE9C-5E69-45C9-BE27-50A745943B91},380.746803494599
21688,VIRGINIA AVE,7,District 7,VIRGINIA AVE,MILDRED ST,DONALDSON ST,18764.76,398,,1041,0.19715499,Completed,2013,2013/08/06 00:00:00+00,HISTORY,City,,0,NPJACKSON,2020/05/06 15:26:38+00,NPJACKSON,2020/05/12 16:27:42+00,{49C0FE93-6A9D-4B88-9A42-CF2EFB3EC59A},1041.77328053305
21689,STONE ST,7,District 7,STONE ST,MORGAN AVE,ROSA L PARKS AVE,12234.95,260,,352,0.06666528,Completed,2013,2013/08/06 00:00:00+00,HISTORY,City,,0,NPJACKSON,2020/05/06 15:29:18+00,NPJACKSON,2020/05/12 16:27:42+00,{8E60A892-6B90-4605-9EE2-9D174F287D95},352.16852403001
21690,MARY ST,4,District 4,MARY ST,HILL ST,END,4708.4,100,,185,0.03503715,Completed,2013,2013/08/08 00:00:00+00,HISTORY,City,,0,NPJACKSON,2020/05/06 15:47:08+00,NPJACKSON,2020/05/12 16:27:42+00,{179E0459-7F5B-4F2D-A42F-EE4194479E4E},185.070726630721
21691,WOODSTOCK DR,5,District 5,WOODSTOCK DR,S COURT ST,END,7088.53,150,,526,0.09961914,Completed,2013,2013/09/03 00:00:00+00,HISTORY,City,,0,NPJACKSON,2020/05/06 16:00:01+00,NPJACKSON,2020/05/12 16:27:42+00,{A83FB1DB-202E-4F2A-93D4-EEEF7CD68868},526.759286710252
21692,COLISEUM BLVD,2,District 2,COLISEUM BLVD,CONG W L DICKINSON DR,BILTMORE AVE,119100.9,2526,,5463,1.03463757,Completed,2013,2013/09/18 00:00:00+00,HISTORY,City,,0,NPJACKSON,2020/05/06 16:05:32+00,NPJACKSON,2020/05/12 16:27:42+00,{66825E5E-E070-4F33-BE98-56E3FCA839C9},5463.06353161867
21699,AARON ST,7,District 7,AARON ST,AUBURN ST,END,20959.59,444,,1682,0.31855398,Completed,2013,2013/09/19 00:00:00+00,HISTORY,City,,0,NPJACKSON,2020/05/06 16:09:03+00,NPJACKSON,2020/05/13 14:36:17+00,{BDF6B5F3-EA23-4706-A037-24A6E4771F06},1682.36368487928
21703,BROUGHTON ST,7,District 7,BROUGHTON ST,EMERSON ST,MILL ST,4753.19,101,,498,0.09431622,Completed,2013,2013/09/19 00:00:00+00,HISTORY,City,,0,NPJACKSON,2020/05/06 16:15:37+00,NPJACKSON,2020/05/12 16:27:42+00,{5FD2CC9C-97B8-4F74-8DD4-65A080F7FA68},498.828135462646
21704,FLOOD ST,7,District 7,FLOOD ST,BELVIEW ST,EDGAR D NIXON AVE,2883.23,61,,635,0.12026265,Completed,2013,2013/09/19 00:00:00+00,HISTORY,City,,0,NPJACKSON,2020/05/06 16:18:09+00,NPJACKSON,2020/05/12 16:27:42+00,{00B73D69-B974-458B-A8C6-38AF3DED2655},635.808473371573
21705,CONGRESS ST,7,District 7,CONGRESS ST,MILL ST,END,4623.52,98,,346,0.06552894,Completed,2013,2013/09/19 00:00:00+00,HISTORY,City,,0,NPJACKSON,2020/05/06 16:24:52+00,NPJACKSON,2020/05/12 16:27:42+00,{DB5CC021-925E-4107-A52E-C17EA9DDD4BB},346.230115657586
21706,DUDLEY ST,7,District 7,DUDLEY ST,W FAIRVIEW AVE,END,4746.6,101,,662,0.12537618,Completed,2013,2013/09/23 00:00:00+00,HISTORY,City,,0,NPJACKSON,2020/05/06 16:33:42+00,NPJACKSON,2020/05/12 16:27:42+00,{03FC1EE3-5906-435B-9B58-C8E9C1D42C34},662.028963604744
21708,WORCHESTER DR,8,District 8,WORCHESTER DR,REXFORD RD,END,20988.35,445,,1244,0.23560116,Completed,2013,2013/09/26 00:00:00+00,HISTORY,City,,0,NPJACKSON,2020/05/06 16:45:14+00,NPJACKSON,2020/05/12 16:27:42+00,{D147577E-44BF-4A52-A18C-4CE9158FFCF9},1244.99770792512
21711,ELDER ST,7,District 7,ELDER ST,W FAIRVIEW AVE,END,8487,180,,652,0.12348228,Completed,2014,2013/10/01 00:00:00+00,HISTORY,City,,0,NPJACKSON,2020/05/06 18:03:47+00,NPJACKSON,2020/05/12 16:27:42+00,{365998A4-E23C-49F4-B2C3-E2FC3296D795},652.752079101934
21713,SELMAN ST,7,District 7,SELMAN ST,DUDLEY ST,EDGAR D NIXON AVE,6648.15,141,,507,0.09602073,Completed,2014,2013/10/02 00:00:00+00,HISTORY,City,,0,NPJACKSON,2020/05/06 18:48:16+00,NPJACKSON,2020/05/12 16:27:42+00,{2E86C3AD-71FA-40D4-B745-3BFDAE9A7315},507.258506684813
21715,ELM ST,7,District 7,ELM ST,CRAIG ST,ROSA L PARKS AVE,5610.85,119,,462,0.08749818,Completed,2014,2013/10/07 00:00:00+00,HISTORY,City,,0,NPJACKSON,2020/05/06 18:50:39+00,NPJACKSON,2020/05/12 16:27:42+00,{26301215-A3D9-4150-966C-0DA5DF1F7797},462.550551264224
21716,ERSKINE ST,7,District 7,ERSKINE ST,STEPHENS ST,END,10373,220,,1353,0.25624467,Completed,2014,2013/10/07 00:00:00+00,HISTORY,City,,0,NPJACKSON,2020/05/06 18:53:12+00,NPJACKSON,2020/05/12 16:27:42+00,{6DA3689A-8F89-42F4-B6F5-D391B5CC2FC9},1353.3679889118
21719,GRADY ST,7,District 7,GRADY ST,ROSA L PARKS AVE,S HOLT ST,11881.8,252,,1179,0.22329081,Completed,2014,2013/10/08 00:00:00+00,HISTORY,City,,0,NPJACKSON,2020/05/06 18:54:42+00,NPJACKSON,2020/05/12 16:27:42+00,{C0B36E10-D1B9-4FB3-8E50-12A8AC8FCA25},1179.61226920633
21721,GREENVIEW DR,5,District 5,GREENVIEW DR,ANTOINETTE DR,DABNEY AVE,16742.49,355,,1366,0.25870674,Completed,2014,2013/10/17 00:00:00+00,HISTORY,City,,0,NPJACKSON,2020/05/06 18:56:24+00,NPJACKSON,2020/05/12 16:27:42+00,{676CE3BE-4C8E-4AC3-A280-792819A3A134},1366.37218457794
21722,AUDUBON RD,7,District 7,AUDUBON RD,CLOVERDALE RD,END,9005.65,191,,1561,0.29563779,Completed,2014,2013/10/16 00:00:00+00,HISTORY,City,,0,NPJACKSON,2020/05/06 19:08:59+00,NPJACKSON,2020/05/12 16:27:42+00,{56990931-91E3-4DC4-B8EF-0A36393158F0},1561.16518225097
21724,JASMINE RD,7,District 7,JASMINE RD,BOXWOOD DR,END,13264.71,281,,873,0.16533747,Completed,2014,2013/11/04 00:00:00+00,HISTORY,City,,0,NPJACKSON,2020/05/06 19:10:47+00,NPJACKSON,2020/05/12 16:27:42+00,{D6D22D75-87DB-4AA3-8E05-E28B7CE84F87},873.370792274554
21727,OWENS ST,7,District 7,OWENS ST,E THIRD ST,E FOURTH ST,5694.31,121,,358,0.06780162,Completed,2014,2013/11/05 00:00:00+00,HISTORY,City,,0,NPJACKSON,2020/05/06 19:26:33+00,NPJACKSON,2020/05/12 16:27:42+00,{9B659CD9-C580-4D80-B8E7-3DBD739E059D},358.827793080219
21728,MT VERNON DR,7,District 7,MT VERNON DR,NORMAN BRIDGE RD,WILMINGTON RD,4676.81,99,,427,0.08086953,Completed,2014,2013/11/06 00:00:00+00,HISTORY,City,,0,NPJACKSON,2020/05/06 19:29:02+00,NPJACKSON,2020/05/12 16:27:42+00,{2F3D2695-BE94-40C5-A170-20C86E28CB59},427.30122372183
21729,PLYMOUTH ST,7,District 7,PLYMOUTH ST,S COURT ST,NORMAN BRIDGE RD,29963.97,623,,2653,0.50245167,Completed,2014,2013/11/18 00:00:00+00,HISTORY,City,,0,NPJACKSON,2020/05/06 19:30:57+00,NPJACKSON,2020/05/12 16:27:42+00,{B5CDFA7C-ED6E-4E17-B94A-2BA959905B64},2653.65443710388
21735,ROBINSON ST,7,District 7,ROBINSON ST,S HOLT ST,END,1871.38,40,,193,0.03655227,Completed,2014,2013/11/19 00:00:00+00,HISTORY,City,,0,NPJACKSON,2020/05/06 19:32:33+00,NPJACKSON,2020/05/12 16:27:42+00,{6D9DB1DA-214B-4EEF-BFC5-99099B3FCDE7},193.649979243634
21736,SAMAR DR,7,District 7,SAMAR DR,LONGMEADOW DR,GILLESPIE DR,4768.28,101,,374,0.07083186,Completed,2014,2013/11/19 00:00:00+00,HISTORY,City,,0,NPJACKSON,2020/05/06 19:34:17+00,NPJACKSON,2020/05/12 16:27:42+00,{8B225801-D068-4CA8-88B7-90B8AE2AC9CA},374.438835810013
21737,ANDERSON ST,3,District 3,ANDERSON ST,YOUGENE ST,HIGHLAND AVE,9431.89,200,,594,0.11249766,Completed,2014,2013/11/20 00:00:00+00,HISTORY,City,,0,NPJACKSON,2020/05/06 19:44:33+00,NPJACKSON,2020/05/12 16:27:42+00,{E74D277D-7D11-49A2-A412-715E9D8FFE00},594.231073424166
21739,YOUGENE ST,3,District 3,YOUGENE ST,ANDERSON ST,BOYCE ST,11445.19,243,,1082,0.20491998,Completed,2014,2013/11/21 00:00:00+00,HISTORY,City,,0,NPJACKSON,2020/05/06 19:51:13+00,NPJACKSON,2020/05/12 16:27:42+00,{42441617-1F60-4414-91B4-08310F884FCE},1082.35224629171
21742,N UNION ST,3,District 3,N UNION ST,GOLDBUG ST,CENTRAL RAILROAD ST,4086.93,96,,298,0.05643822,Completed,2014,2013/12/02 00:00:00+00,HISTORY,City,,0,NPJACKSON,2020/05/06 20:12:20+00,NPJACKSON,2020/05/12 16:27:42+00,{35183B2A-BDA0-44D3-8C29-CEDCA466A9AE},298.868260763884
21743,N UNION ST,3,District 3,N UNION ST,E JEFFERSON ST,COLUMBUS ST,9477.62,201,,357,0.06761223,Completed,2014,2013/12/03 00:00:00+00,HISTORY,City,,0,NPJACKSON,2020/05/06 20:17:17+00,NPJACKSON,2020/05/12 16:27:42+00,{486CFA8B-25E7-49B6-8CF0-3BCA52FCC561},357.117289029203
21744,CENTRAL RAILROAD ST,3,District 3,CENTRAL RAILROAD ST,,FOUNTAIN ST,44341.38,102,,271,0.05132469,Completed,2014,2013/12/02 00:00:00+00,HISTORY,City,,0,NPJACKSON,2020/05/06 20:23:15+00,NPJACKSON,2020/05/12 16:27:42+00,{C91C3522-7F28-4035-8BBE-5B379F0B3D81},271.685452010247
21745,GOLDBUG ST,3,District 3,GOLDBUG ST,N RIPLEY ST,N DECATUR ST,8284.06,195,,934,0.17689026,Completed,2014,2013/12/02 00:00:00+00,HISTORY,City,,0,NPJACKSON,2020/05/06 20:31:33+00,NPJACKSON,2020/05/12 16:27:42+00,{B8E8C4F8-25CF-4E51-B30A-54E14AF66E83},934.492628191768
21748,CHARLES ST,3,District 3,CHARLES ST,LOCUST ST,HIGHLAND AVE,13274.61,282,,1149,0.21760911,Completed,2014,2013/12/04 00:00:00+00,HISTORY,City,,0,NPJACKSON,2020/05/06 20:34:56+00,NPJACKSON,2020/05/12 16:27:42+00,{43C34647-E40B-4C8F-B4A4-88D55DA7F245},1149.43280452464
21751,CHESTNUT ST,3,District 3,CHESTNUT ST,RYAN ST,CHARLES ST,7632.64,162,,554,0.10492206,Completed,2014,2013/12/04 00:00:00+00,HISTORY,City,,0,NPJACKSON,2020/05/06 20:41:20+00,NPJACKSON,2020/05/12 16:27:42+00,{2D8CD529-E823-457C-88C0-D43F76C3928E},554.152814516937
21752,WINFIELD CT,9,District 9,WINFIELD CT,WINFIELD PL,END,7213.95,153,,349,0.06609711,Completed,2014,2014/01/14 00:00:00+00,HISTORY,City,,0,NPJACKSON,2020/05/06 20:43:52+00,NPJACKSON,2020/05/12 16:27:42+00,{67E84B20-B1D6-45E3-B047-0130BAD50E23},349.385048831073
21753,DUCKWORTH DR,9,District 9,DUCKWORTH DR,RANIER RDG,END,6553.83,139,,596,0.11287644,Completed,2014,2014/01/16 00:00:00+00,HISTORY,City,,0,NPJACKSON,2020/05/06 20:49:55+00,NPJACKSON,2020/05/12 16:27:42+00,{B24EBA3A-140F-46A9-8E83-C779FCDB434C},596.772124919644
21755,RANIER RDG,9,District 9,RANIER RDG,SARATOGA LN,END,14852.25,315,,1405,0.26609295,Completed,2014,2014/01/21 00:00:00+00,HISTORY,City,,0,NPJACKSON,2020/05/06 20:57:45+00,NPJACKSON,2020/05/12 16:27:42+00,{A9E4AADA-914F-4FBD-810A-A773BB6EB79B},1405.44709806283
21758,DUCK POND RD,9,District 9,DUCK POND RD,BROOKSTONE DR,WALLER DR,16125.3,342,,1339,0.25359321,Completed,2014,2014/02/04 00:00:00+00,HISTORY,City,,0,NPJACKSON,2020/05/06 21:08:02+00,NPJACKSON,2020/05/12 16:27:42+00,{4CAA954E-57BB-4D64-A738-ACF1E979DB95},1339.63728358921
21760,LAURELWOOD LN,9,District 9,LAURELWOOD LN,VAUGHN RD,BENT TREE DR,35645.4,756,,2423,0.45889197,Completed,2014,2014/02/05 00:00:00+00,HISTORY,City,,0,NPJACKSON,2020/05/06 21:21:12+00,NPJACKSON,2020/05/12 16:27:42+00,{AB6ABAC5-245B-49A8-859A-49FED0CF3510},2423.24823330849
21765,MONTGOMERY ST,3,District 3,MONTGOMERY ST,N GOLDTHWAITE ST,STATE ST,3505.6,75,,254,0.04810506,Completed,2014,2014/02/18 00:00:00+00,HISTORY,City,,0,NPJACKSON,2020/05/06 21:35:15+00,NPJACKSON,2020/05/12 16:27:42+00,{DBDD8973-C5F9-47CA-8EFF-30D9FB89BE23},254.692179902226
22036,STATE ST,3,District 3,STATE ST,CLAYTON ST,N GOLDTHWAITE ST,4741.88,101,,649,0.12291411,Completed,2014,2014/02/18 00:00:00+00,HISTORY,City,,0,NPJACKSON,2020/05/07 18:54:28+00,NPJACKSON,2020/05/12 16:27:42+00,{76EE3673-3350-483A-9009-3DCB675C0599},649.730544778324
22038,CHURCH ST,3,District 3,CHURCH ST,CLAYTON ST,CATOMA ST,13950.74,296,,428,0.08105892,Completed,2014,2014/02/19 00:00:00+00,HISTORY,City,,0,NPJACKSON,2020/05/07 19:05:05+00,NPJACKSON,2020/05/12 16:27:42+00,{D0248C7C-4315-4AFF-BCA5-ED7420BC0033},428.344339850811
22040,MOSES ST,3,District 3,MOSES ST,JACKSON FERRY RD,HOUSTON PL,6506.7,138,,546,0.10340694,Completed,2014,2014/02/24 00:00:00+00,HISTORY,City,,0,NPJACKSON,2020/05/07 19:09:00+00,NPJACKSON,2020/05/12 16:27:42+00,{088F53C2-6FFD-4F9F-82EB-63707921688C},546.984320792591
22041,HOUSTON PL,3,District 3,HOUSTON PL,MOSES ST,END,1886,40,,193,0.03655227,Completed,2014,2014/02/24 00:00:00+00,HISTORY,City,,0,NPJACKSON,2020/05/07 19:24:20+00,NPJACKSON,2020/05/12 16:27:42+00,{9232EC3D-1B3B-4155-93B8-44B99497E9AC},193.749521799187
22042,CLEBOURNE ST,3,District 3,CLEBOURNE ST,HALE ST,FRENCH ST,4762.15,101,,762,0.14431518,Completed,2014,2014/02/25 00:00:00+00,HISTORY,City,,0,NPJACKSON,2020/05/07 19:28:06+00,NPJACKSON,2020/05/12 16:27:42+00,{27F1D902-8F9E-4333-A067-562F2965A6BE},762.31419502012
22045,SMITH ST,3,District 3,SMITH ST,JACKSON FERRY RD,END,8581.3,,,470,0.0890133,Completed,2014,2014/02/25 00:00:00+00,HISTORY,City,,0,NPJACKSON,2020/05/07 19:35:24+00,NPJACKSON,2020/05/13 14:37:04+00,{360D452C-45E4-44C8-B4EA-7AD5AEA42BC0},470.320219646883
22046,LUCY ST,3,District 3,LUCY ST,DAY ST,WINIFRED ST,3724.85,79,,363,0.06874857,Completed,2014,2014/02/27 00:00:00+00,HISTORY,City,,0,NPJACKSON,2020/05/07 19:41:20+00,NPJACKSON,2020/05/12 16:27:42+00,{381D9C95-CD0F-4111-AE2D-A4A54063E0CD},363.917322336198
22047,MYRTLE ST,3,District 3,MYRTLE ST,DAY ST,BEACH ST,4667.85,99,,366,0.06931674,Completed,2014,2014/02/27 00:00:00+00,HISTORY,City,,0,NPJACKSON,2020/05/07 19:49:05+00,NPJACKSON,2020/05/12 16:27:42+00,{D934C984-7954-4095-8E35-9D2C7156F410},366.458890575543
22048,JULIETTE ST,3,District 3,JULIETTE ST,DAY ST,WINIFRED ST,1933.15,41,,236,0.04469604,Completed,2014,2014/02/27 00:00:00+00,HISTORY,City,,0,NPJACKSON,2020/05/07 19:57:02+00,NPJACKSON,2020/05/12 16:27:42+00,{01CDE644-DA21-460D-94CC-B803F5B07D6E},236.334199251139
22049,S PANAMA ST,3,District 3,S PANAMA ST,HIGHLAND AVE,POPLAR ST,9335.7,198,,1535,0.29071365,Completed,2014,2014/03/06 00:00:00+00,HISTORY,City,,0,NPJACKSON,2020/05/07 20:17:08+00,NPJACKSON,2020/05/12 16:27:42+00,{ED9C0808-B215-4B00-BA07-E8939F088D89},1535.79745334926
22053,GRACE ST,3,District 3,GRACE ST,THRASHER ST,HIGHLAND AVE,15748.1,334,,609,0.11533851,Completed,2014,2014/03/11 00:00:00+00,HISTORY,City,,0,NPJACKSON,2020/05/07 20:20:34+00,NPJACKSON,2020/05/12 16:27:42+00,{C0F0457E-87C3-4D9B-BD01-A24EE4A187D0},609.687058903147
22054,GRACE ST,3,District 3,GRACE ST,HIGHLAND AVE,LOCUST ST,15917.85,334,,1172,0.22196508,Completed,2014,2014/03/11 00:00:00+00,HISTORY,City,,0,NPJACKSON,2020/05/07 20:30:09+00,NPJACKSON,2020/05/12 16:27:42+00,{DC12D738-99F0-4B80-BF52-73617C8DD4CA},1172.44675655226
22057,RYAN ST,3,District 3,RYAN ST,HIGHLAND AVE,SPRUCE ST,35834,760,,2583,0.48919437,Completed,2014,2014/03/18 00:00:00+00,HISTORY,City,,0,NPJACKSON,2020/05/07 21:22:54+00,NPJACKSON,2020/05/12 16:27:42+00,{AE07841B-F01D-4BDB-BB8B-7C89AAD2F83A},2583.46562602155
22066,THRASHER ST,2,District 2,THRASHER ST,ANN ST,END,12919.1,274,,894,0.16931466,Completed,2014,2014/03/20 00:00:00+00,HISTORY,City,,0,NPJACKSON,2020/05/08 14:11:20+00,NPJACKSON,2020/05/12 16:27:42+00,{6F5C0BEE-BFCD-4E31-94D9-F371FBC13682},894.948593505234
22075,POLK ST,3,District 3,POLK ST,MT MEIGS RD,LOCUST ST,37295.65,791,,3154,0.59733606,Completed,2014,2014/03/25 00:00:00+00,HISTORY,City,,0,NPJACKSON,2020/05/08 14:18:34+00,NPJACKSON,2020/05/12 16:27:42+00,{FBA8D0CE-EF1A-40D7-A797-15F82AAA6757},3154.10565623971
22084,FURNACE ST,3,District 3,FURNACE ST,6TH ST,PARALLEL ST,15088,320,,1807,0.34222773,Completed,2014,2014/03/26 00:00:00+00,HISTORY,City,,0,NPJACKSON,2020/05/08 14:21:01+00,NPJACKSON,2020/05/12 16:27:42+00,{C481EEDF-B8DB-47DB-933D-0C6FBD9E8478},1807.59636094288
22085,DUNBAR ST,3,District 3,DUNBAR ST,CARTER HILL RD,FELDER AVE,15983.85,339,,925,0.17518575,Completed,2014,2014/03/31 00:00:00+00,HISTORY,City,,0,NPJACKSON,2020/05/08 14:24:40+00,NPJACKSON,2020/05/12 16:27:42+00,{9EB905AF-8FB7-4EAC-818D-0ABB3547FDC6},925.224674442297
22086,OLIVE ST,3,District 3,OLIVE ST,PARK PL,RHODES ST,12306.15,261,,949,0.17973111,Completed,2014,2014/04/01 00:00:00+00,HISTORY,City,,0,NPJACKSON,2020/05/08 14:37:41+00,NPJACKSON,2020/05/12 16:27:42+00,{B4A274C5-5807-4215-A1BE-B6FF946E40C3},949.733247458333
22089,PARALLEL ST,3,District 3,PARALLEL ST,6TH ST,FURNACE ST,11316,240,,2296,0.43483944,Completed,2014,2014/04/03 00:00:00+00,HISTORY,City,,0,NPJACKSON,2020/05/08 14:40:02+00,NPJACKSON,2020/05/13 14:36:49+00,{57809D6E-85FD-48E5-B0CC-AF1077761172},2296.59307998697
22090,RACE ST,3,District 3,RACE ST,N COURT ST,FURNACE ST,16785.4,356,,1996,0.37802244,Completed,2014,2014/04/08 00:00:00+00,HISTORY,City,,0,NPJACKSON,2020/05/08 14:47:10+00,NPJACKSON,2021/07/21 19:29:27+00,{2EB2302A-E093-4098-8A9C-41E16186E794},1996.69345566841
22093,SHADY ST,3,District 3,SHADY ST,WALKER ST,END,8251.25,175,,1158,0.21931362,Completed,2014,2014/04/08 00:00:00+00,HISTORY,City,,0,NPJACKSON,2020/05/08 15:29:16+00,NPJACKSON,2020/05/12 16:27:42+00,{3AD812C3-B4A3-444D-A05C-0EFF700AA0DB},1158.62799536476
22096,JOSEPH ST,3,District 3,JOSEPH ST,WALKER ST,LENORA ST,2829,60,,334,0.06325626,Completed,2014,2014/04/09 00:00:00+00,HISTORY,City,,0,NPJACKSON,2020/05/08 15:33:08+00,NPJACKSON,2020/05/12 16:27:42+00,{51E89945-43BD-4667-BA5A-64EBF49EB63B},334.768357248868
22097,PRINCE ST,3,District 3,PRINCE ST,N MCDONOUGH ST,N PERRY ST,13154.85,279,,951,0.18010989,Completed,2014,2014/04/16 00:00:00+00,HISTORY,City,,0,NPJACKSON,2020/05/08 15:35:31+00,NPJACKSON,2020/05/12 16:27:42+00,{4CB5EECE-EFF0-43D9-AC89-58BA48D79454},951.635150909414
22098,N PERRY ST,3,District 3,N PERRY ST,PRINCE ST,POLLARD ST,19564.06,459,,1046,0.19810194,Completed,2014,2014/04/17 00:00:00+00,HISTORY,City,,0,NPJACKSON,2020/05/08 15:36:57+00,NPJACKSON,2020/05/12 16:27:42+00,{2DD47AC0-648B-4270-9670-2AC9728084CB},1046.60428913174
22100,SADLER ST,3,District 3,SADLER ST,N MCDONOUGH ST,N DECATUR ST,8476.81,199,,762,0.14431518,Completed,2014,2014/04/17 00:00:00+00,HISTORY,City,,0,NPJACKSON,2020/05/08 15:56:46+00,NPJACKSON,2020/05/12 16:27:43+00,{BB8918C8-CE0E-48FF-B3C5-8F32E266ECCD},762.382766695405
22101,SMYTHE ST,3,District 3,SMYTHE ST,HIGHLAND AVE,HUTCHINSON ST,18341.35,389,,1394,0.26400966,Completed,2014,2014/04/30 00:00:00+00,HISTORY,City,,0,NPJACKSON,2020/05/08 15:58:39+00,NPJACKSON,2020/05/12 16:27:43+00,{03D06508-A826-4DF8-B0F9-DF662F9535FD},1394.59534535857
22105,PEARL ST,3,District 3,PEARL ST,FINLEY AVE,MAURY ST,2829,60,,252,0.04772628,Completed,2014,2014/05/01 00:00:00+00,HISTORY,City,,0,NPJACKSON,2020/05/08 16:25:29+00,NPJACKSON,2020/05/12 16:27:43+00,{698766CB-E029-4A4D-B946-5D7D6FBDE99A},252.891546434082
22106,SCOTT ST,3,District 3,SCOTT ST,S HULL ST,S UNION ST,16691.1,354,,1255,0.23768445,Completed,2014,2014/05/05 00:00:00+00,HISTORY,City,,0,NPJACKSON,2020/05/08 16:32:07+00,NPJACKSON,2020/05/12 16:27:43+00,{653A06B5-CDF2-45F9-B441-B6281AF92F74},1255.36418078133
22109,NORMAN BRIDGE RD,7,District 7,NORMAN BRIDGE RD,E FAIRVIEW AVE,E DELANO AVE,106228.95,2253,,5299,1.00357761,Completed,2014,2014/05/08 00:00:00+00,HISTORY,City,,0,NPJACKSON,2020/05/08 16:36:49+00,NPJACKSON,2020/05/12 16:27:43+00,{92194B85-11DC-47F7-AF08-761E5CF6DAA8},5299.80827829239
22118,E JEFF DAVIS AVE,7,District 7,E JEFF DAVIS AVE,S PERRY ST,S COURT ST,9760.05,207,,524,0.09924036,Completed,2014,2014/05/14 00:00:00+00,HISTORY,City,,0,NPJACKSON,2020/05/08 16:41:37+00,NPJACKSON,2020/05/12 16:27:43+00,{303745FF-C936-4707-8EFC-D93FE5A48B2B},524.810905744564
22119,BAKER ST,4,District 4,BAKER ST,MOBILE RD,END,4714.53,100,,408,0.07727112,Completed,2014,2014/05/19 00:00:00+00,HISTORY,City,,0,NPJACKSON,2020/05/08 16:43:18+00,NPJACKSON,2020/05/12 16:27:43+00,{5EAFE0E6-CCE5-4506-AFF8-3A8D3D2E3D66},408.476431647639
22120,SHREVE ST,4,District 4,SHREVE ST,MOBILE RD,EDWARD J NETTLES LN,22192.09,470,,1150,0.2177985,Completed,2014,2014/05/20 00:00:00+00,HISTORY,City,,0,NPJACKSON,2020/05/08 16:44:40+00,NPJACKSON,2020/05/12 16:27:43+00,{24F29FF8-61DD-41F6-AD8E-4A676768D929},1150.6371755159
22124,CORTEZ ST,4,District 4,CORTEZ ST,DAY ST,END,2521.11,53,,414,0.07840746,Completed,2014,2014/05/20 00:00:00+00,HISTORY,City,,0,NPJACKSON,2020/05/08 16:46:01+00,NPJACKSON,2020/05/12 16:27:43+00,{8CFF27E7-F4EF-4F2F-A86E-29C0A56FF50D},414.612113674548
22125,DENNIS AVE,4,District 4,DENNIS AVE,LARK DR,DRAKE ST,5740.53,121,,453,0.08579367,Completed,2014,2014/05/22 00:00:00+00,HISTORY,City,,0,NPJACKSON,2020/05/08 16:47:47+00,NPJACKSON,2020/05/12 16:27:43+00,{3CD11E44-32F3-4C89-A74A-1D671519ED19},453.622600823203
22126,WEAVER AVE,4,District 4,WEAVER AVE,LARK DR,DRAKE ST,4827.52,101,,451,0.08541489,Completed,2014,2014/05/22 00:00:00+00,HISTORY,City,,0,NPJACKSON,2020/05/08 16:49:19+00,NPJACKSON,2020/05/12 16:27:43+00,{47DAC683-9C27-4CDA-92A2-3A507D9861AA},451.367809729857
22127,LOVELESS CURV,4,District 4,LOVELESS CURV,CAFFEY DR,RUTLAND ST,14908.66,315,,1106,0.20946534,Completed,2014,2014/05/27 00:00:00+00,HISTORY,City,,0,NPJACKSON,2020/05/08 16:50:57+00,NPJACKSON,2020/05/12 16:27:43+00,{478B2C63-5E43-4029-94DB-6C1CAA53D1A3},1106.29650982143
22128,FAIRWEST ST,4,District 4,FAIRWEST ST,G W CARVER ELEM,FAIRWEST PL,5612.27,119,,504,0.09545256,Completed,2014,2014/05/28 00:00:00+00,HISTORY,City,,0,NPJACKSON,2020/05/08 16:53:02+00,NPJACKSON,2020/05/12 16:27:43+00,{19E20D13-21ED-4501-B551-D99555E8686F},504.412012124095
22129,HARMONY ST,4,District 4,HARMONY ST,HAYNEVILLE RD,PILGRIM ST,19653.08,596,,2677,0.50699703,Completed,2014,2014/05/29 00:00:00+00,HISTORY,City,,0,NPJACKSON,2020/05/08 16:55:21+00,NPJACKSON,2020/05/12 16:27:43+00,{D7962827-9AD2-4DC4-B2B4-9EE8C61F4B7D},2677.09985779987
22132,FLACK RD,4,District 4,FLACK RD,BIRMINGHAM HWY,FOSHEE RD,18777.99,417,,2195,0.41571105,Completed,2014,2014/06/03 00:00:00+00,HISTORY,City,,0,NPJACKSON,2020/05/08 16:57:09+00,NPJACKSON,2020/05/12 16:27:43+00,{E09C7098-F6FB-45FF-A44F-CAA4A47F5BA1},2195.58827582501
22134,RUTLAND ST,4,District 4,RUTLAND ST,CAFFEY DR,ROUNDTREE RD,7485.95,156,,579,0.10965681,Completed,2014,2014/06/04 00:00:00+00,HISTORY,City,,0,NPJACKSON,2020/05/08 16:59:03+00,NPJACKSON,2020/05/12 16:27:43+00,{28F9BC2C-5DB2-4A36-AA9A-5BAB74F41EDA},579.880267405306
22136,CARLISLE ST,4,District 4,CARLISLE ST,HILL ST,LUCY ST,14991.81,317,,939,0.17783721,Completed,2014,2014/06/04 00:00:00+00,HISTORY,City,,0,NPJACKSON,2020/05/08 17:19:23+00,NPJACKSON,2020/05/12 16:27:43+00,{CB88A08D-1F61-4203-813B-BECC99F5A00B},939.492029008405
22137,GADDYS CT,4,District 4,GADDYS CT,OLD SELMA RD,END,12566.89,165,,701,0.13276239,Completed,2014,2014/06/05 00:00:00+00,HISTORY,City,,0,NPJACKSON,2020/05/08 17:21:16+00,NPJACKSON,2020/05/12 16:27:43+00,{C9802D27-6E6C-4910-AC2F-1AD7383F9725},701.137084117894
22138,OLD CAHABA RD,4,District 4,OLD CAHABA RD,HAMILTON CIR,HUNTER LOOP RD,13939.43,267,,1748,0.33105372,Completed,2014,2014/06/05 00:00:00+00,HISTORY,City,,0,NPJACKSON,2020/05/08 17:23:38+00,NPJACKSON,2020/05/12 16:27:43+00,{162E3ECE-9176-4EAA-A7C7-EDA28AD0FE12},1748.89769068859
22139,LUCY ST,4,District 4,LUCY ST,CARLISLE ST,W JEFF DAVIS AVE,3838.48,81,,455,0.08617245,Completed,2014,2014/06/12 00:00:00+00,HISTORY,City,,0,NPJACKSON,2020/05/08 17:25:37+00,NPJACKSON,2020/05/12 16:27:43+00,{003C8020-60E3-4026-8BB6-BBF71AC95659},455.156047832931
22140,CLAYTON ST,3,District 3,CLAYTON ST,S GOLDTHWAITE ST,CATOMA ST,23432.45,499,,1357,0.25700223,Completed,2014,2014/06/12 00:00:00+00,HISTORY,City,,0,NPJACKSON,2020/05/08 18:05:23+00,NPJACKSON,2020/05/12 16:27:43+00,{474406CF-9957-412B-884F-13F115E48446},1357.17730787504
22145,CLAYTON ST,7,District 7,CLAYTON ST,N GOLDTHWAITE ST,S HOLT ST,30194.2,647,,1760,0.3333264,Completed,2014,2014/06/12 00:00:00+00,HISTORY,City,,0,NPJACKSON,2020/05/08 18:07:04+00,NPJACKSON,2020/05/12 16:27:43+00,{AC10F178-0984-436C-AF43-1DAD1CF3B0C3},1760.75495147805
22149,MCKINNEY ST,4,District 4,MCKINNEY ST,END,END,8547.36,140,,1018,0.19279902,Completed,2014,2014/06/16 00:00:00+00,HISTORY,City,,0,NPJACKSON,2020/05/08 18:09:17+00,NPJACKSON,2020/05/12 16:27:43+00,{FE382FD6-37AD-4321-A192-0F7CA7244A6F},1018.425880768
22152,DEWEY ST,4,District 4,DEWEY ST,1ST ST,2ND ST,,,,281,0.05321859,Completed,2014,2014/06/16 00:00:00+00,HISTORY,City,,0,NPJACKSON,2020/05/08 18:10:41+00,NPJACKSON,2020/05/12 16:27:43+00,{FA58E34F-8991-4332-9218-F5C8C8136974},281.35576257144
22153,MORRIS ST,4,District 4,MORRIS ST,MAXWELL BLVD,END,1856.29,40,,437,0.08276343,Completed,2014,2014/06/19 00:00:00+00,HISTORY,City,,0,NPJACKSON,2020/05/08 18:11:57+00,NPJACKSON,2020/05/12 16:27:43+00,{48C1BA4F-D02F-48F1-A1C5-7AC50E34C887},437.898336935931
22154,TRINITY RD,4,District 4,TRINITY RD,BIRMINGHAM HWY,OLD SELMA RD,19633.74,417,,537,0.10170243,Completed,2014,2014/06/26 00:00:00+00,HISTORY,City,,0,NPJACKSON,2020/05/08 18:13:27+00,NPJACKSON,2020/05/12 16:27:43+00,{B5F4EF68-8AAA-451C-9FD6-E5FF01B33AD2},537.547561356187
22155,HERRON ST,4,District 4,HERRON ST,COLBERT ST,MAY ST,18076.36,384,,2126,0.40264314,Completed,2014,2014/06/26 00:00:00+00,HISTORY,City,,0,NPJACKSON,2020/05/08 18:26:35+00,NPJACKSON,2020/05/13 14:36:34+00,{0858E8B5-C937-437E-8B08-3AEBC8AB6B30},2126.96272074139
22161,MULZER BLVD,4,District 4,MULZER BLVD,KENNY AVE,END,2614.7,62,,192,0.03636288,Completed,2014,2014/07/07 00:00:00+00,HISTORY,City,,0,NPJACKSON,2020/05/08 18:28:57+00,NPJACKSON,2020/05/12 16:27:43+00,{3C35ABE9-61D0-47BC-9992-F3F87126D663},192.158013653589
22162,LILES CT,4,District 4,LILES CT,MCELVY ST,END,5698.55,121,,370,0.0700743,Completed,2014,2014/07/08 00:00:00+00,HISTORY,City,,0,NPJACKSON,2020/05/08 18:45:33+00,NPJACKSON,2020/05/12 16:27:43+00,{98D83E2F-FB92-4077-9B1E-397E9F83D291},370.41330022289
22164,HUNTINGTON ST,4,District 4,HUNTINGTON ST,STEPHENS ST,ALEXANDER ST,4797.99,102,,517,0.09791463,Completed,2014,2014/07/09 00:00:00+00,HISTORY,City,,0,NPJACKSON,2020/05/08 18:47:11+00,NPJACKSON,2020/05/12 16:27:43+00,{18BF7E9A-B792-467F-85EF-9E1D4F3EDB6A},517.315056550273
22166,GASTON CT,4,District 4,GASTON CT,GASTON AVE,END,4795.16,102,,203,0.03844617,Completed,2014,2014/07/09 00:00:00+00,HISTORY,City,,0,NPJACKSON,2020/05/08 18:49:05+00,NPJACKSON,2020/05/12 16:27:43+00,{5942E6D3-2043-4176-B06A-7D1A1C5B1442},203.290818190882
22167,LEOLA ST,4,District 4,LEOLA ST,OAK ST,EWELL ST,6644.86,141,,694,0.13143666,Completed,2014,2014/07/14 00:00:00+00,HISTORY,City,,0,NPJACKSON,2020/05/08 18:50:30+00,NPJACKSON,2020/05/12 16:27:43+00,{91FD6859-BBD9-459F-8CDA-24F32BFDE6ED},694.05714934845
22170,PEACH ST,4,District 4,PEACH ST,EARLY ST,MAPLE ST,5306.58,113,,564,0.10681596,Completed,2014,2014/07/16 00:00:00+00,HISTORY,City,,0,NPJACKSON,2020/05/08 18:52:21+00,NPJACKSON,2020/05/13 14:37:27+00,{4CE4E105-559D-4D3C-86A8-527F0DBBD885},564.647219372797
22171,KERSHAW ST,4,District 4,KERSHAW ST,HAYNEVILLE RD,END,35943.26,763,,2257,0.42745323,Completed,2014,2014/07/21 00:00:00+00,HISTORY,City,,0,NPJACKSON,2020/05/08 19:06:35+00,NPJACKSON,2020/05/12 16:27:43+00,{76098C26-0C4D-4EBC-9162-F3EE316A9788},2257.42386918188
22176,MCELVY ST,4,District 4,MCELVY ST,MOBILE DR,MCELVY ST,11948.73,260,,602,0.11401278,Completed,2014,2014/07/24 00:00:00+00,HISTORY,City,,0,NPJACKSON,2020/05/08 19:08:36+00,NPJACKSON,2020/05/12 16:27:43+00,{049C6989-839F-4041-8265-4991DB99E224},602.840998914572
22177,MILL ST,4,District 4,MILL ST,MOBILE RD,OAK ST,5709.39,122,,423,0.08011197,Completed,2014,2014/07/31 00:00:00+00,HISTORY,City,,0,NPJACKSON,2020/05/08 19:11:38+00,NPJACKSON,2020/05/12 16:27:43+00,{2FB03F6E-EDBF-4120-AE3B-0A32035CE64F},423.488715311494
22179,QUINCY CT,2,District 2,QUINCY CT,N BURBANK DR,END,3772.94,80,,155,0.02935545,Completed,2014,2014/07/31 00:00:00+00,HISTORY,City,,0,NPJACKSON,2020/05/08 19:13:05+00,NPJACKSON,2020/05/12 16:27:43+00,{3B67D0EC-962A-4FF9-B530-C8E7678F895B},155.48810911846
22180,XENIA ST,1,District 1,XENIA ST,PLACID DR,PINEBROOK DR,6792.68,159,,600,0.113634,Completed,2014,2014/08/04 00:00:00+00,HISTORY,City,,0,NPJACKSON,2020/05/08 19:16:48+00,NPJACKSON,2020/05/12 16:27:43+00,{F23E8D28-9579-4265-865E-393CF611EB9E},600.447364785299
22181,ZENDA CT,1,District 1,ZENDA CT,PINEBROOK DR,END,3401.02,79,,155,0.02935545,Completed,2014,2014/08/04 00:00:00+00,HISTORY,City,,0,NPJACKSON,2020/05/08 19:18:15+00,NPJACKSON,2020/05/12 16:27:43+00,{5A1870C4-E581-4BCD-A693-EECF1C865422},155.128192104306
22182,PINEBROOK PL,1,District 1,PINEBROOK PL,PINEBROOK DR,END,5518.73,130,,108,0.02045412,Completed,2014,2014/08/05 00:00:00+00,HISTORY,City,,0,NPJACKSON,2020/05/08 19:19:53+00,NPJACKSON,2020/05/12 16:27:43+00,{17C52003-E289-49F5-ADC7-9DB39372050E},108.532648015305
22183,GOLDEN ROD CT,1,District 1,GOLDEN ROD CT,MORNING GLORY CT,END,1663.7,39,,135,0.02556765,Completed,2014,2014/08/06 00:00:00+00,HISTORY,City,,0,NPJACKSON,2020/05/08 19:21:24+00,NPJACKSON,2020/05/12 16:27:43+00,{9CB33162-F078-41F2-8B1C-37471776FB73},135.800029934811
22184,PINEBROOK DR,1,District 1,PINEBROOK DR,KROY DR,WARES FERRY RD,88787.81,2087,,5220,0.9886158,Completed,2014,2014/08/11 00:00:00+00,HISTORY,City,,0,NPJACKSON,2020/05/08 19:24:46+00,NPJACKSON,2020/05/12 16:27:43+00,{F80A4284-9FA6-4730-8C9C-FE4B1494D81B},5220.32077856676
22195,MARIE COOK DR,2,District 2,MARIE COOK DR,CHATSWORTH DR,GROVE PARK DR,10646.94,226,,1270,0.2405253,Completed,2014,2014/08/21 00:00:00+00,HISTORY,City,,0,NPJACKSON,2020/05/08 19:27:40+00,NPJACKSON,2020/05/12 16:27:43+00,{4229CC45-6D2D-4B38-A0BB-8264097D41A8},1270.57249551846
22196,WARE CT,1,District 1,WARE CT,WARES FERRY RD,END,5718.29,134,,473,0.08958147,Completed,2014,2014/08/21 00:00:00+00,HISTORY,City,,0,NPJACKSON,2020/05/08 19:32:54+00,NPJACKSON,2020/05/12 16:27:43+00,{E8EE2DE2-479F-491D-8D41-2D68CB16664E},473.176916660775
22199,LAKESHIRE ST,8,District 8,LAKESHIRE ST,COUNTRY CHURCH RD,BUCKBOARD RD,4617.4,98,,350,0.0662865,Completed,2014,2014/08/26 00:00:00+00,HISTORY,City,,0,NPJACKSON,2020/05/08 19:45:59+00,NPJACKSON,2020/05/12 16:27:43+00,{FA00009E-0242-4A61-9E65-20A6245AABAC},350.92521874278
22200,OLD DOBBIN RD,8,District 8,OLD DOBBIN RD,COVERED BRIDGE DR,BUCKBOARD RD,5537.77,117,,370,0.0700743,Completed,2014,2014/08/26 00:00:00+00,HISTORY,City,,0,NPJACKSON,2020/05/08 20:26:47+00,NPJACKSON,2020/05/12 16:27:43+00,{161D458B-BDA0-4967-94FE-E71130EADCF1},370.851846958906
22201,LYNTON DR,8,District 8,LYNTON DR,HITCHING POST LN,CARRIAGE HILLS DR,11448.02,243,,846,0.16022394,Completed,2014,2014/08/26 00:00:00+00,HISTORY,City,,0,NPJACKSON,2020/05/08 20:34:42+00,NPJACKSON,2020/05/12 16:27:43+00,{A2F6EAC8-1A5A-4919-909F-E0BC19CA3DB7},846.438873127974
22203,MARLBOROUGH ST,2,District 2,MARLBOROUGH ST,BILTMORE AVE,PINEHILL RD,11991.19,255,,852,0.16136028,Completed,2014,2014/09/04 00:00:00+00,HISTORY,City,,0,NPJACKSON,2020/05/08 20:41:13+00,NPJACKSON,2020/05/12 16:27:43+00,{5EAEAE01-C020-46EF-8944-62B5E44A0AD1},852.079917505749
22211,BERRYHILL RD,9,District 9,BERRYHILL RD,Intersection,Intersection,26778.98,372.4,65,625,0.12,Completed,2020,2020/05/05 00:00:00+00,HISTORY,City,City of Montgomery,0,NPJACKSON,2020/05/11 14:57:33+00,NPJACKSON,2020/10/06 13:47:14+00,{8C53A2F9-6049-419F-B65A-72E1FB02A276},283.862554113314
22213,MCCARTER AVE,2,District 2,MCCARTER AVE,UPPER WETUMPKA RD,FEDERAL DR,18703.46,397,,1697,0.32139483,Completed,2014,2014/09/04 00:00:00+00,HISTORY,City,,0,NPJACKSON,2020/05/11 15:54:27+00,NPJACKSON,2020/05/12 16:27:43+00,{29A5E679-ECB8-4205-A4E2-CADE764A1D7F},1697.51295173801
22216,BUCKBOARD RD,8,District 8,BUCKBOARD RD,OLD DOBBIN RD,EASTERN BLVD,46287.63,982,,3249,0.61532811,Completed,2014,2014/09/04 00:00:00+00,HISTORY,City,,0,NPJACKSON,2020/05/11 15:59:07+00,NPJACKSON,2020/05/12 16:27:43+00,{51942426-6931-4EE0-8FF8-A255B4FA7D00},3249.1432546856
22223,ROSEDALE DR,2,District 2,ROSEDALE DR,UPPER WETUMPKA RD,BILTMORE AVE,29596.06,628,,1242,0.23522238,Completed,2014,2014/09/05 00:00:00+00,HISTORY,City,,0,NPJACKSON,2020/05/11 16:00:35+00,NPJACKSON,2020/05/12 16:27:43+00,{F52F5A7E-7968-4162-9821-6616021AE62F},1242.63517281175
22224,MONTROSE AVE,2,District 2,MONTROSE AVE,FEDERAL DR,END,29946.85,632,,1933,0.36609087,Completed,2014,2014/09/29 00:00:00+00,HISTORY,City,,0,NPJACKSON,2020/05/11 16:05:03+00,NPJACKSON,2020/05/12 16:27:43+00,{86BAF072-AECA-4535-AD0D-366F48C519EC},1933.54760010296
22227,COUNTRY CHURCH RD,8,District 8,COUNTRY CHURCH RD,N WATER MILL RD,COVERED BRIDGE DR,23648.09,502,,1750,0.3314325,Completed,2014,2014/09/30 00:00:00+00,HISTORY,City,,0,NPJACKSON,2020/05/11 16:08:04+00,NPJACKSON,2020/05/12 16:27:43+00,{C511E8D0-B314-4313-8FF8-D3ADA289AFD4},1750.50792389259
22231,APRIL CT,4,District 4,APRIL CT,APRIL ST,APRIL ST,2782.32,60,,678,0.12840642,Completed,2014,2014/09/30 00:00:00+00,HISTORY,City,,0,NPJACKSON,2020/05/11 16:11:28+00,NPJACKSON,2020/05/12 16:27:43+00,{B1E68EED-2434-4212-BC85-D7177E367705},678.448120736419
22232,APRIL ST,4,District 4,APRIL ST,BOWMAN ST,ROSA L PARKS AVE,39549.42,838,,2216,0.41968824,Completed,2015,2014/10/02 00:00:00+00,HISTORY,City,,0,NPJACKSON,2020/05/11 16:18:38+00,NPJACKSON,2020/05/12 16:27:43+00,{D82149D2-7033-41E3-9A3C-5B2C58071EC8},2216.72415484776
22237,APRIL ST,7,District 7,APRIL ST,BOWMAN ST,DORIS ST,25765.13,547,,1981,0.37518159,Completed,2015,2014/10/10 00:00:00+00,HISTORY,City,,0,NPJACKSON,2020/05/11 16:20:42+00,NPJACKSON,2020/05/12 16:27:43+00,{46A3DF4E-4924-4D0F-8456-9B235136A3BB},1981.52771093856
22242,FAIRLANE CT,5,District 5,FAIRLANE CT,DEAD END,DEAD END,9451.22,201,,543,0.10283877,Completed,2015,2014/10/20 00:00:00+00,HISTORY,City,,0,NPJACKSON,2020/05/11 16:27:29+00,NPJACKSON,2020/05/12 16:27:43+00,{B8C7124A-BAA0-45A7-AE9F-2BD4D76F0462},543.405195439014
22244,TERI CT,5,District 5,TERI CT,DEAD END,DEAD END,8974.55,201,,549,0.10397511,Completed,2015,2014/10/20 00:00:00+00,HISTORY,City,,0,NPJACKSON,2020/05/11 16:32:21+00,NPJACKSON,2020/05/12 16:27:43+00,{1A1249E7-C9C1-424C-9435-BF5BD96441B1},549.428122624856
22246,SHAMROCK CT,5,District 5,SHAMROCK CT,FAIRLANE DR,END,4257.13,101,,272,0.05151408,Completed,2015,2014/10/15 00:00:00+00,HISTORY,City,,0,NPJACKSON,2020/05/11 16:33:54+00,NPJACKSON,2020/05/12 16:27:43+00,{6C092803-94AC-4399-BF69-7C3BDAC8654E},272.15543029893
22247,LISA CT,5,District 5,LISA CT,DEAD END,DEAD END,9450.74,201,,547,0.10359633,Completed,2015,2014/10/21 00:00:00+00,HISTORY,City,,0,NPJACKSON,2020/05/11 16:35:06+00,NPJACKSON,2020/05/12 16:27:43+00,{40490B6C-9965-420C-B11C-AB1F5A4E63B9},547.397027018392
22249,SUMTER AVE,2,District 2,SUMTER AVE,FEDERAL DR,PINEHILL RD,56130.01,1190,,4076,0.77195364,Completed,2015,2014/10/29 00:00:00+00,HISTORY,City,,0,NPJACKSON,2020/05/11 18:47:34+00,NPJACKSON,2020/05/12 16:27:43+00,{FDF899D2-C8E7-454B-B207-660E797F0CB1},4076.52416935759
22253,SUSAN DR,6,District 6,SUSAN DR,VIRGINIA LOOP DR,END,5469.37,116,,439,0.08314221,Completed,2015,2014/10/30 00:00:00+00,HISTORY,City,,0,NPJACKSON,2020/05/11 18:54:10+00,NPJACKSON,2020/05/12 16:27:43+00,{C8228A83-AC9C-473F-8FBA-F628BCA4A290},439.877501075749
22255,SUSAN DR,6,District 6,SUSAN DR,MONTWOOD DR,END,5775.79,130,,423,0.08011197,Completed,2015,2014/10/30 00:00:00+00,HISTORY,City,,0,NPJACKSON,2020/05/11 18:55:14+00,NPJACKSON,2020/05/12 16:27:43+00,{934009C0-E5FD-4463-96F5-F4C86C612559},423.129640981582
22256,MONTWOOD CT,6,District 6,MONTWOOD CT,MONTWOOD DR,END,3437.61,81,,230,0.0435597,Completed,2015,2014/10/30 00:00:00+00,HISTORY,City,,0,NPJACKSON,2020/05/11 18:58:39+00,NPJACKSON,2020/05/12 16:27:43+00,{F04C9E5A-7A6F-4ACC-A4A7-CC5D237EF673},230.44602901179
22257,RED BARN RD,8,District 8,RED BARN RD,HITCHING POST LN,CARRIAGE BARN LN,41734.69,901,,2870,0.5435493,Completed,2015,2014/11/04 00:00:00+00,HISTORY,City,,0,NPJACKSON,2020/05/11 19:09:14+00,NPJACKSON,2020/05/12 16:27:43+00,{20DA5489-4A77-41AF-A226-6893CED660AD},2870.33830021285
22261,CARWOOD CT,9,District 9,CARWOOD CT,CARMICHAEL RD,END,7662.35,163,,586,0.11098254,Completed,2015,2014/11/06 00:00:00+00,HISTORY,City,,0,NPJACKSON,2020/05/11 19:12:47+00,NPJACKSON,2020/05/12 16:27:43+00,{E5A4377E-9E78-4D87-B520-115E5873F254},586.248567618684
22262,BROOKSTONE DR,9,District 9,BROOKSTONE DR,OLD FEDERAL RD,PARKVIEW DR S,28775.65,611,,2107,0.39904473,Completed,2015,2014/11/06 00:00:00+00,HISTORY,City,,0,NPJACKSON,2020/05/11 19:14:23+00,NPJACKSON,2020/05/13 14:37:32+00,{AD69BB10-A4AC-4691-A666-E4B8BB5322AF},2107.24183807005
22265,CARMICHAEL PKWY,9,District 9,CARMICHAEL PKWY,CARMICHAEL RD,CARMICHAEL RD,22946.47,487,,1574,0.29809986,Completed,2015,2014/11/13 00:00:00+00,HISTORY,City,,0,NPJACKSON,2020/05/11 19:15:59+00,NPJACKSON,2020/05/12 16:27:43+00,{21D186C4-01A6-4C96-8981-A9BCDE8EF21A},1574.27815746632
22266,DAY ST,7,District 7,DAY ST,S HOLT ST,MOBILE ST,12203.83,259,,671,0.12708069,Completed,2015,2014/11/24 00:00:00+00,HISTORY,City,,0,NPJACKSON,2020/05/11 19:21:27+00,NPJACKSON,2020/05/12 16:27:43+00,{DB1FFC30-ECE0-4DB9-B371-2E9CA081C6E5},671.57192306936
22268,MOBILE ST,7,District 7,MOBILE ST,DAY ST,CLAYTON ST,35811.83,760,,1838,0.34809882,Completed,2015,2014/11/24 00:00:00+00,HISTORY,City,,0,NPJACKSON,2020/05/11 19:27:33+00,NPJACKSON,2020/05/12 16:27:43+00,{C462362D-4FB3-49BE-A552-7FA336BBBB33},1838.29109402609
22272,E PATRICK CT,9,District 9,E PATRICK CT,LAURELWOOD LN,END,7391.23,157,,524,0.09924036,Completed,2015,2014/12/10 00:00:00+00,HISTORY,City,,0,NPJACKSON,2020/05/11 19:29:13+00,NPJACKSON,2020/05/12 16:27:43+00,{19AAB23E-63EB-45F8-88F4-E356575E8273},524.810444219233
22273,STEELE RIDGE DR,9,District 9,STEELE RIDGE DR,AUTUMN RIDGE RD,PINNACLE PT,19978.4,424,,1557,0.29488023,Completed,2015,2014/12/15 00:00:00+00,HISTORY,City,,0,NPJACKSON,2020/05/11 19:38:46+00,NPJACKSON,2020/05/12 16:27:43+00,{95A016E2-B58F-4B19-918B-7B1CF7FF7819},1557.98991185573
22274,S HOLT ST,7,District 7,S HOLT ST,W JEFF DAVIS AVE,DAY ST,20450.37,434,35,1289.76573159,0.24427381,Completed,2015,2015/01/24 00:00:00+00,HISTORY,City,,0,NPJACKSON,2020/05/11 19:48:27+00,NPJACKSON,2020/05/11 19:49:41+00,{3B0B03AD-642F-45A3-8B7C-1B9B719C1624},1289.7657315867
22275,HALCYON PARK DR,9,District 9,HALCYON PARK DR,PARKVIEW DR S,VAUGHN RD,35175.31,747,,2061,0.39033279,Completed,2015,2015/01/24 00:00:00+00,HISTORY,City,,0,NPJACKSON,2020/05/11 19:53:01+00,NPJACKSON,2020/05/12 16:27:43+00,{C413844E-8592-40CD-8393-877ACC5BF677},2061.62823555509
22278,HALCYON BLVD,9,District 9,HALCYON BLVD,TAYLOR RD,VAUGHN RD,179862.16,3815,,8979,1.70053281,Completed,2015,2015/02/10 00:00:00+00,HISTORY,City,,0,NPJACKSON,2020/05/11 19:55:41+00,NPJACKSON,2020/05/12 16:27:43+00,{6432CAEF-A4BC-4A3E-AA84-422FC92DFD69},8979.07376581048
22300,OAK ST,4,District 4,OAK ST,W FAIRVIEW AVE,W JEFF DAVIS AVE,108827.18,2310,,5246,0.99353994,Completed,2015,2015/02/11 00:00:00+00,HISTORY,City,,0,NPJACKSON,2020/05/11 20:01:06+00,NPJACKSON,2020/05/12 16:27:43+00,{AAD19329-218E-4F36-9A2D-8F10BD650A9F},5246.97940056211
22314,HALCYON SUMMIT DR,9,District 9,HALCYON SUMMIT DR,TAYLOR RD,HALCYON POINTE DR,71938.17,1526,,4732,0.89619348,Completed,2015,2015/02/04 00:00:00+00,HISTORY,City,,0,NPJACKSON,2020/05/11 20:06:42+00,NPJACKSON,2020/05/12 16:27:43+00,{9071A245-5C3A-4FD6-A179-F3502D07BB08},4732.82231606181
22324,CHERRY WOOD TRL,9,District 9,CHERRY WOOD TRL,BELL RD,SAGEWOOD DR,16112.11,342,,1297,0.24563883,Completed,2015,2015/03/03 00:00:00+00,HISTORY,City,,0,NPJACKSON,2020/05/11 20:10:32+00,NPJACKSON,2020/05/12 16:27:43+00,{9187A8AF-62E7-497D-A9F6-43C55D1AD7C0},1297.94505602056
22326,ARGYLE RD,6,District 6,ARGYLE RD,WOODLEY RD,ENDICOTT DR,32868.26,698,,2763,0.52328457,Completed,2015,2015/03/03 00:00:00+00,HISTORY,City,,0,NPJACKSON,2020/05/11 20:12:55+00,NPJACKSON,2020/05/12 16:27:43+00,{F206E2B3-4614-401C-8090-5A4F5414EA97},2763.46795507785
22330,BETH MANOR DR,1,District 1,BETH MANOR DR,PERRY HILL RD,END,22015.28,467,,1713,0.32442507,Completed,2015,2015/03/04 00:00:00+00,HISTORY,City,,0,NPJACKSON,2020/05/11 20:14:32+00,NPJACKSON,2020/05/12 16:27:43+00,{DDDCF569-CCEA-4582-8B29-743C15F556CF},1713.77033474729
22333,GREEN CHASE DR,1,District 1,GREEN CHASE DR,GREEN CHASE CIR,END,20907.75,444,,1491,0.28238049,Completed,2015,2015/03/09 00:00:00+00,HISTORY,City,,0,NPJACKSON,2020/05/11 20:15:49+00,NPJACKSON,2020/05/12 16:27:43+00,{176225B4-4B2E-4F8E-A071-A91257B94757},1491.09114545137
22334,MOHAWK DR,1,District 1,MOHAWK DR,CREEK DR,END,1787.92,38,,212,0.04015068,Completed,2015,2015/03/09 00:00:00+00,HISTORY,City,,0,NPJACKSON,2020/05/11 20:17:07+00,NPJACKSON,2020/05/12 16:27:43+00,{0DD7AC0B-2C4D-4B50-BF3F-46A8A454D253},212.993712011743
22335,MCGEHEE PLACE DR S,5,District 5,MCGEHEE PLACE DR S,MCGEHEE RD,APARTMENT GATES,13857.39,294,,1126,0.21325314,Completed,2015,2015/03/12 00:00:00+00,HISTORY,City,,0,NPJACKSON,2020/05/11 20:20:02+00,NPJACKSON,2020/05/12 16:27:43+00,{F917EDC0-0A78-47D1-9E43-2255837B5443},1126.1330411426
22339,TUCKABATCHEE CT,1,District 1,TUCKABATCHEE CT,NATCHEZ DR,END,6436.92,137,,389,0.07367271,Completed,2015,2015/03/11 00:00:00+00,HISTORY,City,,0,NPJACKSON,2020/05/11 20:22:18+00,NPJACKSON,2020/05/12 16:27:43+00,{6BFD3610-80D1-42CE-8863-E329361E6EC2},389.342894418076
22340,NATCHEZ CT,1,District 1,NATCHEZ CT,NATCHEZ DR,END,11880.85,252,,707,0.13389873,Completed,2015,2015/03/12 00:00:00+00,HISTORY,City,,0,NPJACKSON,2020/05/11 20:23:36+00,NPJACKSON,2020/05/12 16:27:43+00,{9CFC0552-2850-4C19-A9C4-91B3E5850CB2},707.462544830879
22341,VISTA CIR,1,District 1,VISTA CIR,PERRY HILL RD,PERRY HILL RD,8221.54,175,,1204,0.22802556,Completed,2015,2015/03/26 00:00:00+00,HISTORY,City,,0,NPJACKSON,2020/05/11 20:24:54+00,NPJACKSON,2020/05/12 16:27:43+00,{A8457EBE-C8FC-4673-A547-E25E9D794234},1204.21700405871
22342,TRADE CENTER ST,4,District 4,TRADE CENTER ST,DAY ST,END,12675.64,298,,1174,0.22234386,Completed,2015,2015/04/01 00:00:00+00,HISTORY,City,,0,NPJACKSON,2020/05/11 20:26:35+00,NPJACKSON,2020/05/12 16:27:43+00,{56948B2D-D23C-46F1-824F-82BD5AF1F81B},1174.30460140989
22345,DORIS ST,7,District 7,DORIS ST,ROSA L PARKS AVE,WHITING AVE,5440.17,116,,1038,0.19658682,Completed,2015,2015/04/01 00:00:00+00,HISTORY,City,,0,NPJACKSON,2020/05/11 20:28:32+00,NPJACKSON,2020/05/13 14:37:00+00,{6E237B73-CF3F-4A16-9EB6-E16403702E38},1038.41900849925
22348,CLOVERDALE RD,3,District 3,CLOVERDALE RD,FELDER AVE,547 CLOVERDALE RD,3739.47,80,,183,0.03465837,Completed,2015,2015/03/31 00:00:00+00,HISTORY,City,,0,NPJACKSON,2020/05/11 20:34:06+00,NPJACKSON,2020/05/12 16:27:43+00,{633F2392-711D-4A81-BE48-4ED5EAE9C79F},183.310619772212
22349,CLOVERDALE RD,3,District 3,CLOVERDALE RD,GRAHAM ST,NORMAN BRIDGE RD,14742.4,313,,370,0.0700743,Completed,2015,2015/03/30 00:00:00+00,HISTORY,City,,0,NPJACKSON,2020/05/11 20:39:51+00,NPJACKSON,2020/05/12 16:27:43+00,{B140C924-FC66-4356-B9B4-A7330BECEAD8},370.578451367744
22350,DORIS CIR,7,District 7,DORIS CIR,W EDGEMONT AVE,WHITING AVE,16540.48,351,,1077,0.20397303,Completed,2015,2015/04/01 00:00:00+00,HISTORY,City,,0,NPJACKSON,2020/05/11 20:43:47+00,NPJACKSON,2020/05/12 16:27:43+00,{CB7CFCE9-5C44-4FE2-854A-0E991B3AFD95},1077.83501487732
22353,CREEK DR,1,District 1,CREEK DR,TENSAW RD,END,49996.92,1061,,3647,0.69070533,Completed,2015,2015/05/05 00:00:00+00,HISTORY,City,,0,NPJACKSON,2020/05/11 20:47:02+00,NPJACKSON,2020/05/12 16:27:43+00,{12983208-1751-460F-AA6A-1C56DB068E04},3647.15186380698
22360,OLD FOREST RD,1,District 1,OLD FOREST RD,OLD BARN RD,7325 OLD FOREST RD,6401.08,136,,549,0.10397511,Completed,2015,2015/05/11 00:00:00+00,HISTORY,City,,0,NPJACKSON,2020/05/11 20:49:24+00,NPJACKSON,2020/05/12 16:27:43+00,{6A307ECB-A751-4477-A6B8-5CFB024AFD56},549.604870214202
22363,LAKE FOREST DR,1,District 1,LAKE FOREST DR,ATLANTA HWY,OLD FOREST RD,19397.03,412,,1955,0.37025745,Completed,2015,2015/05/11 00:00:00+00,HISTORY,City,,0,NPJACKSON,2020/05/11 20:52:01+00,NPJACKSON,2020/05/12 16:27:43+00,{AA8A81ED-7A79-4BBF-BB79-A87E0E48317D},1955.86873452733
22369,OLD PUMP RD,1,District 1,OLD PUMP RD,7406 OLD PUMP RD,7426 OLD PUMP RD,921.78,20,,267,0.05056713,Completed,2015,2015/05/11 00:00:00+00,HISTORY,City,,0,NPJACKSON,2020/05/11 20:54:49+00,NPJACKSON,2020/05/12 16:27:43+00,{43871428-64E9-4081-880D-076C6E3285BE},267.167430436312
22372,OLD BARN RD,1,District 1,OLD BARN RD,7363 OLD BARN RD,7565 OLD BARN RD,16572.75,352,,1743,0.33010677,Completed,2015,2015/05/12 00:00:00+00,HISTORY,City,,0,NPJACKSON,2020/05/11 21:00:05+00,NPJACKSON,2020/05/12 16:27:43+00,{7CF76179-4D45-4A67-B38C-3EEDC307C501},1743.70882546525
22377,CHOCTAW DR,1,District 1,CHOCTAW DR,TECUMSEH DR,END,13072.34,278,,937,0.17745843,Completed,2015,2015/05/14 00:00:00+00,HISTORY,City,,0,NPJACKSON,2020/05/11 21:06:06+00,NPJACKSON,2020/05/12 16:27:43+00,{4A369934-65E6-4543-81BD-4CAFFCDA52FB},937.900998025576
22379,FAIRWAY CT,5,District 5,FAIRWAY CT,NARROW LANE RD,MACLAMAR RD,14582.74,323,,421,0.07973319,Completed,2015,2015/05/14 00:00:00+00,HISTORY,City,,0,NPJACKSON,2020/05/11 21:07:50+00,NPJACKSON,2020/05/12 16:27:43+00,{03842EFD-115B-4E93-8F41-0BEA69A7362B},421.890418863795
22380,MACLAMAR RD,5,District 5,MACLAMAR RD,NARROW LANE RD,NARROW LANE RD,41151.76,890,,2120,0.4015068,Completed,2015,2015/05/18 00:00:00+00,HISTORY,City,,0,NPJACKSON,2020/05/11 21:09:22+00,NPJACKSON,2020/05/12 16:27:43+00,{8F891140-FEC7-481D-B68D-16005BF4EC09},2120.72516000232
22385,DRUID HILLS DR,5,District 5,DRUID HILLS DR,AUDUBON RD,E AUDUBON RD,25651.97,545,,1704,0.32272056,Completed,2015,2015/05/21 00:00:00+00,HISTORY,City,,0,NPJACKSON,2020/05/11 21:10:37+00,NPJACKSON,2020/05/12 16:27:43+00,{6D20F048-4E60-44CE-8567-B7573F16B937},1704.79736218739
22387,HUNTLEY DR,5,District 5,HUNTLEY DR,POCAHONTAS RD,S COURT ST,27403.6,582,,1775,0.33616725,Completed,2015,2015/05/28 00:00:00+00,HISTORY,City,,0,NPJACKSON,2020/05/11 21:12:37+00,NPJACKSON,2020/05/12 16:27:43+00,{568989B6-97A7-4EA7-903F-4C3967C048E1},1775.37139478861
22390,POCAHONTAS RD,5,District 5,POCAHONTAS RD,BURGWYN RD,HUNTLEY DR,33993.74,721,,2177,0.41230203,Completed,2015,2015/06/01 00:00:00+00,HISTORY,City,,0,NPJACKSON,2020/05/11 21:13:57+00,NPJACKSON,2020/05/12 16:27:43+00,{1E8F4315-A742-4A8C-934C-A429F251CE22},2177.37308441017
22394,LYNWOOD DR,5,District 5,LYNWOOD DR,AUDUBON RD,THOMAS AVE,20051.04,426,,1312,0.24847968,Completed,2015,2015/06/02 00:00:00+00,HISTORY,City,,0,NPJACKSON,2020/05/11 21:15:44+00,NPJACKSON,2020/05/12 16:27:43+00,{79023E6B-8F5B-4011-B164-09E46B48B8F9},1312.06461233938
22398,CARGILL CT,5,District 5,CARGILL CT,GEORGENA CURV,END,3765.87,80,,197,0.03730983,Completed,2015,2015/06/02 00:00:00+00,HISTORY,City,,0,NPJACKSON,2020/05/11 21:17:39+00,NPJACKSON,2020/05/12 16:27:43+00,{0CDA1845-A281-44A7-B15A-2D7C8F435F37},197.184657329969
22399,GEORGENA CURV,5,District 5,GEORGENA CURV,ROSA L PARKS AVE,LARCHMONT DR,13915.38,296,,1097,0.20776083,Completed,2015,2015/06/03 00:00:00+00,HISTORY,City,,0,NPJACKSON,2020/05/11 21:18:59+00,NPJACKSON,2020/05/12 16:27:43+00,{8F896546-3E36-49F9-8253-B1E7D6836EFC},1097.20272908492
22401,LARCHMONT DR,5,District 5,LARCHMONT DR,ROSA L PARKS AVE,BURGWYN RD,16737.33,356,,1199,0.22707861,Completed,2015,2015/06/03 00:00:00+00,HISTORY,City,,0,NPJACKSON,2020/05/11 21:20:16+00,NPJACKSON,2020/05/12 16:27:43+00,{2432404C-68CB-4D03-8129-8AE046ABB54A},1199.29675812406
22403,FREEMONT DR,5,District 5,FREEMONT DR,NARROW LANE RD,THOMAS AVE,15119.12,321,,1075,0.20359425,Completed,2015,2015/06/08 00:00:00+00,HISTORY,City,,0,NPJACKSON,2020/05/11 21:21:38+00,NPJACKSON,2020/05/12 16:27:43+00,{431B6C22-79D2-4B1D-B93A-970F7DB0ABEC},1075.281955227
22404,MERRILY DR,5,District 5,MERRILY DR,NARROW LANE RD,END,16923.55,359,,935,0.17707965,Completed,2015,2015/06/09 00:00:00+00,HISTORY,City,,0,NPJACKSON,2020/05/11 21:24:04+00,NPJACKSON,2020/05/12 16:27:43+00,{E5FF9AC6-2546-488B-875B-DB8B7821489D},935.024279082222
22405,QUEENSBURY CT,5,District 5,QUEENSBURY CT,QUEENSBURY DR,QUEENSBURY DR,17364.4,369,,1191,0.22556349,Completed,2015,2015/06/10 00:00:00+00,HISTORY,City,,0,NPJACKSON,2020/05/11 21:25:24+00,NPJACKSON,2020/05/12 16:27:43+00,{7C2BE112-800F-4CA2-97EC-421756DDACAB},1191.912982624
22406,CROOM DR,7,District 7,CROOM DR,VAUGHN RD,END,30085.47,639,,2102,0.39809778,Completed,2015,2015/06/16 00:00:00+00,HISTORY,City,,0,NPJACKSON,2020/05/11 21:26:52+00,NPJACKSON,2020/05/12 16:27:43+00,{8CA98090-40BD-466D-BD97-E77D87D345C5},2102.75917671565
22409,EDGE HILL LN,6,District 6,EDGE HILL LN,VIRGINIA LOOP RD,END,18697.32,397,,1343,0.25435077,Completed,2015,2015/06/18 00:00:00+00,HISTORY,City,,0,NPJACKSON,2020/05/11 21:28:26+00,NPJACKSON,2020/05/12 16:27:43+00,{FB943BBA-4F56-4627-A221-BC4DB16D4214},1343.07761596213
22414,CHARTRES LN,6,District 6,CHARTRES LN,EDGE HILL LN,END,15995.64,340,,1294,0.24507066,Completed,2015,2015/07/08 00:00:00+00,HISTORY,City,,0,NPJACKSON,2020/05/11 21:29:50+00,NPJACKSON,2020/05/12 16:27:43+00,{4D95DD6B-C38C-49C0-812B-C0EF2AB6EBFA},1294.38435447434
22416,BALFOUR RD,2,District 2,BALFOUR RD,AINSWORTH DR,HYDE PARK DR,26071.25,569,,1807,0.34222773,Completed,2015,2015/07/15 00:00:00+00,HISTORY,City,,0,NPJACKSON,2020/05/11 21:32:04+00,NPJACKSON,2020/05/12 16:27:43+00,{1C5E08BA-D28C-4C89-B423-83225E3B4807},1807.98532783671
22418,KNIGHTS BRIDGE CURV,7,District 7,KNIGHTS BRIDGE CURV,CANTERBURY DR,CARTER HILL RD,15396.36,327,,971,0.18389769,Completed,2015,2015/07/22 00:00:00+00,HISTORY,City,,0,NPJACKSON,2020/05/11 21:33:24+00,NPJACKSON,2020/05/12 16:27:43+00,{5B8E6FA6-9B57-4EEC-9088-7A506662AAE1},971.386518608811
22419,HILL ST,4,District 4,HILL ST,STEPHENS ST,STELLA ST,10405.55,141,,642,0.12158838,Completed,2015,2015/07/29 00:00:00+00,HISTORY,City,,0,NPJACKSON,2020/05/11 21:39:41+00,NPJACKSON,2020/05/12 16:27:43+00,{E21CEA71-9E73-401D-96E4-500EBAF5FBBF},642.86991887157
22422,DRAKE ST,4,District 4,DRAKE ST,WESTGATE ST,END,21735.2,461,,1841,0.34866699,Completed,2015,2015/07/30 00:00:00+00,HISTORY,City,,0,NPJACKSON,2020/05/11 21:42:33+00,NPJACKSON,2020/05/12 16:27:43+00,{7A9D3E6B-8A33-4275-B638-550944791349},1841.02534603985
22428,IDLEWILD CT,7,District 7,IDLEWILD CT,WELLINGTON RD,END,6622.69,141,,583,0.11041437,Completed,2015,2015/08/03 00:00:00+00,HISTORY,City,,0,NPJACKSON,2020/05/11 21:44:32+00,NPJACKSON,2020/05/12 16:27:43+00,{DB6EF52B-16B9-43D5-BF37-9DA7E12D3DEA},583.777916909069
22431,JASMINE RD,7,District 7,JASMINE RD,BOXWOOD DR,PINEHURST DR,32213.83,684,,1246,0.23597994,Completed,2015,2015/08/06 00:00:00+00,HISTORY,City,,0,NPJACKSON,2020/05/12 13:40:52+00,NPJACKSON,2020/05/12 16:27:43+00,{97E1B01F-77F8-4600-BF42-2B7C678D6723},1246.42353291895
22433,BERKLEY DR,7,District 7,BERKLEY DR,LE BRON RD,E PATTON AVE,23450.97,798,,1779,0.33692481,Completed,2015,2015/08/11 00:00:00+00,HISTORY,City,,0,NPJACKSON,2020/05/12 13:43:04+00,NPJACKSON,2020/05/12 16:27:43+00,{5731D63A-4EDE-48D6-B009-F583CB200BA5},1779.97930330126
22439,S PERRY ST,7,District 7,S PERRY ST,E DELANO AVE,FELDER AVE,97899.9,1077,,7238,1.37080482,Completed,2015,2015/08/31 00:00:00+00,HISTORY,City,,0,NPJACKSON,2020/05/12 13:46:42+00,NPJACKSON,2020/05/12 16:27:43+00,{756C492E-8CE1-4748-8F1D-CB466CED1208},7238.77381787782
22444,CHERRY ST,3,District 3,CHERRY ST,ANN ST,CHARLES ST,14975.32,318,,1336,0.25302504,Completed,2015,2015/09/01 00:00:00+00,HISTORY,City,,0,NPJACKSON,2020/05/12 13:49:41+00,NPJACKSON,2020/05/12 16:27:43+00,{6668F62B-8693-4228-8478-FE58D0C04599},1336.8940491245
22448,CLINTON ST,7,District 7,CLINTON ST,ROSA L PARKS AVE,S HOLT ST,11961.5,254,,1149,0.21760911,Completed,2015,2015/09/03 00:00:00+00,HISTORY,City,,0,NPJACKSON,2020/05/12 14:14:41+00,NPJACKSON,2020/05/12 16:27:43+00,{066D6250-6F1B-4889-89C3-0AEE802427E3},1149.81638715122
22449,LANCASTER CIR,7,District 7,LANCASTER CIR,WENTWORTH DR,END,4590.05,97,,188,0.03560532,Completed,2015,2015/09/14 00:00:00+00,HISTORY,City,,0,NPJACKSON,2020/05/12 14:16:38+00,NPJACKSON,2020/05/12 16:27:43+00,{0364B9AF-A248-4F36-883C-F044D2A4D43D},188.117277947614
22450,LANCASTER LN,7,District 7,LANCASTER LN,WENTWORTH DR,CROOM DR,25225.72,535,,1767,0.33465213,Completed,2015,2015/09/14 00:00:00+00,HISTORY,City,,0,NPJACKSON,2020/05/12 14:50:35+00,NPJACKSON,2020/05/12 16:27:43+00,{349BD3E1-0AAD-44E8-B150-AAE0C678C710},1767.21528383555
22451,BALDWIN BROOK DR,6,District 6,BALDWIN BROOK DR,WOODLEY RD,ENDICOTT DR,49943.17,1059,,4727,0.89524653,Completed,2015,2015/09/15 00:00:00+00,HISTORY,City,,0,NPJACKSON,2020/05/12 14:56:48+00,NPJACKSON,2020/05/12 16:27:43+00,{41E2A806-9DBF-4B1A-BB61-88E8F5BD8E13},4727.03433001744
22459,MAYFLOWER DR,6,District 6,MAYFLOWER DR,HUNTING CREEK RD,END,18315.88,388,,1285,0.24336615,Completed,2015,2015/09/16 00:00:00+00,HISTORY,City,,0,NPJACKSON,2020/05/12 15:01:33+00,NPJACKSON,2020/05/12 16:27:43+00,{D9FF8728-AE16-431F-97BF-E2CC4244BAA5},1285.22971158613
22461,GATSBY CT,7,District 7,GATSBY CT,GATSBY LN,END,1829.89,39,,195,0.03693105,Completed,2015,2015/09/17 00:00:00+00,HISTORY,City,,0,NPJACKSON,2020/05/12 15:05:20+00,NPJACKSON,2020/05/12 16:27:43+00,{7FE4B813-8AE6-45F7-B379-02CA7A409932},195.62491837587
22462,ARBORFIELD RD,7,District 7,ARBORFIELD RD,ZEPHYR HILLS DR,NOREMAC RD,14859.8,316,,1219,0.23086641,Completed,2015,2015/09/23 00:00:00+00,HISTORY,City,,0,NPJACKSON,2020/05/12 15:06:59+00,NPJACKSON,2020/05/12 16:27:43+00,{EC1660D4-0C8D-4598-B58E-2FBD95126AA6},1219.40064391487
22463,GATSBY LN,7,District 7,GATSBY LN,ZELDA RD,ZELDA RD,43989.57,933,,3265,0.61835835,Completed,2015,2015/09/23 00:00:00+00,HISTORY,City,,0,NPJACKSON,2020/05/12 15:09:39+00,NPJACKSON,2020/05/12 16:27:43+00,{A8162127-8EC0-4B94-8FB0-771197E2803E},3265.35942545973
22466,SAYRE ST,7,District 7,SAYRE ST,WADE ST,END,39458.92,836,,2287,0.43313493,Completed,2015,2015/09/30 00:00:00+00,HISTORY,City,,0,NPJACKSON,2020/05/12 15:12:43+00,NPJACKSON,2020/05/12 16:27:43+00,{006E95C9-23A8-4806-9BBC-870384AE1C99},2287.76527576901
22474,AIR BASE BLVD,4,District 4,AIR BASE BLVD,RR TRACKS,MOBILE HWY,100041.45,2122,,9664,1.83026496,Completed,2013,2013/05/30 00:00:00+00,HISTORY,City,,0,NPJACKSON,2020/05/12 16:07:46+00,NPJACKSON,2020/05/12 16:27:43+00,{0150BDD0-1B86-474F-AFA5-F5BC3E44CA5C},9664.06575098757
22494,WILLIAMS RD,2,District 2,WILLIAMS RD,FULLER RD,VINSON RD,25048.65,348.33,20,1900,0.36,Completed,2020,2020/08/10 00:00:00+00,HISTORY,City,City of Montgomery,0,NPJACKSON,2020/05/13 14:05:02+00,NPJACKSON,2020/10/06 13:47:14+00,{4B92DDFF-5763-4C04-8E3F-FDF23BB26C3F},1932.79100869122
22495,PERSHING ST,7,District 7,PERSHING ST,LE BRON RD,END,9374.36,199,,,,Completed,2013,2013/01/24 00:00:00+00,HISTORY,City,,0,NPJACKSON,2020/05/13 14:44:00+00,NPJACKSON,2020/05/13 14:44:51+00,{4B72D4C5-A3F8-487E-9044-0DD0DEC0F81C},813.568110138127
22497,CAROL CT,8,District 8,CAROL CT,SANSONE RD,END,8973.12,190,,,,Completed,2013,2013/02/05 00:00:00+00,HISTORY,City,,0,NPJACKSON,2020/05/13 14:45:19+00,NPJACKSON,2020/05/13 14:46:11+00,{C48E0EDC-AAC5-4FD1-989A-632C40E3EF59},688.769524306296
22498,RICHMOND CT,7,District 7,RICHMOND CT,RICHMOND RD,END,4212.38,89,,,,Completed,2013,2013/02/04 00:00:00+00,HISTORY,City,,0,NPJACKSON,2020/05/13 14:46:34+00,NPJACKSON,2020/05/13 14:47:19+00,{82B0A4A7-C666-4DD4-B7B0-56A2711CF518},219.170077046327
22499,N BURBANK DR,2,District 2,N BURBANK DR,N BURBANK DR,N BURBANK DR,34753.79,737,,,,Completed,2013,2013/03/18 00:00:00+00,HISTORY,City,,0,NPJACKSON,2020/05/13 14:48:18+00,NPJACKSON,2020/05/13 14:49:13+00,{6C92FB5B-E9FB-4271-9F86-78B6F64DD553},2151.62907360455
22502,TENSAW RD,1,District 1,TENSAW RD,ARROWHEAD DR,TOWNE LAKE DR,31204.34,662,,,,Completed,2013,2012/12/18 00:00:00+00,HISTORY,City,,0,NPJACKSON,2020/05/13 14:50:16+00,NPJACKSON,2020/05/13 14:51:12+00,{7F436559-966F-4248-94DC-1A9466C4941B},2341.18639381024
22505,CARTER HILL RD,3,District 3,CARTER HILL RD,S DECATUR ST,COLLEGE ST,8410.45,2851,36,4723,0.89,Completed,2018,,HISTORY,Federal,,0,NPJACKSON,2020/06/01 20:03:39+00,NPJACKSON,2020/06/02 14:57:05+00,{67D9ED81-E984-4286-8F50-247B54A4EFF7},4723.43479490999
22905,WOODLEY RD,5,District 5,WOODLEY RD,E SOUTH BLVD,MCGEHEE RD,9478.35,3213,,5105,0.97,Completed,2018,,HISTORY,Federal,,0,NPJACKSON,2020/06/02 14:39:04+00,NPJACKSON,2020/06/02 14:56:20+00,{D115EB3A-A19D-438D-A40A-D7CC76A93E02},5105.93044558707
22915,W FAIRVIEW AVE,4,District 4,W FAIRVIEW AVE,I-65,AIR BASE BLVD,20337.3,6894,,6509,1.23,Completed,2018,,HISTORY,Federal,,0,NPJACKSON,2020/06/02 14:44:24+00,NPJACKSON,2020/06/02 14:55:33+00,{1AB2DBBD-7F5D-4088-BF2F-5993787BC891},6509.7696085706
22943,GUNTER PARK DR,2,District 2,GUNTER PARK DR,CONG W L DICKINSON DR,GUNTER PARK DR,21328.5,7230,,21094,3.96,Completed,2015,,HISTORY,Federal,,0,NPJACKSON,2020/06/02 14:47:49+00,NPJACKSON,2020/06/02 14:54:44+00,{D074A4D9-78E2-4420-8340-C2F9B003F71D},21094.1131192655
22945,DEXTER AVE,3,District 3,DEXTER AVE,S COURT ST,N BAINBRIDGE ST,7665,2625,,2394,0.45,Completed,2017,,HISTORY,Federal,,0,NPJACKSON,2020/06/02 14:51:29+00,NPJACKSON,2020/06/02 14:53:50+00,{DDDD8859-DA7B-40DE-849D-C50332991069},2394.0306063108
22952,PELZER AVE,2,District 2,PELZER AVE,HONEYSUCKLE RD,THREE MILE BRANCH,13551.04,188.44,35,530,0.1,Completed,2020,2020/06/18 00:00:00+00,HISTORY,City,City of Montgomery,0,NPJACKSON,2020/06/23 19:23:56+00,NPJACKSON,2020/10/06 13:47:14+00,{D804C22C-2D32-4202-A9F6-E5C598BC3123},580.676698038215
23352,BANKHEAD AVE,7,District 7,BANKHEAD AVE,WOODLEY RD,PRIVATE DR,4314.6,60,27,200,0.04,Completed,2020,2020/06/25 00:00:00+00,HISTORY,City,City of Montgomery,0,NPJACKSON,2020/06/29 18:47:18+00,NPJACKSON,2020/10/06 13:47:14+00,{B192032A-DDF3-4E8B-80E2-BB38763B46EC},234.014276459206
23759,SLADE PLAZA BLVD,4,District 4,SLADE PLAZA BLVD,FOLMAR PKWY,END,30741.53,427.5,30,800,0.15,Completed,2022,2022/07/12 00:00:00+00,HISTORY,City,City of Montgomery,0,NPJACKSON,2020/07/06 18:26:20+00,ABENEFIELD,2022/11/09 14:41:29+00,{ECDC1153-96C5-4A8F-B370-18EEE04EAB0A},707.298504900422
24154,SHERRER SCOTT CLOSE,5,District 5,SHERRER SCOTT CLOSE,CORWIN DR,END,9588,5133.33,400,30,0.08,Completed,2021,2021/07/28 00:00:00+00,HISTORY,City,,0,NPJACKSON,2020/07/14 13:29:03+00,NPJACKSON,2021/10/12 20:43:33+00,{01C0E2F0-EB91-4A51-9246-F1DB2777DEA9},252.699350856649
24156,PEBBLE CREEK CT,8,District 8,PEBBLE CREEK CT,OLD MAGNOLIA WAY,END,10227.2,8142.22,30,400,0.08,Completed,2021,2021/08/18 00:00:00+00,HISTORY,City,,0,NPJACKSON,2020/07/14 13:46:10+00,NPJACKSON,2021/10/12 20:43:33+00,{50E66C9C-2974-4D80-BF57-C31C8D366385},245.472706425373
24552,8TH ST,3,District 3,8TH ST,CROSS ST,FURNACE ST,17258.4,240,24,800,0.02,Completed,2020,2020/08/31 00:00:00+00,HISTORY,City,,0,NPJACKSON,2020/07/16 19:43:46+00,NPJACKSON,2020/10/06 13:47:14+00,{CA394F68-BED5-47ED-8A34-C3EA584ECE95},786.455154016498
24554,CROSS ST,3,District 3,CROSS ST,9TH ST,8TH ST,8089.88,112.5,24,375,0.01,Completed,2020,2020/08/31 00:00:00+00,HISTORY,City,,0,NPJACKSON,2020/07/16 19:49:11+00,NPJACKSON,2020/10/06 13:47:14+00,{BE987136-4370-4C3D-B077-FC18744769F0},370.01664939035
26552,DEWANEE ST,2,District 2,DEWANEE ST,MCQUEEN ST,END,7270.21,101.11,28,325,0.06,Completed,2014,2014/05/27 00:00:00+00,HISTORY,Utility,Alexander Sealcoating,0,NPJACKSON,2020/10/14 16:19:15+00,NPJACKSON,2020/10/14 16:21:37+00,{737DF46A-CA36-401D-AC23-B8122E1BC34A},299.485004622465
26556,RAILWAY ST,3,District 3,RAILWAY ST,N DECATUR ST,SEABOARD ST,2292.13,31.88,17,225,0.05,Completed,2021,2020/10/20 00:00:00+00,HISTORY,Utility,Alexander Sealcoating,0,NPJACKSON,2020/10/14 16:46:25+00,NPJACKSON,2021/10/12 20:43:33+00,{8DE7F8BC-6E39-48A5-8A04-2F8F5A55B6CF},235.383436934509
26564,WITHERS ST,3,District 3,WITHERS ST,N DECATUR ST,DEAD END,30738.96,427.5,27,1425,0.27,Completed,2021,2020/10/20 00:00:00+00,HISTORY,Utility,Alexander Sealcoating ,0,NPJACKSON,2020/10/14 16:50:05+00,NPJACKSON,2021/10/12 20:43:33+00,{62B657A5-0B60-44CD-BBBB-4EC14BCFECB7},1701.56190660694
26570,FERGUSON ST,3,District 3,FERGUSON ST,N DECATUR ST,DEAD END,16609.82,231,27,770,0.15,Completed,2021,2020/10/20 00:00:00+00,HISTORY,Utility,Alexander Sealcoating,0,NPJACKSON,2020/10/14 17:00:27+00,NPJACKSON,2021/10/12 20:43:33+00,{BC9AEBC9-07A5-46F8-808C-B33969CA38BF},779.813181325394
26573,OPP ST,3,District 3,OPP ST,FERGUSON ST,HALE ST,3163.78,44,18,220,0.05,Completed,2021,2020/10/20 00:00:00+00,HISTORY,Utility,Alexander Sealcoating ,0,NPJACKSON,2020/10/14 17:06:25+00,NPJACKSON,2021/10/12 20:43:33+00,{B1A4D790-9299-4C06-81D2-23324CEB328B},252.674217744188
26575,CHAMBERS ST,3,District 3,CHAMBERS ST,FRENCH ST,WITHERS ST,2696.4,37.5,15,225,0.05,Completed,2021,2020/10/20 00:00:00+00,HISTORY,Utility,Alexander Sealcoating,0,NPJACKSON,2020/10/14 17:13:29+00,NPJACKSON,2021/10/12 20:43:33+00,{712A6164-7917-48D2-8E5B-59FB75097A1B},253.910958743738
26576,CHOCTAW ST,3,District 3,CHOCTAW ST,FOSTER ST,WITHERS ST,2336.88,32.5,13,225,0.05,Completed,2021,2020/10/20 00:00:00+00,HISTORY,Utility,Alexander Sealcoating ,0,NPJACKSON,2020/10/14 18:25:39+00,NPJACKSON,2021/10/12 20:43:33+00,{BECCA584-6EA5-41A3-BF05-84907F5714C4},253.214434343319
26579,N DECATUR ST,3,District 3,N DECATUR ST (1),1420 N DECATUR ST,WITHERS ST,24287.73,337.78,32,950,0.18,Completed,2021,2020/10/20 00:00:00+00,HISTORY,Utility,Alexander Sealcoating ,0,NPJACKSON,2020/10/14 18:33:04+00,NPJACKSON,2021/10/12 20:43:33+00,{DC4E6361-11AF-4BDA-8CD8-8C706A1A529F},937.97431872116
26585,N DECATUR ST,3,District 3,N DECATUR ST (2),1622 N DECATUR ST,1806 N DECATUR ST,27483.15,382.22,32,1075,0.21,Completed,2021,2020/10/20 00:00:00+00,HISTORY,Utility,Alexander Sealcoating ,0,NPJACKSON,2020/10/14 18:37:12+00,NPJACKSON,2021/10/12 20:43:33+00,{60D8C98E-582E-4F64-BCC3-0C7DB7FBE7F4},1049.30590595669
26953,GLEN GRATTAN,7,District 7,GLEN GRATTAN,THOMAS AVE,NARROW LANE RD,31877.2,443.33,28,1425,0.27,Completed,2018,2018/03/12 00:00:00+00,HISTORY,Utility,Alexander Sealcoating,0,NPJACKSON,2020/10/28 19:40:49+00,NPJACKSON,2020/10/28 19:49:03+00,{92EFE6BF-65FA-4594-8262-7D22E6A54F17},1460.73638035409
27352,PONCE DE LEON AVE,7,District 7,PONCE DE LEON AVE,CLOVERDALE RD,MASTIN LN,41704.32,580,29,1800,0.08,Completed,2020,2020/09/17 00:00:00+00,HISTORY,Utility,Alexander Sealcoating ,0,NPJACKSON,2020/10/29 13:57:23+00,NPJACKSON,2020/10/29 13:59:08+00,{D279C107-5934-4A2C-9B1F-C95576058E1E},1799.43307125751
27356,MASTIN LN,7,District 7,MASTIN LN,PONCE DE LEON AVE,HUBBARD ST,6743.16,93.78,20,422,0.08,Completed,2020,2020/09/17 00:00:00+00,HISTORY,Utility,Alexander Sealcoating ,0,NPJACKSON,2020/10/29 14:00:17+00,NPJACKSON,2020/10/29 14:03:15+00,{49DEC296-09DB-41D5-A317-73C76814A497},417.52271002389
27357,CLOVERDALE RD,7,District 7,CLOVERDALE RD,DUPONT RD,E EDGEMONT AVE,47061.17,654.5,33,1785,0.34,Completed,2020,2020/09/17 00:00:00+00,HISTORY,Utility,Alexander Sealcoating ,0,NPJACKSON,2020/10/29 14:14:54+00,NPJACKSON,2020/10/29 14:16:41+00,{29FFE9E7-B683-4526-AC50-796CA149DDD2},1701.80013022634
27360,PERSHING ST,7,District 7,PERSHING ST,CLOVERDALE RD,END,8109.33,112.78,29,350,0.07,Completed,2020,2020/09/17 00:00:00+00,HISTORY,Utility,Alexander Sealcoating ,0,NPJACKSON,2020/10/29 14:18:33+00,NPJACKSON,2020/10/29 14:20:10+00,{A5807372-0EC8-45D7-8AC2-6612D1DFAD86},352.573564655051
27761,W RUTGERS LOOP,1,District 1,W RUTGERS LOOP,Northwestern Rd,Wake Forest Dr,29360.56032,408.33,30,1074.46834921,0.265152,Completed,2021,2021/01/19 00:00:00+00,HISTORY,City,,4.14150943,NPJACKSON,2021/01/13 20:05:05+00,NPJACKSON,2021/10/12 20:43:33+00,{19284DAA-B448-48C1-8DB5-5EDFCC0E139D},1074.45886081569
28161,EVEREST DR,5,District 5,EVEREST DR,FIELDCREST DR,END,11985,166.67,30,500,0.09,Completed,2021,2021/07/29 00:00:00+00,HISTORY,City,City of Montgomery,0,NPJACKSON,2021/01/26 18:49:09+00,NPJACKSON,2021/10/12 20:43:33+00,{2339D3AB-126E-4B27-ACAA-03407229F830},1238.13169320512
28961,S DECATUR ST,3,District 3,S DECATUR ST,ARBA ST,CARTER HILL RD,56952.72,792,36,1760,0.34,Completed,2021,2021/02/24 00:00:00+00,HISTORY,City,City of Montgomery,0,NPJACKSON,2021/03/03 18:56:58+00,NPJACKSON,2021/10/12 20:43:33+00,{660A8DD5-4ABD-47AB-87B2-3DE07A5A6C32},1709.21390957183
29361,BOYS CLUB RD,4,District 4,BOYS CLUB RD,DAY STREET RD,HIGHLAND VILLAGE RD,17797.73,247.5,30,660,0.13,Completed,2021,2021/04/07 00:00:00+00,HISTORY,City,City of Montgomery,0,NPJACKSON,2021/03/31 13:34:47+00,NPJACKSON,2021/10/12 20:43:33+00,{9FE93651-6AD0-4C88-8570-AFC48206895B},648.472159774443
29362,DAY STREET RD,4,District 4,DAY STREET RD,TERMINAL RD,SCHLEY ST,87640.31,1218.75,30,3250,0.62,Completed,2022,2022/02/08 00:00:00+00,HISTORY,City,City of Montgomery,0,NPJACKSON,2021/03/31 13:40:31+00,ABENEFIELD,2022/11/10 18:18:37+00,{4D774957-00B8-44CB-9CE1-39CA9102248F},3946.13617926566
29761,CARTER HILL RD,7,District 7,CARTER HILL RD,ZELDA RD,KNIGHTS BRIDGE CURV,29123.55,405,36,900,0.17,Completed,2021,2021/08/12 00:00:00+00,HISTORY,City,City of Montgomery,0,NPJACKSON,2021/05/17 16:39:05+00,NPJACKSON,2021/10/12 20:43:33+00,{590412B9-755F-4D34-BF97-C2ACBEC78CB5},1434.37249408263
29766,VAUGHN RD,5,District 5,VAUGHN RD,VAUGHN RD,VAUGHN RD,62921.25,875,70,1000,0.09,Completed,2021,2021/06/02 00:00:00+00,HISTORY,City,City of Montgomery,0,NPJACKSON,2021/05/17 17:19:47+00,NPJACKSON,2021/10/12 20:43:33+00,{8053AEFA-9EE8-4129-A241-71FA9B9F2493},1101.9808562079
30161,RITA LN,4,District 4,RITA LN,ALAN LN,DEAD END,35056.13,487.5,30,1300,0.25,Completed,2022,2021/11/01 00:00:00+00,HISTORY,City,,0,NPJACKSON,2021/06/21 13:40:01+00,ABENEFIELD,2022/11/09 14:41:29+00,{F0C88F4D-1473-4810-AA26-D1A974B42A84},1277.80347371364
30561,WELL RD,4,District 4,WELL RD,HUNTER LOOP RD,WEST BLVD,55011.15,765,24,2550,0.48,Completed,2022,2022/01/11 00:00:00+00,HISTORY,City,,0,NPJACKSON,2021/06/29 13:29:05+00,ABENEFIELD,2022/11/09 14:41:29+00,{5A6BCFE2-A0B4-4652-81CD-5DF9B73963E5},2585.81984709909
31761,MACE AVE,4,District 4,MACE AVE,US HWY 31,END,41348.25,525,20,2300,0.44,Completed,2022,2022/01/24 00:00:00+00,HISTORY,City,,0,NPJACKSON,2021/08/02 16:20:54+00,ABENEFIELD,2022/11/09 14:41:29+00,{E5EDABFA-FFE1-4DEC-8D0B-07F2AA34E856},2366.18730468787
32161,SWEET GUM CT,2,District 2,SWEET GUM CT,COUNTRYSIDE LN,END,9438.19,131.25,30,350,0.06,Completed,2022,2022/02/23 00:00:00+00,HISTORY,City,,0,NPJACKSON,2021/08/03 13:50:08+00,ABENEFIELD,2022/11/09 14:41:29+00,{392E87F3-1C34-452C-9CF4-1E1C46E452C2},235.028464858225
32162,SWEET GUM DR,2,District 2,SWEET GUM DR,COUNTRYSIDE LN,DAVID DR,25887.6,360,30,960,0.18,Completed,2022,2022/02/24 00:00:00+00,HISTORY,City,,0,NPJACKSON,2021/08/03 13:52:23+00,ABENEFIELD,2022/11/09 14:41:29+00,{339D45A7-3359-4425-B26D-E1AC770B0FBB},1010.00856014536
32562,FORBES DR,3,District 3,FORBES DR,JACKSON FERRY RD,PARK MANOR AVE,78202.13,1087.5,30,2900,0.55,Completed,2022,2021/11/29 00:00:00+00,HISTORY,City,,0,NPJACKSON,2021/08/12 18:59:47+00,ABENEFIELD,2022/11/09 14:41:29+00,{D8F4ADB5-1DF6-4910-9825-53DBBE0228B8},3724.82398434075
32564,S FORBES DR,3,District 3,S FORBES DR,JACKSON FERRY RD,MICHIGAN AVE,116494.2,1620,27,4800,0.91,Completed,2022,2021/11/04 00:00:00+00,HISTORY,City,,0,NPJACKSON,2021/08/12 19:02:33+00,ABENEFIELD,2022/11/09 14:41:29+00,{04D9DDB7-127E-4928-AE14-B3A9739352F8},4724.52189309389
32961,WINCHESTER RD,5,District 5,WINCHESTER RD,FIELDCREST DR,END,16584.24,230.63,30,615,0.12,Completed,2021,2021/09/30 00:00:00+00,HISTORY,City,,0,NPJACKSON,2021/08/25 15:12:03+00,NPJACKSON,2021/10/12 20:43:33+00,{401C046E-D972-4842-B633-BCBBA394724D},425.086220934476
33361,SWEETBRIAR RD,2,District 2,SWEETBRIAR RD,FEDERAL DR,CRESTVIEW AVE,29662.88,412.53449,,1108.8,0.21,Completed,2022,2022/02/17 00:00:00+00,HISTORY,City,,0,NPJACKSON,2021/11/04 14:52:07+00,ABENEFIELD,2022/11/09 14:41:29+00,{50C363F7-A85E-4E49-918F-1AC6D422961C},1105.96057015945
33362,N COURT ST,3,District 3,N COURT ST,W RAILROAD ST,W JEFFERSON ST,52434.38,729.23,,1742.4,0.33,Completed,2022,2022/09/01 00:00:00+00,HISTORY,City,,0,NPJACKSON,2021/11/04 15:18:07+00,ABENEFIELD,2022/11/09 14:41:29+00,{5BEAFEE6-AA8D-4790-995E-3E7189BAC2C9},1764.92311148538
33368,S PENNSYLVANIA ST,3,District 3,S PENNSYLVANIA ST,MT MEIGS RD,MADISON AVE,13842.68,192.52,,528,0.1,Completed,2022,2021/12/13 00:00:00+00,HISTORY,City,,0,NPJACKSON,2021/11/04 15:27:19+00,ABENEFIELD,2022/11/09 14:41:29+00,{BEC0A8A8-7024-499D-9EF2-E46ADD16AA00},507.551349418293
34161,STABLE GATE CT,6,District 6,STABLE GATE CT,YOUNG MEADOWS RD,END,18202.22,253.13,30,675,0.13,Completed,2022,2022/04/19 00:00:00+00,HISTORY,City,City of Montgomery,0,NPJACKSON,2022/04/21 15:39:31+00,ABENEFIELD,2022/11/09 14:41:29+00,{C22BD05F-06B9-4638-B158-A3A266847A86},448.290912132612
34162,YOUNG MEADOWS RD,6,District 6,YOUNG MEADOWS RD,BELL RD,MEADOW LARK DR,52853.85,735,42,1400,0.27,Completed,2022,2022/04/21 00:00:00+00,HISTORY,City,City of Montgomery,0,NPJACKSON,2022/04/21 15:42:00+00,ABENEFIELD,2022/11/09 14:41:29+00,{1BE34195-BFE8-4B9F-ABE5-8706ED46819C},1310.78647386385
34561,ASHEWORTH DR,8,District 8,Asheworth Dr,DEER CREEK BLVD,MORNING Pl,15000,187.5,30,500,0.09,Completed,2022,2022/09/12 00:00:00+00,HISTORY,CITY,City of Montgomery,,ABENEFIELD,2022/09/19 15:17:02+00,ABENEFIELD,2022/11/09 14:41:29+00,{4A01A484-15F2-4D3D-9F20-F586117C5D43},406.108071167732
35407,CLOVERDALE RD,7,District 7,CLOVERDALE RD,Hull St,Norman Bridge Rd,56049.88704,779.51,42,929.22322184,0.17598925,Completed,2023,2023/05/11 00:00:00+00,HISTORY,City,City of Montgomery,5,NPJACKSON,2025/02/26 14:08:32+00,NPJACKSON,2025/02/26 14:08:32+00,{8C6CC09D-04C9-4EE0-BDF4-A58821659482},929.223221841339
35408,CLOVIS DR,4,District 4,CLOVIS DR,Cloverhill Dr,Iris Ln,27503.28,382.5,30,1067.78133762,0.20223131,Completed,2023,2023/05/11 00:00:00+00,HISTORY,City,,5,NPJACKSON,2025/02/26 14:08:32+00,NPJACKSON,2025/02/26 14:08:32+00,{10381DEC-C8E8-45C5-AB36-8E16A95D5206},1067.78133762707
35409,CORWIN DR,5,District 5,CORWIN DR,Llyde Ln,Capstone Dr,87696,870,27,1222.01706495,0.23144263,Completed,2023,2023/05/24 00:00:00+00,HISTORY,City,,5,NPJACKSON,2025/02/26 14:08:32+00,NPJACKSON,2025/02/26 14:08:32+00,{62369DB8-56B3-4376-866D-D16356C87091},1222.01706495481
35410,DUNLEITH,9,District 9,DUNLEITH,Wynlakes Blvd,Wynlakes Blvd,48923.4816,680.4,36,878.41034121,0.16636559,Completed,2023,2022/12/09 00:00:00+00,HISTORY,City,City of Montgomery,5,NPJACKSON,2025/02/26 14:08:32+00,NPJACKSON,2025/02/26 14:08:32+00,{8EFCD414-A99F-49A3-B5D9-49BAADEB697E},878.410341203573
35411,ELMDALE RD,7,District 7,ELMDALE RD,Glenwood Rd,Perry Hill Rd,33835.87,470.57,29,1680.68045759,0.31831069,Completed,2023,2023/02/23 00:00:00+00,HISTORY,City,,5,NPJACKSON,2025/02/26 14:08:32+00,NPJACKSON,2025/02/26 14:08:32+00,{DAD42F40-D4E5-4E19-A34D-1F4F3711C1DF},1680.68045758946
35412,JENELLA DR,7,District 7,JENELLA DR,Robinson Hill Rd,Hill Hedge Rd,5574.71712,77.53,29,274.61765256,0.05201092,Completed,2023,2022/10/27 00:00:00+00,HISTORY,City,City of Montgomery,5,NPJACKSON,2025/02/26 14:08:32+00,NPJACKSON,2025/02/26 14:08:32+00,{165500B1-DD46-4F26-9B51-EF6C65D682C0},274.617652558067
35413,LONGMEADOW DR,7,District 7,LONGMEADOW DR,Carter Hill Rd,End,24998.86368,347.67,30,1192.29986308,0.22581437,Completed,2023,2022/11/01 00:00:00+00,HISTORY,City,City of Montgomery,5,NPJACKSON,2025/02/26 14:08:32+00,NPJACKSON,2025/02/26 14:08:32+00,{AD247481-B7BF-4219-BC08-9630B64C6F20},1192.2998630796
35414,N COLONIAL DR,5,District 5,N COLONIAL DR,Fisk Rd,Gladlane Dr,59919.76,833.33,30,2538.04748629,0.48069081,Completed,2023,2023/05/11 00:00:00+00,HISTORY,City,,5,NPJACKSON,2025/02/26 14:08:32+00,NPJACKSON,2025/02/26 14:08:32+00,{B58AC4FF-E01F-40F3-A8CC-C7C110A578EA},2538.04748629654
35415,PINECREST DR,7,District 7,PINECREST DR,Robinson Hill Rd,End,19502.52192,271.23,26,1079.59871101,0.20446945,Completed,2023,2022/10/31 00:00:00+00,HISTORY,City,City of Montgomery,5,NPJACKSON,2025/02/26 14:08:32+00,NPJACKSON,2025/02/26 14:08:32+00,{DDDEA0AE-C744-48EB-A1D0-601F9007299C},1079.59871100838
35416,RICHARD RD,5,District 5,RICHARD RD,Debby Dr,Eastern Blvd,50157.23,698,36,1485.88140332,0.28141693,Completed,2023,2023/08/11 00:00:00+00,HISTORY,City,,5,NPJACKSON,2025/02/26 14:08:32+00,NPJACKSON,2025/02/26 14:08:32+00,{7B602040-064B-4781-9D80-15AD5CD66541},1485.88140332201
35417,ROYAL CREST DR,2,District 2,ROYAL CREST DR,High Point Rd,Hillman St,25057.11,348.48,29,1236.38502362,0.23416383,Completed,2023,2023/09/11 00:00:00+00,HISTORY,City,,5,NPJACKSON,2025/02/26 14:08:32+00,NPJACKSON,2025/02/26 14:08:32+00,{CB161451-4565-455E-B5AA-9345D14A677C},1236.38502362175
35418,SHAMROCK LN,5,District 5,SHAMROCK LN,Corwin Dr,Semmes Dr,34855.464,484.75,30,1422.95827375,0.26949967,Completed,2023,2023/05/11 00:00:00+00,HISTORY,City,,5,NPJACKSON,2025/02/26 14:08:32+00,NPJACKSON,2025/02/26 14:08:32+00,{7C4DB179-BA96-42E5-9F07-2E22163F0551},1422.95827374879
35419,WESTCHESTER PL,9,District 9,WESTCHESTER PL,Lakeridge Dr,End,20647.2336,287.15,33,562.08033246,0.10645461,Completed,2023,2022/12/07 00:00:00+00,HISTORY,City,,5,NPJACKSON,2025/02/26 14:08:32+00,NPJACKSON,2025/02/26 14:08:32+00,{03A9A7E0-5971-4A5C-B067-1481ECAE3D3D},562.080332455349
35420,WYNCHASE CIR,9,District 9,WYNCHASE CIR,Wynlakes Blvd,Wynchase Cir,64526.6496,897.4,36,3146.02121051,0.59583735,Completed,2023,2022/12/14 00:00:00+00,HISTORY,City,,5,NPJACKSON,2025/02/26 14:08:32+00,NPJACKSON,2025/02/26 14:08:32+00,{8663AF4B-576F-40C7-9411-1F80125D9552},3146.02121051001
35421,OLD HAYNEVILLE RD,4,District 4,OLD HAYNEVILLE RD,Selma Hwy,Lonesome Pine Dr,155805,,,6492.52614309,1.2296451,Completed,2023,2023/06/12 00:00:00+00,HISTORY,City,,5,NPJACKSON,2025/02/26 14:08:32+00,NPJACKSON,2025/02/26 14:08:32+00,{764378C7-553E-4291-AADF-E7C170063BBB},6492.52614309042
35422,WOODMERE BLVD,9,District 9,WOODMERE BLVD,Eastern Blvd,Woodmere Dr,104868.51,1458.33,50,3110.901005,0.5891858,Completed,2023,2023/02/08 00:00:00+00,HISTORY,City,,5,NPJACKSON,2025/02/26 14:08:32+00,NPJACKSON,2025/02/26 14:08:32+00,{AE27FA85-A9E7-4C91-A5C8-AABCBDD57A2A},3110.9010049989
35423,WARES FERRY RD,1,District 2,WARES FERRY RD,Bypass,City Limit,725814,7683,43,16368,3.1,Completed,2023,2023/08/11 00:00:00+00,HISTORY,Federal,,5,NPJACKSON,2025/02/26 14:08:32+00,NPJACKSON,2025/02/26 14:08:32+00,{6A04BB71-E35D-4DE9-B50C-779FB4392ABB},21456.5835810572
35424,OLD MARSH WAY,9,District 9,OLD MARSH WAY,Halcyon Blvd,Lakeridge Dr,81498,1133.33,30,3336.57852326,0.63192775,Completed,2023,2022/12/06 00:00:00+00,HISTORY,City,,5,NPJACKSON,2025/02/26 14:08:32+00,NPJACKSON,2025/02/26 14:08:32+00,{1DB67A3D-85AB-42DF-86E8-F51556D66B41},3336.5785232562
35425,SPRING VALLEY RD,6,District 6,SPRING VALLEY RD,WOODLEY RD,END,,,36,7413.89092978,1.40414601,Completed,2023,2023/05/11 00:00:00+00,HISTORY,City,,5,NPJACKSON,2025/02/26 14:08:32+00,NPJACKSON,2025/02/26 14:08:32+00,{C38B6A51-6A58-48F4-A139-C38B31367A26},7413.89092977833
35426,FAIN PARK PARKING LOT,9,District 9,FAIN PARK PARKING LOT,FAIN PARK,FAIN PARK,140673.94,,,420.00004432,0.07954546,Completed,2023,2022/10/26 00:00:00+00,HISTORY,City,City of Montgomery,5,NPJACKSON,2025/02/26 14:08:32+00,NPJACKSON,2025/02/26 14:08:32+00,{396D001C-55ED-4A88-989C-3978B68899C7},420.000044320328
35427,GOVERNORS DR,5,District 5,GOVERNORS DR,MCGEHEE RD,PARKING LOT,93842.55,1305,58,2453.62753845,0.46470219,Completed,2023,2023/01/12 00:00:00+00,HISTORY,City,,5,NPJACKSON,2025/02/26 14:08:32+00,NPJACKSON,2025/02/26 14:08:32+00,{345E1498-233A-4299-8522-454B1A915A1D},2453.6275384458
35428,FERNWAY CT,5,District 5,FERNWAY CT,FERNWAY DR,END,10786.5,150,30,327.17025917,0.06196406,Completed,2023,2023/05/11 00:00:00+00,HISTORY,City,,5,NPJACKSON,2025/02/26 14:08:32+00,NPJACKSON,2025/02/26 14:08:32+00,{87667437-9AD2-45DB-948F-5831A71D8335},327.170259168567
35429,BELLEHURST DR,1,District 1,BELLEHURST DR,ATLANTA HWY,COURTNEY DR,94381.88,,,3404.62390748,0.64481513,Completed,2023,2023/05/11 00:00:00+00,HISTORY,City,,5,NPJACKSON,2025/02/26 14:08:32+00,NPJACKSON,2025/02/26 14:08:32+00,{B8828543-F6DA-46EE-B44B-8A3AF8B25813},3404.62390748422
35430,LAKESIDE CT,1,District 1,LAKESIDE CT,Old Barn Rd,End,18876.38,,30,645.05931283,0.12217032,Completed,2023,2023/05/11 00:00:00+00,HISTORY,City,,5,NPJACKSON,2025/02/26 14:08:32+00,NPJACKSON,2025/02/26 14:08:32+00,{A84E0164-AA46-4B3F-B602-5FA232E14461},645.059312824387
35431,LINCOLN RD,1,District 1,LINCOLN RD,Highland Ave,Harrison Rd,51595.43,,24,2027.97244803,0.38408569,Completed,2023,2023/05/11 00:00:00+00,HISTORY,City,,5,NPJACKSON,2025/02/26 14:08:32+00,NPJACKSON,2025/02/26 14:08:32+00,{F2027B0C-EFF0-4A20-B237-D6F7AF9583BC},2027.97244802932
35432,ALABAMA RIVER PKWY,2,District 2,ALABAMA RIVER PKWY,Lower Wetumpka Rd,2840 Alabama River Pkwy,115666.76,,50,1497.41537102,0.2836014,Completed,2023,2023/03/09 00:00:00+00,HISTORY,City,,5,NPJACKSON,2025/02/26 14:08:32+00,NPJACKSON,2025/02/26 14:08:32+00,{209CF47A-6D84-49A3-BA4C-3B680C1554CE},1497.415371018
35433,CRESTVIEW AVE,2,District 2,CRESTVIEW AVE,FEDERAL DR,MONTROSE AVE,40449.38,,30,1489.46433394,0.28209552,Completed,2023,2023/09/11 00:00:00+00,HISTORY,City,,5,NPJACKSON,2025/02/26 14:08:32+00,NPJACKSON,2025/02/26 14:08:32+00,{980E3C14-BC63-4B46-A547-2FFD39587A78},1489.46433393796
35434,ALABAMA RIVER PKWY,3,District 3,ALABAMA RIVER PKWY,Lower Wetumpka Rd,Tyler Rd,115666.79,,50,1004.6353322,0.19027184,Completed,2023,2023/03/09 00:00:00+00,HISTORY,City,,5,NPJACKSON,2025/02/26 14:08:32+00,NPJACKSON,2025/02/26 14:08:32+00,{B827CB82-CF07-4B4E-BEDA-ACF124CC2F8B},1004.63533219971
35435,WESTGATE ST,4,District 4,WESTGATE ST,Mobile Hwy,Lark Dr,51235.88,539.04,30,1705.78372424,0.3230651,Completed,2023,2022/11/07 00:00:00+00,HISTORY,City,City of Montgomery,5,NPJACKSON,2025/02/26 14:08:32+00,NPJACKSON,2025/02/26 14:08:32+00,{C32EF290-0702-49EE-AF9B-50DD36938596},1705.78372423543
35436,ASHBY PL,5,District 5,ASHBY PL,Corwin Dr,End,,,25,87.30538995,0.01653511,Completed,2023,2023/06/13 00:00:00+00,HISTORY,City,,5,NPJACKSON,2025/02/26 14:08:32+00,NPJACKSON,2025/02/26 14:08:32+00,{80C45B02-A679-4298-BAA7-FD8BE14174B1},87.3053899532959
35437,HALCYON ELEMENTARY PARKING LOT,,,HALCYON ELEMENTARY,,,,,0,1654.32048965,0.31331827,Completed,2023,,CURRENT,City,,5,NPJACKSON,2025/02/26 14:08:32+00,NPJACKSON,2025/02/26 14:08:32+00,{C2F30780-7761-4AD2-90BA-C77CF30DFA12},1654.32048965136
35438,JEAN ST,7,District 7,JEAN ST,Fifth St E,End,32810.4,325.5,24,1394.77760461,0.26416243,Completed,2024,2024/05/08 00:00:00+00,HISTORY,City,,5,NPJACKSON,2025/02/26 14:10:01+00,NPJACKSON,2025/02/26 14:10:01+00,{74FF50A0-141D-4FD8-88B0-A5B8DD99EFEC},1394.77760460784
35439,MALONE DR,7,District 7,MALONE DR,Zelda Rd,Wentworth Dr,43717.5,400.36,29,1420.22882256,0.26898273,Completed,2024,2023/11/29 00:00:00+00,HISTORY,City,,5,NPJACKSON,2025/02/26 14:10:01+00,NPJACKSON,2025/02/26 14:10:01+00,{AFFC91D8-7B02-48A3-BB60-A633C6E4F958},1420.2288225595
35440,OLIVER RD,2,District 2,OLIVER RD,Twain Curve,Plantation Way,109344,1122.45,36,3207.03755362,0.60739348,Completed,2024,2023/11/27 00:00:00+00,HISTORY,City,,5,NPJACKSON,2025/02/26 14:10:01+00,NPJACKSON,2025/02/26 14:10:01+00,{0493B0EA-E6DB-4030-B25C-66EEEA609D25},3206.88961093002
35441,PARKWOOD CT,2,District 2,PARKWOOD CT,Parkwood Dr,Parkwood Dr,32455.58,321.98,29,1141.70490291,0.21623199,Completed,2024,2023/12/19 00:00:00+00,HISTORY,City,,5,NPJACKSON,2025/02/26 14:10:01+00,NPJACKSON,2025/02/26 14:10:01+00,{C85A72AE-F6C9-4A4A-922F-B2873523B324},1141.70490291106
35442,ALDERSBROOK CT,6,District 6,ALDERSBROOK CT,Blackstone Dr,End,11985,166.67,30,268.24361874,0.05080372,Completed,2024,2023/11/03 00:00:00+00,HISTORY,City,,5,NPJACKSON,2025/02/26 14:10:01+00,NPJACKSON,2025/02/26 14:10:01+00,{D37D0DEC-BB65-493B-B379-DCE39E645FA5},268.24361874002
35443,BLACKSTONE DR,6,District 6,BLACKSTONE DR,Bell Rd,Old Post Ln,60716.01,844.33,34,2301.74812203,0.43593714,Completed,2024,2023/11/03 00:00:00+00,HISTORY,City,,5,NPJACKSON,2025/02/26 14:10:01+00,NPJACKSON,2025/02/26 14:10:01+00,{B345CF63-0296-40F8-B4B2-7F7EE0F1067C},2301.74812203432
35444,FREESTONE PL,6,District 6,FREESTONE PL,Blackstone Dr,End,16779,233.33,30,490.42096276,0.09288276,Completed,2024,2023/11/03 00:00:00+00,HISTORY,City,,5,NPJACKSON,2025/02/26 14:10:01+00,NPJACKSON,2025/02/26 14:10:01+00,{5D92B31D-BC88-4B79-B8B0-E1A454FB0524},490.420962757665
35445,WALDERBROOK CT,6,District 6,WALDERBROOK CT,Blackstone Dr,End,14382,200,30,357.23317228,0.0676578,Completed,2024,2023/11/03 00:00:00+00,HISTORY,City,,5,NPJACKSON,2025/02/26 14:10:01+00,NPJACKSON,2025/02/26 14:10:01+00,{1645431E-6A7A-4E34-BA60-E3E6D588F6E0},357.233172278783
35446,CHARLETON DR,5,District 5,CHARLETON DR,BALLENTINE DR,END,36180,384,27,1201.31959272,0.22752265,Completed,2024,,HISTORY,City,,0,NPJACKSON,2025/02/26 14:10:01+00,NPJACKSON,2025/02/26 14:10:01+00,{FC600639-219A-41E0-8A51-411E3ADFF3E7},1201.31959271717
35447,SETH JOHNSON DR,5,District 5,SETH JOHNSON DR,Narrow Lane Rd,Regal Dr,,,30,520.20032309,0.09852279,Completed,2024,2023/11/03 00:00:00+00,HISTORY,City,,5,NPJACKSON,2025/02/26 14:10:01+00,NPJACKSON,2025/02/26 14:10:01+00,{C133BA59-BCC6-40EF-B633-4013E58833EE},520.200323085438
35448,REGAL DR,5,District 5,REGAL DR,Seth Johnson Dr,End,,,28,332.07302549,0.06289262,Completed,2024,2023/11/03 00:00:00+00,HISTORY,City,,5,NPJACKSON,2025/02/26 14:10:01+00,NPJACKSON,2025/02/26 14:10:01+00,{6FD23B4E-7B5D-49E5-BFF7-223314841CA6},332.073025488356
35449,GREEN FOREST CT,2,District 2,GREEN FOREST CT,Green Forest Dr,End,9798.75,,28,266.72109519,0.05051536,Completed,2024,2023/11/03 00:00:00+00,HISTORY,City,,5,NPJACKSON,2025/02/26 14:10:01+00,NPJACKSON,2025/02/26 14:10:01+00,{2914DF40-05EF-4047-839D-59E603B81CBC},266.721095190479
35450,GREEN FOREST DR,2,District 2,GREEN FOREST DR,Princess Ann St,Royal Crest Dr,28642.5,,28,938.96183637,0.17783368,Completed,2024,2023/11/03 00:00:00+00,HISTORY,City,,5,NPJACKSON,2025/02/26 14:10:01+00,NPJACKSON,2025/02/26 14:10:01+00,{27CEC8CA-B94F-483F-9DA3-DBED3D05B4A6},938.961836377882
35451,RIALTO DR,2,District 2,RIALTO DR,Wares Ferry Rd,David Dr,81364.8,,30,2483.46432191,0.47035309,Completed,2024,2023/12/19 00:00:00+00,HISTORY,City,,5,NPJACKSON,2025/02/26 14:10:01+00,NPJACKSON,2025/02/26 14:10:01+00,{EC0025CF-8531-462C-AF7A-BDD7B9D8EFFB},2483.46432190814
35452,ADELE ST,2,District 2,ADELE ST,Rialto Dr,Dunbarton Rd,11607.75,,30,392.62310188,0.07436044,Completed,2024,2023/12/19 00:00:00+00,HISTORY,City,,5,NPJACKSON,2025/02/26 14:10:01+00,NPJACKSON,2025/02/26 14:10:01+00,{F6565284-167C-43D2-9EAE-504BF16A10A0},392.623101880693
35453,COLISEUM PKWY,3,District 3,COLISEUM PKWY,North Blvd,Coluseum Blvd,94068,,33,2591.71595136,0.49085529,Completed,2024,2023/12/19 00:00:00+00,HISTORY,City,,5,NPJACKSON,2025/02/26 14:10:01+00,NPJACKSON,2025/02/26 14:10:01+00,{C914ED96-38D5-4596-B8A3-381B566CCE65},2591.71595136207
35454,MITCHELL AVE,1,District 1,MITCHELL AVE,Atlanta Hwy,Ware Hill Dr,43416,,20,2194.64389141,0.41565225,Completed,2024,2023/12/19 00:00:00+00,HISTORY,City,,5,NPJACKSON,2025/02/26 14:10:01+00,NPJACKSON,2025/02/26 14:10:01+00,{B2B66EA0-BE38-4AA9-AFD2-BAB5143E421B},2194.64389141372
35455,BELL RD,,,BELL RD,Vaughn Rd,Mill Ridge Dr,,,60,2179.68263456,0.41281868,Completed,2024,2024/05/09 00:00:00+00,HISTORY,City,,5,NPJACKSON,2025/02/26 14:10:01+00,NPJACKSON,2025/02/26 14:10:01+00,{E5C36F19-6B4D-49FD-8E4F-C86D796D54F1},2179.68263456215
35456,RESTON PL,,,Reston Place,Eastwood Glen Pl,End,,,30,525.22540341,0.09947451,Completed,2024,2024/06/05 00:00:00+00,HISTORY,City,,5,NPJACKSON,2025/02/26 14:10:01+00,NPJACKSON,2025/02/26 14:10:01+00,{97D66B9B-402D-451C-BAB8-B8F779FE0673},525.225403420144
35457,MULBERRY ST,7,District 7,MULBERRY ST,Carter Hill Rd,E Fourth St,,,40,1308.7441439,0.24786821,Completed,2024,2024/07/29 00:00:00+00,HISTORY,City,,5,NPJACKSON,2025/02/26 14:10:01+00,NPJACKSON,2025/02/26 14:10:01+00,{56CB3997-D23B-449A-839A-E9DA76442123},1308.74414389394
35458,ADLER DR,6,District 6,ADLER DR (2),Spring Valley Rd,Spring Valley Rd,61070.22,849.33,30,2912,0.55,Scheduled,2025,,CURRENT,City,REBUILD ALABAMA FUNDING,3,NPJACKSON,2025/02/26 14:11:27+00,ABENEFIELD,2025/03/25 21:39:55+00,{5E7FA40E-5561-42C5-AD3E-E495E8667275},2150.72463866963
35459,BANKHEAD AVE,7,District 7,BANKHEAD AVE,WEDGEWOOD DR,AUGUSTA AVE,20174.82,280.58,30,962.204991,0.18223579,Scheduled,2025,,CURRENT,City,REBUILD ALABAMA FUNDING,3.06010929,NPJACKSON,2025/02/26 14:11:27+00,ABENEFIELD,2025/03/25 21:45:11+00,{B9AEFF8D-E41B-42C3-A4BE-C469F1A6A96C},1815.18977699077
35460,BRAEBURN RD,6,District 6,BRAEBURN RD,Argyle Rd,Gwynbrook Rd,21915.62,304.79,30,1045,0.2,Scheduled,2025,,CURRENT,City,REBUILD ALABAMA FUNDING,3,NPJACKSON,2025/02/26 14:11:27+00,ABENEFIELD,2025/03/25 21:45:30+00,{70092547-1C64-4D65-98DA-E137436983EB},1045.16885261529
35461,CARRIAGE BARN LN,8,District 8,CARRIAGE BARN LN,Covered Bridge Dr,Old Dobbins Rd,32572.51,453,30,1359,0.26,Scheduled,2025,,CURRENT,City,REBUILD ALABAMA FUNDING,3,NPJACKSON,2025/02/26 14:11:27+00,ABENEFIELD,2025/03/25 21:47:40+00,{0BFF66D9-29AF-4C13-80D3-0ABE14702CC6},2028.07603487909
35462,CLARENDON RD,9,District 9,CLARENDON RD,Kirkwood Dr,End,15649.19,217.64,26,861,0.16306818,Completed,2025,2025/04/01 00:00:00+00,CURRENT,City,REBUILD ALABAMA FUNDING,2.08139535,NPJACKSON,2025/02/26 14:11:27+00,ABENEFIELD,2025/04/09 13:19:40+00,{B1561261-256C-44CC-844C-918CDF0FD377},860.615664564042
35463,COLUMBUS ST,3,District 3,COLUMBUS ST,Court St,Ripley St,122400,1376.24,43,3292,0.62348485,Scheduled,2025,,CURRENT,City,REBUILD ALABAMA FUNDING,3.150342,NPJACKSON,2025/02/26 14:11:27+00,ABENEFIELD,2025/03/25 21:53:00+00,{30DB6E6F-092C-43B4-ACA7-F9103A68E87D},417.475370110138
35464,CONTI LN,6,District 6,CONTI LN,Edge Hill Ln,St Louis Rd,24243.87,337.17,30,1156,0.21893939,Scheduled,2025,,CURRENT,City,REBUILD ALABAMA FUNDING,3,NPJACKSON,2025/02/26 14:11:27+00,ABENEFIELD,2025/03/25 21:53:14+00,{EE371D3F-970B-4BCC-9F8C-F0A33E1FDC16},1422.22914407151
35465,COPPERFIELD DR,9,District 9,COPPERFIELD DR,7904 Copperfield Dr,8017 Copperfield Dr,27962.75,388.89,40,1000,0.18939394,Completed,2025,2025/04/08 00:00:00+00,CURRENT,City,REBUILD ALABAMA FUNDING,2.16666667,NPJACKSON,2025/02/26 14:11:27+00,ABENEFIELD,2025/04/09 13:24:40+00,{A138890E-DAF9-408B-9AFC-C7F845A678AD},1002.65190519684
35466,DALRAIDA RD,1,District 1,DALRAIDA RD,Atlanta Hwy,Wares Ferry Rd,48535.2,675,36,1713.78472134,0.32458044,Scheduled,2025,,CURRENT,City,REBUILD ALABAMA FUNDING,3.435714,NPJACKSON,2025/02/26 14:11:27+00,ABENEFIELD,2025/03/25 21:53:54+00,{3CC78F53-47B6-4956-9FBB-755D1B462E79},1713.75217359899
35467,ESSEX PL,5,District 5,ESSEX PL,Hermitage Dr,N Colonial Dr,26460,262.5,30,900,0.17045455,Scheduled,2025,,CURRENT,City,REBUILD ALABAMA FUNDING,2.207,NPJACKSON,2025/02/26 14:11:27+00,ABENEFIELD,2025/03/25 21:54:23+00,{EEF9053D-5AA7-415D-AF5C-BB55DED6D05A},900.178076980074
35468,GLEN CHASE RD,9,District 9,GLEN CHASE RD,Brampton Ln,End,17757.94,176.17,30,604,0.11439394,Completed,2025,2025/04/03 00:00:00+00,CURRENT,City,REBUILD ALABAMA FUNDING,1.01754386,NPJACKSON,2025/02/26 14:11:27+00,ABENEFIELD,2025/04/09 13:22:08+00,{FF745359-3143-4F09-81D6-ED8822DF7F11},604.461652699509
35469,GRAHAM ST,7,District 7,GRAHAM ST,Thorn Pl,Felder Ave,23537.06,327.34,27,1246.92993143,0.24,Scheduled,2025,,CURRENT,City,REBUILD ALABAMA FUNDING,3.17213115,NPJACKSON,2025/02/26 14:11:27+00,ABENEFIELD,2025/03/25 21:55:37+00,{5665C95C-1C69-4157-A44E-3DA95B9C98D1},1246.92993142611
35470,GRETA PL,9,District 9,GRETA PL,Woodmere Loop,End,5934.96,82.54,30,283,0.05359848,Completed,2025,2025/04/03 00:00:00+00,CURRENT,City,REBUILD ALABAMA FUNDING,2.174,NPJACKSON,2025/02/26 14:11:27+00,ABENEFIELD,2025/04/09 13:21:37+00,{A9C53903-4D85-4440-AD2D-BEFF5F743785},282.946584674612
35471,HEMON RD,7,District 7,HEMON RD,Malone Dr,End,72360,641.67,30,2200,0.41666667,Scheduled,2025,,CURRENT,City,REBUILD ALABAMA FUNDING,2.10917031,NPJACKSON,2025/02/26 14:11:27+00,ABENEFIELD,2025/03/25 21:57:43+00,{EA5221E9-F85B-48D0-B1DA-45D5CBA0B446},2299.7022421176
35472,KIRKWOOD DR,9,District 9,KIRKWOOD DR,Kathmoor Dr,Halcyon Dr,68999.62,684.52,26,2708,0.51287879,Completed,2025,2025/04/02 00:00:00+00,CURRENT,City,REBUILD ALABAMA FUNDING,2.38095238,NPJACKSON,2025/02/26 14:11:27+00,ABENEFIELD,2025/04/09 13:21:00+00,{109AE968-E398-48B9-8857-736C34D681E9},2708.41558123474
35473,MABSON DR,5,District 5,MABSON DR,Kingsbury Dr,Liztame Dr,17140.03,170.04,30,582.84665819,0.110417,Scheduled,2025,,CURRENT,City,REBUILD ALABAMA FUNDING,1.983,NPJACKSON,2025/02/26 14:11:27+00,ABENEFIELD,2025/03/25 21:59:02+00,{D9C3C249-D1DC-41E5-9A5C-0D309BC4FE0C},582.846658188428
35474,MONTEREY DR,6,District 6,MONTEREY DR,Virginia Loop Rd,End,28438.03,395.5,30,1356,0.26,Scheduled,2025,,CURRENT,City,REBUILD ALABAMA FUNDING,2.86956522,NPJACKSON,2025/02/26 14:11:27+00,ABENEFIELD,2025/03/25 21:59:35+00,{FF7C5279-1960-439E-83A7-D423E7019833},1724.56065037725
35475,N/S SUTHERLAND DR,8,District 8,N/S SUTHERLAND DR,Wampold Rd,End,45278.67,629.71,30,2159,0.40890152,Scheduled,2025,,CURRENT,City,REBUILD ALABAMA FUNDING,3,NPJACKSON,2025/02/26 14:11:27+00,ABENEFIELD,2025/03/25 22:00:21+00,{DE365AC4-AF09-440F-B6E9-74B9C9844837},2159.64077312573
35476,OAK ST,4,District 4,OAK ST,Rosa Pks Ave,W Edgemont Ave,249642,,35,7095.99020806,1.34393754,Under Construction,2025,,CURRENT,City,,4.24168514,NPJACKSON,2025/02/26 14:11:27+00,NPJACKSON,2025/02/26 14:11:27+00,{147A5C42-3F0B-432E-B221-4F67D5816249},7095.99020806072
35477,RIDGE AVE,7,District 7,RIDGE AVE,Felder Ave,Fairview Ave,58792,530.83,28,1949.80913461,0.36928203,Scheduled,2025,,CURRENT,City,REBUILD ALABAMA FUNDING,3.13705584,NPJACKSON,2025/02/26 14:11:27+00,ABENEFIELD,2025/03/25 22:02:45+00,{F18B8233-0C2F-4F36-A482-90CC3072E99A},1949.80913461456
35478,LOWER WETUMPKA RD,3,District 3,LOWER WETUMPKA RD,Vandiver Blvd,Tolvert St,300160.22,2977.78,40,6700,1.27,Completed,2023,2023/09/23 00:00:00+00,HISTORY,City,,3.269231,NPJACKSON,2025/02/26 14:11:27+00,ABENEFIELD,2025/03/27 16:45:55+00,{FFB5FCFC-5E7E-4258-AA02-24ABBC2AC7FB},6769.4610973338
35479,CARRIAGE OAKS DR,8,District 8,CARRIAGE OAKS DR,Dead End,Dead End,30290.28,421.26,35,1238,0.23,Scheduled,2025,,CURRENT,City,,3,NPJACKSON,2025/02/26 14:11:27+00,NPJACKSON,2025/02/26 14:11:27+00,{D3C5A6D9-32B6-41AD-9977-292184F9C4C6},1237.88382313668
35480,WICKHAM RD,8,District 8,WICKHAM RD,Castle Ridge Rd,End,14408.12,200.38,30,628,0.12,Scheduled,2025,,CURRENT,City,REBUILD ALABAMA FUNDING,2.92,NPJACKSON,2025/02/26 14:11:27+00,ABENEFIELD,2025/03/25 22:03:34+00,{91C960A3-F863-46CF-B9C9-80F1E5697719},687.459597661133
35481,MONROE ST,3,District 3,MONROE ST,N Ripley St,Market Plaza,172392.24,237.33,58,3720,0.7,Under Construction,2025,,CURRENT,Utility,City of Montgomery,3.38974359,NPJACKSON,2025/02/26 14:11:27+00,NPJACKSON,2025/02/26 14:11:27+00,{AE3AEEED-8666-48B1-8E53-09CA4089EED0},3247.15935176138
35482,S COURT ST,4,District 4,S COURT ST,E Fairview Ave,E South Blvd,1330207.22,16237,51,8923,1.69,Under Construction,2025,,CURRENT,Federal,,4.16504854,NPJACKSON,2025/02/26 14:11:27+00,NPJACKSON,2025/02/26 14:11:27+00,{64A56609-4265-4D2D-928B-7361E97C0A9E},9073.34244681839
35483,ANN ST,3,District 3,ANN ST,Brewton St,Atlanta Hwy,720510,7665,61,1267,0.24,Under Construction,2025,,CURRENT,Federal,,0,NPJACKSON,2025/02/26 14:11:27+00,NPJACKSON,2025/02/26 14:11:27+00,{EB1C5232-72DC-405F-B858-BEABD8EE4459},967.207427092619
35484,W FAIRVIEW AVE,4,District 4,W FAIRVIEW AVE,S Court St,I-65,666795,1535,46,4250,0.80504984,Under Construction,2025,,CURRENT,Federal,,0,NPJACKSON,2025/02/26 14:11:27+00,NPJACKSON,2025/02/26 14:11:27+00,{37B3B7C5-3C14-4613-AB72-082D8E808394},4250.6631703057
35485,FEDERAL DR,2,District 2,FEDERAL DR,Atlanta Hwy,CSX RR,419378,4461,85,9504,1.8,Under Construction,2025,,CURRENT,Federal,,0,NPJACKSON,2025/02/26 14:11:27+00,NPJACKSON,2025/02/26 14:11:27+00,{C2074CB6-1356-4EC4-B09C-8B7CC9925626},46625.2467269783
35486,N WATER MILL RD,8,District 8,N WATER MILL RD,Country Church Rd,Buckboard Rd,19176,,30,800.47895319,0.16,Scheduled,2025,,CURRENT,City,REBUILD ALABAMA FUNDING,2.48,NPJACKSON,2025/02/26 14:11:27+00,ABENEFIELD,2025/03/25 22:00:37+00,{824B7EBE-EDF7-4C95-8D18-29E211D09F4A},800.478953191576
35487,S WATER MILL RD,8,District 8,S WATER MILL RD,Country Chruch Rd,Old Dobbins Rd,35955,,30,0.27608256,0.29,Scheduled,2025,,CURRENT,City,REBUILD ALABAMA FUNDING,2.43,NPJACKSON,2025/02/26 14:11:27+00,ABENEFIELD,2025/03/25 22:03:14+00,{74373982-45C7-44A3-A713-4D002955F1A5},1457.71590156212
35488,ALPINE DR,4,District 4,ALPINE DR,Inwood Dr,End,7538,89.96,22,368,0.07,Completed,2025,2025/04/11 00:00:00+00,CURRENT,City,REBUILD ALABAMA FUNDING,2.69,NPJACKSON,2025/02/26 14:11:27+00,ABENEFIELD,2025/04/14 21:38:05+00,{291D53BD-B7A9-453E-B0D1-B72608E21EA4},356.707392005244
35489,INWOOD DR,4,District 4,INWOOD DR,Lowell St,W Fleming Rd,39195,464.44,20,1900,0.36,Completed,2025,2025/04/11 00:00:00+00,CURRENT,City,REBUILD ALABAMA FUNDING,2.73,NPJACKSON,2025/02/26 14:11:27+00,ABENEFIELD,2025/04/14 21:39:46+00,{DE68685E-39B8-440C-BC08-2A28E2E1AB24},1935.30713496872
35490,LOWELL ST,4,District 4,LOWELL ST,W Fleming Rd,End,22512,273.78,22,1120,0.21,Completed,2025,2025/04/11 00:00:00+00,CURRENT,City,REBUILD ALABAMA FUNDING,2.61,NPJACKSON,2025/02/26 14:11:27+00,ABENEFIELD,2025/04/14 21:41:36+00,{A52CE827-43F1-47D3-8FB3-6A70E828AF98},1134.42305329566
35491,S DECATUR ST,7,District 7,S DECATUR ST,Clanton Ave,Burton Ave,11265.9,156.67,38,1175,0.23,Scheduled,2025,,CURRENT,City,REBUILD ALABAMA FUNDING,0,NPJACKSON,2025/02/26 14:11:27+00,ABENEFIELD,2025/03/25 22:02:48+00,{39525150-34B6-4595-B7A0-5C2A31E13B92},1235.98529202383
35492,CLEBOURNE ST,3,District 3,CLEBOURNE ST,Hale St,French St,6471.36,90,18,450,0.09,Completed,2024,2024/07/24 00:00:00+00,HISTORY,Utility,Alexander Sealcoating,0,NPJACKSON,2025/02/26 14:11:27+00,ABENEFIELD,2025/03/26 12:57:22+00,{0EC93527-24E3-42F9-91EA-487DA7A745DA},506.973071574813
35493,CAROL VILLA DR,1,District 1,CAROL VILLA DR,Atlanta Hwy,End,150000,,36,6337.59117898,1.20030136,Under Construction,2025,,CURRENT,City,REBUILD ALABAMA FUNDING,3,NPJACKSON,2025/02/26 14:11:27+00,ABENEFIELD,2025/04/14 21:39:05+00,{E43839DE-7328-410C-95C0-1C80956CEC2A},6337.59117897978
35494,PINE ST,3,District 3,PINE ST,Mulberry St,End,24269.63,,37,922.14218126,0.17,Scheduled,2025,,CURRENT,City,REBUILD ALABAMA FUNDING,3.175,NPJACKSON,2025/02/26 14:11:27+00,ABENEFIELD,2025/03/25 22:02:42+00,{0EBF69CA-FB17-479E-B4FE-F8C413E80CF4},922.142181258646
35495,ALAMONT DR,5,District 5,ALAMONT DR,Seibles Rd,Delray Rd,30954,,30,1058.98381589,0.20056512,Scheduled,2025,,CURRENT,City,REBUILD ALABAMA FUNDING,2.965,NPJACKSON,2025/02/26 14:11:27+00,ABENEFIELD,2025/03/25 21:43:55+00,{BC393C38-D01B-444B-B91A-BA65C8852AA3},1058.98381588872
35496,COLLINE CLOSE,5,District 5,COLLINE CLOSE,Colline Dr,End,18090,,30,141.26761794,0.02675523,Scheduled,2025,,CURRENT,City,REBUILD ALABAMA FUNDING,2.357,NPJACKSON,2025/02/26 14:11:27+00,ABENEFIELD,2025/03/25 21:52:54+00,{B2B4571B-5F09-49AE-8208-2A6BE57A3ED1},141.267617939363
35497,MCENTIRE CLOSE,5,District 5,MCENTIRE CLOSE,Corwin Dr,End,17336.25,,32,392.40127621,0.07431842,Scheduled,2025,,CURRENT,City,REBUILD ALABAMA FUNDING,2.78,NPJACKSON,2025/02/26 14:11:27+00,ABENEFIELD,2025/03/25 21:59:19+00,{CBD2A794-7F8B-4287-A5E0-B36C514C0852},392.401276204305
35498,LEICESTER DR,6,District 6,LEICESTER DR,Queensbury Dr,End,50501.25,,30,1673.05005079,0.31686554,Scheduled,2025,,CURRENT,City,REBUILD ALABAMA FUNDING,3.38,NPJACKSON,2025/02/26 14:11:27+00,ABENEFIELD,2025/03/25 21:58:17+00,{9DD5258A-B7DF-406A-89CE-21C7C6FF588B},1673.05005078525
35499,WILLOW GLEN DR,9,District 9,WILLOW GLEN DR,WOODMERE BLVD,WOODMERE BLVD,52853.85,735,28,2100,0.4,Under Construction,2025,,CURRENT,City,REBUILD ALABAMA FUNDING,2.36,NPJACKSON,2025/02/26 14:11:27+00,ABENEFIELD,2025/03/26 14:22:47+00,{FDC0E7F9-C5D7-4291-92C7-ED3C60106A89},2163.12122502018
35500,COLISEUM BLVD,2,District 2,COLISEUM BLVD,North Blvd,Chisholm St,217500,,80,2332.62708203,0.44178543,Completed,2025,2025/03/25 00:00:00+00,CURRENT,City,REBUILD ALABAMA FUNDING,3.68,NPJACKSON,2025/02/26 14:11:27+00,ABENEFIELD,2025/03/25 21:52:51+00,{C29E141C-34DA-4DDF-86F5-8504947BB2AF},2332.62708203532
35501,COLLINE DR,5,District 5,COLLINE DR,Corwin Dr,Colline Cl,15075,,30,407.52431759,0.07718264,Scheduled,2025,,CURRENT,City,REBUILD ALABAMA FUNDING,2.5,NPJACKSON,2025/02/26 14:11:27+00,ABENEFIELD,2025/03/25 21:52:57+00,{EFAFF409-47B9-4BCE-B7F5-3F688D1E8898},407.524317588711
35502,LARK DR,4,District 4,LARK DR,Westgate St,Drake St,90000,,22,388.4456337,0.07356925,Under Construction,2025,,CURRENT,City,REBUILD ALABAMA FUNDING,2.769,NPJACKSON,2025/02/26 14:11:27+00,ABENEFIELD,2025/04/14 21:40:18+00,{BFE69C53-DA61-497B-BE7E-3B8FA8832A61},388.445633701017
35503,SOMMERVILLE DR,5,District 5,SOMMERVILLE DR,Crawford St,Walton Dr,85928,,30,2842.67223203,0.53838489,Scheduled,2025,,CURRENT,City,REBUILD ALABAMA FUNDING,2.233,NPJACKSON,2025/02/26 14:11:27+00,ABENEFIELD,2025/03/25 22:02:59+00,{4D6C04B9-57D2-401B-9487-0D016C42F544},2842.67223202328
35504,1ST ST,4,District 4,1ST ST,Hwy 31,Reese Ferry Rd,8808.24,122.5,18,700,0.13257576,Under Consideration,,,CANDIDATES,City,,2.23529412,NPJACKSON,2025/02/26 14:13:32+00,NPJACKSON,2025/02/26 14:13:32+00,{5A1BD37D-0914-400C-9FB6-FEFF8B2DE7E0},521.818642959309
35505,2ND ST,4,District 4,2ND ST,Hwy 31,Reese Ferry Rd,8808.24,122.5,18,700,0.13257576,Under Consideration,,,CANDIDATES,City,,2.29411765,NPJACKSON,2025/02/26 14:13:32+00,NPJACKSON,2025/02/26 14:13:32+00,{6417F98D-D32C-48A2-8FB2-010FF1606C56},702.982259841811
35506,AGNEW ST,7,District 7,AGNEW ST,Fairview Ave,Magnolia Ave,30370.03,301.29,30,1033,0.2,Under Consideration,,,CANDIDATES,City,,2.33009709,NPJACKSON,2025/02/26 14:13:32+00,NPJACKSON,2025/02/26 14:13:32+00,{2F6C1671-5671-4660-966C-FFD1A9F0D377},1033.10693471184
35507,ALBEMARLE RD,7,District 7,ALBEMARLE RD,Pinecrest Dr,End,7079.18,70.23,28,258,0.04886364,Under Consideration,,,CANDIDATES,City,,3.57142857,NPJACKSON,2025/02/26 14:13:32+00,NPJACKSON,2025/02/26 14:13:32+00,{95545539-68D4-45A0-A248-241B0BFF2BFB},357.831407093456
35508,ALDUC CT,3,District 3,ALDUC CT,Lower Wetumpka Rd,End,16910.21,167.76,35,493,0.09337121,Under Consideration,,,CANDIDATES,City,,3,NPJACKSON,2025/02/26 14:13:32+00,NPJACKSON,2025/02/26 14:13:32+00,{279ADA40-091C-413A-8A99-AD3B4C51EF90},493.446664872361
35509,AUBURN ST,7,District 7,AUBURN ST,Rosa Parks Ave,Edgar D Nixon Ave,35122.75,348.44,28,1279.59618995,0.24234776,Under Consideration,,,CANDIDATES,City,,3,NPJACKSON,2025/02/26 14:13:32+00,NPJACKSON,2025/02/26 14:13:32+00,{7F17060E-550A-415A-8657-E7E6CD770E82},1290.95088919008
35510,AUDUBON RD,7,District 7,AUDUBON RD,Adrian Ln,Ivy Ln,46850.49,651.57,29,2311,0.43768939,Under Consideration,,,CANDIDATES,City,,3.14925373,NPJACKSON,2025/02/26 14:13:32+00,NPJACKSON,2025/02/26 14:13:32+00,{67F8C9BC-0510-49AB-99C5-DB30CC1C019C},2664.38421425425
35511,AUDUBON RD,7,District 7,AUDUBON RD (1),Wedgewood Dr,Augusta Ave,28228.07232,392.58,30,1346,0.25,Under Consideration,,,CANDIDATES,City,,2.27734375,NPJACKSON,2025/02/26 14:13:32+00,NPJACKSON,2025/02/26 14:13:32+00,{B5A9D957-0A61-416A-9821-2441E1EB97C1},1868.18088036893
35512,AUDUBON RD,7,District 7,AUDUBON RD (2),Augusta Ave,End,9982.43232,138.83,21,680,0.13,Under Consideration,,,CANDIDATES,City,,2.27734375,NPJACKSON,2025/02/26 14:13:32+00,NPJACKSON,2025/02/26 14:13:32+00,{C2C48C7C-D273-4B17-B6A0-E3C092B13B30},666.049978536845
35513,AVENUE L,4,District 4,AVENUE L,Travis St,Mill St,10027.73,139.46,22,652,0.12348485,Under Consideration,,,CANDIDATES,City,,3.75,NPJACKSON,2025/02/26 14:13:32+00,NPJACKSON,2025/02/26 14:13:32+00,{A973E5C5-9438-44A0-B2F6-B91B622FDF1C},651.836009173959
35514,BAFFIN CT,3,District 3,BAFFIN CT,Baffin Dr,End,6908.83,68.54,30,235,0.04450758,Under Consideration,,,CANDIDATES,City,,3,NPJACKSON,2025/02/26 14:13:32+00,NPJACKSON,2025/02/26 14:13:32+00,{D762C706-7E43-4799-86C8-D65759A6552C},235.126764883769
35515,BEAUREGARD ST,3,District 3,BEAUREGARD ST,Forest Ave,Hampton St,16458.62,163.28,27,622.15400303,0.1178322,Under Consideration,,,CANDIDATES,City,,2.61666667,NPJACKSON,2025/02/26 14:13:32+00,NPJACKSON,2025/02/26 14:13:32+00,{F8DCF58B-7B23-4B34-9A35-16A26168E8F6},614.767931923635
35516,BELVEDERE DR,4,District 4,BELVEDERE DR,Gaston Ave,Cul-de-sac,16170.34,160.42,30,550,0.10416667,Under Consideration,,,CANDIDATES,City,,3,NPJACKSON,2025/02/26 14:13:32+00,NPJACKSON,2025/02/26 14:13:32+00,{22F7E824-B3D7-4514-BC6D-2DDD54F68F4A},488.159027269396
35517,BELVIEW ST,7,District 7,BELVIEW ST (1),Early St,Wade St,8496.43,84.29,17,510,0.09659091,Under Consideration,,,CANDIDATES,City,,3.17721519,NPJACKSON,2025/02/26 14:13:32+00,NPJACKSON,2025/02/26 14:13:32+00,{7EB61FBE-66CB-4534-9A0B-AD71EF2A1015},651.86326900632
35518,BELVIEW ST,7,District 7,BELVIEW ST (2),Kahn St,Auburn St,25446.10656,353.89,28,1300,0.24621212,Under Consideration,,,CANDIDATES,City,,3.13461538,NPJACKSON,2025/02/26 14:13:32+00,NPJACKSON,2025/02/26 14:13:32+00,{C40F3FA6-E6E2-43B0-B295-378AF064F3E3},510.240346012742
35519,BLAIRWOOD CT,7,District 7,BLAIRWOOD CT,Narrow Lane Rd,End,5743.69152,79.88,26,316.26311373,0.05989832,Under Consideration,,,CANDIDATES,City,,3,NPJACKSON,2025/02/26 14:13:32+00,NPJACKSON,2025/02/26 14:13:32+00,{BA5CC567-F380-4687-A865-88869A21271F},316.263113731775
35520,BOOKER ST,7,District 7,BOOKER ST,Carver St,End,4864.61,48.26,17,291.5270968,0.05521347,Under Consideration,,,CANDIDATES,City,,3,NPJACKSON,2025/02/26 14:13:32+00,NPJACKSON,2025/02/26 14:13:32+00,{B82E2223-3D7B-4DD7-83F9-71C06983DF8D},291.527096803376
35521,BOXWOOD DR,7,District 7,BOXWOOD DR (1),Wildwood Dr,Lansdowne Dr,15023.23,149.04,30,511,0.0967803,Under Consideration,,,CANDIDATES,City,,3.14903846,NPJACKSON,2025/02/26 14:13:32+00,NPJACKSON,2025/02/26 14:13:32+00,{DFF5837C-98A9-4814-A2CC-9281B33DA82D},511.091680844385
35522,BOYD-COOPER PKWY,9,District 9,BOYD-COOPER PKWY,RR Crossing,Chantilly Pkwy,28661.65344,398.61,41,1000,0.18939394,Under Consideration,,,CANDIDATES,City,,3,NPJACKSON,2025/02/26 14:13:32+00,NPJACKSON,2025/02/26 14:13:32+00,{DCF22627-11A9-417F-9164-6BBA7BCADD80},1058.78525619113
35523,BOYD ST,3,District 3,BOYD ST,Lower Wetumpka Rd,End,6413.9,63.63,17,385,0.07291667,Under Consideration,,,CANDIDATES,City,,3.47058824,NPJACKSON,2025/02/26 14:13:32+00,NPJACKSON,2025/02/26 14:13:32+00,{D55F40D0-BAC3-48A6-991A-31F5DC0B2700},384.908742839139
35524,BRANTWOOD DR,2,District 2,BRANTWOOD DR,Atlanta Hwy,Sumter Ave,107996.11,1071.39,29,3800,0.71969697,Under Consideration,,,CANDIDATES,City,,3.60287081,NPJACKSON,2025/02/26 14:13:32+00,NPJACKSON,2025/02/26 14:13:32+00,{339780E4-6F34-4CB5-9440-088C0210EE6A},3870.26175499634
35525,BROADWAY ST,3,District 3,BROADWAY ST,Fairground Rd,Montclair Dr,34339.54,340.67,30,1168,0.22121212,Under Consideration,,,CANDIDATES,City,,3,NPJACKSON,2025/02/26 14:13:32+00,NPJACKSON,2025/02/26 14:13:32+00,{065BA712-BB28-4486-9855-DC14C3116C1F},1167.89261535071
35526,BULLARD ST,7,District 7,BULLARD ST,Carterhill Rd,Le Ruth Ave,22774.75,225.94,28,829.79435099,0.15715802,Under Consideration,,,CANDIDATES,City,,3.02380952,NPJACKSON,2025/02/26 14:13:32+00,NPJACKSON,2025/02/26 14:13:32+00,{B66229E4-6E21-499B-B422-4F5DF1FE1C11},829.794350986586
35527,CADDELL ST,5,District 5,CADDELL ST,Seibles Rd,End,19991.66,198.33,16,1275,0.24147727,Under Consideration,,,CANDIDATES,City,,3.616,NPJACKSON,2025/02/26 14:13:32+00,NPJACKSON,2025/02/26 14:13:32+00,{285C1BF6-ADFD-4E84-AC59-B06FDC9B61B7},1274.16551309992
35528,CALHOUN ST,3,District 3,CALHOUN ST,McDonough St,French St,60328.8,598.5,30,2052,0.38863636,Under Consideration,,,CANDIDATES,City,,3,NPJACKSON,2025/02/26 14:13:32+00,NPJACKSON,2025/02/26 14:13:32+00,{0AD9242C-88B2-4BBC-86AE-2CDC411FBDFC},2072.31810767766
35529,CAPSTONE DR,5,District 5,CAPSTONE DR,Winchester Rd,Fieldcrest Dr,32310.43,320.54,30,1099,0.20814394,Under Consideration,,,CANDIDATES,City,,2.557,NPJACKSON,2025/02/26 14:13:32+00,NPJACKSON,2025/02/26 14:13:32+00,{A1D1D28E-22EC-47D2-A16E-3A734BCA691F},1099.30727633326
35530,CARLTON ST,7,District 7,CARLTON ST,Magnolia Ave,Navarro Ave,6397.78,63.47,17,384.16229938,0.07275801,Under Consideration,,,CANDIDATES,City,,2.23684211,NPJACKSON,2025/02/26 14:13:32+00,NPJACKSON,2025/02/26 14:13:32+00,{CF792DDC-E7F4-40B7-816F-18E85AB31E43},384.162299383256
35531,CARVER ST,7,District 7,CARVER ST,Auburn St,End,5880.67,58.34,17,353,0.06685606,Under Consideration,,,CANDIDATES,City,,3,NPJACKSON,2025/02/26 14:13:32+00,NPJACKSON,2025/02/26 14:13:32+00,{8FE0AEFD-54CB-466A-958E-332B65826763},353.093359284566
35532,CELIA CT,7,District 7,CELIA CT,Hill Hedge Dr,End,3495.74,34.68,29,123,0.02329545,Under Consideration,,,CANDIDATES,City,,3,NPJACKSON,2025/02/26 14:13:32+00,NPJACKSON,2025/02/26 14:13:32+00,{A610825D-B52D-4C53-8E47-CE9024EF47A2},122.88866151213
35533,CENTRAL ST,7,District 7,CENTRAL ST,Dead End,Dead End,20250.72,200.9,24,861.41867155,0.16314748,Under Consideration,,,CANDIDATES,City,,3.10344828,NPJACKSON,2025/02/26 14:13:32+00,NPJACKSON,2025/02/26 14:13:32+00,{20AEAB93-0D07-4401-8B0F-EA54EB9AB665},861.41867154857
35534,CHEROKEE DR,7,District 7,CHEROKEE DR,McGehee Rd,End,20298.1,201.37,24,862.7867119,0.16340657,Under Consideration,,,CANDIDATES,City,,3.17,NPJACKSON,2025/02/26 14:13:32+00,NPJACKSON,2025/02/26 14:13:32+00,{9F49B816-FA62-4792-BE16-70B8CA03A5BE},862.786711898541
35535,CHERRY ST,3,District 3,CHERRY ST,Charles St,Arthur St,36440.9472,506.8,32,1628.72152569,0.30846999,Under Consideration,,,CANDIDATES,City,,2.64150943,NPJACKSON,2025/02/26 14:13:32+00,NPJACKSON,2025/02/26 14:13:32+00,{7359A04A-F5FD-4EC4-A9A2-5FCF713D9652},1628.70262642545
35536,CHESTNUT ST,3,District 3,CHESTNUT ST (1),Mulberry St,Spruce St,5412.93312,75.28,29,267,0.05056818,Under Consideration,,,CANDIDATES,City,,2.01945525,NPJACKSON,2025/02/26 14:13:32+00,NPJACKSON,2025/02/26 14:13:32+00,{EB2B95AC-B88E-44E8-8ECD-CC8DA90A2FAA},1707.98725483681
35537,CHESTNUT ST,3,District 3,CHESTNUT ST (2),Ryan St,End,35098.56,348.2,29,1235,0.23390152,Under Consideration,,,CANDIDATES,City,,3,NPJACKSON,2025/02/26 14:13:32+00,NPJACKSON,2025/02/26 14:13:32+00,{4DA6ED15-5C5F-4FEE-B32D-1177A4C76B6C},829.644154034897
35538,CHISHOLM ST,3,District 3,CHISHOLM ST,Fairground Rd,Lower Wetumpka Rd,67840.42,673.02,39,1775,0.33617424,Under Consideration,,,CANDIDATES,City,,2.767624,NPJACKSON,2025/02/26 14:13:32+00,NPJACKSON,2025/02/26 14:13:32+00,{BD7F22C5-85CE-4AEC-84DC-FD4BD094BA79},3778.6560288197
35539,CLAY ST,4,District 4,CLAY ST,Oak St,Dickerson St,24620.4,244.25,37,679,0.12859848,Under Consideration,,,CANDIDATES,City,,3,NPJACKSON,2025/02/26 14:13:32+00,NPJACKSON,2025/02/26 14:13:32+00,{C3565D7A-D8E1-4997-846C-AD56B17BB3E5},680.958272232243
35540,CLAYTON PARK,7,District 7,CLAYTON PARK,Mobile St,End,10586.42592,147.23,24,631.0328423,0.1195138,Under Consideration,,,CANDIDATES,City,,3.20481928,NPJACKSON,2025/02/26 14:13:32+00,NPJACKSON,2025/02/26 14:13:32+00,{27E72473-9C7A-4534-AC0F-ADDE4F96AE12},853.443440496087
35541,CLEMENT CURV,5,District 5,CLEMENT CURV,N Colonial Dr,Gladlane Dr,23425.60416,325.79,30,1117,0.21155303,Under Consideration,,,CANDIDATES,City,,2.548,NPJACKSON,2025/02/26 14:13:32+00,NPJACKSON,2025/02/26 14:13:32+00,{74C508BA-6422-4DD6-810F-8945CC5950C9},1117.53024196963
35542,CLINT CT,5,District 5,CLINT CT,Plummer Dr,End,24548.83,243.54,30,835,0.15814394,Under Consideration,,,CANDIDATES,City,,2.776,NPJACKSON,2025/02/26 14:13:32+00,NPJACKSON,2025/02/26 14:13:32+00,{E1BF3316-5886-4BB3-8735-71393F2413B1},629.872756006426
35543,CLOWER ST,3,District 3,CLOWER ST,Harmon St,End,13755.17,136.46,29,484,0.09166667,Under Consideration,,,CANDIDATES,City,,2.02040816,NPJACKSON,2025/02/26 14:13:32+00,NPJACKSON,2025/02/26 14:13:32+00,{0D1A9012-A562-44DA-89E7-8E306E8366F6},483.678312513716
35544,COBB ST,7,District 7,COBB ST,S Holt St,Mobile St,17514,173.75,21,851.05986243,0.16118558,Under Consideration,,,CANDIDATES,City,,2.84693878,NPJACKSON,2025/02/26 14:13:32+00,NPJACKSON,2025/02/26 14:13:32+00,{C486CC3B-B027-49EC-844B-20D14291C2C9},851.059862431664
35545,COLEMAN ST,7,District 7,COLEMAN ST,Cloverdale Rd,Le Bron Ave,9746.35,96.69,15,662.59459883,0.1254914,Under Consideration,,,CANDIDATES,City,,2.23880597,NPJACKSON,2025/02/26 14:13:32+00,NPJACKSON,2025/02/26 14:13:32+00,{06C68C85-76FE-4A09-B699-F322DBD2276A},662.594598829767
35546,COLLEGE CT,7,District 7,COLLEGE CT,E Fairview Ave,End,20168.06,200.08,30,685.90555116,0.12990635,Under Consideration,,,CANDIDATES,City,,3,NPJACKSON,2025/02/26 14:13:32+00,NPJACKSON,2025/02/26 14:13:32+00,{1F41E63D-2716-49E0-8C41-A83F29539B36},687.744640892499
35547,COMMODORE CIR,7,District 7,COMMODORE CIR,Commodore St,Commodore St,35923.1,356.38,29,1264,0.23939394,Under Consideration,,,CANDIDATES,City,,1.88888889,NPJACKSON,2025/02/26 14:13:32+00,NPJACKSON,2025/02/26 14:13:32+00,{A2AFF56C-B46E-4288-9A3B-E95D33C4F520},1263.92918968536
35548,COMMODORE ST,7,District 7,COMMODORE ST,Carter Hill Rd,Le Ruth Ave,36720.43,364.29,30,1248.72542863,0.23650103,Under Consideration,,,CANDIDATES,City,,2.3015873,NPJACKSON,2025/02/26 14:13:32+00,NPJACKSON,2025/02/26 14:13:32+00,{1D8E197F-6A64-4CD9-A7C2-1CB8C2517D77},1248.72542863136
35549,CORY ST,3,District 3,CORY ST,Mt Meigs Rd,Lowry St,8020.66,79.57,24,341,0.06458333,Under Consideration,,,CANDIDATES,City,,3,NPJACKSON,2025/02/26 14:13:32+00,NPJACKSON,2025/02/26 14:13:32+00,{4CCBFCBF-EB7F-4696-892F-670E245E4380},341.434747447161
35550,COUNCIL ST,4,District 4,COUNCIL ST,Hill St,end of property line/Freewill Church,3536.95776,49.19,22,230,0.04356061,Under Consideration,,,CANDIDATES,City,,2.8875,NPJACKSON,2025/02/26 14:13:32+00,NPJACKSON,2025/02/26 14:13:32+00,{45431FEC-8AF2-42B1-AAF8-7C2095865BAF},665.025911353534
35551,COUNTRY CLUB DR,7,District 7,COUNTRY CLUB DR,Carter Hill Rd,Carter Hill Rd,57300.77,568.46,30,1948.84012528,0.36909851,Under Consideration,,,CANDIDATES,City,,3,NPJACKSON,2025/02/26 14:13:32+00,NPJACKSON,2025/02/26 14:13:32+00,{57C27956-D254-443C-B8C6-D2267CFE6289},1948.8401252834
35552,CRESCENT RD,4,District 4,CRESCENT RD,Edgemont Ave,April St,29424.53,291.91,25,1201,0.22746212,Under Consideration,,,CANDIDATES,City,,2.97692308,NPJACKSON,2025/02/26 14:13:32+00,NPJACKSON,2025/02/26 14:13:32+00,{33223799-6F10-4459-BBCC-5BE96826981F},1201.05450711792
35553,DEBBY DR,5,District 5,DEBBY DR,McGehee Place Dr,E. Blvd Service Rd,48404.16,480.2,56,882.3,0.16710227,Under Consideration,,,CANDIDATES,City,,2.111,NPJACKSON,2025/02/26 14:13:32+00,NPJACKSON,2025/02/26 14:13:32+00,{36E718C2-26F0-4BE6-A659-968DE738E9DD},764.269152518156
35554,DELAWARE ST,4,District 4,DELAWARE ST,Washington Ferry Rd,Holbrook Dr,14112,140,18,800,0.15151515,Under Consideration,,,CANDIDATES,City,,3.10416667,NPJACKSON,2025/02/26 14:13:32+00,NPJACKSON,2025/02/26 14:13:32+00,{C86EE4BC-3ADD-4AA7-8433-F3ED8552AC32},552.520776411904
35555,DELRAY RD,5,District 5,DELRAY RD,Marlowe Dr,Alamont Dr,49172.26,487.82,28,1792,0.33939394,Under Consideration,,,CANDIDATES,City,,2.325,NPJACKSON,2025/02/26 14:13:32+00,NPJACKSON,2025/02/26 14:13:32+00,{19B726EE-DD10-4326-9EC9-381B485C87AC},1207.9818710927
35556,DILLARD ST,4,District 4,DILLARD ST,Hugh St,Hill St,13721.44,190.83,28,701,0.13,Under Consideration,,,CANDIDATES,City,,4.71084337,NPJACKSON,2025/02/26 14:13:32+00,NPJACKSON,2025/02/26 14:13:32+00,{483B3711-0C2F-4C66-ACEB-B200E4B21379},700.836530319034
35557,DONALDSON ST,3,District 3,DONALDSON ST,Morgan Ave,Virginia Ave,16738.85,166.06,35,487.52179066,0.09233367,Under Consideration,,,CANDIDATES,City,,3,NPJACKSON,2025/02/26 14:13:32+00,NPJACKSON,2025/02/26 14:13:32+00,{48A79B00-1B91-44C9-AD0C-2A3A5B175BD2},487.521790659732
35558,DUPONT RD,7,District 7,DUPONT RD,Cloverdale Rd,Ponce De Leon Ave,13233.21216,184.04,30,631.22935803,0.11955101,Under Consideration,,,CANDIDATES,City,,4.66666667,NPJACKSON,2025/02/26 14:13:32+00,NPJACKSON,2025/02/26 14:13:32+00,{C77EB092-1235-415F-97FF-5A261DE4B6F8},631.229358033775
35559,E CANYON CT,2,District 2,E CANYON CT,N Gap Loop,End,12001.49664,166.91,29,592,0.11212121,Under Consideration,,,CANDIDATES,City,,3,NPJACKSON,2025/02/26 14:13:32+00,NPJACKSON,2025/02/26 14:13:32+00,{A596648E-BE73-4185-841C-69B5C2C69B0C},592.363906450829
35560,E JEFF DAVIS AVE,7,District 7,E JEFF DAVIS AVE,Perry St,McDonough St,12834.864,178.5,24,765,0.14488636,Under Consideration,,,CANDIDATES,City,,3.57731959,NPJACKSON,2025/02/26 14:13:32+00,NPJACKSON,2025/02/26 14:13:32+00,{61863088-9EE1-4A89-90E2-059AA5FD5CED},764.48148264815
35561,E/W JEFFERSON ST,3,District 3,E/W JEFFERSON ST,Tallapoosa St,Ripley St,168062.65728,2337.32,58,4154,0.78503788,Under Consideration,,,CANDIDATES,Utility,,4.3125,NPJACKSON,2025/02/26 14:13:32+00,NPJACKSON,2025/02/26 14:13:32+00,{95A9F625-4560-476C-B2D4-D7FD9A942575},3872.97542242873
35562,EARLY ST,7,District 7,EARLY ST,Belview St,Aaron St,8702.06,86.33,30,296,0.05606061,Under Consideration,,,CANDIDATES,City,,3.70297,NPJACKSON,2025/02/26 14:13:32+00,NPJACKSON,2025/02/26 14:13:32+00,{1461F967-A534-4D4E-AF02-FEBF2D583713},296.933270003769
35563,ELDINGTON DR,5,District 5,ELDINGTON DR,Gladlane Dr,End,37290.96,369.95,28,1359,0.25738636,Under Consideration,,,CANDIDATES,City,,2.742,NPJACKSON,2025/02/26 14:13:32+00,NPJACKSON,2025/02/26 14:13:32+00,{C7A4DF60-0F78-43DA-A109-43B1E1C51FB7},1359.11188552365
35564,ELEY CT,5,District 5,ELEY CT,Cottingham Dr,End,15670.37,155.46,30,533,0.10094697,Under Consideration,,,CANDIDATES,City,,3.084,NPJACKSON,2025/02/26 14:13:32+00,NPJACKSON,2025/02/26 14:13:32+00,{99BC92A0-975C-45FA-A383-87D435356133},532.960381336834
35565,ENSLEN ST,7,District 7,ENSLEN ST,Jeff Davis Ave,End,6964.27,69.09,34,209.27645708,0.03963569,Under Consideration,,,CANDIDATES,City,,3,NPJACKSON,2025/02/26 14:13:32+00,NPJACKSON,2025/02/26 14:13:32+00,{5C6D7B1D-786B-42C1-AE51-264BBB9AD42B},209.276457083143
35566,EUGENE ST,4,District 4,EUGENE ST,Maxwell Blvd,Riverside Dr,33154.13,328.91,27,1253,0.23731061,Under Consideration,,,CANDIDATES,City,,3,NPJACKSON,2025/02/26 14:13:32+00,NPJACKSON,2025/02/26 14:13:32+00,{4D023EEA-C0F1-4166-A030-4601E36BCC2E},1203.25436144932
35567,FAIN PARK DR,9,District 9,FAIN PARK DR,Minnie Brown Rd,End,60525.192,841.75,30,2886,0.54659091,Under Consideration,,,CANDIDATES,City,,3,NPJACKSON,2025/02/26 14:13:32+00,NPJACKSON,2025/02/26 14:13:32+00,{E4A8EFAB-6A11-4D8B-B3E4-0E0C5401BF2F},2029.401952722
35568,FALCON LN,5,District 5,FALCON LN,Queensbury Dr,Woodbridge Dr,23990.4,238,30,816,0.15454545,Under Consideration,,,CANDIDATES,City,,2.25316456,NPJACKSON,2025/02/26 14:13:32+00,NPJACKSON,2025/02/26 14:13:32+00,{252823BB-477E-4CB9-B061-D010E4133495},816.016421299769
35569,FARNSWORTH CT,9,District 9,FARNSWORTH CT,Brampton Ln,End,10528.18,146.42,30,502,0.09507576,Under Consideration,,,CANDIDATES,City,,3,NPJACKSON,2025/02/26 14:13:32+00,NPJACKSON,2025/02/26 14:13:32+00,{4DBF14C2-8128-4F4B-BC2E-82ACDC1C2A16},502.037013222181
35570,FELDER TER,7,District 7,FELDER TER,Woodward Ave,Felder Ave,5746.56768,79.92,20,410.98110078,0.07783733,Under Consideration,,,CANDIDATES,City,,3.70833333,NPJACKSON,2025/02/26 14:13:32+00,NPJACKSON,2025/02/26 14:13:32+00,{E20FBA76-FEBE-49B6-B790-C537A159BFC8},410.981100774757
35571,FESTIVAL DR,9,District 9,FESTIVAL DR,Vaughn Rd,Vaughn Rd,327010.32,3244.15,26,9982,1.8905303,Under Consideration,,,CANDIDATES,City,,3,NPJACKSON,2025/02/26 14:13:32+00,NPJACKSON,2025/02/26 14:13:32+00,{A5393A99-EDC3-41F3-9649-47BAC438E6AE},8948.63271693686
35572,FOXHALL DR,5,District 5,FOXHALL DR,Dresden Dr,Edgefield Rd,59976,595,30,2040,0.39,Under Consideration,,,CANDIDATES,City,,2.779,NPJACKSON,2025/02/26 14:13:32+00,NPJACKSON,2025/02/26 14:13:32+00,{D84E6700-ABF9-48D7-92D7-785C27F3A2E8},2066.10851314248
35573,FOY DR,5,District 5,FOY DR,Kingsbury Dr,Cottingham Dr,9907.63,98.29,30,336.90269378,0.063826,Under Consideration,,,CANDIDATES,City,City of Montgomery,2,NPJACKSON,2025/02/26 14:13:32+00,NPJACKSON,2025/02/26 14:13:32+00,{DCD57640-B408-480D-B66F-5245251E4B31},336.902693778887
35574,FREDERICK AVE,7,District 7,FREDERICK AVE,Court St,Gilmer Ave,29301.55,290.69,25,1195.55704152,0.22643126,Under Consideration,,,CANDIDATES,City,,2.00757576,NPJACKSON,2025/02/26 14:13:32+00,NPJACKSON,2025/02/26 14:13:32+00,{05D4ADE0-E3C5-4CA9-9A77-1EE31465CBC3},1195.55704152315
35575,GEORGIA ST,7,District 7,GEORGIA ST,Rosa Parks Ave,Edgar D Nixon Ave,31237.92,309.9,25,1274.76311379,0.24143241,Under Consideration,,,CANDIDATES,City,,3.521368,NPJACKSON,2025/02/26 14:13:32+00,NPJACKSON,2025/02/26 14:13:32+00,{78929B2D-FF51-4F05-9134-D1FDDD01451E},1274.76311379082
35576,GILLESPIE DR,7,District 7,GILLESPIE DR,Celia Ct,Carter Hill Rd,34657.06,343.82,21,1684,0.31893939,Under Consideration,,,CANDIDATES,City,,2.15882353,NPJACKSON,2025/02/26 14:13:32+00,NPJACKSON,2025/02/26 14:13:32+00,{56FDB2BF-A1A5-4E61-9651-29063D5540A9},1683.99437243824
35577,GILMER AVE,7,District 7,GILMER AVE,Plymouth St,Felder Ave,105381.36,1045.45,29,3708.34487103,0.70233804,Under Consideration,,,CANDIDATES,City,,2.458564,NPJACKSON,2025/02/26 14:13:32+00,NPJACKSON,2025/02/26 14:13:32+00,{5EA2BF77-7AB0-4172-81EB-8CCD0FB0A58E},3708.34487103766
35578,GIRARD ST,3,District 3,GIRARD ST,Carter Hill Rd,W 5th St,10183.82,101.03,24,433,0.08200758,Under Consideration,,,CANDIDATES,City,,3,NPJACKSON,2025/02/26 14:13:32+00,NPJACKSON,2025/02/26 14:13:32+00,{ECD79190-6B12-4D03-86B1-9F62C64E4A37},635.320485060524
35579,GORDON ST,4,District 4,GORDON ST,Maxwell Blvd,View St,28647.36,284.2,24,1218,0.23068182,Under Consideration,,,CANDIDATES,City,,3,NPJACKSON,2025/02/26 14:13:32+00,NPJACKSON,2025/02/26 14:13:32+00,{8A9E5290-4C3D-40CD-8494-D7C65FA4BD28},1170.4447056968
35580,GORGAS ST,7,District 7,GORGAS ST,E Sixth St,Carter Hill Rd,49744.8,493.5,30,1692.31489826,0.32051419,Under Consideration,,,CANDIDATES,City,,3.01219512,NPJACKSON,2025/02/26 14:13:32+00,NPJACKSON,2025/02/26 14:13:32+00,{463C3B15-C357-4D8D-81A1-E0CA3D4BDB3D},1692.31489826394
35581,GREEN PARK DR,7,District 7,GREEN PARK DR,Allendale Rd,Fernway Dr,20344.46,201.83,30,692.36852317,0.1311304,Under Consideration,,,CANDIDATES,City,,3.37142857,NPJACKSON,2025/02/26 14:13:32+00,NPJACKSON,2025/02/26 14:13:32+00,{156F961D-9C96-4B68-A01A-299F5CB602F5},692.368523165296
35582,GREENPINE CIR,4,District 4,GREENPINE CIR,Greenpine Dr,End,13612.03,135.04,30,463,0.08768939,Under Consideration,,,CANDIDATES,City,,3.61702128,NPJACKSON,2025/02/26 14:13:32+00,NPJACKSON,2025/02/26 14:13:32+00,{E0552216-8B97-4FA2-B8C1-0F6BB18FB5C3},463.201056637332
35583,GREGORY AVE,7,District 7,GREGORY AVE,Thomas Ave,Southview Ave,20268.86,201.08,27,765.79436775,0.14503681,Under Consideration,,,CANDIDATES,City,,2.61038961,NPJACKSON,2025/02/26 14:13:32+00,NPJACKSON,2025/02/26 14:13:32+00,{06660344-D996-4490-B38F-4BFD469D0766},765.79436774782
35584,GREYHOUND ST,4,District 4,GREYHOUND ST (1),Day St,End,30693.6,304.5,27,1160,0.21969697,Under Consideration,,,CANDIDATES,City,,3.77483444,NPJACKSON,2025/02/26 14:13:32+00,NPJACKSON,2025/02/26 14:13:32+00,{105D6691-07A2-458A-B3A5-D9053FA07C3C},1160.33225623468
35585,GROVE HILL LN,7,District 7,GROVE HILL LN,Carter Hill Rd,Sylvan Dr,31899.17,316.46,30,1084.83586617,0.20546134,Under Consideration,,,CANDIDATES,City,,3,NPJACKSON,2025/02/26 14:13:32+00,NPJACKSON,2025/02/26 14:13:32+00,{76146ED6-26A2-4D82-B8B4-7A3AC77AC339},1084.8358661689
35586,GROVE ST,3,District 3,GROVE ST,Court St,Union St,65885.64,916.3,34,2772,0.525,Under Consideration,,,CANDIDATES,City,,3.20512821,NPJACKSON,2025/02/26 14:13:32+00,NPJACKSON,2025/02/26 14:13:32+00,{DD4B033A-F9B3-4686-B67D-9DB89388FE70},2772.1781372287
35587,HADLEY ST,7,District 7,HADLEY ST,Lexington Rd,Norman Bridge Rd,11562.77,114.71,19,621.47771756,0.11770411,Under Consideration,,,CANDIDATES,City,,3,NPJACKSON,2025/02/26 14:13:32+00,NPJACKSON,2025/02/26 14:13:32+00,{63F9C5E9-807D-442F-AAB4-AF1BB43B1CB8},376.393378607914
35588,HALCYON FOREST TRL,9,District 9,HALCYON FOREST TRL,Yarmouth Pl,Halcyon Forest Trail,58281.06816,810.54,30,2779,0.52632576,Under Consideration,,,CANDIDATES,City,,2.35361217,NPJACKSON,2025/02/26 14:13:32+00,NPJACKSON,2025/02/26 14:13:32+00,{3A45341D-92B4-41EA-82EF-F068C8F23D44},2604.77184374427
35589,HALE ST,3,District 3,HALE ST,Decatur St,End,14844.82,147.27,28,541,0.10246212,Under Consideration,,,CANDIDATES,City,,3.8,NPJACKSON,2025/02/26 14:13:32+00,NPJACKSON,2025/02/26 14:13:32+00,{25FA3516-8186-4BB0-AB2C-2268FACA29BC},541.36429575257
35590,HAMNER ST,7,District 7,HAMNER ST,Mildred St,Clayton Park,15664.32,155.4,24,666.02966246,0.12614198,Under Consideration,,,CANDIDATES,City,,2.68181818,NPJACKSON,2025/02/26 14:13:32+00,NPJACKSON,2025/02/26 14:13:32+00,{8449629B-32D5-4FB0-8809-09973226DC30},666.029662462831
35591,HAMPTON ST,3,District 3,HAMPTON ST,Beauregard St,Lake St,11759.18016,163.54,27,623.44745975,0.11807717,Under Consideration,,,CANDIDATES,City,,3,NPJACKSON,2025/02/26 14:13:32+00,NPJACKSON,2025/02/26 14:13:32+00,{1044629D-8CC1-4B29-81C3-C13B54567B0B},249.126005951286
35592,HANRICK ST,3,District 3,HANRICK ST,Herron St,Clayton St,19400.72,269.79,37,750,0.14,Under Consideration,,,CANDIDATES,City,,2.37735849,NPJACKSON,2025/02/26 14:13:32+00,NPJACKSON,2025/02/26 14:13:32+00,{F38CC53D-D612-4747-822D-3E994D40A6D6},746.649537864461
35593,HATFIELD RD,4,District 4,HATFIELD RD,Durbin St,Hayneville Rd,44100,437.5,20,2250,0.42613636,Under Consideration,,,CANDIDATES,City,,2.95260664,NPJACKSON,2025/02/26 14:13:32+00,NPJACKSON,2025/02/26 14:13:32+00,{B5BBB517-CEDF-4892-A020-2108571C64C7},2144.74986183201
35594,HAZEL HEDGE LN,7,District 7,HAZEL HEDGE LN,Carter Hill Rd,End,17199.5,170.63,27,650,0.12307549,Under Consideration,,,CANDIDATES,City,,2.11940299,NPJACKSON,2025/02/26 14:13:32+00,NPJACKSON,2025/02/26 14:13:32+00,{6A989AF9-0966-4644-9A7D-D048B135A0FF},649.83859405937
35595,HEATH DR,4,District 4,HEATH DR,Mill St,End,17023.1,168.88,30,579,0.10965909,Under Consideration,,,CANDIDATES,City,,3,NPJACKSON,2025/02/26 14:13:32+00,NPJACKSON,2025/02/26 14:13:32+00,{4904DE37-15D7-4237-834F-3C0CA95B3CC8},578.760084870547
35596,HELGA PL,9,District 9,HELGA PL,Woodmere Loop,End,3502.44,48.71,30,167,0.03162879,Under Consideration,,,CANDIDATES,City,City of Montgomery,3.071,NPJACKSON,2025/02/26 14:13:32+00,NPJACKSON,2025/02/26 14:13:32+00,{4F779EDD-14D6-4CC2-8565-7626C91E0DD2},166.721996164155
35597,HILL ST,4,District 4,HILL ST,Early St,Mill St,31112.86,432.7,34,1309,0.24791667,Under Consideration,,,CANDIDATES,City,,3.369181,NPJACKSON,2025/02/26 14:13:32+00,NPJACKSON,2025/02/26 14:13:32+00,{58A6307A-B869-4FDF-ADB5-AE684E78C49C},1309.41095661978
35598,HOLLIDAY DR,2,District 2,HOLLIDAY DR,Atlanta Hwy,Pelzer Avenue,26941.82,267.28,29,948,0.17954545,Under Consideration,,,CANDIDATES,City,,2.79891304,NPJACKSON,2025/02/26 14:13:32+00,NPJACKSON,2025/02/26 14:13:32+00,{195D2689-AB7E-4545-AAB1-068BE187AB8F},1497.42510856321
35599,HONEYSUCKLE CT,2,District 2,HONEYSUCKLE CT,Honeysuckle Rd,End,66596.54,660.68,30,2265,0.42897727,Under Consideration,,,CANDIDATES,City,,3,NPJACKSON,2025/02/26 14:13:32+00,NPJACKSON,2025/02/26 14:13:32+00,{F777FA33-2D53-4887-9576-D5BE5DD6C796},1059.05865036758
35600,HUBBARD ST,7,District 7,HUBBARD ST,Mastin Ln,Montezuma Rd,21609.5,214.38,30,734.77490686,0.13916191,Under Consideration,,,CANDIDATES,City,,3.04109589,NPJACKSON,2025/02/26 14:13:32+00,NPJACKSON,2025/02/26 14:13:32+00,{F80FA2B7-1B77-4E66-A7E1-9A5FBDC1C781},734.77490686094
35601,INGLE DR,3,District 3,INGLE DR,Vandiver Blvd,Creative St,28723.97,284.96,30,977.00061889,0.185038,Under Consideration,,,CANDIDATES,City,,3.84210526,NPJACKSON,2025/02/26 14:13:32+00,NPJACKSON,2025/02/26 14:13:32+00,{AF46F67E-D66A-4E65-84ED-A812B5B02B7D},977.000712916329
35602,KAREN RD,7,District 7,KAREN RD,Elaine Dr,Farwood Dr,24072.05,238.81,29,846.81677461,0.16038196,Under Consideration,,,CANDIDATES,City,,3.875,NPJACKSON,2025/02/26 14:13:32+00,NPJACKSON,2025/02/26 14:13:32+00,{DA4477F9-76D4-4496-B1A1-0DC9D185009F},846.816774606492
35603,KELLY LN,7,District 7,KELLY LN,Patton Ave,Gaylord Pl,29525.33,292.91,28,1075.80430848,0.20375082,Under Consideration,,,CANDIDATES,City,,3.83018868,NPJACKSON,2025/02/26 14:13:32+00,NPJACKSON,2025/02/26 14:13:32+00,{339E65C4-E981-43E8-AEFE-89279616C069},1075.80430848422
35604,KENSINGTON ST,4,District 4,KENSINGTON ST,Oak St,Bragg St,12918.53,128.16,26,507,0.09602273,Under Consideration,,,CANDIDATES,City,,3,NPJACKSON,2025/02/26 14:13:32+00,NPJACKSON,2025/02/26 14:13:32+00,{EC0BA344-6B35-40B9-833F-FFB3E92DF666},507.401113812576
35605,L H HAMILTON RD,4,District 4,L H HAMILTON RD,Hayneville Rd,End,45276.34,449.17,22,2100,0.39772727,Under Consideration,,,CANDIDATES,City,,2.59006211,NPJACKSON,2025/02/26 14:13:32+00,NPJACKSON,2025/02/26 14:13:32+00,{5742D801-54F4-4667-8632-C6AC220DFF90},1710.0800405967
35606,LAMAR RD,4,District 4,LAMAR RD,Hwy 80,City Limits,208809.216,2904,22,10560,2,Under Consideration,,,CANDIDATES,City,,3.77433,NPJACKSON,2025/02/26 14:13:32+00,NPJACKSON,2025/02/26 14:13:32+00,{42F5ABCE-E769-4D05-A849-A18AEDF8582C},9965.64087964973
35607,LAMCO ST,1,District 1,LAMCO ST,Service Rd,Dead End,9856.6,137.08,30,400,0.07,Under Consideration,,,CANDIDATES,City,,4.47727273,NPJACKSON,2025/02/26 14:13:32+00,NPJACKSON,2025/02/26 14:13:32+00,{52918C25-1412-4E5F-9E6C-6FD7DB4D9387},406.285533238079
35608,LANSDOWNE DR,7,District 7,LANSDOWNE DR,Hermitage Dr,Carter Hill Rd,95968.11,1334.67,30,4576,0.86666667,Under Consideration,,,CANDIDATES,City,,3.232955,NPJACKSON,2025/02/26 14:13:32+00,NPJACKSON,2025/02/26 14:13:32+00,{89E07712-C808-49C6-BB81-D964AF786861},4576.11829148182
35609,LARGO LN,5,District 5,LARGO LN,Coventry Rd,Flamingo Ln,25066.94,248.68,29,882,0.16704545,Under Consideration,,,CANDIDATES,City,,2.742,NPJACKSON,2025/02/26 14:13:32+00,NPJACKSON,2025/02/26 14:13:32+00,{E7B1325B-A064-41DA-8938-44DE15E85517},882.429746848503
35610,LE BRON RD,7,District 7,LE BRON RD,Ponce De Leon Ave,Desoto St,21117.6,209.5,33,652.96457045,0.12366753,Under Consideration,,,CANDIDATES,City,,4.21538462,NPJACKSON,2025/02/26 14:13:32+00,NPJACKSON,2025/02/26 14:13:32+00,{68AB1EE6-5553-4C60-BADE-27DE8606F4C4},652.96457045495
35611,LE RUTH AVE,7,District 7,LE RUTH AVE,Bullard St,End,48168.29,477.86,23,2137.46998131,0.40482386,Under Consideration,,,CANDIDATES,City,,4.18932039,NPJACKSON,2025/02/26 14:13:32+00,NPJACKSON,2025/02/26 14:13:32+00,{79BC6431-4AD1-4B27-B493-8CB611B4FB54},2137.46998130562
35612,LIBERTY ST,7,District 7,LIBERTY ST,Rosa Parks Ave,Edgar D. Nixon Ave,39312,390,24,1300,0.24621212,Under Consideration,,,CANDIDATES,City,,3.46153846,NPJACKSON,2025/02/26 14:13:32+00,NPJACKSON,2025/02/26 14:13:32+00,{A364CA49-4484-4CBA-9E52-E1F3829A72AC},1284.3767626238
35613,LIZMAR LN,5,District 5,LIZMAR LN,Kingsbury Dr,End,17992.8,178.5,30,612,0.11590909,Under Consideration,,,CANDIDATES,City,,2.258,NPJACKSON,2025/02/26 14:13:32+00,NPJACKSON,2025/02/26 14:13:32+00,{00E2A3C5-AA22-4FB4-8F81-8F1565665D05},612.493296446983
35614,LOCKERBIE ST,7,District 7,LOCKERBIE ST,Cloverdale Rd,Rose Ln,11131.34,110.43,18,631.11962215,0.11953023,Under Consideration,,,CANDIDATES,City,,3.09375,NPJACKSON,2025/02/26 14:13:32+00,NPJACKSON,2025/02/26 14:13:32+00,{E79FAC45-7319-4F6E-B889-6DE6567FA401},631.119622150379
35615,LOCUST ST,3,District 3,LOCUST ST (1),Arthur St,End,17204.54,170.68,28,627,0.11875,Under Consideration,,,CANDIDATES,City,,3.23076923,NPJACKSON,2025/02/26 14:13:32+00,NPJACKSON,2025/02/26 14:13:32+00,{75979168-D45A-499A-88AA-B4057773A5CB},626.690326080288
35616,LOCUST ST,3,District 3,LOCUST ST (2),Ann St,Ryan St,36837.85728,512.32,28,1882,0.35643939,Under Consideration,,,CANDIDATES,City,,3.440217,NPJACKSON,2025/02/26 14:13:32+00,NPJACKSON,2025/02/26 14:13:32+00,{3005A4D5-BC7F-4AF0-BC42-CC76720B9FF3},1881.75247346699
35617,LOWRY ST,3,District 3,LOWRY ST,Cory St,Anderson St,5541.98,54.98,29,195,0.03693182,Under Consideration,,,CANDIDATES,City,,3,NPJACKSON,2025/02/26 14:13:32+00,NPJACKSON,2025/02/26 14:13:32+00,{D6A3A1B0-C9D3-4679-9AB2-9FE01D05B303},195.099840182936
35618,LUCAS DR,3,District 3,LUCAS DR,Upper Wetumpka Rd,Willena Ave,23543.86,233.57,24,1000.65768964,0.1895185,Under Consideration,,,CANDIDATES,City,,3.10434783,NPJACKSON,2025/02/26 14:13:32+00,NPJACKSON,2025/02/26 14:13:32+00,{727EBE13-03C6-4CC0-AE09-B0B72EDFFB27},1000.65770228846
35619,MALVERN ST,7,District 7,MALVERN ST,Rosa Parks Ave,S Holt St,31090.75,308.44,27,1175.20567701,0.22257683,Under Consideration,,,CANDIDATES,City,,3.866667,NPJACKSON,2025/02/26 14:13:32+00,NPJACKSON,2025/02/26 14:13:32+00,{BE520445-3770-40B4-84EB-54D1A4105642},1149.04264497106
35620,MAPLE ST,4,District 4,MAPLE ST,Early St,Peach St,9577.01,95.01,28,349,0.06609848,Under Consideration,,,CANDIDATES,City,,3,NPJACKSON,2025/02/26 14:13:32+00,NPJACKSON,2025/02/26 14:13:32+00,{656C4992-B4A5-4C2F-A6F4-1B5A23588AD5},336.474631554482
35621,MARTIN ST,3,District 3,MARTIN ST,Jackson Ferry Rd,End,9982.22,99.03,22,463,0.08768939,Under Consideration,,,CANDIDATES,City,,3,NPJACKSON,2025/02/26 14:13:32+00,NPJACKSON,2025/02/26 14:13:32+00,{D80258E8-70AF-470A-B023-2B1379A8E321},462.794753458561
35622,MAURY ST,7,District 7,MAURY ST,Decatur St,Hull St,48999.89,486.11,25,2000,0.37878788,Under Consideration,,,CANDIDATES,City,,3.67307692,NPJACKSON,2025/02/26 14:13:32+00,NPJACKSON,2025/02/26 14:13:32+00,{6EEC9F09-479D-47D6-B693-5EFED309CF22},950.288483164514
35623,MCINNIS RD,6,District 6,MCINNIS RD,Woodley Rd,Narrow Lane Rd,243035.52,3380,26,10400,1.96969697,Under Consideration,,,CANDIDATES,City,,2.977539,NPJACKSON,2025/02/26 14:13:32+00,NPJACKSON,2025/02/26 14:13:32+00,{34723397-951C-47DD-BC4A-226A0E0E799D},10071.0965078662
35624,MEEHAN ST,7,District 7,MEEHAN ST,Rosa Parks Ave,Belview St,14958.72,148.4,24,636.18147159,0.12048892,Under Consideration,,,CANDIDATES,City,,3.26315789,NPJACKSON,2025/02/26 14:13:32+00,NPJACKSON,2025/02/26 14:13:32+00,{6C45B8C4-EC7A-452D-89C9-21C98E22E0CC},636.181471594416
35625,MELROSE ST,4,District 4,MELROSE ST,Travis St,End,4129.78,40.97,14,301,0.05700758,Under Consideration,,,CANDIDATES,City,,3,NPJACKSON,2025/02/26 14:13:32+00,NPJACKSON,2025/02/26 14:13:32+00,{1AA3173D-C367-4C03-A592-74B0B6976F62},300.990588922274
35626,MERIWETHER RD,9,District 9,MERIWETHER RD,Kathmoor Dr,Meriwether Cir,18078.1,251.42,30,862,0.16325758,Under Consideration,,,CANDIDATES,City,,2.8255814,NPJACKSON,2025/02/26 14:13:32+00,NPJACKSON,2025/02/26 14:13:32+00,{76A47748-49BB-4EED-875D-E7CA3FC54342},861.902349228357
35627,MICHIGAN CT,3,District 3,MICHIGAN CT,W Michigan Ave,End,10681.78,105.97,25,436,0.08257576,Under Consideration,,,CANDIDATES,City,,3,NPJACKSON,2025/02/26 14:13:32+00,NPJACKSON,2025/02/26 14:13:32+00,{87BD6F59-35CB-4877-B426-A70B5CE424AA},437.574915502461
35628,MILDRED ST,7,District 7,MILDRED ST,Holt St,Mobile St,40577.04,402.55,35,1183.44961306,0.22413818,Under Consideration,,,CANDIDATES,City,,3.10144928,NPJACKSON,2025/02/26 14:13:32+00,NPJACKSON,2025/02/26 14:13:32+00,{D59749ED-9125-4AED-8F8D-1E38EB6266F6},1184.3988470452
35629,MILES ST,4,District 4,MILES ST,McGinnis St,Wheeler St,7643.66,75.83,24,325.00744481,0.06155444,Under Consideration,,,CANDIDATES,City,,3,NPJACKSON,2025/02/26 14:13:32+00,NPJACKSON,2025/02/26 14:13:32+00,{1CB37DB2-6B03-4E4B-8D94-D02C9088BB58},220.093140199817
35630,MOBILE DR,4,District 4,MOBILE DR,Fairview Ave,Springfield Dr,139948.7,1388.38,29,3830,0.72537879,Under Consideration,,,CANDIDATES,City,,3.36702128,NPJACKSON,2025/02/26 14:13:32+00,NPJACKSON,2025/02/26 14:13:32+00,{C15D0509-F106-45AE-AF67-F667DC1AA202},3792.73891050866
35631,MONTEZUMA RD,7,District 7,MONTEZUMA RD,Hubbard St,Fairview Ave,26254.37,260.46,30,892.51975764,0.16903783,Under Consideration,,,CANDIDATES,City,,2.19767442,NPJACKSON,2025/02/26 14:13:32+00,NPJACKSON,2025/02/26 14:13:32+00,{873FB57F-BBAA-47F5-BF20-A7C7DD4C0E6D},892.519757642984
35632,MONTICELLO CT,9,District 9,MONTICELLO CT,Monticello Dr,End,9018.2,125.42,30,430,0.08143939,Under Consideration,,,CANDIDATES,City,City of Montgomery,2.66,NPJACKSON,2025/02/26 14:13:32+00,NPJACKSON,2025/02/26 14:13:32+00,{E81DA2B6-F3F5-4F94-82ED-0411742D27FD},430.335247412837
35633,MONTVIEW CT,7,District 7,MONTVIEW CT,W Fairview Ave,End,12630.24,125.3,24,536.5536278,0.10162001,Under Consideration,,,CANDIDATES,City,,3,NPJACKSON,2025/02/26 14:13:32+00,NPJACKSON,2025/02/26 14:13:32+00,{E4BD9582-66C2-4881-9785-5DABE4ACECF6},536.553627800602
35634,MOORELAND RD,7,District 7,MOORELAND RD,Edgar D Nixon Ave,W Fairview Ave,15267.37632,212.33,28,780.40725076,0.1478044,Under Consideration,,,CANDIDATES,City,,3,NPJACKSON,2025/02/26 14:13:32+00,NPJACKSON,2025/02/26 14:13:32+00,{443BD59D-279B-4AA2-B04D-88F47BF08040},780.407250759613
35635,MT VERNON DR,7,District 7,MT VERNON DR,Perry St,Gilmer Ave,19455.41,193.01,28,709.29748561,0.13433665,Under Consideration,,,CANDIDATES,City,,3.16176471,NPJACKSON,2025/02/26 14:13:32+00,NPJACKSON,2025/02/26 14:13:32+00,{F1CC4F04-EA36-442E-AC76-54CEFE9131E1},709.297485607521
35636,MYLES ST,4,District 4,MYLES ST,Fairview Ave,Patrick St,21292.99,211.24,28,776,0.1469697,Under Consideration,,,CANDIDATES,City,,4.14285714,NPJACKSON,2025/02/26 14:13:32+00,NPJACKSON,2025/02/26 14:13:32+00,{341ED909-E607-48DC-9D9F-749EB93D7298},776.12859494513
35637,N FLORIDA ST,3,District 3,N FLORIDA ST,Madison Ave,Upper Wetumpka,47594.7,661.92,30,2230,0.42,Under Consideration,,,CANDIDATES,City,,3.91111111,NPJACKSON,2025/02/26 14:13:32+00,NPJACKSON,2025/02/26 14:13:32+00,{6CDFCDCC-2668-4A22-8D5C-E75FAD1239F5},2367.23227230305
35638,N HOLT ST,3,District 3,N HOLT ST,Clayton St,Maxwell Boulevard,34788.59328,483.82,33,1508,0.28560606,Under Consideration,,,CANDIDATES,City,,4.034247,NPJACKSON,2025/02/26 14:13:32+00,NPJACKSON,2025/02/26 14:13:32+00,{CA1A8FE4-CBB1-45E9-B6BE-6CBC2994D3DE},1508.24087907133
35639,N HULL ST,3,District 3,N HULL ST,Jefferson St,Pollard St,29771.13,414.04,37,1151,0.21799242,Under Consideration,,,CANDIDATES,City,,4.19863014,NPJACKSON,2025/02/26 14:13:32+00,NPJACKSON,2025/02/26 14:13:32+00,{2629F993-DCEC-42E3-A4FA-7EF27B9A0433},1150.91362595543
35640,N LAWRENCE ST,3,District 3,N LAWRENCE ST,Jefferson St,Randolph St,31680.18336,440.59,39,1162,0.22007576,Under Consideration,,,CANDIDATES,City,,2.65185185,NPJACKSON,2025/02/26 14:13:32+00,NPJACKSON,2025/02/26 14:13:32+00,{02303B12-4C82-4167-A14F-CF6A0FA409D7},801.371629171214
35641,N MCDONOUGH ST,3,District 3,N MCDONOUGH ST (1),Jefferson St,Columbus St,18335.52,255,30,680,0.12878788,Under Consideration,,,CANDIDATES,City,,3.125,NPJACKSON,2025/02/26 14:13:32+00,NPJACKSON,2025/02/26 14:13:32+00,{E05A7D6F-9DE0-438E-9CB5-6C20E57CA2DE},383.590063225449
35642,N MCDONOUGH ST,3,District 3,N MCDONOUGH ST (2),Clisby Park,End,107856,1500,30,4000,0.76,Under Consideration,,,CANDIDATES,City,,2.57582418,NPJACKSON,2025/02/26 14:13:32+00,NPJACKSON,2025/02/26 14:13:32+00,{95708751-FC8E-4F36-A72C-51F2AED78BA5},5618.48781791347
35643,N PERRY ST,3,District 3,N PERRY ST,Jefferson St,Pollard St,41012.6,570.38,39,1170,0.22159091,Under Consideration,,,CANDIDATES,City,,3.7,NPJACKSON,2025/02/26 14:13:32+00,NPJACKSON,2025/02/26 14:13:32+00,{22D20A42-A1EC-4DEA-A32F-A663AE8DDA9C},1169.8096210942
35644,N VALLEY RD,2,District 2,N VALLEY RD,North Pass Rd,End,2516.64,35,30,120,0.02272727,Under Consideration,,,CANDIDATES,City,,3,NPJACKSON,2025/02/26 14:13:32+00,NPJACKSON,2025/02/26 14:13:32+00,{087980C1-41AD-4B5E-9CBC-05F858404E62},116.418535780416
35645,N&S HILLIARD ST,3,District 3,N&S HILLIARD ST,Adams Ave,Jefferson St,25424.53536,353.59,27,1347,0.25511364,Under Consideration,,,CANDIDATES,City,,2.2295082,NPJACKSON,2025/02/26 14:13:32+00,NPJACKSON,2025/02/26 14:13:32+00,{71FA3D85-28B1-477B-A41F-0D60DE1CCD8C},2133.94575974316
35646,NARROW LANE CT,7,District 7,NARROW LANE CT,Narrow Lane Rd,End,13500.14,133.93,28,491.68271465,0.09312173,Under Consideration,,,CANDIDATES,City,,3,NPJACKSON,2025/02/26 14:13:32+00,NPJACKSON,2025/02/26 14:13:32+00,{894C825F-1B90-4518-BD90-4E3E72DB3C21},491.682714653204
35647,NASH ST,7,District 7,NASH ST,S Holt St,End,5315.18,52.73,24,225.83319324,0.04277144,Under Consideration,,,CANDIDATES,City,,3,NPJACKSON,2025/02/26 14:13:32+00,NPJACKSON,2025/02/26 14:13:32+00,{6FCB942C-5E90-4ED5-84CE-0B87AAD6E359},225.833193239037
35648,NAVARRO AVE,7,District 7,NAVARRO AVE,Boultier St,Carlton St,16600.75,164.69,22,769.89232027,0.14581294,Under Consideration,,,CANDIDATES,City,,3.83544304,NPJACKSON,2025/02/26 14:13:32+00,NPJACKSON,2025/02/26 14:13:32+00,{E4C55215-C959-4A59-9017-0CC2C54FF72C},769.89232027374
35649,NORA PL,9,District 9,NORA PL,Katrina Pl,End,7424.09,103.25,30,354,0.06704545,Under Consideration,,,CANDIDATES,City,,3,NPJACKSON,2025/02/26 14:13:32+00,NPJACKSON,2025/02/26 14:13:32+00,{721E5D20-5521-46F6-A6C8-D2FA490B2DA5},353.57340166488
35650,NORDALE DR,5,District 5,NORDALE DR (1),S Blvd,End,88641.5,879.38,30,3015,0.57102273,Under Consideration,,,CANDIDATES,City,,2.969,NPJACKSON,2025/02/26 14:13:32+00,NPJACKSON,2025/02/26 14:13:32+00,{34EBD7E0-9B40-40E2-8769-6B14EB3C0247},2426.59637680435
35651,NORDALE DR,5,District 5,NORDALE DR (2),Nordale Dr,End,7843.28832,109.08,30,374,0.07083333,Under Consideration,,,CANDIDATES,City,,2.821,NPJACKSON,2025/02/26 14:13:32+00,NPJACKSON,2025/02/26 14:13:32+00,{BA5D4CBF-AD17-4E9A-A93F-F7A0EA93B801},373.882103480599
35652,NORDALE DR,5,District 5,NORDALE DR (3),Nordale Dr,End,4399.08672,61.18,29,217,0.04109848,Under Consideration,,,CANDIDATES,City,,2.821,NPJACKSON,2025/02/26 14:13:32+00,NPJACKSON,2025/02/26 14:13:32+00,{411F7D3F-0E15-4040-8D45-CA5FC52C26D3},214.871028920761
35653,NORTH PASS RD,2,District 2,NORTH PASS RD,Alabama River Pkwy,Alabama River Pkwy,69642.72,690.9,28,2538,0.48068182,Under Consideration,,,CANDIDATES,City,,3.65306122,NPJACKSON,2025/02/26 14:13:32+00,NPJACKSON,2025/02/26 14:13:32+00,{73D9AB26-1C1B-4368-9594-4D67EBB3C4B6},2538.14299396422
35654,NORTH ST,4,District 4,NORTH ST,Hugh St,Heilpern St,6369.55,63.19,20,325,0.06155303,Under Consideration,,,CANDIDATES,City,,3.46875,NPJACKSON,2025/02/26 14:13:32+00,NPJACKSON,2025/02/26 14:13:32+00,{556ED47E-D934-4E83-AE15-537CBCE55E5D},324.587667882825
35655,NORTHGATE DR,3,District 3,NORTHGATE DR,N Ripley St,End,19147.31616,266.29,30,913,0.17291667,Under Consideration,,,CANDIDATES,City,,3,NPJACKSON,2025/02/26 14:13:32+00,NPJACKSON,2025/02/26 14:13:32+00,{F0A1054C-0297-4B41-A85F-047E4BE36568},912.872504476681
35656,OAK WILD DR,2,District 2,OAK WILD DR,Dunbarton Rd,Wares Ferry Rd,79693.36,1108.33,30,2865.14615853,0.719697,Under Consideration,,,CANDIDATES,City,,3.08766234,NPJACKSON,2025/02/26 14:13:32+00,NPJACKSON,2025/02/26 14:13:32+00,{581BF9E3-FBDE-44A5-B055-2FDD3C5F77D8},2865.14615853449
35657,OLD CASTLE PL,9,District 9,OLD CASTLE PL,Woodmere Loop,End,6333.3,88.08,30,302,0.05719697,Under Consideration,,,CANDIDATES,City,,3,NPJACKSON,2025/02/26 14:13:32+00,NPJACKSON,2025/02/26 14:13:32+00,{2ED3B59B-F5D3-411D-BE6F-49E42025D9FB},301.688089309407
35658,OLD LAMAR RD,4,District 4,OLD LAMAR RD,Hwy 80,Lamar Rd,16987.32,236.25,21,900,0.17045455,Under Consideration,,,CANDIDATES,City,,3.65625,NPJACKSON,2025/02/26 14:13:32+00,NPJACKSON,2025/02/26 14:13:32+00,{28B5B9D1-EAA9-496B-910A-5C1946B13B2F},4129.21665442557
35659,OLIVE ST,3,District 3,OLIVE ST,Park Pl,Holly St,10981.15,108.94,27,414.70819032,0.07854322,Under Consideration,,,CANDIDATES,City,,3,NPJACKSON,2025/02/26 14:13:32+00,NPJACKSON,2025/02/26 14:13:32+00,{6F6F3A61-4ACD-4741-AD7F-DCDAF3163ACC},414.708190316072
35660,OLIVER CT,2,District 2,OLIVER CT,Oliver Rd,End,8658.72,85.9,19,464.8934667,0.08804801,Under Consideration,,,CANDIDATES,City,,3,NPJACKSON,2025/02/26 14:13:32+00,NPJACKSON,2025/02/26 14:13:32+00,{F00F3993-AC37-48EA-B1B8-0508E149C051},349.412640618099
35661,ORUM ST,7,District 7,ORUM ST,Holt St,End,5903.86,58.57,24,251.41727643,0.04761691,Under Consideration,,,CANDIDATES,City,,3,NPJACKSON,2025/02/26 14:13:32+00,NPJACKSON,2025/02/26 14:13:32+00,{3488368F-0E51-4D73-82B9-B2D37B06ED1C},251.417276428609
35662,OXFORD DR,5,District 5,OXFORD DR,McGehee Rd,End,82137.2,1142,28,3000,0.57,Under Consideration,,,CANDIDATES,City,,3.93714286,NPJACKSON,2025/02/26 14:13:32+00,NPJACKSON,2025/02/26 14:13:32+00,{EA6157D7-58CF-4B35-AF24-40BBA25453B1},3280.45555796594
35663,OXMOOR LN,5,District 5,OXMOOR LN,Fieldcrest Dr,Fernway Dr,22461.26,222.83,30,764,0.14469697,Under Consideration,,,CANDIDATES,City,,3.02,NPJACKSON,2025/02/26 14:13:32+00,NPJACKSON,2025/02/26 14:13:32+00,{DF374304-C8D5-403E-B2BF-23BCAD41DCE2},764.295355346245
35664,PAMPAS DR,9,District 9,PAMPAS DR,Woodmere Dr,Woodmere Dr,18874.8,262.5,30,900,0.17045455,Under Consideration,,,CANDIDATES,City,,3.21768707,NPJACKSON,2025/02/26 14:13:32+00,NPJACKSON,2025/02/26 14:13:32+00,{5F73C098-BCBE-4E6D-9F78-EEF6BFB5A4F0},1552.97578728405
35665,PAMPAS PL,9,District 9,PAMPAS PL,Pampas Dr,End,5284.94,73.5,30,252,0.04772727,Under Consideration,,,CANDIDATES,City,,3,NPJACKSON,2025/02/26 14:13:32+00,NPJACKSON,2025/02/26 14:13:32+00,{716C406A-F0A9-4204-84C0-01E13D39213C},244.59409341477
35666,PAMPAS PT,9,District 9,PAMPAS PT,Pampas Dr,End,5284.94,73.5,30,252,0.04772727,Under Consideration,,,CANDIDATES,City,,3,NPJACKSON,2025/02/26 14:13:32+00,NPJACKSON,2025/02/26 14:13:32+00,{684B2C1F-ECC4-4BF1-8E0C-DC736E53D132},150.747482801587
35667,PARTRIDGE RD,5,District 5,PARTRIDGE RD,Oxford Dr,Fieldcrest Dr,57120.34,566.67,30,1700,0.33,Under Consideration,,,CANDIDATES,City,,2.98,NPJACKSON,2025/02/26 14:13:32+00,NPJACKSON,2025/02/26 14:13:32+00,{2C2A9C76-86D3-487D-A289-58A44373569D},1710.84709559527
35668,PEACHTREE ST,7,District 7,PEACHTREE ST,Southview Ave,Thomas Ave,16131.02,160.03,20,822.78201296,0.15582993,Under Consideration,,,CANDIDATES,City,,3.54651163,NPJACKSON,2025/02/26 14:13:32+00,NPJACKSON,2025/02/26 14:13:32+00,{33E79C87-6D07-4020-8082-FD1B2EE75896},846.407363570778
35669,PEBBLEBROOK DR,3,District 3,PEBBLEBROOK DR,Dead End,Dead end off Conrad St,23519.66,233.33,30,800,0.15151515,Under Consideration,,,CANDIDATES,City,,3,NPJACKSON,2025/02/26 14:13:32+00,NPJACKSON,2025/02/26 14:13:32+00,{88C8A2A6-8E00-443E-9F02-1254CCF782A5},783.638632509428
35670,PHILLIP ST,4,District 4,PHILLIP ST,Roquemore St,Anthony St,56832.05,563.81,22,2636,0.49924242,Under Consideration,,,CANDIDATES,City,,2.86891386,NPJACKSON,2025/02/26 14:13:32+00,NPJACKSON,2025/02/26 14:13:32+00,{3F5F89F9-8DF4-42DD-BE00-28A36580CE66},2635.90831138706
35671,PICKETT ST,3,District 3,PICKETT ST,Michigan Ave,Lower Wetumpka Rd,56717.14,562.67,25,2315,0.43844697,Under Consideration,,,CANDIDATES,City,,3.82231405,NPJACKSON,2025/02/26 14:13:32+00,NPJACKSON,2025/02/26 14:13:32+00,{5CF32632-2EED-4BE7-AFB7-57298B5C5398},2315.68831381214
35672,PLEASANT AVE,7,District 7,PLEASANT AVE (1),W Jeff Davis Ave,End,9364.77696,130.24,34,394,0.07462121,Under Consideration,,,CANDIDATES,City,,3,NPJACKSON,2025/02/26 14:13:32+00,NPJACKSON,2025/02/26 14:13:32+00,{67CE590B-D148-4A01-8851-7B826C55350E},407.552234356342
35673,PLEASANT AVE,3,District 3,PLEASANT AVE (2),Mildred St,End,47181.46,468.07,34,1415.57917142,0.26810212,Under Consideration,,,CANDIDATES,City,,4.47368421,NPJACKSON,2025/02/26 14:13:32+00,NPJACKSON,2025/02/26 14:13:32+00,{701DAC27-EDA5-4885-8C02-BA4234A6BBE7},1021.08714497526
35674,PLYMOUTH ST,7,District 7,PLYMOUTH ST,Montezuma Rd,Norman Bridge Rd,23672.88,234.85,18,1341.82408511,0.25413335,Under Consideration,,,CANDIDATES,City,,3.90977444,NPJACKSON,2025/02/26 14:13:32+00,NPJACKSON,2025/02/26 14:13:32+00,{7AA59188-A908-4E3A-9DE6-7BEAD7AA7022},1341.82408511177
35675,PONCE DE LEON AVE,7,District 7,PONCE DE LEON AVE,Cloverdale Rd,Le Bron Ave,19551.17,193.96,30,664.77173854,0.12590374,Under Consideration,,,CANDIDATES,City,,4,NPJACKSON,2025/02/26 14:13:32+00,NPJACKSON,2025/02/26 14:13:32+00,{791EE1BE-56C6-4B54-BD00-294482DF3BB5},664.771738544733
35676,QUEBEC ST,4,District 4,QUEBEC ST,Holbrook Dr,Washington Ferry Rd,12348,122.5,18,700,0.13257576,Under Consideration,,,CANDIDATES,City,,3.27692308,NPJACKSON,2025/02/26 14:13:32+00,NPJACKSON,2025/02/26 14:13:32+00,{4352F2A8-A086-4475-A174-43395AF4F13C},678.368553368312
35677,RAMSEY RD,5,District 5,RAMSEY RD,Crawford St,End,15552.43,154.29,30,529,0.10018939,Under Consideration,,,CANDIDATES,City,,2.99,NPJACKSON,2025/02/26 14:13:32+00,NPJACKSON,2025/02/26 14:13:32+00,{2FA5892D-93CC-4732-B2BC-9AFF65055F83},529.063493752634
35678,RANDOLPH ST,3,District 3,RANDOLPH ST,Court St,Decatur St N,59064.77,585.96,35,1722,0.32613636,Under Consideration,,,CANDIDATES,City,,3.15283843,NPJACKSON,2025/02/26 14:13:32+00,NPJACKSON,2025/02/26 14:13:32+00,{A8D90C26-150D-498C-9D77-5F86EA600D9A},1944.7845022299
35679,REESE FERRY RD,4,District 4,REESE FERRY RD,Hwy 31,Second St,37767.74,374.68,18,2141,0.40549242,Under Consideration,,,CANDIDATES,City,,2.78761062,NPJACKSON,2025/02/26 14:13:32+00,NPJACKSON,2025/02/26 14:13:32+00,{33BBD37A-8310-48FC-A767-041190EB5F2A},1137.9685547987
35680,RICHMOND RD,7,District 7,RICHMOND RD,Edgemont Ave,Augusta Ave,23778.72,235.9,24,1011,0.19147727,Under Consideration,,,CANDIDATES,City,,3.11881188,NPJACKSON,2025/02/26 14:13:32+00,NPJACKSON,2025/02/26 14:13:32+00,{43AD0532-174C-434A-A268-05636AE443B0},1010.47255178076
35681,ROBINSON ST,4,District 4,ROBINSON ST,Oak St,Dickerson St,20387.81,202.26,28,743,0.1407197,Under Consideration,,,CANDIDATES,City,,3.16901408,NPJACKSON,2025/02/26 14:13:32+00,NPJACKSON,2025/02/26 14:13:32+00,{1B62FFCA-D301-488F-B07A-3C2FE3412267},742.828348268307
35682,ROLLING RD,7,District 7,ROLLING RD,Old Farm Rd,Lansdowne Dr,47233.87,468.59,29,1662,0.31477273,Under Consideration,,,CANDIDATES,City,,2.92261905,NPJACKSON,2025/02/26 14:13:32+00,NPJACKSON,2025/02/26 14:13:32+00,{FB3305CE-6B82-4635-8B56-EFCC43F291F1},1662.15685674101
35683,ROSA L PARKS AVE,4,District 4,ROSA L PARKS AVE,Collinwood Ave,S Blvd,35830.48224,498.31,35,1139,0.2157197,Under Consideration,,,CANDIDATES,City,,2.64,NPJACKSON,2025/02/26 14:13:32+00,NPJACKSON,2025/02/26 14:13:32+00,{B409427C-813D-4346-93C2-0916CDC57B73},913.825306446042
35684,ROSA L PARKS AVE,7,District 7,ROSA L PARKS AVE,Mildred St,W Jeff Davis Ave,37469.1744,521.1,24,1736.91414038,0.32896101,Under Consideration,,,CANDIDATES,City,,3.261111,NPJACKSON,2025/02/26 14:13:32+00,NPJACKSON,2025/02/26 14:13:32+00,{BDB2A910-7F66-44FB-842E-F60C98066551},1736.91414038177
35685,ROTARY ST,3,District 3,ROTARY ST,Brockway Dr,Lower Wetumpka Rd,43056.72,427.15,29,1515,0.28693182,Under Consideration,,,CANDIDATES,City,,2.93251534,NPJACKSON,2025/02/26 14:13:32+00,NPJACKSON,2025/02/26 14:13:32+00,{B453CD5E-2C37-4E8B-9CD7-0E61E6DBE2D8},1515.41795904173
35686,ROUNDTREE RD,4,District 4,ROUNDTREE RD,Rutland St,End,4821.26,47.83,30,164,0.03106061,Under Consideration,,,CANDIDATES,City,,2.87628866,NPJACKSON,2025/02/26 14:13:32+00,NPJACKSON,2025/02/26 14:13:32+00,{8922FFE1-7560-4FE7-A74E-4DB400A27C66},1130.39136565471
35687,ROYAL PARK ST,3,District 3,ROYAL PARK ST,Lower Wetumpka Rd,End,4250.24544,59.11,20,304,0.05757576,Under Consideration,,,CANDIDATES,City,,3.02702703,NPJACKSON,2025/02/26 14:13:32+00,NPJACKSON,2025/02/26 14:13:32+00,{7E97833D-D3C2-40F3-8919-7994FDA079F1},301.63643533717
35688,RUTLAND ST,4,District 4,RUTLAND ST,Mobile Dr,Roundtree Rd,16483.82,163.53,29,580,0.10984848,Under Consideration,,,CANDIDATES,City,,3.01724138,NPJACKSON,2025/02/26 14:13:32+00,NPJACKSON,2025/02/26 14:13:32+00,{C8BDCC71-DB08-44C2-8EAA-2B9A439C7073},579.838034797139
35689,S CAPITOL PKWY,3,District 3,S CAPITOL PKWY,Highland Ave,Plum St,5312.98656,73.89,20,379.80017808,0.07193185,Under Consideration,,,CANDIDATES,City,,3.17857143,NPJACKSON,2025/02/26 14:13:32+00,NPJACKSON,2025/02/26 14:13:32+00,{DFD9E84D-2FC0-4CCD-A578-3234A8C9A8BC},379.768579848401
35690,S COURT ST,3,District 3,S COURT ST,Felder Ave,Washington Ave,209689.56,2916,36,6480,1.23,Under Consideration,,,CANDIDATES,City,,4.16504854,NPJACKSON,2025/02/26 14:13:32+00,NPJACKSON,2025/02/26 14:13:32+00,{BFA3D979-0A99-491F-A8DD-CD6A41252A1C},6856.41951667146
35691,S COURT ST,7,District 7,S COURT ST,Felder Ave,E Fairview Ave,84134.7,1170,36,2600,0.49,Under Consideration,,,CANDIDATES,City,,3.397959,NPJACKSON,2025/02/26 14:13:32+00,NPJACKSON,2025/02/26 14:13:32+00,{E0952C0E-088C-40C6-B082-9D144D86BF87},1949.31773148184
35692,GREYHOUND ST,4,District 4,GREYHOUND ST (2),Day St,Winifred St,6474.23616,90.04,27,343,0.06496212,Under Consideration,,,CANDIDATES,City,,3,NPJACKSON,2025/02/26 14:13:32+00,NPJACKSON,2025/02/26 14:13:32+00,{A6348CDA-88F8-45D7-B114-9BFDCBA4D252},343.372838756593
35693,S HOLT ST,7,District 7,S HOLT ST,W Jeff Davis Ave,Day St,31562.97984,438.96,35,1289.76573159,0.24427381,Under Consideration,,,CANDIDATES,City,,3,NPJACKSON,2025/02/26 14:13:32+00,NPJACKSON,2025/02/26 14:13:32+00,{2660AA8A-E010-4373-B91F-1A51ED9D87D5},1289.7657315867
35694,S MADISON TER,3,District 3,S MADISON TER,Madison Ave,Mt. Meigs Rd,25166.4,350,30,787,0.23,Under Consideration,,,CANDIDATES,City,,3.10059172,NPJACKSON,2025/02/26 14:13:32+00,NPJACKSON,2025/02/26 14:13:32+00,{3B86897C-4F3F-47FF-9199-1CF58801E0DD},1545.26355353989
35695,SHADOW LN,7,District 7,SHADOW LN,Carter Hill Rd,Sylvan Dr,23137.63,229.54,30,786.50059425,0.14895845,Under Consideration,,,CANDIDATES,City,,2.84146341,NPJACKSON,2025/02/26 14:13:32+00,NPJACKSON,2025/02/26 14:13:32+00,{E3B9C681-4BA0-4A45-8DDE-A2BED22398E1},786.500594246984
35696,SHANNON HILL RD,3,District 3,SHANNON HILL RD,Dead End,Dead end off Empire Rd,15435.5,153.13,30,525,0.09943182,Under Consideration,,,CANDIDATES,City,,3,NPJACKSON,2025/02/26 14:13:32+00,NPJACKSON,2025/02/26 14:13:32+00,{6B72910C-A536-49DD-9781-B8E2484C0CC6},515.765594569145
35697,SILVER LN,7,District 7,SILVER LN,Croom Dr,Wentworth Dr,12730.03,126.29,30,433.19795739,0.08204507,Under Consideration,,,CANDIDATES,City,,3,NPJACKSON,2025/02/26 14:13:32+00,NPJACKSON,2025/02/26 14:13:32+00,{2B1B11B0-3F0C-49D6-9DE9-6274AC17C40F},433.197957387743
35698,SINGLETON ST,6,District 6,SINGLETON ST,Provost Ave,End,10339.08,143.79,29,510,0.1,Under Consideration,,,CANDIDATES,City,,3.76086957,NPJACKSON,2025/02/26 14:13:32+00,NPJACKSON,2025/02/26 14:13:32+00,{D8249CEC-20CD-43E1-85C6-0339F3300420},510.011016749595
35699,SOUTHMONT DR,7,District 7,SOUTHMONT DR,Patton Ave,Kelly Ln,13036.2,181.3,28,666,0.12613636,Under Consideration,,,CANDIDATES,City,,4.19402985,NPJACKSON,2025/02/26 14:13:32+00,NPJACKSON,2025/02/26 14:13:32+00,{8B47F965-A9D0-4B1C-BC7F-2DCBFED8E80D},666.04588737416
35700,ST CHARLES AVE,3,District 3,ST CHARLES AVE,Hopper St,Federal Dr,138050.64,1369.55,28,5031,0.95284091,Under Consideration,,,CANDIDATES,City,,3.91141732,NPJACKSON,2025/02/26 14:13:32+00,NPJACKSON,2025/02/26 14:13:32+00,{42CF3DCB-F1D3-4620-85DC-E3D0550E0973},4992.34119568587
35701,ST LOUIS RD,6,District 6,ST LOUIS RD,Virginia Loop Rd,Edge Hill Ln,34753.36,483.33,30,2175,0.41,Under Consideration,,,CANDIDATES,City,,3.4,NPJACKSON,2025/02/26 14:13:32+00,NPJACKSON,2025/02/26 14:13:32+00,{130B2D8A-1350-433B-BA97-331331215533},2131.75090043775
35702,STANLEY DR,7,District 7,STANLEY DR,Adrian Ln,Lynwood Dr,32569.49,323.11,29,1146,0.21704545,Under Consideration,,,CANDIDATES,City,,2.672,NPJACKSON,2025/02/26 14:13:32+00,NPJACKSON,2025/02/26 14:13:32+00,{79529772-F885-4E00-B180-CFF05AFB37B1},1146.15335371518
35703,STATE DOCK RD,3,District 3,STATE DOCK RD,Parallel St,End,98297.08224,1367.06,23,4755,0.90056818,Under Consideration,,,CANDIDATES,City,,3,NPJACKSON,2025/02/26 14:13:32+00,NPJACKSON,2025/02/26 14:13:32+00,{3FF1A154-B847-4D1F-9FEE-21D4D0323299},3372.24970245496
35704,STONEWOOD CT,9,District 9,STONEWOOD CT,Tudor Dr,End,7298.26,101.5,30,348,0.06590909,Under Consideration,,,CANDIDATES,City,City of Montgomery,2.72,NPJACKSON,2025/02/26 14:13:32+00,NPJACKSON,2025/02/26 14:13:32+00,{48E9F6E2-ADBB-4075-9FC3-891F6C0357D1},348.384084140465
35705,STONEWOOD DR,9,District 9,STONEWOOD DR,Tudor Dr,End,9039.05,125.71,30,431,0.08162879,Under Consideration,,,CANDIDATES,City,City of Montgomery,3.97435897,NPJACKSON,2025/02/26 14:13:32+00,NPJACKSON,2025/02/26 14:13:32+00,{22313C39-FEC9-4110-9C33-E3DDF72C178F},430.964975893529
35706,STRIBLING ST,3,District 3,STRIBLING ST,Dempsey St,End,7859.1072,109.3,22,511,0.0967803,Under Consideration,,,CANDIDATES,City,,3,NPJACKSON,2025/02/26 14:13:32+00,NPJACKSON,2025/02/26 14:13:32+00,{985D979A-7920-4C0F-9FC0-B26CE9CBF472},329.253428499583
35707,SUTTER ST,7,District 7,SUTTER ST,Holt St,End,6086.3,60.38,23,270.01065267,0.05113838,Under Consideration,,,CANDIDATES,City,,3,NPJACKSON,2025/02/26 14:13:32+00,NPJACKSON,2025/02/26 14:13:32+00,{A9843614-601C-4BAC-A6E3-412110467346},270.010652672836
35708,SYLVAN DR,7,District 7,SYLVAN DR,Carter Hill Rd,End,45011.23,446.54,30,1530.97861736,0.28995807,Under Consideration,,,CANDIDATES,City,,3.78709677,NPJACKSON,2025/02/26 14:13:32+00,NPJACKSON,2025/02/26 14:13:32+00,{DADBAC8B-8EC9-4A9F-92AE-0B97DBE64AEA},1530.97861735579
35709,TANDY DR,5,District 5,TANDY DR,E Trinity Blvd,End,28400.4,281.75,30,966,0.18295455,Under Consideration,,,CANDIDATES,City,,2.78,NPJACKSON,2025/02/26 14:13:32+00,NPJACKSON,2025/02/26 14:13:32+00,{DE40FF19-F9AA-4828-8C72-6815C3EFACB1},974.854042575086
35710,TANKERSLEY RD,5,District 5,TANKERSLEY RD,Leonidas Dr,Wentwoth Dr,29517.26,292.83,30,1004,0.19015152,Under Consideration,,,CANDIDATES,City,,2.7,NPJACKSON,2025/02/26 14:13:32+00,NPJACKSON,2025/02/26 14:13:32+00,{C4BBF07B-D4A4-4517-92CF-9664545BB812},1004.5378319956
35711,TODD RD,2,District 2,TODD RD,U.S. 231,E. Blvd.,170432.61312,2370.28,23,10600,2.00757576,Under Consideration,,,CANDIDATES,City,,3.03865717,NPJACKSON,2025/02/26 14:13:32+00,NPJACKSON,2025/02/26 14:13:32+00,{7E0340BC-A813-4DBA-A566-B68A375C8A0E},7868.85751375993
35712,TOLVERT ST,3,District 3,TOLVERT ST,Lower Wetumpka Rd,George Mull St,17860.75,177.19,27,675,0.12784091,Under Consideration,,,CANDIDATES,City,,4.09230769,NPJACKSON,2025/02/26 14:13:32+00,NPJACKSON,2025/02/26 14:13:32+00,{49D8129D-15FD-4441-A40E-B815CABF7D35},494.733337725771
35713,TRAFFIC OPERATIONS DR,3,District 3,TRAFFIC OPERATIONS DR,Fairground Rd,End,20090.45,199.31,25,819.55197332,0.15521818,Under Consideration,,,CANDIDATES,City,,4.20253165,NPJACKSON,2025/02/26 14:13:32+00,NPJACKSON,2025/02/26 14:13:32+00,{90972513-DEE5-49EA-8BEF-E8EF2118B817},3650.23992403015
35714,TROY ST,7,District 7,TROY ST,Rosa Parks Ave,Edgar D Nixon Ave,26030.69,362.02,29,1284.41054139,0.24325957,Under Consideration,,,CANDIDATES,City,,4,NPJACKSON,2025/02/26 14:13:32+00,NPJACKSON,2025/02/26 14:13:32+00,{A180A200-8C03-472B-8242-013E574F3F69},1297.72438214276
35715,TUDOR DR,9,District 9,TUDOR DR,Greenway Pl,Stonewood Dr,23173.94,322.29,30,1105,0.2092803,Under Consideration,,,CANDIDATES,City,City of Montgomery,2.88333333,NPJACKSON,2025/02/26 14:13:32+00,NPJACKSON,2025/02/26 14:13:32+00,{AEEE3FBB-FFD3-438C-8B3D-A37C814DD769},620.547797069882
35716,UNDERWOOD ST,7,District 7,UNDERWOOD ST,Holt St,End,32864.44,457.06,28,1679.37843846,0.3180641,Under Consideration,,,CANDIDATES,City,,3.69886364,NPJACKSON,2025/02/26 14:13:32+00,NPJACKSON,2025/02/26 14:13:32+00,{91C99A0E-372F-4F1E-A45A-79975451BBAE},1679.37843845791
35717,VANCE LN,7,District 7,VANCE LN,Noremac Rd,Karen Rd,16768.08,166.35,29,589.79284898,0.11170319,Under Consideration,,,CANDIDATES,City,,3.61016949,NPJACKSON,2025/02/26 14:13:32+00,NPJACKSON,2025/02/26 14:13:32+00,{BAE57B54-2086-4157-908E-A177F5C1F529},589.792848975804
35718,VELMA CIR,4,District 4,VELMA CIR,Hayneville Rd,End,67914,673.75,22,3150,0.59659091,Under Consideration,,,CANDIDATES,City,,2.36042403,NPJACKSON,2025/02/26 14:13:32+00,NPJACKSON,2025/02/26 14:13:32+00,{921E805A-B092-4E79-877A-F0228C254037},3571.71967089221
35719,VICTORY ST,4,District 4,VICTORY ST,Washington Ferry Rd,End,19109.66,189.58,30,650,0.12310606,Under Consideration,,,CANDIDATES,City,,3.82089552,NPJACKSON,2025/02/26 14:13:32+00,NPJACKSON,2025/02/26 14:13:32+00,{DBB73FEB-57EC-45C2-B6CC-1E05F6EF4AB9},697.460834436201
35720,VIRGINIA AVE,7,District 7,VIRGINIA AVE,Jeff Davis Ave,End,13261.25,131.56,34,398,0.07537879,Under Consideration,,,CANDIDATES,City,,3,NPJACKSON,2025/02/26 14:13:32+00,NPJACKSON,2025/02/26 14:13:32+00,{EA677441-E391-4D5E-B3DC-8EFFF3EA1EFE},397.721992317677
35721,VIRGINIA LOOP RD,6,District 6,VIRGINIA LOOP RD,Monterey Dr,Troy Hwy,409655.064,5697.25,65,7012,1.3280303,Under Consideration,,,CANDIDATES,City,,2.575025,NPJACKSON,2025/02/26 14:13:32+00,NPJACKSON,2025/02/26 14:13:32+00,{6CF85A49-3668-45DE-A1A4-0D8A81A93748},6849.64752567973
35722,W CANYON CT,2,District 2,W CANYON CT,N Gap Loop,End,12042.48192,167.48,29,594,0.1125,Under Consideration,,,CANDIDATES,City,,3,NPJACKSON,2025/02/26 14:13:32+00,NPJACKSON,2025/02/26 14:13:32+00,{A2E68FA0-8755-419E-9BE8-80464F1C6B3F},594.374436301326
35723,W CLOVER LN,4,District 4,W CLOVER LN,Court St,Court St,24495.53568,340.67,24,1460,0.27651515,Under Consideration,,,CANDIDATES,City,,3.26811594,NPJACKSON,2025/02/26 14:13:32+00,NPJACKSON,2025/02/26 14:13:32+00,{D03804D6-D48D-4CDE-9EE7-5A033BB87DF9},1459.57047909967
35724,W DELANO AVE,4,District 4,W DELANO AVE,Court St,Edgar D. Nixon Ave,24955.72128,347.07,29,1231,0.23314394,Under Consideration,,,CANDIDATES,City,,2.94814815,NPJACKSON,2025/02/26 14:13:32+00,NPJACKSON,2025/02/26 14:13:32+00,{D664734C-136F-4085-A6A1-ECDD13C11DA1},1230.64918892344
35725,W FLEMING RD,4,District 4,W FLEMING RD,Rosa L. Parks,End,55384.056,770.25,24,2568,0.48636364,Under Consideration,,,CANDIDATES,City,,2.90588235,NPJACKSON,2025/02/26 14:13:32+00,NPJACKSON,2025/02/26 14:13:32+00,{F8BE95BD-1F7A-413B-BFE7-718A5787BFC6},4718.36614474552
35726,W JEFF DAVIS AVE,7,District 7,W JEFF DAVIS AVE,Holcombe St,Holt St,74402.664,1034.75,39,2729.44411733,0.51694017,Under Consideration,,,CANDIDATES,City,,3.260341,NPJACKSON,2025/02/26 14:13:32+00,NPJACKSON,2025/02/26 14:13:32+00,{1B12A476-0C53-482C-A380-6DC20CA2A957},2729.39683175597
35727,W SECOND ST,7,District 7,W SECOND ST,Forest Ave,Mulberry St,22370.05344,311.11,32,999.58815744,0.18931594,Under Consideration,,,CANDIDATES,City,,2.98198198,NPJACKSON,2025/02/26 14:13:32+00,NPJACKSON,2025/02/26 14:13:32+00,{57C10A6B-879C-42A0-AE22-8665C4DFAACA},999.588157444597
35728,W SOUTH ST,3,District 3,W SOUTH ST,S Court St,Sayre St,11096.22528,154.32,33,480.75307806,0.09105172,Under Consideration,,,CANDIDATES,City,,3,NPJACKSON,2025/02/26 14:13:32+00,NPJACKSON,2025/02/26 14:13:32+00,{5B1BC645-DF7E-4522-A894-27875957297D},480.752635760235
35729,W SOUTHMONT DR,4,District 4,W SOUTHMONT DR,Court St,Court St,22859.71968,317.92,25,1308,0.24772727,Under Consideration,,,CANDIDATES,City,,4.09160305,NPJACKSON,2025/02/26 14:13:32+00,NPJACKSON,2025/02/26 14:13:32+00,{1E9E73C3-3915-4787-AE9B-D12F75C0ECC1},1307.65537538779
35730,WADE ST,7,District 7,WADE ST,Rosa L Parks Ave,E D Nixon Ave,40297.82,399.78,32,1285,0.24337121,Under Consideration,,,CANDIDATES,City,,3.64935065,NPJACKSON,2025/02/26 14:13:32+00,NPJACKSON,2025/02/26 14:13:32+00,{140FC450-DFB9-4085-8968-85DD2AD2DB0D},1278.13508105515
35731,WASHINGTON FERRY RD,4,District 4,WASHINGTON FERRY RD,Hunter Loop Rd,End (225),128132.928,1782,18,7920,1.5,Under Consideration,,,CANDIDATES,City,,2.49024597,NPJACKSON,2025/02/26 14:13:32+00,NPJACKSON,2025/02/26 14:13:32+00,{D9217C47-9019-4B95-A81D-C15D1AC33552},7449.47669116544
35732,WAVERLY DR,5,District 5,WAVERLY DR,Hermitage Dr,Woodley Rd,26871.26,266.58,30,914,0.17310606,Under Consideration,,,CANDIDATES,City,,2.78,NPJACKSON,2025/02/26 14:13:32+00,NPJACKSON,2025/02/26 14:13:32+00,{F7481A67-7C15-435F-BB04-95C1334D4FB9},914.162394740317
35733,WD HARRIS RD,4,District 4,WD HARRIS RD,L H Hamilton Rd,End,58212,577.5,22,2700,0.51136364,Under Consideration,,,CANDIDATES,City,,3.7752809,NPJACKSON,2025/02/26 14:13:32+00,NPJACKSON,2025/02/26 14:13:32+00,{E2F154F6-4CAA-4E5A-A076-A41A6B1CB88A},2630.16927066096
35734,WEDGEWOOD DR,7,District 7,WEDGEWOOD DR (1),Audubon Ave,Thomas Ave,41000.38,570.21,30,1955.43668483,0.37034786,Under Consideration,,,CANDIDATES,City,,3.9488189,NPJACKSON,2025/02/26 14:13:32+00,NPJACKSON,2025/02/26 14:13:32+00,{2A5D6586-F427-4559-9662-874129DF1638},1066.0746013231
35735,WENTWORTH DR,7,District 7,WENTWORTH DR,Gatsby Ln,Lancaster Ln,28047.6,278.25,29,953.95635322,0.18067355,Under Consideration,,,CANDIDATES,City,,3.44329897,NPJACKSON,2025/02/26 14:13:32+00,NPJACKSON,2025/02/26 14:13:32+00,{F3EC8735-F12A-455D-8C78-9A2598F623E6},953.956353219294
35736,WESTMORELAND AVE,7,District 7,WESTMORELAND AVE,College St,Boultier St,47451.6,470.75,29,1614,0.30568182,Under Consideration,,,CANDIDATES,City,,3.14375,NPJACKSON,2025/02/26 14:13:32+00,NPJACKSON,2025/02/26 14:13:32+00,{00B34DC7-D809-49FF-ABDE-9B7164C6C64E},1613.79296719345
35737,WILLENA AVE,3,District 3,WILLENA AVE,Gibson St,Harmon St,85146.56,1184.17,29,4200,0.8,Under Consideration,,,CANDIDATES,City,,3.27249357,NPJACKSON,2025/02/26 14:13:32+00,NPJACKSON,2025/02/26 14:13:32+00,{FA3384C7-AAF0-4C61-8EDC-B6F62617FC99},3905.34185370694
35738,WILMINGTON RD,7,District 7,WILMINGTON RD (1),Edgemont Ave,Ogden Ave,58578.91,581.14,26,2299.44935409,0.43550177,Under Consideration,,,CANDIDATES,City,,3.229167,NPJACKSON,2025/02/26 14:13:32+00,NPJACKSON,2025/02/26 14:13:32+00,{AC188911-C79B-49E6-A1BE-C505FB637293},1334.52109184706
35739,WILMINGTON RD,7,District 7,WILMINGTON RD (2),Fairview Ave,Mt Vernon Rd,17448.94368,242.67,26,960,0.18181818,Under Consideration,,,CANDIDATES,City,,3.06716418,NPJACKSON,2025/02/26 14:13:32+00,NPJACKSON,2025/02/26 14:13:32+00,{DE3636D4-0924-4B83-BC75-048202F0B4F8},964.928262244183
35740,WILSON ST,3,District 3,WILSON ST,Court St,Sayre St,15147.22,150.27,32,483.21658429,0.09151829,Under Consideration,,,CANDIDATES,City,,3.41666667,NPJACKSON,2025/02/26 14:13:32+00,NPJACKSON,2025/02/26 14:13:32+00,{2789C8D0-CAD1-4ACA-AEA9-49EE91D3D1E0},483.200076671838
35741,WOODRUN CT,9,District 9,WOODRUN CT,Woodrun Dr,End,6543.26,91,30,312,0.05909091,Under Consideration,,,CANDIDATES,City,,3,NPJACKSON,2025/02/26 14:13:32+00,NPJACKSON,2025/02/26 14:13:32+00,{77BD59B1-E7E5-4215-A98B-22274610BDF4},311.897952721818
35742,WOODRUN DR,9,District 9,WOODRUN DR,Woodmere Loop,Woodmere Loop,12436.52,172.96,30,593,0.11231061,Under Consideration,,,CANDIDATES,City,City of Montgomery,2.92920354,NPJACKSON,2025/02/26 14:13:32+00,NPJACKSON,2025/02/26 14:13:32+00,{5AFAE7D1-839E-4B51-B089-7B089DE035C0},866.890391493185
35743,WOODWARD AVE,7,District 7,WOODWARD AVE,College St,Cloverdale Park W,25947.94,257.42,29,912.67121689,0.1728544,Under Consideration,,,CANDIDATES,City,,3.08205128,NPJACKSON,2025/02/26 14:13:32+00,NPJACKSON,2025/02/26 14:13:32+00,{851A8BCF-9584-4A8D-B148-BAAB5562C6C8},1947.33018190548
35744,FELDER RD,4,District 4,FELDER RD,City Limit,City Limit,83523.6864,1161.6,22,4224,0.8,Under Consideration,,,CANDIDATES,City,,3,NPJACKSON,2025/02/26 14:13:32+00,NPJACKSON,2025/02/26 14:13:32+00,{D3A740BB-DF35-4811-AC16-9921FD8769F0},4126.56120484762
35745,FELDER TER,7,District 7,FELDER TER,Felder Ave,Carter Hill Rd,11669.62,115.77,26,458,0.08674242,Under Consideration,,,CANDIDATES,City,,3.70833333,NPJACKSON,2025/02/26 14:13:32+00,NPJACKSON,2025/02/26 14:13:32+00,{DC73D873-78CE-46A8-BE73-0E6752F86DDC},916.780797884241
35746,S HIGHLAND CT,7,District 7,S HIGHLAND CT,S Hull St,End,8240.91744,114.61,28,421,0.07973485,Under Consideration,,,CANDIDATES,City,,3,NPJACKSON,2025/02/26 14:13:32+00,NPJACKSON,2025/02/26 14:13:32+00,{0BA022CB-7090-4086-8B73-EB275BBF398A},420.541920383132
35747,WHITMAN ST,3,District 3,WHITMAN ST,Herron St,Maxwell Blvd,29948.69,297.11,40,764,0.14469697,Under Consideration,,,CANDIDATES,City,,3,NPJACKSON,2025/02/26 14:13:32+00,NPJACKSON,2025/02/26 14:13:32+00,{E244053D-474F-4A46-B3EC-1D0A626C4604},763.746544220969
35748,FERNWAY DR,5,District 5,FERNWAY DR,Lansdowne Dr,Fieldcrest Dr,47921.14,666.46,30,2285,0.43276515,Under Consideration,,,CANDIDATES,City,,3,NPJACKSON,2025/02/26 14:13:32+00,NPJACKSON,2025/02/26 14:13:32+00,{3334FCFC-2D5D-4EEA-B442-94DC0413A434},2285.01177829508
35749,HORSESHOE CIR,8,District 8,HORSESHOE CIR,Oak Shadow Ln,Carriage Oaks Dr,25333.94,352.33,30,1208,0.23,Under Consideration,,,CANDIDATES,City,,3.1,NPJACKSON,2025/02/26 14:13:32+00,NPJACKSON,2025/02/26 14:13:32+00,{4397CE38-B19A-4B33-8C27-ED5BD961B1B8},1374.99184709966
35750,OAK SHADOW LN,8,District 8,OAK SHADOW LN,Wickham Rd,End,65018.63,904.17,30,3100,0.59,Under Consideration,,,CANDIDATES,City,City of Montgomery,3.4,NPJACKSON,2025/02/26 14:13:32+00,NPJACKSON,2025/02/26 14:13:32+00,{B959BC19-0854-4C8B-8B93-A00E2606C6CD},2977.37439204988
35751,ROYAL CARRIAGE DR,8,District 8,ROYAL CARRIAGE DR,Covered Bridge Dr,Country Church Rd,24914.74,346.5,30,1188,0.23,Under Consideration,,,CANDIDATES,City,,3.39,NPJACKSON,2025/02/26 14:13:32+00,NPJACKSON,2025/02/26 14:13:32+00,{DCABED22-38F7-42B6-BC5A-D70FF1E59C44},1188.63478830499
35752,WORCHESTER CT,8,District 8,WORCHESTER CT,Worchester Dr,End,13261.25,184.43,70,271,0.05,Under Consideration,,,CANDIDATES,City,,3,NPJACKSON,2025/02/26 14:13:32+00,NPJACKSON,2025/02/26 14:13:32+00,{91269278-94FA-4569-B93B-EF9ED01A9D29},270.858858108151
35753,S CAPITOL PKWY,3,District 3,S CAPITOL PKWY,Mt. Meigs Rd,Highland Ave,22514.63,393.75,30,1575,0.3,Under Consideration,,,CANDIDATES,Utility,City of Montgomery,3.17857143,NPJACKSON,2025/02/26 14:13:32+00,NPJACKSON,2025/02/26 14:13:32+00,{B0825162-D09B-40F8-8897-673C02B360E2},1274.40163954906
35754,N DECATUR ST,3,District 3,N DECATUR ST,Monroe St,Dexter Ave,11029.4,153.38,34,406,0.08,Under Consideration,,,CANDIDATES,Utility,City of Montgomery,0,NPJACKSON,2025/02/26 14:13:32+00,NPJACKSON,2025/02/26 14:13:32+00,{205F103B-6BC1-425A-B483-F141B423AADB},446.356417768764
35755,N HULL ST,3,District 3,N HULL ST,Monroe St,Dexter Ave,14382,200,45,400,0.08,Under Consideration,,,CANDIDATES,Utility,City of Montgomery,4.19863014,NPJACKSON,2025/02/26 14:13:32+00,NPJACKSON,2025/02/26 14:13:32+00,{CDAF98B1-7FA8-4C91-9ACA-E42D2552646A},445.425927954833
35756,N LAWRENCE ST,3,District 3,N LAWRENCE ST,Madison Ave,Dexter Ave,30146.27,419.22,49,770,0.15,Under Consideration,,,CANDIDATES,Utility,City of Montgomery,2.65185185,NPJACKSON,2025/02/26 14:13:32+00,NPJACKSON,2025/02/26 14:13:32+00,{DDB59D9A-8243-4AEF-87EE-EEE06CC0B0D3},865.995994965498
35757,N LAWRENCE ST,3,District 3,N LAWRENCE ST,Randolph St,Pollard St,11186,155.56,40,350,0.07,Under Consideration,,,CANDIDATES,Utility,City of Montgomery,2.65185185,NPJACKSON,2025/02/26 14:13:32+00,NPJACKSON,2025/02/26 14:13:32+00,{72C8C0BE-E7FE-4A5F-B3B7-75FFBF5524B3},360.859037128862
35758,N MCDONOUGH ST,3,District 3,N MCDONOUGH ST,Monroe St,Dexter Ave,12784,177.78,40,400,0.08,Under Consideration,,,CANDIDATES,Utility,City of Montgomery,2.57582418,NPJACKSON,2025/02/26 14:13:32+00,NPJACKSON,2025/02/26 14:13:32+00,{3C1511B9-75D9-42ED-816D-681D183DF0AF},440.938941925008
35759,S PERRY ST,3,District 3,S PERRY ST,Adams Ave,Dexter Ave,30901.33,429.72,52,850,0.16,Under Consideration,,,CANDIDATES,Utility,City of Montgomery,0,NPJACKSON,2025/02/26 14:13:32+00,NPJACKSON,2025/02/26 14:13:32+00,{64B74352-E4D3-4AAF-86F4-152360D9317D},848.831945642472
35760,N PERRY ST,3,District 3,N PERRY ST,Monroe St,Dexter Ave,18696.6,260.02,52,450,0.09,Under Consideration,,,CANDIDATES,Utility,City of Montgomery,3.7,NPJACKSON,2025/02/26 14:13:32+00,NPJACKSON,2025/02/26 14:13:32+00,{C1950C87-8080-40DB-BA18-895A4DDF44F4},443.295286319504
35761,N UNION ST,3,District 3,N UNION ST,Madison Ave,Washington Ave,52214.65,726.11,50,1307,0.25,Under Consideration,,,CANDIDATES,Utility,City of Montgomery,0,NPJACKSON,2025/02/26 14:13:32+00,NPJACKSON,2025/02/26 14:13:32+00,{84808282-AA11-414B-9678-37C28172DAF3},1310.32477287859
35762,WASHINGTON AVE,3,District 3,WASHINGTON AVE (2),S McDonough St,S Decatur St,38352,533.33,60,800,0.15,Under Consideration,,,CANDIDATES,Utility,City of Montgomery,0,NPJACKSON,2025/02/26 14:13:32+00,NPJACKSON,2025/02/26 14:13:32+00,{9F56536F-6BA2-4026-95D7-7F2EE88BD63B},755.132509967053
35763,ZELDA RD,7,District 7,ZELDA RD,Ann St,Vaughn Rd,652000,7800,75,5966,1.13,Under Consideration,,,CANDIDATES,Federal,,0,NPJACKSON,2025/02/26 14:13:32+00,NPJACKSON,2025/02/26 14:13:32+00,{F8F05B6C-8110-453D-9B39-FC1EDE1BC987},5917.29337433542
35764,WEDGEWOOD DR,7,District 7,WEDGEWOOD DR (2),Southview Ave,Narrow Lane Rd,18198.43,180.54,30,619,0.11723485,Under Consideration,,,CANDIDATES,City,,3,NPJACKSON,2025/02/26 14:13:32+00,NPJACKSON,2025/02/26 14:13:32+00,{8C70910E-C56D-4237-8C0A-489D36295FC7},619.195673607832
35765,DEXTER AVE,3,District 3,DEXTER AVE,S Perry St,N Lawrence St,9195.6,127.89,16,204,0.04,Under Consideration,,,CANDIDATES,Utility,City of Montgomery,0,NPJACKSON,2025/02/26 14:13:32+00,NPJACKSON,2025/02/26 14:13:32+00,{633D43AC-3963-4665-A62B-DF2036EB8C72},384.13942863923
35766,BROOKLAND CURV,2,District 2,BROOKLAND CURV,Valleybrook Ln,Sycamore Dr,19252.296,267.75,30,918,0.17386364,Under Consideration,,,CANDIDATES,City,,3,NPJACKSON,2025/02/26 14:13:32+00,NPJACKSON,2025/02/26 14:13:32+00,{124CC8D5-6BA9-4480-9F0A-6E46E591169C},784.389944450981
35767,GLEN GRATTAN,7,District 7,GLEN GRATTAN,Thomas Ave,Southview Ave,18454.88064,256.66,32,825,0.15625,Under Consideration,,,CANDIDATES,City,,3,NPJACKSON,2025/02/26 14:13:32+00,NPJACKSON,2025/02/26 14:13:32+00,{C757F3B4-5461-4432-B075-2DF5F6A3AFFF},825.275492239314
35768,LAFAYETTE ST,3,District 3,LAFAYETTE ST,W Railroad St,Francis St,58721.84,816.67,27,2450,0.46,Under Consideration,,,CANDIDATES,Utility,Alexander Sealcoating,0,NPJACKSON,2025/02/26 14:13:32+00,NPJACKSON,2025/02/26 14:13:32+00,{D2EEAF0A-4358-4F7E-8D4B-422D54F92D81},2318.19139941092
35769,WALKER ST,3,District 3,WALKER ST,Francis St,Shady St,20013.04,278.33,27,835,0.16,Under Consideration,,,CANDIDATES,Utility,Alexander Sealcoating,0,NPJACKSON,2025/02/26 14:13:32+00,NPJACKSON,2025/02/26 14:13:32+00,{4C5C9F35-E5C4-4B77-8AF4-CD6FFC047AC8},692.837773001481
35770,ADAMS AVE,3,District 3,ADAMS AVE,S McDonough St,S Union St,104180.26,724.44,40,1630,0.31,Under Consideration,,,CANDIDATES,Utility,,0,NPJACKSON,2025/02/26 14:13:32+00,NPJACKSON,2025/02/26 14:13:32+00,{01C0C3BA-B275-4209-867C-CE319D91F2CC},1617.6811169262
35771,WATER ST,3,District 3,WATER ST,Molton St,Commerce St,28972.35,229.17,25,825,0.16,Under Consideration,,,CANDIDATES,Utility,,0,NPJACKSON,2025/02/26 14:13:32+00,NPJACKSON,2025/02/26 14:13:32+00,{7CA488A3-AAB5-46F7-8435-A7D56C6E9614},793.117900382894
35772,COMMERCE ST,3,District 3,COMMERCE ST,Tallapoosa St,End,22514.63,205.56,37,500,0.09,Under Consideration,,,CANDIDATES,Utility,,0,NPJACKSON,2025/02/26 14:13:32+00,NPJACKSON,2025/02/26 14:13:32+00,{43165A60-4B54-4388-875C-98FCF24E7707},1013.81248127341
35773,PAMPAS CT,9,District 9,PAMPAS CT,Pampas Dr,End,7789.36,108.33,30,325,0.07,Under Consideration,,,CANDIDATES,City,City of Montgomery,2.824,NPJACKSON,2025/02/26 14:13:32+00,NPJACKSON,2025/02/26 14:13:32+00,{9BECB3F5-B594-436D-8912-23185E97396D},178.806196861555
35774,AUDUBON RD,7,District 7,AUDUBON RD (3),E Edgemont Ave,End,13994.06,138.83,21,680,0.13,Under Consideration,,,CANDIDATES,City,,2.789,NPJACKSON,2025/02/26 14:13:32+00,NPJACKSON,2025/02/26 14:13:32+00,{ABEFF10A-1C21-4431-A33E-F79BF7F667FB},679.620559383079
35775,N JACKSON ST,3,District 3,N JACKSON ST,Monroe St,Columbus St,46022.4,640,50,1152,0.22,Under Consideration,,,CANDIDATES,City,,3.238,NPJACKSON,2025/02/26 14:13:32+00,NPJACKSON,2025/02/26 14:13:32+00,{B4AB6CE1-B403-44AF-9539-D85EFFFFA964},1153.01552342672
35776,COUNCIL ST,4,District 4,COUNCIL ST,Shreve St,Jordan St,4958.35,49.19,22,230,0.04,Under Consideration,,,CANDIDATES,City,,3.231,NPJACKSON,2025/02/26 14:13:32+00,NPJACKSON,2025/02/26 14:13:32+00,{4BF9B7CB-61A2-467A-8E61-98764D575088},291.564015539687
35777,DAVIS RD,4,District 4,DAVIS RD,Old Selma Rd,End,14014.22,139.03,22,650,0.12,Under Consideration,,,CANDIDATES,City,,0,NPJACKSON,2025/02/26 14:13:32+00,NPJACKSON,2025/02/26 14:13:32+00,{EC01CF49-8E29-4DD9-8D60-B03C42D66B91},643.358331592982
35778,PALMETTO ST,3,District 3,PALMETTO ST,Anderson St,S CAPITOL PKWY,22817.29632,317.33,30,365,0.20606061,Under Consideration,,,CANDIDATES,City,,3.47457627,NPJACKSON,2025/02/26 14:13:32+00,NPJACKSON,2025/02/26 14:13:32+00,{C9C09D58-0F01-4BC5-AF3C-211C635E8D35},365.56833990518
35779,FOLMAR PKWY,4,District 4,FOLMAR PKWY,MOBILE HWY,Railroad Crossing,129689.59,1811.25,38,3750,0.71,Under Consideration,,,CANDIDATES,City,,0,NPJACKSON,2025/02/26 14:13:32+00,NPJACKSON,2025/02/26 14:13:32+00,{D7C1A809-7045-41A0-A2F4-4295D7D4BA6C},3549.03789735806
35780,COUNTY CT,4,District 4,COUNTY CT,FOLMAR PKWY,END,60841.79,851.25,38,1750,0.34,Under Consideration,,,CANDIDATES,City,,2.695,NPJACKSON,2025/02/26 14:13:32+00,NPJACKSON,2025/02/26 14:13:32+00,{5EC0AB1F-D27E-402F-9716-40021BB7CC80},1374.22899227692
35781,WOODMERE PARK PARKING LOT,9,District 9,WOODMERE PARK PARKING LOT,WOODMERE PARK,WOODMERE PARK,7558.54,,,415,0.078,Under Consideration,,,CANDIDATES,City,,0,NPJACKSON,2025/02/26 14:13:32+00,NPJACKSON,2025/02/26 14:13:32+00,{4CADED3C-D58B-40A8-9EF3-90DFF556979B},415.000027858752
35782,HIGHLAND GARDEN PARKING LOT,3,District 3,HIGHLAND GARDEN PARKING LOT,HIGHLAND GARDEN,HIGHLAND GARDEN,36224.66,,,240,0.047,Under Consideration,,,CANDIDATES,City,,0,NPJACKSON,2025/02/26 14:13:32+00,NPJACKSON,2025/02/26 14:13:32+00,{8EFF25FE-7B87-4A6A-BBC1-9924EE446BA2},249.999724854093
35783,HAYNEVILLE ROAD PARK PARKING LOT,4,District 4,HAYNEVILLE ROAD PARK PARKING LOT,HAYNEVILLE ROAD PARK,HAYNEVILLE ROAD PARK,25101.08,,,500,0.094,Under Consideration,,,CANDIDATES,City,,0,NPJACKSON,2025/02/26 14:13:32+00,NPJACKSON,2025/02/26 14:13:32+00,{65787080-6C8D-49DE-AADF-429A494A8D85},508.562369467054
35784,REGENCY PARK PARKING LOT,6,District 6,REGENCY PARK PARKING LOT,REGENCY PARK,REGENCY PARK,30917.19,,,500,0.094,Under Consideration,,,CANDIDATES,City,,0,NPJACKSON,2025/02/26 14:13:32+00,NPJACKSON,2025/02/26 14:13:32+00,{37C818AB-C912-4611-BF5C-360901E93BE7},508.574264737851
35785,BUDDY WATSON PARK PARKING LOT,9,District 9,BUDDY WATSON PARK PARKING LOT,BUDDY WATSON PARK,BUDDY WATSON PARK,81717.73,,,870,0.164,Under Consideration,,,CANDIDATES,City,,0,NPJACKSON,2025/02/26 14:13:32+00,NPJACKSON,2025/02/26 14:13:32+00,{1895F7CF-1FF3-4588-B942-391A31ECC52D},869.360347673747
35786,PETER CRUMP PARK PARKING LOT,6,District 6,PETER CRUMP PARK PARKING LOT,PETER CRUMP PARK,PETER CRUMP PARK,23730.3,,,200,0.037,Under Consideration,,,CANDIDATES,City,,0,NPJACKSON,2025/02/26 14:13:32+00,NPJACKSON,2025/02/26 14:13:32+00,{2A69A313-A238-4F8B-93AD-9786855A0793},199.999806311621
35787,CAPITOL HEIGHTS PARKING LOT,2,District 2,CAPITOL HEIGHTS PARKING LOT,CAPITOL HEIGHTS,CAPITOL HEIGHTS,52734,,,190,0.035,Under Consideration,,,CANDIDATES,City,,3,NPJACKSON,2025/02/26 14:13:32+00,NPJACKSON,2025/02/26 14:13:32+00,{4B52B5A1-4668-495C-AD83-C3AAC9748948},190.000133422077
35788,GATEWAY PARK PARKING LOT,4,District 4,GATEWAY PARK PARKING LOT,GATEWAY PARK,GATEWAY PARK,74147.2,,,720,0.136,Under Consideration,,,CANDIDATES,City,,0,NPJACKSON,2025/02/26 14:13:32+00,NPJACKSON,2025/02/26 14:13:32+00,{425B6360-7D43-4699-9A75-4511195AE946},719.133162843916
35789,BOWEN DR,5,District 5,BOWEN DR,WILEY RD,LEONIDAS DR,25024.68,348,27,1160,0.22,Under Consideration,,,CANDIDATES,City,,2.772,NPJACKSON,2025/02/26 14:13:32+00,NPJACKSON,2025/02/26 14:13:32+00,{334A3768-9835-496C-9AFA-8F64AF541106},1613.19593403146
35790,MCGEHEE RD,5,District 5,MCGEHEE RD,EASTERN BLVD SER RD,EASTERN BLVD,35056.13,487.5,52,750,0.14,Under Consideration,,,CANDIDATES,City,City of Montgomery,2.95,NPJACKSON,2025/02/26 14:13:32+00,NPJACKSON,2025/02/26 14:13:32+00,{13E993E7-B6B3-4E82-BFEE-275CD8CE8EB9},757.399168547465
35791,JACKSON FERRY RD,3,District 3,JACKSON FERRY RD 2,N COURT ST,NORTHERN BLVD,100853.78,1402.5,33,3400,0.64,Under Consideration,,,CANDIDATES,City,,2.393,NPJACKSON,2025/02/26 14:13:32+00,NPJACKSON,2025/02/26 14:13:32+00,{7CDC56B6-B7AF-4683-B3F6-C49D1C7E1E18},3347.36230227849
35792,HAMPTON ST,3,District 3,HAMPTON ST,PINE ST,HOLLY ST,10786.5,150.01,28,475.2,0.09,Under Consideration,,,CANDIDATES,City,,3.694,NPJACKSON,2025/02/26 14:13:32+00,NPJACKSON,2025/02/26 14:13:32+00,{1DF7780E-3573-412E-98F9-3FB9048AC515},364.347521514507
35793,W FLEMING RD,4,District 4,W FLEMING RD,Rosa L Parks Ave,S Court St,55384.06,757.5,24,2525,0.48,Under Consideration,,,CANDIDATES,City,,3,NPJACKSON,2025/02/26 14:13:32+00,NPJACKSON,2025/02/26 14:13:32+00,{BC786795-92F9-4CB1-BF41-4009B87CC4FF},2545.43407990064
35794,GREEN RIDGE RD,1,District 1,GREEN RIDGE RD,Harrison Rd,Madolyn Ln,41797.69,,30,1482.80885891,0.28083501,Under Consideration,,,CANDIDATES,City,,3.647,NPJACKSON,2025/02/26 14:13:32+00,NPJACKSON,2025/02/26 14:13:32+00,{FFB430E4-34F2-4C74-A801-E0E060739DAD},1482.80885890452
35795,SEMINOLE DR,1,District 1,SEMINOLE DR,Atlanta Hwy,Tecumseh Dr,40449.38,,30,1460.13413459,0.28,Under Consideration,,,CANDIDATES,City,,3.511,NPJACKSON,2025/02/26 14:13:32+00,NPJACKSON,2025/02/26 14:13:32+00,{867067B5-9415-4C3C-B12F-769F44E5C696},1460.13413459619
35796,PALMETTO ST,3,District 3,PALMETTO ST,Anderson St,Boyce St,31986.86,317.33,30,1088,0.21,Under Consideration,,,CANDIDATES,City,,1.36,NPJACKSON,2025/02/26 14:13:32+00,NPJACKSON,2025/02/26 14:13:32+00,{D748BFEB-9967-44D6-8585-D03626B9FEE3},1087.67454737051
35797,CHERRY ST,3,District 3,CHERRY ST,Charles St,Buford St,32727.04,455.1,32,1280,0.24,Under Consideration,,,CANDIDATES,City,,2.64,NPJACKSON,2025/02/26 14:13:32+00,NPJACKSON,2025/02/26 14:13:32+00,{2B030C9A-DF8E-436B-B95C-E88F72252246},1269.36940464586
35798,BECK CLOSE,5,District 5,BECK CLOSE,Corwin Dr,End,9798.75,,32,171.79902332,0.03253769,Under Consideration,,,CANDIDATES,City,,3.25,NPJACKSON,2025/02/26 14:13:32+00,NPJACKSON,2025/02/26 14:13:32+00,{C8652430-F2FA-4126-8EF2-F0C4EF9DF13D},171.799023327588
35799,CAPSTONE DR,5,District 5,CAPSTONE DR,Corwin Dr,End,7537.5,,32,272.33355218,0.05157832,Under Consideration,,,CANDIDATES,City,,3,NPJACKSON,2025/02/26 14:13:32+00,NPJACKSON,2025/02/26 14:13:32+00,{CF7674BB-2723-45B0-B85B-5B595C6AE06F},272.333552187119
35800,EVERGREEN HILL,5,District 5,EVERGREEN HILL,Corwin Dr,End,16582.5,,32,354.5455666,0.06714878,Under Consideration,,,CANDIDATES,City,,3,NPJACKSON,2025/02/26 14:13:32+00,NPJACKSON,2025/02/26 14:13:32+00,{7C72C2A7-DDB5-4D4B-AC9B-B66E9C744531},354.545566605797
35801,COUNTRYSIDE LN,2,District 2,COUNTRYSIDE LN,Wares Ferry Rd,Bridge,25000,,34,713.72292993,0.1351748,Under Consideration,,,CANDIDATES,City,,3.116,NPJACKSON,2025/02/26 14:13:32+00,NPJACKSON,2025/02/26 14:13:32+00,{3BFAD340-DA70-4B7D-9B1C-0F5A626D6571},713.72292992659
35802,DUNCAN DR,4,District 4,DUNCAN DR,Rosa L Parks Ave,Edgar D Nixon Ave,39000,,30,1286.76634282,0.24370575,Under Consideration,,,CANDIDATES,City,,3.773,NPJACKSON,2025/02/26 14:13:32+00,NPJACKSON,2025/02/26 14:13:32+00,{9AC3098D-303A-4210-AF6B-6F8D4E8DE2A0},1286.76634281882
35803,W EDGEMONT AVE,4,District 4,W EDGEMONT AVE,Oak St,Edgar D Nixon Ave,122208,,30,3518.45792839,0.66637461,Under Consideration,,,CANDIDATES,City,,3.056,NPJACKSON,2025/02/26 14:13:32+00,NPJACKSON,2025/02/26 14:13:32+00,{8CFDB2DA-872E-4BF9-95F2-C84133B50473},3518.45792839146
35804,SANDRA ST,4,District 4,SANDRA ST,Gaston Ave,Upchurch Cir,16350,,30,584.3611707,0.11067446,Under Consideration,,,CANDIDATES,City,,3.017,NPJACKSON,2025/02/26 14:13:32+00,NPJACKSON,2025/02/26 14:13:32+00,{74AB07C7-ACB4-4246-81F0-8908D00281DA},584.361170696161
35805,OLD POST LN,6,District 6,OLD POST LN,Bell Rd,6037 Old Post Ln,96900,,39,2920.57532422,0.55313927,Under Consideration,,,CANDIDATES,City,,3.564,NPJACKSON,2025/02/26 14:13:32+00,NPJACKSON,2025/02/26 14:13:32+00,{34C480E1-95F3-4342-86BE-AC84A06D8FB2},2920.57532421769
