X,Y,OBJECTID,Request_ID,Create_Date,Department,Request_Type,Address,District,Status,Close_Date,Origin,Latitude,Longitude,Year,GlobalID,created_user,created_date,last_edited_user,last_edited_date
532826.755928829,686881.881225906,1,317646,2021/01/01 00:06:00+00,Street Maintenance,Drains,WARES FERRY RD,1,Closed,2022/02/02 20:36:00+00,Website,32.387676,-86.232888,2021,{3FD41E46-D4C9-4A5D-B1DD-7F054B2A4B2E},,,,
532104.406651746,689644.25693474,2,317647,2021/01/01 02:21:00+00,Sanitation Department,General Sanitation Inquiry,700 MARY ANN DR,2,Closed,2021/01/07 20:39:00+00,Website,32.3952613,-86.2352616,2021,{B03AD99B-CEDF-49B3-A264-CA69A7023CB2},,,,
506286.449101411,675867.491509326,3,317648,2021/01/03 15:21:00+00,Code Enforcement,Nuisance,702 WOODROW ST,7,Closed,2021/01/05 14:40:00+00,Report2Gov Android,32.3571,-86.3187,2021,{CCA24BA4-6351-4181-BF63-D7E1250C53E0},,,,
531849.911097746,680616.424596742,4,317649,2021/01/03 16:25:00+00,Sanitation Department,Schedule A Bulk Pick Up***DO NOT USE***,541 BELLEHURST DR,1,Closed,2021/04/05 13:17:00+00,Website,32.3704445,-86.235976,2021,{0C8C97CB-569C-4B3C-8B59-2B774020EA13},,,,
509524.140788745,682930.730007492,5,317650,2021/01/04 04:10:00+00,Building Maintenance,COM Plumbing,25 WASHINGTON AVE,3,Closed,2021/01/04 14:25:00+00,Call Center,32.376554,-86.308317,2021,{631B9A31-0687-4557-8292-A819F97779C1},,,,
534643.77886958,655482.708788157,6,317651,2021/01/04 04:13:00+00,Street Maintenance,Sidewalk,6173 SOUTH HAMPTON DR,6,Closed,2023/03/02 14:13:00+00,Call Center,32.3013892,-86.2266284,2021,{442605EB-63F3-450B-9746-5BC78479F762},,,,
541738.905427329,690266.870190822,7,317652,2021/01/04 04:15:00+00,Street Maintenance,COM Barricade Request ,725 AMITY LN,2,Closed,2021/01/14 16:26:00+00,Call Center,32.3970683,-86.204056,2021,{A2A92AB7-BA2F-4D95-8594-D10FCAF74861},,,,
519658.747816078,686957.270510823,8,317653,2021/01/04 13:23:00+00,Code Enforcement,Nuisance,2220 MCCARTER AVE,3,Closed,2021/01/05 19:09:00+00,Call Center,32.3877408,-86.2755452,2021,{1054EBBB-D742-4823-83DA-74A68E48E370},,,,
,,9,317654,2021/01/04 13:46:00+00,FAQ,Ask 3-1-1,,,Closed,2021/01/04 13:46:00+00,Call Center,0,0,2021,{CC51C2DE-34AD-45BE-844F-ACACC6A89386},,,,
546097.663113996,691604.099143654,10,317655,2021/01/04 13:59:00+00,Sanitation Department,Garbage/Debris Dumping ( For debris that have been dumped mainly in downtown Montgomery along the r.o.w),WARES FERRY RD,2,Closed,2021/04/05 13:17:00+00,Call Center,32.4007846,-86.1899492,2021,{929EEC1E-5FE4-4086-A14D-A29FA215D1E4},,,,
,,11,317656,2021/01/04 14:05:00+00,FAQ,Ask 3-1-1,,,Closed,2021/01/04 14:05:00+00,Call Center,0,0,2021,{AF0315FF-B53D-4B6B-AD7A-23B76B49B6AB},,,,
519761.556993663,697399.333944239,12,317657,2021/01/04 14:11:00+00,Sanitation Department,Pick Up Container,4015 CHELSEA DR,3,Closed,2021/01/08 13:21:00+00,Call Center,32.4164431,-86.275352,2021,{E0061B47-1138-408F-8F17-C50E4E2E7528},,,,
520653.198911164,685407.741457656,13,317658,2021/01/04 14:15:00+00,Building Maintenance,COM Carpentry,206 FEDERAL DR,2,Closed,2021/01/05 12:42:00+00,Call Center,32.383493,-86.2723032,2021,{D2896EAD-9286-426A-804A-000380A88202},,,,
519159.287200827,697912.235477492,14,317659,2021/01/04 14:16:00+00,Building Maintenance,COM Roofing,329 E Vandiver Blvd,3,Closed,2021/01/07 13:47:00+00,Call Center,32.417846,-86.2773105,2021,{D940C444-8CF6-41DD-9A44-BAFF908E9131},,,,
498297.78069558,672552.571629986,15,317660,2021/01/04 14:17:00+00,Building Maintenance,Fire Plumbing,1300 AIR BASE BLVD,4,Closed,2021/01/04 15:11:00+00,Call Center,32.3478864,-86.3445181,2021,{4BD6B07B-6A02-49DA-957F-D47433799402},,,,
528693.002057247,665859.042366154,16,317661,2021/01/04 14:18:00+00,Building Maintenance,Fire Roofing,3003 EAST SOUTH BLVD,6,Closed,2021/01/18 12:08:00+00,Call Center,32.3298487,-86.2460163,2021,{C9F7BC99-8440-48CD-AF52-4175F5E9B0E9},,,,
498297.78069558,672552.571629986,17,317662,2021/01/04 14:18:00+00,Building Maintenance,Fire Roofing,1300 AIR BASE BLVD,4,Closed,2021/01/07 12:53:00+00,Call Center,32.3478864,-86.3445181,2021,{A7BB9EF4-ECE8-4EA1-9FAB-2D47756C5AE2},,,,
519159.287200827,697912.235477492,18,317663,2021/01/04 14:20:00+00,Building Maintenance,COM Electrical,329 E Vandiver Blvd,3,Closed,2021/01/04 16:05:00+00,Call Center,32.417846,-86.2773105,2021,{898E5F68-B455-4E34-8935-90C6392F9463},,,,
563388.117706247,681038.742321655,19,317664,2021/01/04 14:21:00+00,Traffic Engineering,Inquiries,TECHNACENTER DR,1,Closed,2021/01/04 14:21:00+00,Call Center,32.3718901,-86.1338339,2021,{4D9EB7E9-D49E-4A66-857D-0C00F8767DA0},,,,
,,20,317665,2021/01/04 14:24:00+00,Sanitation Department,Inquiries,,,Closed,2021/01/04 14:24:00+00,Call Center,0,0,2021,{1D1243DC-3655-47E6-8879-8479E87E4934},,,,
523278.363280244,675174.510939904,21,317666,2021/01/04 14:24:00+00,Sanitation Department,Inquiries,3112 FITZGERALD CIR,7,Closed,2021/01/04 14:24:00+00,Call Center,32.355395,-86.2636664,2021,{B29D3762-4601-427F-BD4D-98779B1530BB},,,,
,,22,317667,2021/01/04 14:25:00+00,Inspections Department,Inquiries,,,Closed,2021/01/04 14:25:00+00,Call Center,0,0,2021,{0E11E95B-C366-4E55-A65A-D56F62D08A96},,,,
515635.213868413,661568.782245904,23,317668,2021/01/04 14:28:00+00,Sanitation Department,Missed Pick Up,BISCAYNE DR,5,Closed,2021/01/04 14:28:00+00,Call Center,32.317911,-86.2882295,2021,{3CC2317F-7642-4240-9835-28FBCDA394AB},,,,
494895.612959247,672720.77437757,24,317669,2021/01/04 14:30:00+00,Sanitation Department,Garbage/Debris Dumping ( For debris that have been dumped mainly in downtown Montgomery along the r.o.w),3315 HAYNEVILLE RD,4,Closed,2021/01/08 18:27:00+00,Call Center,32.3483036,-86.3555367,2021,{D2B3E30F-003A-4F22-BDB6-43416F21A6B2},,,,
,,25,317670,2021/01/04 14:32:00+00,FAQ,Ask 3-1-1,,,Closed,2021/01/04 14:32:00+00,Call Center,0,0,2021,{D07EC9AE-896F-459B-BE7A-D568AA5F69EB},,,,
543464.016478412,688739.889977075,26,317671,2021/01/04 14:33:00+00,Street Maintenance,Replace Inlet(Storm Drain) Tops,WARES FERRY RD,1,Closed,2021/01/06 21:14:00+00,Call Center,32.3928875,-86.1984502,2021,{8F78A7B8-4641-4A3A-9A21-04DC9A80342A},,,,
512775.347540911,684847.070334904,27,317672,2021/01/04 14:36:00+00,City Jail Internal Building Maintenance,City Jail Carpentry,320 N Ripley St,3,Closed,2021/01/05 12:56:00+00,Call Center,32.3818605,-86.2978134,2021,{02CB6C96-4420-40A9-94FF-D163B710087E},,,,
527461.993692495,681808.065258071,28,317673,2021/01/04 14:41:00+00,Street Maintenance,Clean Inlets,676 JORYNE DR,1,Closed,2021/01/08 14:20:00+00,Call Center,32.3736737,-86.2502025,2021,{B4C5804A-AD41-4C79-909A-DF80ABBB0429},,,,
526777.850375745,685791.127173826,29,317674,2021/01/04 14:43:00+00,Street Maintenance,Debris In The Street,ATLANTA HWY,1,Closed,2021/01/05 18:09:00+00,Call Center,32.3846143,-86.2524689,2021,{0BA04F22-D0B1-4592-8F6F-A9B901048F04},,,,
555923.614262577,667566.293544821,30,317675,2021/01/04 14:45:00+00,Sanitation Department,Request A New Container,8481 MELBOURNE CIR,8,Closed,2021/01/08 13:20:00+00,Call Center,32.3347989,-86.1578781,2021,{046BF419-956C-4AA8-837B-9CE609BB2FCD},,,,
529523.494818829,684181.21241466,31,317676,2021/01/04 14:47:00+00,Sanitation Department,Street Sweepers,205 PERRY HILL RD,1,Closed,2021/01/08 18:29:00+00,Call Center,32.3802185,-86.243555,2021,{781E12D7-E793-4AC9-B49D-1763FF48183A},,,,
,,32,317677,2021/01/04 14:51:00+00,FAQ,FAQ-Personnel,,,Closed,2021/01/04 14:51:00+00,Call Center,0,0,2021,{075E95BD-8616-4ED3-BA11-BDFF349F6E9A},,,,
508658.009975079,669805.671611987,33,317678,2021/01/04 14:56:00+00,Street Maintenance,Ditch Cutting That Is Not on Schedule List,3636 FARRAR ST,7,Closed,2021/01/08 14:09:00+00,Call Center,32.3404677,-86.3109327,2021,{D13DC66E-4575-4C82-A33C-ADB142DA9E30},,,,
517556.548280329,660811.476345822,34,317679,2021/01/04 14:58:00+00,Sanitation Department,Missed Pick Up,NARROW LANE RD,5,Closed,2021/01/04 14:58:00+00,Call Center,32.3158517,-86.2820001,2021,{C2CDEE39-DC45-41CC-ACE8-5866E154464E},,,,
,,35,317680,2021/01/04 15:01:00+00,Sanitation Department,Inquiries,,,Closed,2021/01/04 15:01:00+00,Call Center,0,0,2021,{40940CA6-3AE7-458D-8B42-6E552E26B057},,,,
515001.194139078,668698.873956822,36,317681,2021/01/04 15:20:00+00,Street Maintenance,Fallen Trees and Limbs,3615 E Audubon Rd,7,Closed,2021/01/06 21:35:00+00,Call Center,32.3375016,-86.2903802,2021,{B24950DE-7DC4-4839-BF93-5E3D7DD8E4A1},,,,
,,37,317682,2021/01/04 15:24:00+00,Planning Department,Inquiries,,,Closed,2021/01/04 15:24:00+00,Call Center,0,0,2021,{89B90BAB-2822-49B4-8418-D3804D56659A},,,,
504551.568056747,675072.996707238,38,317683,2021/01/04 15:27:00+00,Sanitation Department,Exchange Damage Container,1047 STEPHENS ST,4,Closed,2021/01/11 20:27:00+00,Call Center,32.3548945,-86.3243062,2021,{66454B22-3023-49BD-A212-D9704090F544},,,,
516194.91911383,703285.171581991,39,317684,2021/01/04 15:34:00+00,Street Maintenance,Fallen Trees and Limbs,1108 OAKBROOK DR,3,Closed,2021/02/16 17:58:00+00,Call Center,32.4325798,-86.2869903,2021,{0094C86B-B2FB-4709-B9D1-A61FDEB832B2},,,,
493325.006848495,671145.590848155,40,317685,2021/01/04 15:34:00+00,Sanitation Department,Trash Container Issues,3444 LAMUCK ST,4,Closed,2021/01/04 15:59:00+00,Report2Gov iOS,32.3439529,-86.3605971,2021,{9B30C8C7-D4DD-4A72-B79E-82A3FC8FF495},,,,
515010.15376683,702536.382397152,41,317686,2021/01/04 15:35:00+00,Urban Forestry,Tree Issues On City R.O.W.,OAKBROOK DR,3,Closed,2021/01/07 19:30:00+00,Call Center,32.4305078,-86.2908197,2021,{B54791CA-074B-45E0-8D9E-04B720A12F24},,,,
,,42,317687,2021/01/04 15:38:00+00,FAQ,Ask 3-1-1,,,Closed,2021/01/04 15:38:00+00,Call Center,0,0,2021,{75D38DFC-1B6C-4B49-A08E-087CE8EC08D7},,,,
,,43,317688,2021/01/04 15:39:00+00,Sanitation Department,Inquiries,,,Closed,2021/01/04 15:39:00+00,Call Center,0,0,2021,{6E114FC4-9975-4AF0-B810-B38BB8BD52D1},,,,
515513.542851914,679963.239879489,44,317689,2021/01/04 15:47:00+00,Building Maintenance,COM Plumbing,1010 FOREST AVE,3,Closed,2021/01/04 17:40:00+00,Call Center,32.3684691,-86.2888766,2021,{B72B28B2-68E7-414E-B8FE-B46E15F7A2AB},,,,
,,45,317690,2021/01/04 15:53:00+00,FAQ,Ask 3-1-1,,,Closed,2021/01/04 15:53:00+00,Call Center,0,0,2021,{EC3621C3-EFE3-4691-ACB2-1157B04E3F93},,,,
530564.008157745,688859.904828906,46,317691,2021/01/04 15:55:00+00,Sanitation Department,Request A New Container,3890 FAUNSDALE DR,2,Closed,2021/01/08 13:19:00+00,Call Center,32.3930894,-86.2402423,2021,{D03DC371-4ECD-44B4-A771-9831ECA0B5FA},,,,
493325.006848495,671145.590848155,47,317692,2021/01/04 15:57:00+00,Code Enforcement,Nuisance,3444 LAMUCK ST,4,Closed,2021/01/08 13:04:00+00,Call Center,32.3439529,-86.3605971,2021,{FB276F01-0A4E-4427-92E2-FAF02B274424},,,,
516563.810436413,681197.190167487,48,317693,2021/01/04 15:58:00+00,Code Enforcement,General Repairs,1736 HIGHLAND AVE,3,Closed,2021/01/05 15:38:00+00,Call Center,32.371873,-86.285492,2021,{FBA7D0A7-7E44-4EFF-BD98-7E80557BEDDD},,,,
530844.981020994,686203.328121074,49,317694,2021/01/04 15:58:00+00,FAQ,Ask 3-1-1,HICKORY DR,1,Closed,2021/01/04 15:59:00+00,Call Center,32.3857904,-86.2392994,2021,{3703D5C8-FB6E-49BC-B14E-4B1DF84EE2DE},,,,
,,50,317695,2021/01/04 15:59:00+00,FAQ,Ask 3-1-1,,,Closed,2021/01/04 15:59:00+00,Call Center,0,0,2021,{B9914D1D-2B26-4B93-B616-39985F3CA2A7},,,,
,,51,317696,2021/01/04 15:59:00+00,Sanitation Department,Inquiries,,,Closed,2021/01/04 15:59:00+00,Call Center,0,0,2021,{094F3B62-2FE8-402F-A6F5-C8AA3685835F},,,,
541676.614213329,688219.197120823,52,317697,2021/01/04 16:05:00+00,Street Maintenance,Fallen Trees and Limbs,536 DUNBARTON CT,1,Closed,2021/01/06 21:22:00+00,Call Center,32.3914394,-86.2042348,2021,{C8CA09DE-9485-41EF-8901-756C09DEF86C},,,,
511689.785735663,670259.215652406,53,317698,2021/01/04 16:06:00+00,Sanitation Department,Container Ordinance,3478 WILMINGTON RD,7,Closed,2021/01/07 19:26:00+00,Call Center,32.3417511,-86.3011232,2021,{21FEB1A6-3B2B-4E53-A4FE-6B791CA40D24},,,,
511868.835902497,670614.284824155,54,317699,2021/01/04 16:07:00+00,Sanitation Department,Container Ordinance,3451 WILMINGTON RD,7,Closed,2021/01/07 19:27:00+00,Call Center,32.3427292,-86.3005485,2021,{A0E1B927-9F29-47AE-9B16-790278E89333},,,,
,,55,317700,2021/01/04 16:07:00+00,FAQ,Ask 3-1-1,,,Closed,2021/01/04 16:07:00+00,Call Center,0,0,2021,{86E4A97C-1513-4ADA-88FC-A391C5F3B7F8},,,,
511691.682713497,670693.533681408,56,317701,2021/01/04 16:07:00+00,Code Enforcement,Parking On Front Lawn,3450 WILMINGTON RD,7,Closed,2021/01/06 14:40:00+00,Call Center,32.3429449,-86.3011232,2021,{E1CB5907-56CC-414A-B676-5DDAFD70A087},,,,
541676.614213329,688219.197120823,57,317702,2021/01/04 16:08:00+00,Sanitation Department,Exchange Damage Container,536 DUNBARTON CT,1,Closed,2021/01/11 20:30:00+00,Call Center,32.3914394,-86.2042348,2021,{0A9AAA0F-F24C-4095-B613-EBD2F687EA45},,,,
511689.785735663,670259.215652406,58,317703,2021/01/04 16:08:00+00,Code Enforcement,Parking On Front Lawn,3478 WILMINGTON RD,7,Closed,2021/01/06 14:40:00+00,Call Center,32.3417511,-86.3011232,2021,{C528D723-86D4-4028-AFF0-18ED8131F587},,,,
511866.730263662,670131.68900457,59,317704,2021/01/04 16:08:00+00,Code Enforcement,Parking On Front Lawn,3489 WILMINGTON RD,7,Closed,2021/01/06 14:43:00+00,Call Center,32.3414027,-86.3005485,2021,{6AB0792C-2396-40DB-B4FF-57453B95B959},,,,
,,60,317705,2021/01/04 16:10:00+00,FAQ,Ask 3-1-1,,,Closed,2021/01/04 16:10:00+00,Call Center,0,0,2021,{CD86CFA6-F4F9-45C3-8A05-645625742468},,,,
,,61,317706,2021/01/04 16:13:00+00,FAQ,Ask 3-1-1,,,Closed,2021/01/04 16:13:00+00,Call Center,0,0,2021,{E85AA5AE-C288-4BEB-A617-4AB31788E86E},,,,
503440.985960327,676118.017254986,62,317707,2021/01/04 16:16:00+00,FAQ,FAQ-Parks & Rec ,DOROTHY ST,4,Closed,2021/01/04 16:16:00+00,Call Center,32.3577528,-86.3279181,2021,{C1F752DA-FE02-46D2-BA65-FD9C5C2348AE},,,,
,,63,317708,2021/01/04 16:18:00+00,FAQ,Ask 3-1-1,,,Closed,2021/01/04 16:18:00+00,Call Center,0,0,2021,{389AFE93-5BCB-4849-B7FC-8BE78A002278},,,,
525739.411507744,679880.583220653,64,317709,2021/01/04 16:21:00+00,Street Maintenance,Clean Inlets,942 GREEN RIDGE RD,1,Closed,2021/01/08 14:18:00+00,Call Center,32.3683572,-86.2557571,2021,{F5ECF191-E50D-4017-9E97-20A3DA35F35E},,,,
525739.411507744,679880.583220653,65,317710,2021/01/04 16:23:00+00,Street Maintenance,Curb/Gutter Clean up (dirt/debris),942 GREEN RIDGE RD,1,Closed,2021/01/08 14:31:00+00,Call Center,32.3683572,-86.2557571,2021,{FE296061-0F03-4496-B623-6644F78AC292},,,,
559276.726322744,657118.908599742,66,317711,2021/01/04 16:26:00+00,Sanitation Department,Request A New Container,1338 Bristol Park Pl,8,Closed,2021/04/05 13:16:00+00,Call Center,32.3061098,-86.1469233,2021,{0B7D3F08-9716-4978-93BE-3A4E5482DCAB},,,,
509480.896124579,684219.103086904,67,317712,2021/01/04 16:30:00+00,Building Maintenance,Fire Electrical,19 MADISON AVE,3,Closed,2021/01/04 16:31:00+00,Call Center,32.3800947,-86.3084756,2021,{23BB88C9-021E-48D5-B6C7-D0228CA5B004},,,,
509480.896124579,684219.103086904,68,317713,2021/01/04 16:30:00+00,Building Maintenance,Fire Electrical,19 MADISON AVE,3,Closed,2021/01/04 17:43:00+00,Call Center,32.3800947,-86.3084756,2021,{D4AA71A0-A4F4-4EAE-AD4A-B880FFFE6276},,,,
527686.929922413,676943.206549488,69,317714,2021/01/04 16:33:00+00,Street Maintenance,Clean Inlets,GLENWOOD RD,1,Closed,2021/01/08 14:21:00+00,Call Center,32.3603044,-86.2494127,2021,{E4D7F3AD-30BA-457A-A6AD-18414B4F7CE4},,,,
,,70,317715,2021/01/04 16:34:00+00,FAQ,Ask 3-1-1,,,Closed,2021/01/04 16:34:00+00,Call Center,0,0,2021,{4D8F922C-6552-4AF5-A37C-B151404AFB44},,,,
534855.047147829,686313.36038132,71,317716,2021/01/04 16:35:00+00,Street Maintenance,Repair/Replace Fence or Gate,300 BOWLING GREEN DR,1,Closed,2021/01/26 14:29:00+00,Call Center,32.386134,-86.2263108,2021,{E3798F2C-16C6-42FE-908C-91299BB6F264},,,,
506115.507842246,674577.94257924,72,317717,2021/01/04 16:36:00+00,Sanitation Department,Request A New Container,725 ALEXANDER ST,7,Closed,2021/01/08 13:19:00+00,Call Center,32.3535534,-86.3192346,2021,{D6BF21F2-5874-43B7-82BB-36EB6E9E7B07},,,,
541816.517804913,663081.549561575,73,317718,2021/01/04 16:37:00+00,Sanitation Department,Leaves and Debris Pick up,4436 BELL CHASE,8,Closed,2021/01/08 16:29:00+00,Call Center,32.3223461,-86.2035,2021,{EE312F8C-A697-41D3-BE8C-441A09BB4433},,,,
,,74,317719,2021/01/04 16:40:00+00,Sanitation Department,Inquiries,,,Closed,2021/01/04 16:40:00+00,Call Center,0,0,2021,{D99AD7DF-C986-4683-9558-FD5F53191CF1},,,,
,,75,317720,2021/01/04 16:40:00+00,FAQ,Ask 3-1-1,,,Closed,2021/01/04 16:40:00+00,Call Center,0,0,2021,{AFD9C1E6-ECE2-499A-82EE-AB565744DD5B},,,,
533386.511042912,662072.873429321,76,317721,2021/01/04 16:40:00+00,Code Enforcement,Nuisance,4900 PLAZA DR,6,Closed,2021/01/05 19:21:00+00,Call Center,32.3194906,-86.2307764,2021,{13CA93EC-F933-40EC-B3B7-EF047E220306},,,,
520431.850600578,677344.17064257,77,317722,2021/01/04 16:43:00+00,Sanitation Department,Leaves and Debris Pick up,2125 EAST FIFTH ST (OP),7,Closed,2021/01/08 21:35:00+00,Call Center,32.3613268,-86.2729129,2021,{E5B382ED-A6CF-408B-A865-A2C7C76D4F25},,,,
520871.813959494,690571.084805489,78,317723,2021/01/04 16:44:00+00,Sanitation Department,Exchange Damage Container,2713 SWEETBRIAR RD,2,Closed,2021/01/11 20:31:00+00,Call Center,32.3976875,-86.2716636,2021,{77866D7E-A22B-4EA5-B7CE-DEE4D8C7E3B5},,,,
532447.171386164,687934.516915902,79,317724,2021/01/04 16:44:00+00,Sanitation Department,General Sanitation Inquiry,4072 FAUNSDALE DR,2,Closed,2021/04/05 13:18:00+00,Call Center,32.3905654,-86.2341304,2021,{CC83D72C-3B5E-4848-9C83-D08B590544A6},,,,
524241.863977913,691356.681987576,80,317725,2021/01/04 16:44:00+00,Street Maintenance,Clean Inlets,836 WESTOVER RD,2,Closed,2021/01/08 14:19:00+00,Website,32.3998843,-86.2607557,2021,{687933FD-5307-4656-BF5E-B2EB49993EBB},,,,
526027.647807911,672555.153973907,81,317726,2021/01/04 16:47:00+00,Traffic Engineering,Repair Existing Signs,HILLWOOD DR,5,Closed,2021/01/04 17:32:00+00,Call Center,32.3482254,-86.2547302,2021,{4923CF18-6C05-47F5-9480-5EF001185A72},,,,
535703.095320497,656696.920598574,82,317727,2021/01/04 16:48:00+00,Sanitation Department,Leaves and Debris Pick up,6124 PROVOST AVE,6,Closed,2021/01/08 21:38:00+00,Call Center,32.3047373,-86.2232144,2021,{6AAD98B8-6612-4255-8E3D-92043EB0569D},,,,
526626.460586663,687404.819812573,83,317728,2021/01/04 16:48:00+00,Code Enforcement,Parking On Front Lawn,3562 PELZER AVE,2,Closed,2021/01/05 19:09:00+00,Call Center,32.3890481,-86.2529798,2021,{1287F267-9345-42C8-BD29-822CACE04235},,,,
526663.883740161,687580.251876406,84,317729,2021/01/04 16:49:00+00,Code Enforcement,Parking On Front Lawn,3563 PELZER AVE,2,Closed,2021/01/05 19:09:00+00,Call Center,32.3895307,-86.2528608,2021,{9DD4C906-96B9-4701-8D69-BCBD519ECADF},,,,
526590.331721913,687567.042913325,85,317730,2021/01/04 16:50:00+00,Code Enforcement,Parking On Front Lawn,3557 PELZER AVE,2,Closed,2021/01/05 19:09:00+00,Call Center,32.3894936,-86.2530989,2021,{E396D22D-BD96-4F25-8545-D8B990B944F7},,,,
536127.712909579,689174.390748486,86,317731,2021/01/04 16:56:00+00,Sanitation Department,Exchange Damage Container,396 GLADE PARK DR,2,Closed,2021/01/08 16:03:00+00,Call Center,32.3940107,-86.2222219,2021,{9E4AB9EB-0EEF-4854-BD0B-06D2846312E5},,,,
,,87,317732,2021/01/04 17:07:00+00,Sanitation Department,Inquiries,,,Closed,2021/01/04 17:07:00+00,Call Center,0,0,2021,{ED488229-D9E1-40B3-8745-C8FFC619C071},,,,
536650.855235994,662686.46865882,88,317733,2021/01/04 17:08:00+00,Building Maintenance,COM HVAC/Refrigeration,4450 Brewbaker Dr,6,Closed,2021/01/04 18:49:00+00,Call Center,32.32121,-86.220217,2021,{A95826F1-5940-4BAE-BAF6-6ADC3BE2E9CF},,,,
526347.364360079,670921.344249405,89,317734,2021/01/04 17:14:00+00,Code Enforcement,Parking On Front Lawn,3249 FERNWAY DR,5,Closed,2021/01/05 19:22:00+00,Call Center,32.3437381,-86.2536742,2021,{8BEE85FC-D216-4C1D-8617-F0EF780833EB},,,,
526292.527199414,670995.887079321,90,317735,2021/01/04 17:17:00+00,Code Enforcement,Nuisance,3243 FERNWAY DR,5,Closed,2021/01/05 19:22:00+00,Call Center,32.3439424,-86.2538527,2021,{C188CFCC-5B8C-448A-95D0-F3C829652DD9},,,,
526292.527199414,670995.887079321,91,317736,2021/01/04 17:18:00+00,Planning Department,Business in Residential District,3243 FERNWAY DR,5,Closed,2021/01/04 19:15:00+00,Call Center,32.3439424,-86.2538527,2021,{A49E680C-FE31-491A-A9AA-1AB0242B5B07},,,,
,,92,317737,2021/01/04 17:19:00+00,Sanitation Department,Inquiries,,,Closed,2021/01/04 17:19:00+00,Call Center,0,0,2021,{B9B644A2-3BC2-413D-B04A-FD87D2A19564},,,,
,,93,317738,2021/01/04 17:19:00+00,Sanitation Department,Inquiries,,,Closed,2021/01/04 17:19:00+00,Call Center,0,0,2021,{056C4BC1-C204-462D-B3F9-6A66A6DF87FA},,,,
528469.046796497,688780.48011899,94,317739,2021/01/04 17:23:00+00,Street Maintenance,Pothole Repairing,3740 DALRAIDA PKWY,2,Closed,2021/01/06 21:33:00+00,Call Center,32.392849,-86.2470281,2021,{FC2E7517-0320-4936-B772-F91FB5203C21},,,,
,,95,317740,2021/01/04 17:24:00+00,FAQ,Ask 3-1-1,,,Closed,2021/01/04 17:24:00+00,Call Center,0,0,2021,{5821FCFD-BCE6-4228-BE9D-206239C38989},,,,
,,96,317741,2021/01/04 17:25:00+00,FAQ,Ask 3-1-1,,,Closed,2021/01/04 17:27:00+00,Call Center,0,0,2021,{D5AAE3B0-34AF-4E6C-A9F3-FAB91B0D5F1D},,,,
541438.495923162,672596.073183402,97,317742,2021/01/04 17:32:00+00,Traffic Engineering,Install New Signs,1836 WOODMERE LOOP,9,Closed,2021/01/13 14:19:00+00,Call Center,32.3484947,-86.2048305,2021,{FAF6A1EA-8722-4790-AD9E-00326A9B8854},,,,
,,98,317743,2021/01/04 17:37:00+00,FAQ,Ask 3-1-1,,,Closed,2021/01/04 17:37:00+00,Call Center,0,0,2021,{1F8D2CD4-9CC2-45AB-AC00-514574440670},,,,
,,99,317744,2021/01/04 17:38:00+00,FAQ,FAQ-Municipal Court,,,Closed,2021/01/04 17:38:00+00,Call Center,0,0,2021,{7E15B985-9CFA-43A9-8AD1-25E2C3563904},,,,
513800.170622494,684099.606278658,100,317745,2021/01/04 17:43:00+00,Building Maintenance,COM HVAC/Refrigeration,1018 MADISON AVE,3,Closed,2021/01/04 17:50:00+00,Call Center,32.3798182,-86.2944834,2021,{7C9C6731-E8A5-451A-A56F-323464513B34},,,,
,,101,317746,2021/01/04 17:47:00+00,FAQ,Ask 3-1-1,,,Closed,2021/01/04 17:47:00+00,Call Center,0,0,2021,{6B95D854-7322-46BF-AC73-9A7B76FAEFB0},,,,
,,102,317747,2021/01/04 17:53:00+00,Sanitation Department,Inquiries,,,Closed,2021/01/04 17:53:00+00,Call Center,0,0,2021,{8EF4C636-5EF8-4A40-B2BB-D542F9F213BC},,,,
510522.624027997,676264.948391572,103,317748,2021/01/04 17:59:00+00,Street Maintenance,Sidewalk,1438 GILMER AVE,3,Closed,2024/07/19 13:08:00+00,Call Center,32.3582445,-86.3049878,2021,{2C94FAAA-B1D1-42B9-B39E-FA455D6386F0},,,,
511302.110001829,685153.542490989,104,317749,2021/01/04 18:04:00+00,Urban Forestry,Tree Maintenance,420 N Decatur St,3,Closed,2021/01/08 22:15:00+00,Control Panel,32.3826852,-86.3025898,2021,{29C1BD4B-28AC-455E-B5EB-07FCEC41BDC3},,,,
534525.328975245,666906.886070989,105,317750,2021/01/04 18:19:00+00,Code Enforcement,General Repairs,3338 Fountain Ct,8,Closed,2021/01/08 13:36:00+00,Call Center,32.3327892,-86.2271476,2021,{63D304A9-A5B3-4D67-9A8E-F21360C7EB16},,,,
525681.311558329,662041.698294826,106,317751,2021/01/04 18:27:00+00,Sanitation Department,Missed Pick Up,2712 ENDICOTT DR,6,Closed,2021/01/08 21:27:00+00,Call Center,32.3193239,-86.2557174,2021,{DDB8F8EB-4AF0-43FF-BC98-758AE8B17095},,,,
512775.347540911,684847.070334904,107,317752,2021/01/04 18:30:00+00,Building Maintenance,COM Electrical,320 N Ripley St,3,Closed,2021/01/05 16:38:00+00,Call Center,32.3818605,-86.2978134,2021,{1B947091-8CBD-4283-80CE-FFAF7CB6E089},,,,
517619.95071258,697402.184660323,108,317753,2021/01/04 18:35:00+00,Street Maintenance,Request Cleaning,200 SHELLY LN,3,Closed,2021/01/08 14:27:00+00,Call Center,32.4164264,-86.2822917,2021,{C09ED75A-F26D-4AAF-8993-A09DBA00488E},,,,
517619.95071258,697402.184660323,109,317754,2021/01/04 18:36:00+00,Code Enforcement,Nuisance,200 SHELLY LN,3,Closed,2021/01/05 18:28:00+00,Call Center,32.4164264,-86.2822917,2021,{9C256F12-3D3C-4A13-A1F6-E2DAB6CBB2EB},,,,
497159.373195495,658995.387786403,110,317755,2021/01/04 18:48:00+00,Sanitation Department,Request A New Container,109 KINGSWOOD RD,4,Closed,2021/01/11 20:29:00+00,Call Center,32.310608,-86.3479933,2021,{700DAE1C-A6C0-4AF6-BBDA-1FA4FB24E556},,,,
528106.197784662,686816.682865493,111,317756,2021/01/04 18:55:00+00,Street Maintenance,Clean Inlets,307 FERRY WAY,2,Closed,2021/01/08 14:19:00+00,Call Center,32.3874474,-86.2481789,2021,{891A4940-4CD6-4B72-8F03-4288A1CE0F42},,,,
,,112,317757,2021/01/04 19:12:00+00,FAQ,Ask 3-1-1,,,Closed,2021/01/04 19:12:00+00,Call Center,0,0,2021,{611091D1-0FA9-40D6-8F99-57AE6ED68F5A},,,,
,,113,317758,2021/01/04 19:16:00+00,Inspections Department,Inquiries,,,Closed,2021/01/04 19:16:00+00,Call Center,0,0,2021,{FD728744-00DD-4449-8A69-9834B7B631BD},,,,
,,114,317759,2021/01/04 19:19:00+00,Sanitation Department,Inquiries,,,Closed,2021/01/04 19:19:00+00,Call Center,0,0,2021,{7AF514ED-ADB0-4338-A62E-ABF738A2B02D},,,,
527525.534247831,654719.963266402,115,317760,2021/01/04 19:19:00+00,Sanitation Department,Leaves and Debris Pick up,Knoll Gate Rd,6,Closed,2021/01/08 21:37:00+00,Call Center,32.2992188,-86.2496557,2021,{5DEE3E5B-6B68-432A-878F-3D1C763BC8EA},,,,
486590.758505996,661239.805541657,116,317761,2021/01/04 19:31:00+00,Code Enforcement,Inquiries,4113 GATEWAY DR,4,Closed,2021/01/04 19:31:00+00,Call Center,32.3166329,-86.3822367,2021,{7BA5C146-B51F-4DD8-9B3C-3048EDA2FA1F},,,,
526441.46062858,661676.133081071,117,317762,2021/01/04 19:31:00+00,Sanitation Department,Missed Pick Up,WOODLEY PARK DR,6,Closed,2021/01/08 16:10:00+00,Call Center,32.3183273,-86.2532522,2021,{4185F179-AD79-497A-920D-FE3D035FB8AB},,,,
,,118,317763,2021/01/04 19:35:00+00,FAQ,Ask 3-1-1,,,Closed,2021/01/04 19:35:00+00,Call Center,0,0,2021,{9477CD88-11EA-4C27-9349-98089ED436BF},,,,
,,119,317764,2021/01/04 19:38:00+00,FAQ,FAQ-City Hall ,,,Closed,2021/01/04 19:38:00+00,Call Center,0,0,2021,{8C2EE1B3-A7E7-462F-861C-A0D08A548E25},,,,
,,120,317765,2021/01/04 19:43:00+00,FAQ,Ask 3-1-1,,,Closed,2021/01/04 19:43:00+00,Call Center,0,0,2021,{0591AC0F-F601-4B04-998B-537F4A04E1A8},,,,
525978.502893079,669045.320770487,121,317766,2021/01/04 19:54:00+00,Sanitation Department,Missed Pick Up,3604 FOXHALL DR,5,Closed,2021/01/07 21:45:00+00,Call Center,32.3385776,-86.2548446,2021,{9AE2EA7B-0DA4-4CD2-B31E-CE121B83FCDA},,,,
527608.621680077,681705.843677737,122,317767,2021/01/04 20:03:00+00,Code Enforcement,Inquiries,681 JORYNE DR,1,Closed,2021/01/04 20:03:00+00,Call Center,32.3733943,-86.2497263,2021,{44E3A7DA-26DA-41BE-85AA-C9C0787AB157},,,,
522639.039755747,673165.286283821,123,317768,2021/01/04 20:06:00+00,Sanitation Department,Inquiries,OLD FARM RD,7,Closed,2021/01/04 20:06:00+00,Call Center,32.3498653,-86.2657104,2021,{EC79167E-0B28-4C8B-9237-38F779581E52},,,,
543061.834539995,683484.920500159,124,317769,2021/01/04 20:26:00+00,Traffic Engineering,Repair Existing Signs,SOUTH BURBANK DR ,9,Closed,2021/01/06 19:07:00+00,Call Center,32.3784397,-86.1996948,2021,{405505D9-7A71-4BEE-B609-0DB41D4F96CC},,,,
,,125,317770,2021/01/04 20:27:00+00,Sanitation Department,Inquiries,,,Closed,2021/01/04 20:27:00+00,Call Center,0,0,2021,{32930D57-FED2-4884-B0D6-FBBDD4888289},,,,
530563.953695912,679517.758158907,126,317771,2021/01/04 20:29:00+00,Street Maintenance,Clean Inlets,4133 BIENVILLE RD,1,Closed,2021/01/11 20:52:00+00,Call Center,32.3674113,-86.2401274,2021,{DBC94BF8-6F12-4B28-A1E8-B80CD9102F4E},,,,
524333.610513579,668304.702172987,127,317772,2021/01/04 20:34:00+00,Sanitation Department,Dead Animal pickup,3013 NORTH COLONIAL DR,5,Closed,2021/01/29 15:44:00+00,Call Center,32.336524,-86.2601606,2021,{08735622-3CFD-44D1-A474-31C76B5ABD0F},,,,
522263.137620412,661091.564040236,128,317773,2021/01/04 20:39:00+00,Code Enforcement,Parking On Front Lawn,MEADOW LN,6,Closed,2021/01/05 19:09:00+00,Call Center,32.3166748,-86.2667694,2021,{A2E6A933-3408-4209-93AC-6BFBAEE9214E},,,,
,,129,317774,2021/01/04 20:42:00+00,FAQ,FAQ-City Council Members,,,Closed,2021/01/04 20:42:00+00,Call Center,0,0,2021,{37FA8C2B-C90F-43DE-9687-D9504FFC5900},,,,
518210.142445579,678353.651891321,130,317775,2021/01/04 20:44:00+00,Planning Department,Inquiries,E 2nd St,3,Closed,2021/01/04 20:55:00+00,Website,32.3640762,-86.2801214,2021,{D960AD10-6554-48AA-83BE-3F09AB27FA25},,,,
511841.795602247,677042.174527407,131,317776,2021/01/04 20:49:00+00,Code Enforcement,Nuisance,482 MAURY ST,3,Closed,2021/01/06 14:44:00+00,Call Center,32.3603967,-86.3007269,2021,{0AE73479-6F37-4D53-8212-EDD0BE0171C6},,,,
517868.797327746,701299.093533158,132,317777,2021/01/04 20:52:00+00,Planning Department,Business in Residential District,201 SECOND ST (MHP),3,Closed,2021/01/05 14:46:00+00,Call Center,32.4271403,-86.2815383,2021,{D9953350-0AF1-4158-9756-19FE597D9EED},,,,
517868.797327746,701299.093533158,133,317778,2021/01/04 21:02:00+00,Code Enforcement,Nuisance,201 SECOND ST (MHP),3,Closed,2021/01/06 13:47:00+00,Call Center,32.4271403,-86.2815383,2021,{3F7762FF-FBFC-4361-BDE0-F4BC17C34EC6},,,,
517148.204280745,663788.550444156,134,317779,2021/01/04 21:09:00+00,Sanitation Department,Exchange Damage Container,1363 BANCROFT AVE,5,Closed,2021/01/08 13:14:00+00,Call Center,32.3240299,-86.2833623,2021,{6470B5FA-B3E3-4FE5-BC02-6281A4D176C3},,,,
520095.529750913,671509.771550238,135,317780,2021/01/04 21:14:00+00,Sanitation Department,Inquiries,2221 GREEN PARK DR,7,Closed,2021/01/04 21:14:00+00,Call Center,32.3452864,-86.2739243,2021,{DD4F7968-8979-49A9-8DB9-8FCC1E1F364D},,,,
,,136,317781,2021/01/04 21:17:00+00,FAQ,Ask 3-1-1,,,Closed,2021/01/04 21:17:00+00,Call Center,0,0,2021,{BACE6CDA-41D3-44A9-95DE-DED0D2911E6F},,,,
,,137,317782,2021/01/04 21:17:00+00,Sanitation Department,Inquiries,,,Closed,2021/01/04 21:17:00+00,Call Center,0,0,2021,{841BCD43-7DFA-40E1-8C77-95F719367847},,,,
500807.652316246,672386.788825072,138,317783,2021/01/04 21:19:00+00,Code Enforcement,Nuisance,3201 CAFFEY DR,4,Closed,2021/01/04 21:19:00+00,Call Center,32.3474634,-86.3363888,2021,{B5746FFB-BC8F-4CAC-B68A-65FF45FA8435},,,,
509480.896124579,684219.103086904,139,317784,2021/01/04 21:20:00+00,Building Maintenance,Fire Carpentry,19 MADISON AVE,3,Closed,2021/01/11 13:19:00+00,Call Center,32.3800947,-86.3084756,2021,{101258D2-3872-4916-9A35-57A26CFE4775},,,,
,,140,317785,2021/01/04 21:25:00+00,Sanitation Department,Inquiries,,,Closed,2021/01/04 21:25:00+00,Call Center,0,0,2021,{A0D36C4D-1011-49F4-AFB6-411864B184F8},,,,
508658.009975079,669805.671611987,141,317786,2021/01/04 21:29:00+00,Street Maintenance,Fallen Trees and Limbs,3636 FARRAR ST,7,Closed,2021/01/08 14:08:00+00,Call Center,32.3404677,-86.3109327,2021,{CBC8FB47-9C04-4985-A289-2908F124A378},,,,
,,142,317787,2021/01/04 21:30:00+00,FAQ,Ask 3-1-1,,,Closed,2021/01/04 21:30:00+00,Call Center,0,0,2021,{7DB9B2AD-404C-478A-90C4-2DC7FD164C99},,,,
545411.444342081,684071.069590323,143,317788,2021/01/04 21:32:00+00,Code Enforcement,General Repairs,6267 Bell Gables Rd,9,Closed,2021/01/05 19:09:00+00,Call Center,32.3800727,-86.1920906,2021,{9499042B-C445-4A7F-AA0B-3E46931E283F},,,,
506932.145972747,673879.168386236,144,317789,2021/01/04 21:33:00+00,Traffic Engineering,Replace a signal indication that is not working,WEST FAIRVIEW AVE,7,Closed,2021/01/06 13:29:00+00,Call Center,32.3516429,-86.31658,2021,{23F3D672-07F1-4109-8F4B-7D1B0D6608A4},,,,
,,145,317790,2021/01/04 21:36:00+00,Inspections Department,Inquiries,,,Closed,2021/01/04 21:36:00+00,Call Center,0,0,2021,{1E073AF0-8BF8-4CF3-A7AD-16E22E732171},,,,
546431.717235912,693107.150927573,146,317791,2021/01/04 21:36:00+00,Sanitation Department,Request A New Container,909 EXCELSIOR DR,2,Closed,2021/01/11 20:32:00+00,Website,32.404919,-86.1888831,2021,{2021433C-6C51-4BF0-AEB0-253A72C23E97},,,,
,,147,317792,2021/01/04 21:41:00+00,Sanitation Department,Inquiries,,,Closed,2021/01/04 21:41:00+00,Call Center,0,0,2021,{676AC182-E40B-44E7-9C04-5A932634470E},,,,
512722.620612245,686795.050034739,148,317793,2021/01/04 21:53:00+00,Building Maintenance,COM Electrical,934 NORTH RIPLEY ST,3,Closed,2021/01/05 16:22:00+00,Call Center,32.3872141,-86.2980116,2021,{9D2F919A-7CAE-49DA-B5D1-53051B6A1607},,,,
531692.990151744,660070.799349487,149,317794,2021/01/04 21:57:00+00,Street Maintenance,Concrete Repairs,4159 ST LOUIS RD,6,Closed,2023/05/09 15:17:00+00,Call Center,32.3139702,-86.2362339,2021,{B9D519DD-2774-4BB0-8896-4072305B1386},,,,
,,150,317795,2021/01/04 21:59:00+00,Sanitation Department,Inquiries,,,Closed,2021/01/04 21:59:00+00,Call Center,0,0,2021,{8A490655-7B43-4490-B3A1-A4E1578277BC},,,,
531692.990151744,660070.799349487,151,317796,2021/01/04 22:00:00+00,Street Maintenance,Sidewalk,4159 ST LOUIS RD,6,Closed,2021/03/05 15:46:00+00,Call Center,32.3139702,-86.2362339,2021,{DECE873D-8B39-4C98-9934-FF6E222A4E48},,,,
,,152,317797,2021/01/04 22:02:00+00,Sanitation Department,Inquiries,,,Closed,2021/01/04 22:02:00+00,Call Center,0,0,2021,{0A6A50B5-31C7-4157-869E-2EADA240A9A6},,,,
,,153,317798,2021/01/04 22:14:00+00,FAQ,Ask 3-1-1,,,Closed,2021/01/04 22:14:00+00,Call Center,0,0,2021,{C5231979-27BB-48A6-B5CB-C6D522304695},,,,
,,154,317799,2021/01/04 22:20:00+00,Code Enforcement,Inquiries,,,Closed,2021/01/04 22:20:00+00,Call Center,0,0,2021,{FFA0DA9F-79EE-4502-8E01-2D0ECE5D9D15},,,,
514626.785767164,671847.571727656,155,317800,2021/01/04 22:23:00+00,Code Enforcement,Nuisance,3336 AUDUBON RD,7,Closed,2021/01/06 18:05:00+00,Call Center,32.3461518,-86.291636,2021,{C0CC4985-D157-4102-A84F-E14ED397F3F7},,,,
,,156,317801,2021/01/04 22:24:00+00,Sanitation Department,Inquiries,,,Closed,2021/01/04 22:24:00+00,Call Center,0,0,2021,{E4C030E5-66C5-4DE0-A3F6-211185C603BF},,,,
557828.801397078,689866.877880573,157,317802,2021/01/04 22:25:00+00,FAQ,Ask 3-1-1,7607 DEER RIDGE CT,1,Closed,2021/01/04 22:25:00+00,Call Center,32.3961114,-86.1519249,2021,{D640E06B-E26F-42D7-9547-EBD77920AF74},,,,
527779.415957913,662587.912425488,158,317803,2021/01/04 22:27:00+00,Sanitation Department,Backyard Trash Pickup (Disability Service),3055 MEDFORD LN,6,Closed,2021/01/07 18:01:00+00,Call Center,32.3208478,-86.2489328,2021,{D33B24B3-915A-4BFE-8164-01F5A3BA10A9},,,,
527779.415957913,662587.912425488,159,317804,2021/01/04 22:33:00+00,Sanitation Department,Missed Pick Up,3055 MEDFORD LN,6,Closed,2021/01/04 22:33:00+00,Call Center,32.3208478,-86.2489328,2021,{2D6F64A4-218F-41FB-83C7-E574EC776576},,,,
,,160,317805,2021/01/04 22:44:00+00,FAQ,Ask 3-1-1,,,Closed,2021/01/04 22:44:00+00,Call Center,0,0,2021,{F71AF56C-FDCB-4A7A-B5A7-0965D5A8F386},,,,
,,161,317806,2021/01/04 23:02:00+00,FAQ,Ask 3-1-1,,,Closed,2021/01/04 23:02:00+00,Call Center,0,0,2021,{134A269D-7B04-4681-A734-0FC97CE218CB},,,,
517177.280338079,659632.446879737,162,317807,2021/01/04 23:05:00+00,Street Maintenance,Request Cleaning,SETH JOHNSON DR,5,Closed,2022/04/04 14:34:00+00,Call Center,32.3126066,-86.2832117,2021,{22FDDE08-3284-40EB-925F-0D426D3E142F},,,,
525922.817636997,692207.855810158,163,317808,2021/01/04 23:08:00+00,Code Enforcement,Parking On Front Lawn,1243 High Point Rd,2,Closed,2021/01/05 19:09:00+00,Call Center,32.4022422,-86.2553206,2021,{BD41E8AB-7F0F-496B-A5EE-77830CC50382},,,,
526083.042054079,692474.95895049,164,317809,2021/01/04 23:09:00+00,Code Enforcement,Parking On Front Lawn,1401 PINE RIDGE RD,2,Closed,2021/01/05 19:16:00+00,Call Center,32.4029781,-86.2548049,2021,{11709BEF-8EF7-4CFC-B71A-D97FF749C42B},,,,
510059.322133079,676669.013528325,165,317810,2021/01/05 01:30:00+00,Traffic Engineering,Stop Sign Missing/Damaged,1349 S Perry St,3,Closed,2021/01/05 13:43:00+00,Website,32.3593495,-86.3064939,2021,{133C88BE-FD12-4A1D-8171-53FE864CF1AE},,,,
510034.127301577,676509.116866492,166,317811,2021/01/05 03:11:00+00,Street Maintenance,Sidewalk,1405 S Perry St,3,Closed,2024/07/19 13:10:00+00,Website,32.3589097,-86.3065732,2021,{307D86DE-00C6-442C-B041-61BF771652A7},,,,
529523.494818829,684181.21241466,167,317812,2021/01/05 12:06:00+00,Building Maintenance,COM Ballfield Lighting,205 PERRY HILL RD,1,Closed,2021/01/05 14:07:00+00,Call Center,32.3802185,-86.243555,2021,{2CBED5D9-D33B-479F-ADB7-076EE3ADC7CD},,,,
,,168,317813,2021/01/05 13:38:00+00,FAQ,FAQ- Montgomery Police Department,,,Closed,2021/01/05 13:39:00+00,Call Center,0,0,2021,{6E6F179A-64B5-46E4-B171-83175E282CFD},,,,
530029.332061745,675556.193247408,169,317814,2021/01/05 13:54:00+00,Building Maintenance,Fire Carpentry,4110 CARMICHAEL RD,5,Closed,2021/01/05 14:08:00+00,Call Center,32.3565168,-86.2418099,2021,{DB535CC6-B045-4F0B-B39B-37606FA96523},,,,
530029.332061745,675556.193247408,170,317815,2021/01/05 14:06:00+00,Building Maintenance,Fire Carpentry,4110 CARMICHAEL RD,5,Closed,2021/01/08 13:06:00+00,Call Center,32.3565168,-86.2418099,2021,{670706C6-4A31-4B23-9EE4-105F43070E32},,,,
525745.280262411,684463.976940989,171,317816,2021/01/05 14:10:00+00,Code Enforcement,Nuisance,3515 COTTONWOOD DR,1,Closed,2021/01/06 13:50:00+00,Call Center,32.3809553,-86.2557967,2021,{49E33A1A-24D0-4803-9C22-A306281AB8C8},,,,
,,172,317817,2021/01/05 14:11:00+00,FAQ,Ask 3-1-1,,,Closed,2021/01/05 14:11:00+00,Call Center,0,0,2021,{013A4B3B-769D-40B9-94BC-7CBBF3D4DEC9},,,,
557911.573541246,684686.274724737,173,317818,2021/01/05 14:16:00+00,Sanitation Department,Dead Animal pickup,308 SEMINOLE DR,1,Closed,2021/02/18 13:08:00+00,Call Center,32.3818724,-86.1516068,2021,{1D1A5DBB-22F9-4034-968B-D3691CA01D19},,,,
,,174,317819,2021/01/05 14:17:00+00,Sanitation Department,Inquiries,,,Closed,2021/01/05 14:17:00+00,Call Center,0,0,2021,{FDDAE6BB-ED90-4CDA-841D-32819B47253B},,,,
511127.602476828,677342.286788076,175,317820,2021/01/05 14:18:00+00,Sanitation Department,Inquiries,SOUTH HULL ST,3,Closed,2021/01/05 14:18:00+00,Call Center,32.361213,-86.303044,2021,{FA18673C-BD0B-4358-8C6B-8E9EC380F409},,,,
,,176,317821,2021/01/05 14:19:00+00,Sanitation Department,Inquiries,,,Closed,2021/01/05 14:19:00+00,Call Center,0,0,2021,{3724B4F9-CC62-424A-A2EE-2CFF195EF18A},,,,
535701.104182746,657831.550219074,177,317822,2021/01/05 14:24:00+00,Building Maintenance,COM Plumbing,5995 CHRISTY LN,6,Closed,2021/01/05 16:21:00+00,Call Center,32.307856,-86.2232342,2021,{515567F4-05C1-4D10-99FA-A5B6EB4A4974},,,,
507937.477951579,663341.109409906,178,317823,2021/01/05 14:27:00+00,Code Enforcement,Nuisance,250 W Fleming Rd,5,Closed,2021/01/07 17:00:00+00,Report2Gov Android,32.3226902,-86.3131718,2021,{F4E54B18-536D-41DC-8029-8570B2B493D2},,,,
512101.200595245,669149.230667658,179,317824,2021/01/05 14:33:00+00,Code Enforcement,Nuisance,3560 NORMAN BRIDGE RD,7,Closed,2021/01/06 19:59:00+00,Report2Gov Android,32.3387051,-86.2997755,2021,{2A2A4E8D-6C18-40C5-8589-5EB45DA26F2F},,,,
508759.646582831,669262.728472158,180,317825,2021/01/05 14:44:00+00,Sanitation Department,Request A New Container,205 NATIONAL ST,7,Closed,2021/01/14 14:08:00+00,Call Center,32.3389766,-86.3105958,2021,{1C0FE9EB-7056-40EA-AF43-5EB347FA9B56},,,,
,,181,317826,2021/01/05 14:47:00+00,FAQ,Ask 3-1-1,,,Closed,2021/01/05 14:47:00+00,Call Center,0,0,2021,{79E93DDA-0B65-41A3-8A28-79B8F0B941D3},,,,
,,182,317827,2021/01/05 14:52:00+00,Sanitation Department,Inquiries,,,Closed,2021/01/05 14:52:00+00,Call Center,0,0,2021,{080DC97A-4DF9-467E-B804-0F983B6166B0},,,,
,,183,317828,2021/01/05 14:54:00+00,Sanitation Department,Inquiries,,,Closed,2021/01/05 14:54:00+00,Call Center,0,0,2021,{D155B912-7204-445D-980E-A004560FF291},,,,
,,184,317829,2021/01/05 14:54:00+00,FAQ,FAQ-City Hall ,,,Closed,2021/01/05 14:54:00+00,Call Center,0,0,2021,{113D60A4-B2B3-4444-953C-B24E0B48702A},,,,
,,185,317830,2021/01/05 14:57:00+00,Building Maintenance,Fire Upholstery,,,Closed,2021/01/05 17:47:00+00,Call Center,0,0,2021,{AB6817F4-650F-4828-8463-31EB228940D4},,,,
517649.003147911,684637.701987237,186,317831,2021/01/05 14:57:00+00,Sanitation Department,Missing Trash Container,23 N California St,3,Closed,2021/01/14 13:43:00+00,Call Center,32.3813422,-86.282024,2021,{56E23989-15E8-453D-ACE5-930AA7545C6D},,,,
520476.57492058,686743.175138488,187,317832,2021/01/05 15:00:00+00,Urban Forestry,Tree Issues On City R.O.W.,603 FEDERAL DR,3,Closed,2021/01/07 15:26:00+00,Call Center,32.3871616,-86.2728931,2021,{4B3369BE-9B1D-4E5A-9239-BEF9BA304786},,,,
504807.838541579,669576.940770239,188,317833,2021/01/05 15:06:00+00,Code Enforcement,Parking On Front Lawn,3673 OAK ST,7,Closed,2021/01/07 16:57:00+00,Call Center,32.3397912,-86.3233949,2021,{3B256B33-C88D-4474-AACC-A6BA7A563E8D},,,,
536553.330168579,667943.384982236,189,317834,2021/01/05 15:12:00+00,Street Maintenance,Clean Inlets,5831 BRIDLE PATH LN,8,Closed,2021/01/08 14:17:00+00,Call Center,32.3356585,-86.2205942,2021,{194F9F08-0C31-4DBB-93CF-E8BA66D73FEF},,,,
,,190,317835,2021/01/05 15:20:00+00,FAQ,Ask 3-1-1,,,Closed,2021/01/05 15:20:00+00,Call Center,0,0,2021,{4ED17B6B-8AC0-4709-8E0E-7FCF6C7472AB},,,,
484705.408274081,660608.57025557,191,317836,2021/01/05 15:39:00+00,Code Enforcement,Nuisance,BREWER RD,4,Closed,2021/01/12 14:21:00+00,Call Center,32.3148712,-86.3883286,2021,{B2E11ECC-5C93-4129-8C06-E6AA9B2DC157},,,,
485070.397373494,660397.448630571,192,317837,2021/01/05 15:41:00+00,Sanitation Department,Exchange Damage Container,4335 DANNELLY DR,4,Closed,2021/01/08 13:16:00+00,Call Center,32.3142961,-86.3871437,2021,{25551C3E-64D9-49BD-BE5E-3D91CF5DC161},,,,
519445.673110995,671341.93035049,193,317838,2021/01/05 15:52:00+00,Inspections Department,Permits,2196 ALLENDALE RD,7,Closed,2021/04/26 20:15:00+00,Call Center,32.3448177,-86.2760262,2021,{19AA6EFA-7FA3-4F64-9E6F-EA79B2628312},,,,
,,194,317839,2021/01/05 15:53:00+00,FAQ,Ask 3-1-1,,,Closed,2021/01/05 15:53:00+00,Call Center,0,0,2021,{E9831A24-E783-4907-BFB4-27A15CAE4EFF},,,,
519445.673110995,671341.93035049,195,317840,2021/01/05 15:54:00+00,Street Maintenance,Clean Inlets,2196 ALLENDALE RD,7,Closed,2021/01/08 14:17:00+00,Call Center,32.3448177,-86.2760262,2021,{801AE0F0-1234-45AC-B0F5-57CC008EFB17},,,,
,,196,317841,2021/01/05 15:56:00+00,Sanitation Department,Inquiries,,,Closed,2021/01/05 15:56:00+00,Call Center,0,0,2021,{99A310AF-8600-4D22-94BB-6B465932C128},,,,
519445.673110995,671341.93035049,197,317842,2021/01/05 15:56:00+00,Street Maintenance,Curb and Gutter Lines- Concrete Repair,2196 ALLENDALE RD,7,In Progress,,Call Center,32.3448177,-86.2760262,2021,{691A2EDA-85B0-44DD-AB4F-DB3ADA666CDE},,,,
537771.662049495,677216.644650906,198,317843,2021/01/05 16:01:00+00,Sanitation Department,Garbage/Debris Dumping ( For debris that have been dumped mainly in downtown Montgomery along the r.o.w),ANN ST,5,Closed,2021/01/08 13:31:00+00,Call Center,32.3611595,-86.2167573,2021,{7772CE90-9FF6-4672-9352-5FA48E403D9D},,,,
516234.436423246,660597.583400905,199,317844,2021/01/05 16:01:00+00,Sanitation Department,Leaves and Debris Pick up,1158 BASSETT DR,5,Closed,2021/01/08 20:55:00+00,Call Center,32.3152485,-86.2862766,2021,{C594717B-4889-4051-BB4D-1F4491ED31E5},,,,
561719.675833162,661349.290230826,200,317845,2021/01/05 16:09:00+00,Sanitation Department,Leaves and Debris Pick up,RAY THORINGTON RD,8,Closed,2021/01/11 17:31:00+00,Website,32.3177572,-86.1390557,2021,{7A0AF5F3-4665-468F-A663-FD520CF3228C},,,,
492181.521274578,668687.839201987,201,317846,2021/01/05 16:12:00+00,Code Enforcement,Nuisance,3341 PILGRIM ST,4,Closed,2021/01/08 12:59:00+00,Call Center,32.337182,-86.36426,2021,{7D09B49D-771D-4F44-B966-F0C0C29E6B78},,,,
541438.495923162,672596.073183402,202,317847,2021/01/05 16:15:00+00,Traffic Engineering,Rumble Strips**DO NOT USE***,1836 WOODMERE LOOP,9,Closed,2021/01/07 19:45:00+00,Call Center,32.3484947,-86.2048305,2021,{73C49ED4-4128-42A4-8BCF-249C8B7351DA},,,,
509497.089333661,683812.461183652,203,317848,2021/01/05 16:29:00+00,Building Maintenance,COM Carpentry,35 MONROE ST,3,Closed,2021/01/11 13:19:00+00,Call Center,32.3789772,-86.3084173,2021,{535FD50F-6BD7-4D7B-B637-DF07A08B0891},,,,
529014.150365081,689221.361783154,204,317849,2021/01/05 16:30:00+00,Sanitation Department,Inquiries,DALRAIDA RD,2,Closed,2021/01/05 16:30:00+00,Call Center,32.3940666,-86.2452677,2021,{0B5BEE99-9199-4C7B-AB83-EBA850D32AFD},,,,
,,205,317850,2021/01/05 16:31:00+00,FAQ,Ask 3-1-1,,,Closed,2021/01/05 16:31:00+00,Call Center,0,0,2021,{1809FD66-25AF-4BEE-8F1F-5D4372E15AB7},,,,
,,206,317851,2021/01/05 16:35:00+00,FAQ,Ask 3-1-1,,,Closed,2021/01/05 16:35:00+00,Call Center,0,0,2021,{146C8AE9-68B7-4522-A857-DC2202CC5ED6},,,,
521717.024539411,663595.336591743,207,317852,2021/01/05 16:38:00+00,Sanitation Department,Exchange Damage Container,2354 ELSMEADE DR,6,Closed,2021/01/11 20:28:00+00,Call Center,32.3235507,-86.26857,2021,{ABD81B1D-8B1A-481D-8CBF-ACA5E86DD1F0},,,,
512763.971579414,684992.939137653,208,317853,2021/01/05 16:46:00+00,Street Maintenance,Fallen Trees and Limbs,829 COLUMBUS ST,3,Closed,2022/04/18 15:30:00+00,Call Center,32.3822613,-86.2978523,2021,{FDEFAA09-1363-484D-A440-87042C01FBD5},,,,
513302.520042997,680934.628356658,209,317854,2021/01/05 16:47:00+00,Street Maintenance,Fallen Trees and Limbs,437 SOUTH JACKSON ST,3,Closed,2022/01/19 20:05:00+00,Call Center,32.371113,-86.296051,2021,{6503F5AB-EEA0-4730-B777-B0EB3712A5E4},,,,
513595.712041911,680446.789437324,210,317855,2021/01/05 16:50:00+00,Street Maintenance,Fallen Trees and Limbs,1011 GROVE ST,3,Closed,2022/01/19 20:56:00+00,Call Center,32.3697756,-86.2950946,2021,{A1CE997F-CF91-44A0-8F45-E5C476E650A5},,,,
,,211,317856,2021/01/05 16:51:00+00,Sanitation Department,Inquiries,,,Closed,2021/01/05 16:51:00+00,Call Center,0,0,2021,{33F7C61F-B0D3-4EA9-98A1-A534CC60F98C},,,,
513815.348413661,684376.226460323,212,317857,2021/01/05 17:00:00+00,Building Maintenance,COM Plumbing,1001 MADISON AVE,3,Closed,2021/01/05 19:54:00+00,Call Center,32.3805787,-86.2944381,2021,{DBF056B0-556C-4F8C-9276-FAC285E82911},,,,
512914.631711163,667556.97827474,213,317858,2021/01/05 17:05:00+00,Street Maintenance,Curb/Gutter Clean up (dirt/debris),3709 LE BRON RD,7,Closed,2021/01/21 13:30:00+00,Call Center,32.3343383,-86.2971196,2021,{60B0E338-FB05-4875-8F99-387C13466B68},,,,
513869.885706164,671068.319677241,214,317859,2021/01/05 17:07:00+00,FAQ,FAQ- Montgomery Police Department,LE BRON RD,7,Closed,2021/01/05 17:07:00+00,Call Center,32.344001,-86.2940759,2021,{EB23E23A-3384-45FE-A860-F4280177CDBB},,,,
,,215,317860,2021/01/05 17:09:00+00,FAQ,Ask 3-1-1,,,Closed,2021/01/05 17:09:00+00,Call Center,0,0,2021,{8782AEC7-6937-4877-81B9-ECDCC90BD2EA},,,,
,,216,317861,2021/01/05 17:11:00+00,FAQ,Ask 3-1-1,,,Closed,2021/01/05 17:11:00+00,Call Center,0,0,2021,{27A4CE6C-25E2-45C2-80FC-82F3299A1687},,,,
,,217,317862,2021/01/05 17:19:00+00,FAQ,Ask 3-1-1,,,Closed,2021/01/05 17:19:00+00,Call Center,0,0,2021,{971A51F1-F43D-4599-B4F7-934C20AF32AE},,,,
,,218,317863,2021/01/05 17:24:00+00,Sanitation Department,Inquiries,,,Closed,2021/01/05 17:24:00+00,Call Center,0,0,2021,{9D6F596E-2AA0-42DA-B3D9-318DA200BDAA},,,,
505816.448072914,676085.662332825,219,317864,2021/01/05 17:31:00+00,Code Enforcement,Nuisance,1459 S Holt St,7,Closed,2021/01/06 19:54:00+00,Report2Gov Android,32.3576938,-86.3202252,2021,{369DD111-8890-468E-BF98-53B716D4B756},,,,
540478.493249994,674591.484546907,220,317865,2021/01/05 17:32:00+00,Sanitation Department,Inquiries,SANDSTONE CT,9,Closed,2021/01/05 17:32:00+00,Call Center,32.3539702,-86.2079616,2021,{61255FF1-05AB-4B02-9821-5A2C8749A4F5},,,,
531826.745133579,670786.453771159,221,317866,2021/01/05 17:34:00+00,Street Maintenance,Clean Inlets,COTTINGHAM DR,5,Closed,2021/01/08 14:13:00+00,Call Center,32.3434252,-86.2359313,2021,{29EBAB1D-B76D-4DC7-95BA-ABAA44254628},,,,
535310.446171414,668417.913560741,222,317867,2021/01/05 17:34:00+00,Street Maintenance,Pothole Repairing,3119 OLD DOBBIN RD,8,Closed,2021/04/06 19:42:00+00,Call Center,32.3369504,-86.2246237,2021,{8D26D955-4BF8-450D-ABF8-6A79D152B32A},,,,
505861.430922579,669825.682398736,223,317868,2021/01/05 17:34:00+00,Code Enforcement,Nuisance,3602 WHITING AVE,7,Closed,2021/01/06 19:53:00+00,Report2Gov Android,32.3404881,-86.3199874,2021,{C2550922-BB72-42FE-B697-F560F8EB56C6},,,,
561719.675833162,661349.290230826,224,317869,2021/01/05 17:39:00+00,Code Enforcement,Nuisance,RAY THORINGTON RD,8,Closed,2021/01/07 13:34:00+00,Call Center,32.3177572,-86.1390557,2021,{AA61E124-B32E-48BE-B2AD-7965E712EFEA},,,,
561719.675833162,661349.290230826,225,317870,2021/01/05 17:41:00+00,Urban Forestry,Tree Issues On City R.O.W.,RAY THORINGTON RD,8,Closed,2021/02/12 22:07:00+00,Call Center,32.3177572,-86.1390557,2021,{602175F7-3C97-4BD7-AE7B-95771E486591},,,,
,,226,317871,2021/01/05 17:52:00+00,FAQ,Ask 3-1-1,,,Closed,2021/01/05 17:52:00+00,Call Center,0,0,2021,{9DCD3835-5133-4364-AECC-1CA8111A8991},,,,
517473.495624911,659703.167866908,227,317872,2021/01/05 18:03:00+00,Code Enforcement,General Repairs,1259 SETH JOHNSON DR,5,Closed,2021/01/06 18:07:00+00,Call Center,32.3128044,-86.2822539,2021,{0C66C850-8785-491B-8407-B046E6DF4775},,,,
,,228,317873,2021/01/05 18:03:00+00,FAQ,Ask 3-1-1,,,Closed,2021/01/05 18:03:00+00,Call Center,0,0,2021,{59E8847E-0D37-48D2-951B-1D6959073089},,,,
,,229,317874,2021/01/05 18:03:00+00,FAQ,FAQ- Montgomery Police Department,,,Closed,2021/01/05 18:03:00+00,Call Center,0,0,2021,{AECEB4E4-B542-4914-A337-4833607CCCF2},,,,
,,230,317875,2021/01/05 18:06:00+00,FAQ,Ask 3-1-1,,,Closed,2021/01/05 18:06:00+00,Call Center,0,0,2021,{ADF82545-137A-4AD0-9B43-5E3D8CAFCDF0},,,,
514825.621327497,683480.819458492,231,317876,2021/01/05 18:11:00+00,Building Maintenance,COM Electrical,207 HALL ST,3,Closed,2021/01/05 21:10:00+00,Call Center,32.3781295,-86.2911533,2021,{3CA20D71-9614-4894-BC34-EF523F460EB7},,,,
553772.231098164,663615.556695655,232,317877,2021/01/05 18:11:00+00,Sanitation Department,Exchange Damage Container,8631 VINTAGE WAY,8,Closed,2021/03/09 13:24:00+00,Call Center,32.3239215,-86.1648037,2021,{1E83E89C-028B-440B-A6FB-D2421A57BD37},,,,
490425.970323745,672580.463634573,233,317878,2021/01/05 18:14:00+00,FAQ,Ask 3-1-1,3013 NORTH RICK DR,4,Closed,2021/01/05 18:14:00+00,Call Center,32.3478572,-86.3700068,2021,{588636DC-C772-4289-A070-DFFE4BFF6881},,,,
512800.99676783,698821.531887241,234,317879,2021/01/05 18:28:00+00,Street Maintenance,Curb/Gutter Clean up (dirt/debris),EMPIRE CT,3,Closed,2021/01/19 16:30:00+00,Call Center,32.420271,-86.297927,2021,{97D1FE6E-C270-41CC-B1B5-6697E1B191B2},,,,
524172.936294246,686491.855431154,235,317880,2021/01/05 18:32:00+00,Sanitation Department,Exchange Damage Container,102 ETON RD,2,Closed,2021/01/11 20:30:00+00,Call Center,32.386512,-86.260916,2021,{50CDB176-53C8-4AD2-B699-6138A84D2621},,,,
519061.154523078,684932.651856653,236,317881,2021/01/05 18:37:00+00,Sanitation Department,General Sanitation Inquiry,2119 ST CHARLES AVE,3,Closed,2021/04/05 13:18:00+00,Website,32.3821691,-86.2774538,2021,{A1208C73-DD77-4171-A150-938DD1D579CB},,,,
,,237,317882,2021/01/05 18:37:00+00,FAQ,Ask 3-1-1,,,Closed,2021/01/05 18:37:00+00,Call Center,0,0,2021,{D4321CC4-50AF-4968-9067-CAC95326A0F7},,,,
536479.948097497,686612.055321991,238,317883,2021/01/05 18:38:00+00,Sanitation Department,Exchange Damage Container,336 HARVARD RD,1,Closed,2021/01/11 20:40:00+00,Call Center,32.3869713,-86.2210507,2021,{CB60C092-C5DC-43FC-B7D5-182FE42F24AB},,,,
557535.877114162,663654.625187069,239,317884,2021/01/05 18:49:00+00,Sanitation Department,Missed Pick Up,8700 HALLWOOD DR,8,Closed,2021/01/08 14:11:00+00,Call Center,32.3240603,-86.1526206,2021,{AC606136-0862-4B78-ACCA-E0ECBF78536E},,,,
,,240,317885,2021/01/05 18:51:00+00,Sanitation Department,Inquiries,,,Closed,2021/01/05 18:51:00+00,Call Center,0,0,2021,{B2E2B5D7-AB85-4EFA-8401-7F228DF520A4},,,,
508406.318877414,665261.864426658,241,317886,2021/01/05 18:56:00+00,Street Maintenance,Clean Inlets,186 COLLINWOOD AVE,5,Closed,2021/01/08 14:12:00+00,Call Center,32.3279754,-86.3116819,2021,{88A999B0-1CF7-49C3-AF35-F6C783C8FBCA},,,,
508406.318877414,665261.864426658,242,317887,2021/01/05 18:57:00+00,Street Maintenance,Curb/Gutter Clean up (dirt/debris),186 COLLINWOOD AVE,5,Closed,2021/01/08 14:12:00+00,Call Center,32.3279754,-86.3116819,2021,{6729E673-7085-47B9-ADDC-D304F5BB8464},,,,
534785.011526745,687264.818780236,243,317888,2021/01/05 19:00:00+00,Code Enforcement,Parking On Front Lawn,4418 WARES FERRY RD,1,Closed,2021/01/06 18:05:00+00,Call Center,32.3887485,-86.226549,2021,{48E82424-0C8A-48B4-AA7D-55053643F9FC},,,,
,,244,317889,2021/01/05 19:11:00+00,FAQ,Animal Control Issues,,,Closed,2021/01/05 19:11:00+00,Call Center,0,0,2021,{DD2C2191-A823-45C6-87A6-6724A1985DD3},,,,
,,245,317890,2021/01/05 19:14:00+00,Sanitation Department,Inquiries,,,Closed,2021/01/05 19:14:00+00,Call Center,0,0,2021,{D389B522-2CD4-4C91-951B-DCF3ED8DD3DB},,,,
505166.742351327,667777.050997324,246,317891,2021/01/05 19:24:00+00,Sanitation Department,Exchange Damage Container,3908 OAK ST,4,Closed,2021/01/11 20:28:00+00,Call Center,32.3348485,-86.3222063,2021,{D7EF698A-5CCA-48A0-AB32-3AF394D9128F},,,,
,,247,317892,2021/01/05 19:35:00+00,FAQ,Ask 3-1-1,,,Closed,2021/01/05 19:35:00+00,Call Center,0,0,2021,{BD2C9992-2BE6-42EA-978F-9AD10E975AA4},,,,
537528.658598494,692226.013582237,248,317893,2021/01/05 20:07:00+00,Building Maintenance,COM Carpentry,2855 LAGOON PARK DR,2,Closed,2021/01/18 12:09:00+00,Call Center,32.4024124,-86.2177189,2021,{6381077F-EF4F-4C4E-8D78-DCFEA8DC28F9},,,,
537528.658598494,692226.013582237,249,317894,2021/01/05 20:08:00+00,Street Maintenance,Clean Inlets,2855 LAGOON PARK DR,2,Closed,2021/01/13 18:41:00+00,Call Center,32.4024124,-86.2177189,2021,{613CB277-4B3B-4453-A2B0-F3677780D9B4},,,,
501809.902608328,673498.224266239,250,317895,2021/01/05 20:18:00+00,Traffic Engineering,Street Light Out,2217 W Fairview Ave,4,Closed,2021/01/06 21:11:00+00,Call Center,32.3505312,-86.3331604,2021,{5EF7AECE-984E-4092-B567-3F79518BD16D},,,,
535002.894949246,666459.02476199,251,317896,2021/01/05 21:03:00+00,Street Maintenance,Repair Asphalt at Driveway (DO NOT USE-Service No Longer Provided),3357 OLD DOBBIN RD,8,Closed,2021/01/14 20:31:00+00,Call Center,32.331563,-86.2255962,2021,{1110176A-537F-4DB0-9A4D-36BB48FB0250},,,,
509480.896124579,684219.103086904,252,317897,2021/01/05 21:05:00+00,Building Maintenance,Fire Roofing,19 MADISON AVE,3,Closed,2021/01/13 20:47:00+00,Call Center,32.3800947,-86.3084756,2021,{C0614917-5526-44BB-802C-5254EA235CA8},,,,
523389.895865578,694147.28828299,253,317898,2021/01/05 21:16:00+00,Building Maintenance,COM Electrical,1751 CONG W L DICKINSON DR,2,Closed,2021/01/06 15:06:00+00,Call Center,32.4075452,-86.2635523,2021,{77D42B03-FE30-4802-AB2C-E31B28D55D59},,,,
521823.047293246,662545.297681324,254,317899,2021/01/05 21:17:00+00,Code Enforcement,Inquiries,3229 ELSBERRY DR,6,Closed,2021/01/05 21:17:00+00,Call Center,32.3206657,-86.268213,2021,{9C052E78-598F-470C-9EDA-9D1F1A519471},,,,
517773.430064414,676730.809336491,255,317900,2021/01/05 21:22:00+00,Code Enforcement,Open & Vacant(Abandon House),WEST ST,3,Closed,2021/01/06 19:47:00+00,Call Center,32.3596106,-86.2815137,2021,{659717E8-409F-4DB1-801A-97C7A9F414F0},,,,
,,256,317901,2021/01/05 21:22:00+00,FAQ,FAQ- Montgomery Police Department,,,Closed,2021/01/05 21:22:00+00,Call Center,0,0,2021,{B8B1BBE9-9DE9-4C11-918C-C7ACFAF5FD5E},,,,
,,257,317902,2021/01/05 21:23:00+00,Sanitation Department,Inquiries,,,Closed,2021/01/05 21:23:00+00,Call Center,0,0,2021,{14E0A6B8-107F-4FDF-917C-7A26114BDEF4},,,,
,,258,317903,2021/01/05 21:23:00+00,Sanitation Department,Inquiries,,,Closed,2021/01/05 21:23:00+00,Call Center,0,0,2021,{43E04892-E176-4B68-B56C-133845EF7EF0},,,,
506914.02822683,674661.390246987,259,317904,2021/01/05 21:26:00+00,Street Maintenance,Clean Inlets,600 ALEXANDER ST,7,Closed,2021/01/11 21:09:00+00,Call Center,32.3537927,-86.3166501,2021,{84DF1CA2-7604-4DEC-8A74-AFF4BBDCE5A5},,,,
506914.02822683,674661.390246987,260,317905,2021/01/05 21:27:00+00,Street Maintenance,Curb/Gutter Clean up (dirt/debris),600 ALEXANDER ST,7,Closed,2021/01/11 21:08:00+00,Call Center,32.3537927,-86.3166501,2021,{E06C7947-AEF2-4981-8EFE-F6972D8BF393},,,,
506422.09909258,674726.919315405,261,317906,2021/01/05 21:30:00+00,Street Maintenance,Clean Inlets,680 ALEXANDER ST,7,Closed,2021/01/11 21:09:00+00,Call Center,32.3539667,-86.318244,2021,{2B9F0F9F-FB60-4266-8015-EAA9E89FFE26},,,,
,,262,317907,2021/01/05 21:33:00+00,FAQ,Ask 3-1-1,,,Closed,2021/01/05 21:33:00+00,Call Center,0,0,2021,{B1579AFE-08EC-46E6-881C-D5DDD5775FD0},,,,
521121.441741079,667769.640907153,263,317908,2021/01/05 21:34:00+00,Street Maintenance,Clean Inlets,2565 CHURCHILL DR,5,Closed,2021/01/11 21:09:00+00,Call Center,32.3350177,-86.2705531,2021,{D6A9F876-9D9C-4D35-AEB0-48B813353647},,,,
520622.659274079,668221.43068599,264,317909,2021/01/05 21:39:00+00,Sanitation Department,Leaves and Debris Pick up,CHURCHILL DR,5,Closed,2021/01/12 16:44:00+00,Call Center,32.3362539,-86.2721739,2021,{96BA0E60-AB4B-4704-8B75-B398840BEA7B},,,,
,,265,317910,2021/01/05 21:42:00+00,Sanitation Department,Inquiries,,,Closed,2021/01/05 21:42:00+00,Call Center,0,0,2021,{B49E5051-B31E-45DD-85BA-57AE58F34072},,,,
513484.123026244,672727.247133657,266,317911,2021/01/05 21:42:00+00,Traffic Engineering,Repair Existing Signs,PLYMOUTH ST,7,Closed,2021/01/06 14:21:00+00,Call Center,32.3485562,-86.2953481,2021,{D872B828-8509-477D-929F-39A24977C8DC},,,,
,,267,317912,2021/01/05 21:52:00+00,Sanitation Department,Inquiries,,,Closed,2021/01/05 21:52:00+00,Call Center,0,0,2021,{A6D10F47-DCF2-433C-8DF9-D8A616F71399},,,,
502479.683092911,671329.463839993,268,317913,2021/01/05 22:02:00+00,Code Enforcement,General Repairs,3824 MCELVY ST,4,Closed,2021/01/08 17:37:00+00,Call Center,32.3445787,-86.330959,2021,{F23656A4-422F-4764-BB9B-C326177F6F8E},,,,
521341.611248247,675201.634901404,269,317914,2021/01/05 22:06:00+00,Sanitation Department,Missing Trash Container,1841 HILL HEDGE DR,7,Closed,2021/01/08 20:39:00+00,Call Center,32.355448,-86.2699384,2021,{3A491D3A-4DF2-4984-A327-93C696218950},,,,
545288.27824983,665880.881561324,270,317915,2021/01/05 22:06:00+00,Traffic Engineering,Street Light Out,NORRIS FARMS RD,8,Closed,2021/01/06 13:29:00+00,Call Center,32.330073,-86.192292,2021,{4ACA8DFD-341F-44B1-BE1B-37F2506FB16E},,,,
507744.146973412,684350.888584487,271,317916,2021/01/05 22:13:00+00,Building Maintenance,COM Carpentry,300 WATER ST,3,Closed,2021/01/07 12:59:00+00,Call Center,32.3804356,-86.314103,2021,{8D91D425-7E20-4413-9C9B-12F002593995},,,,
507744.146973412,684350.888584487,272,317917,2021/01/05 22:15:00+00,Building Maintenance,COM Cabinet Shop,300 WATER ST,3,Closed,2021/01/05 22:16:00+00,Call Center,32.3804356,-86.314103,2021,{3A3AF134-0B64-49AD-947A-89CDEB98817B},,,,
507744.146973412,684350.888584487,273,317918,2021/01/05 22:25:00+00,Building Maintenance,COM Cabinet Shop,300 WATER ST,3,Closed,2021/01/07 18:34:00+00,Call Center,32.3804356,-86.314103,2021,{53340176-7E28-47E6-9D83-6A379974E9B0},,,,
,,274,317919,2021/01/05 22:30:00+00,FAQ,Ask 3-1-1,,,Closed,2021/01/05 22:30:00+00,Call Center,0,0,2021,{80AA84CE-28A3-47BB-A98F-2A7FD19B434D},,,,
538161.342700578,688966.776990488,275,317920,2021/01/05 22:56:00+00,Code Enforcement,Demolition(House),406 PECAN TREE DR,2,Closed,2021/01/07 16:08:00+00,Call Center,32.3934602,-86.2156313,2021,{6B3FD4F0-D8EA-41F7-9209-E209CDED8C0D},,,,
512775.347540911,684847.070334904,276,317921,2021/01/05 23:02:00+00,City Jail Internal Building Maintenance,City Jail Electrical,320 N Ripley St,3,Closed,2021/01/06 16:45:00+00,Call Center,32.3818605,-86.2978134,2021,{B9857406-57D4-4486-891F-88D8F90D52BC},,,,
534414.932214413,663296.073410742,277,317922,2021/01/05 23:06:00+00,Sanitation Department,Missing Trash Container,3817 CARRIAGE OAKS DR,8,Closed,2021/01/11 20:30:00+00,Call Center,32.3228632,-86.227462,2021,{84B310E4-3723-4D5B-8850-932107B0A263},,,,
527865.458108664,681599.374730572,278,317923,2021/01/06 12:38:00+00,FAQ,Ask 3-1-1,815 GREG DR,1,Closed,2021/01/06 12:39:00+00,Call Center,32.3731044,-86.2488931,2021,{6B449DC1-7300-43FC-9E0C-2475225FE6FB},,,,
527608.621680077,681705.843677737,279,317924,2021/01/06 13:25:00+00,Code Enforcement,Inquiries,681 JORYNE DR,1,Closed,2021/01/06 13:25:00+00,Call Center,32.3733943,-86.2497263,2021,{7109F959-6C2C-4B15-A454-FCA47920DF4D},,,,
533421.100212578,673051.906589322,280,317925,2021/01/06 13:41:00+00,Sanitation Department,Exchange Damage Container,1780 YOUNG FARM RD,5,Closed,2021/01/08 20:45:00+00,Call Center,32.3496685,-86.2307963,2021,{346580DF-7489-4D7F-B652-8B9AE186A28B},,,,
527608.621680077,681705.843677737,281,317926,2021/01/06 13:47:00+00,Code Enforcement,Inquiries,681 JORYNE DR,1,Closed,2021/01/06 13:47:00+00,Call Center,32.3733943,-86.2497263,2021,{34EA0B15-7823-4B53-80A1-DD86771358A2},,,,
,,282,317927,2021/01/06 14:04:00+00,FAQ,FAQ-Municipal Court,,,Closed,2021/01/06 14:04:00+00,Call Center,0,0,2021,{66234626-4321-47CA-8198-EE54335290C7},,,,
513212.134068914,675484.931250826,283,317928,2021/01/06 14:05:00+00,Sanitation Department,Exchange Damage Container,654 CLOVERDALE RD,7,Closed,2021/01/08 20:44:00+00,Call Center,32.3561328,-86.2962674,2021,{4D6138D9-57D9-4601-A1A7-2A1C73063237},,,,
515758.848791745,665435.410667486,284,317929,2021/01/06 14:07:00+00,FAQ,Ask 3-1-1,3967 THOMAS AVE,5,Closed,2021/01/06 14:07:00+00,Call Center,32.3285404,-86.2878824,2021,{724C26F3-FC45-44D9-BBA9-A410E58D19B4},,,,
527626.765672661,680330.215195403,285,317930,2021/01/06 14:16:00+00,Code Enforcement,No Utilities(House),861 JORYNE DR,1,Closed,2021/01/07 15:27:00+00,Call Center,32.3696134,-86.2496502,2021,{9DCF6F38-4F78-4710-BC1B-30A88781DEBE},,,,
560277.457588997,662494.527113572,286,317931,2021/01/06 14:17:00+00,Building Maintenance,Fire Hvac/Refrigeration,820 RAY THORINGTON RD,8,Closed,2021/01/06 16:56:00+00,Call Center,32.3208937,-86.1437348,2021,{2487D0A9-E354-4370-8A39-857572218092},,,,
521833.902258411,687712.079368658,287,317932,2021/01/06 14:19:00+00,Building Maintenance,COM Electrical,BRANTWOOD DR,2,Closed,2021/01/06 15:47:00+00,Call Center,32.38984,-86.268509,2021,{46ECA0A6-36C5-4452-BF22-85DCAB723EC1},,,,
521833.902258411,687712.079368658,288,317933,2021/01/06 14:20:00+00,Building Maintenance,COM Carpentry,BRANTWOOD DR,2,Closed,2021/01/15 17:54:00+00,Call Center,32.38984,-86.268509,2021,{98F9B214-E283-40E2-8985-CAFDCFA128F0},,,,
521833.902258411,687712.079368658,289,317934,2021/01/06 14:20:00+00,Building Maintenance,COM Paint,BRANTWOOD DR,2,Closed,2021/01/18 12:10:00+00,Call Center,32.38984,-86.268509,2021,{A4C9713D-1259-4AD3-A753-7BE0762C51B0},,,,
510361.993115664,681466.75491707,290,317935,2021/01/06 14:22:00+00,Parks & Recreation,Library Internal Landscaping Issues,245 HIGH ST,3,Closed,2021/01/27 14:14:00+00,Call Center,32.3725403,-86.3055823,2021,{0D490AC2-631D-482C-81CE-3755F1909F7B},,,,
567366.16322783,683571.772032492,291,317936,2021/01/06 14:27:00+00,Sanitation Department,Inquiries,10520 DUNCANNON TRAIL,1,Closed,2021/01/06 14:27:00+00,Call Center,32.3788826,-86.1209716,2021,{F66B1576-A2F6-462C-A5C2-AC478B4AA37C},,,,
522647.507258497,674061.442956075,292,317937,2021/01/06 14:32:00+00,Traffic Engineering,Investigate a signalized intersection that is on flash,CARTER HILL RD,7,Closed,2021/01/06 15:28:00+00,Call Center,32.3523286,-86.2656947,2021,{490C845B-46D2-4EFB-BF7B-2DBA4BF68A50},,,,
494895.612959247,672720.77437757,293,317938,2021/01/06 14:37:00+00,Sanitation Department,Garbage/Debris Dumping ( For debris that have been dumped mainly in downtown Montgomery along the r.o.w),3315 HAYNEVILLE RD,4,Closed,2021/01/08 14:53:00+00,Call Center,32.3483036,-86.3555367,2021,{2475FC58-B375-4B6B-8905-3B36D484CCC4},,,,
,,294,317939,2021/01/06 14:54:00+00,FAQ,Ask 3-1-1,,,Closed,2021/01/06 14:54:00+00,Call Center,0,0,2021,{DFEADDEF-2FF3-45A7-BAAC-F725372524E1},,,,
504927.854377661,675146.183896825,295,317940,2021/01/06 15:08:00+00,Street Maintenance,Curb/Gutter Clean up (dirt/debris),2138 STEPHENS ST,4,Closed,2021/01/11 20:53:00+00,Call Center,32.3551004,-86.3230888,2021,{4B7EC929-39B9-4526-9725-9C9C40F97FDD},,,,
510625.818375412,670509.639364153,296,317941,2021/01/06 15:09:00+00,Street Maintenance,Clean Inlets,3459 SOUTHMONT DR,7,Closed,2021/01/11 21:04:00+00,Website,32.3424266,-86.3045716,2021,{82CFF25F-739C-4EDD-8CFC-D158ED43A079},,,,
514498.692519411,673523.576577738,297,317942,2021/01/06 15:10:00+00,Traffic Engineering,Street Light Out,PONCE DE LEON AVE,7,Closed,2021/01/06 15:28:00+00,Call Center,32.350757,-86.292074,2021,{77D93549-BB3B-4489-A4F4-FC0BFF81A280},,,,
512775.347540911,684847.070334904,298,317943,2021/01/06 15:12:00+00,Building Maintenance,COM Plumbing,320 N Ripley St,3,Closed,2021/01/06 16:58:00+00,Call Center,32.3818605,-86.2978134,2021,{D8E86757-BA5E-40A0-9C83-6CEBAF6134D1},,,,
,,299,317944,2021/01/06 15:23:00+00,Inspections Department,Inquiries,,,Closed,2021/01/06 15:23:00+00,Call Center,0,0,2021,{2DD65FC4-A146-4B17-908B-6C88A6D9539F},,,,
529523.494818829,684181.21241466,300,317945,2021/01/06 15:24:00+00,Building Maintenance,COM Plumbing,205 PERRY HILL RD,1,Closed,2021/01/06 16:38:00+00,Call Center,32.3802185,-86.243555,2021,{273ADE61-9A76-4CD7-AE40-F2D75CDBC403},,,,
510625.818375412,670509.639364153,301,317946,2021/01/06 15:26:00+00,Street Maintenance,Inquiries,3459 SOUTHMONT DR,7,Closed,2021/01/06 15:26:00+00,Call Center,32.3424266,-86.3045716,2021,{DDBD63C5-EE3D-437A-99BD-E11EE361B988},,,,
523665.317230746,660045.084833987,302,317947,2021/01/06 15:28:00+00,Building Maintenance,COM Plumbing,3480 WOODLEY RD,6,Closed,2021/01/06 19:12:00+00,Call Center,32.3138139,-86.2622172,2021,{DCF855C2-8612-4A5D-A28A-51912A2A3354},,,,
509650.75339641,683890.837339237,303,317948,2021/01/06 15:31:00+00,Building Maintenance,COM HVAC/Refrigeration,103 NORTH PERRY ST,3,Closed,2021/01/06 19:22:00+00,Call Center,32.3791945,-86.3079207,2021,{97A90921-5FDE-45A9-BD6B-A8F20F4D48DF},,,,
,,304,317949,2021/01/06 15:37:00+00,FAQ,FAQ-City Hall ,,,Closed,2021/01/06 15:37:00+00,Call Center,0,0,2021,{4F35A99E-30C4-4BA2-AE7C-48598800EF1B},,,,
513800.170622494,684099.606278658,305,317950,2021/01/06 15:42:00+00,Building Maintenance,COM Electrical,1018 MADISON AVE,3,Closed,2021/01/11 17:51:00+00,Call Center,32.3798182,-86.2944834,2021,{031426A4-2F43-4E71-B4FC-C8EA0AD93A28},,,,
513800.170622494,684099.606278658,306,317951,2021/01/06 15:43:00+00,Building Maintenance,COM Electrical,1018 MADISON AVE,3,Closed,2021/01/06 15:43:00+00,Call Center,32.3798182,-86.2944834,2021,{79787F13-BC3C-4B10-9D9C-BE25A65FA194},,,,
,,307,317952,2021/01/06 16:07:00+00,FAQ,Inquiries,,,Closed,2021/01/06 16:07:00+00,Call Center,0,0,2021,{D8BCA3F3-D817-4F56-A082-1FCF64D52F40},,,,
,,308,317953,2021/01/06 16:11:00+00,FAQ,Ask 3-1-1,,,Closed,2021/01/06 16:11:00+00,Call Center,0,0,2021,{F7C0DB44-2A43-41F2-B901-F4419207F20C},,,,
569029.92466408,682871.658275239,309,317954,2021/01/06 16:14:00+00,Street Maintenance,Clean Inlets,640 Lismore PIace,1,Closed,2021/01/06 16:15:00+00,Call Center,32.3769704,-86.1155765,2021,{04C3F39C-9B0B-466D-B9DA-6980B2F3ECA1},,,,
,,310,317955,2021/01/06 16:29:00+00,FAQ,Ask 3-1-1,,,Closed,2021/01/06 16:29:00+00,Call Center,0,0,2021,{C6457B25-78AF-46D1-B1EF-FEECBFBB73A6},,,,
520080.131487746,698970.490906909,311,317956,2021/01/06 16:37:00+00,Building Maintenance,COM Carpentry,545 E Vandiver Blvd,3,Closed,2021/01/08 13:08:00+00,Call Center,32.4207652,-86.2743407,2021,{52488291-9692-45CB-963F-36C5F761D51C},,,,
,,312,317957,2021/01/06 16:38:00+00,FAQ,Ask 3-1-1,,,Closed,2021/01/06 16:38:00+00,Call Center,0,0,2021,{AA6E868F-3952-49DC-BACC-734D2B4767C5},,,,
520080.131487746,698970.490906909,313,317958,2021/01/06 16:40:00+00,Building Maintenance,COM Carpentry,545 E Vandiver Blvd,3,Closed,2021/01/12 20:50:00+00,Call Center,32.4207652,-86.2743407,2021,{7AA09200-B47D-4825-836D-E8D0C8B6CE32},,,,
520080.131487746,698970.490906909,314,317959,2021/01/06 16:41:00+00,Building Maintenance,COM Electrical,545 E Vandiver Blvd,3,Closed,2021/01/06 18:15:00+00,Call Center,32.4207652,-86.2743407,2021,{D0208032-56C3-4FFD-A4D2-04F7CB306286},,,,
560088.583950996,664006.598236404,315,317960,2021/01/06 16:45:00+00,Inspections Department,Utility Issues,GREYTHORNE WAY,8,Closed,2021/01/07 16:51:00+00,Call Center,32.3250484,-86.1443604,2021,{BF4D2658-1CE5-4A7F-AA08-C152499C3636},,,,
518948.613737661,693202.426327571,316,317961,2021/01/06 16:48:00+00,Street Maintenance,Street Paving Request,3062 WILLENA AVE,2,Closed,2021/02/02 15:45:00+00,Call Center,32.4048982,-86.2779297,2021,{46EBE4EC-208B-46CF-8099-4F78F2031DA8},,,,
,,317,317962,2021/01/06 16:49:00+00,FAQ,FAQ- Montgomery Police Department,,,Closed,2021/01/06 16:49:00+00,Call Center,0,0,2021,{3516A75D-F5D8-4DEC-8676-41BA2E293E95},,,,
,,318,317963,2021/01/06 16:50:00+00,FAQ,Ask 3-1-1,,,Closed,2021/01/06 16:50:00+00,Call Center,0,0,2021,{EA4F0332-9234-43A8-81D0-6D18E9800D7D},,,,
,,319,317964,2021/01/06 16:51:00+00,FAQ,Ask 3-1-1,,,Closed,2021/01/06 16:51:00+00,Call Center,0,0,2021,{15F3BD6F-E68B-44A5-843F-4D49C83D3573},,,,
,,320,317965,2021/01/06 16:57:00+00,FAQ,Ask 3-1-1,,,Closed,2021/01/06 16:57:00+00,Call Center,0,0,2021,{6118B29A-79E5-4FE4-AD39-609C5758B7DA},,,,
,,321,317966,2021/01/06 16:57:00+00,FAQ,Ask 3-1-1,,,Closed,2021/01/06 16:57:00+00,Call Center,0,0,2021,{5712A15A-25ED-4875-AC3C-987C3A622462},,,,
,,322,317967,2021/01/06 16:59:00+00,FAQ,Ask 3-1-1,,,Closed,2021/01/06 16:59:00+00,Call Center,0,0,2021,{447F9D35-C670-4E48-86B3-DA37B1377C5C},,,,
501654.809742663,657308.294047736,323,317968,2021/01/06 17:00:00+00,Code Enforcement,Open & Vacant(Abandon House),5113 ESCO DR,4,Closed,2021/01/08 17:34:00+00,Call Center,32.3060293,-86.3334179,2021,{B8E28F8C-5EDD-4BA4-BBD8-ACA4D0727B08},,,,
500586.109452244,656480.552921072,324,317969,2021/01/06 17:01:00+00,Code Enforcement,Parking On Front Lawn,5248 LEVENSON RD,4,Closed,2021/01/14 13:32:00+00,Call Center,32.3037404,-86.3368641,2021,{49F859B8-FDB1-46D5-8499-849C77645D81},,,,
499246.255504664,655244.870024987,325,317970,2021/01/06 17:06:00+00,Code Enforcement,General Repairs,360 GREEN LEAF DR,4,Closed,2021/01/12 19:55:00+00,Call Center,32.3003266,-86.3411814,2021,{6F777459-AC48-4598-8109-BB04BBE0DB31},,,,
499979.866242163,655673.219233908,326,317971,2021/01/06 17:07:00+00,Code Enforcement,General Repairs,420 GREEN LEAF DR,4,Closed,2021/01/06 18:06:00+00,Call Center,32.3015135,-86.3388138,2021,{92626BBA-146A-437B-A7D2-BC8029F13246},,,,
535187.518267661,663298.334232986,327,317972,2021/01/06 17:10:00+00,Sanitation Department,Leaves and Debris Pick up,3679 CARRIAGE OAKS DR,8,Closed,2021/01/08 19:29:00+00,Call Center,32.3228772,-86.2249611,2021,{B594ED4E-ABB5-48A1-9CCA-FD9B006BBA40},,,,
524978.447150413,688078.643596157,328,317973,2021/01/06 17:10:00+00,Sanitation Department,Inquiries,EAST SIXTH ST (OP),2,Closed,2021/01/06 17:10:00+00,Call Center,32.3908823,-86.2583271,2021,{8D06ED6A-0569-4FA7-BFD4-589AA0EBEE7A},,,,
,,329,317974,2021/01/06 17:16:00+00,Code Enforcement,Inquiries,,,Closed,2021/01/06 17:16:00+00,Call Center,0,0,2021,{23C5F461-ED92-43F4-88D5-F4C883569DCB},,,,
,,330,317975,2021/01/06 17:33:00+00,FAQ,FAQ-City Hall ,,,Closed,2021/01/06 17:33:00+00,Call Center,0,0,2021,{A26D2FD4-7296-40E4-B31A-ACBB000F93AF},,,,
502642.29464433,674921.872009486,331,317976,2021/01/06 17:36:00+00,Code Enforcement,Demolition(House),2249 HERCULES ST,4,Closed,2021/01/12 19:53:00+00,Control Panel,32.3544549,-86.3304865,2021,{9A38BDBD-042A-4678-BB12-CCC7F3F84ECA},,,,
517768.655467663,668623.69497332,332,317977,2021/01/06 17:39:00+00,Code Enforcement,Nuisance,3766 MACLAMAR RD,5,Closed,2021/01/07 16:11:00+00,Website,32.3373271,-86.2814193,2021,{ABF17F37-7311-4D74-9892-1DBBA374C14A},,,,
,,333,317978,2021/01/06 17:46:00+00,FAQ,FAQ-City Hall ,,,Closed,2021/01/06 17:46:00+00,Call Center,0,0,2021,{23AE5981-4CE5-4AD6-B152-40F15924467E},,,,
526614.087579913,681133.29593832,334,317979,2021/01/06 17:46:00+00,Sanitation Department,Missed Pick Up,3626 BENNETT DR,1,Closed,2021/02/18 13:09:00+00,Call Center,32.3718099,-86.2529402,2021,{4E2CA30E-8CD7-45AE-BAF6-ECE048F37913},,,,
,,335,317980,2021/01/06 17:49:00+00,FAQ,Ask 3-1-1,,,Closed,2021/01/06 17:49:00+00,Call Center,0,0,2021,{A2E36885-8E59-4E9E-8C9C-78982C379553},,,,
,,336,317981,2021/01/06 17:56:00+00,FAQ,Ask 3-1-1,,,Closed,2021/01/06 17:56:00+00,Call Center,0,0,2021,{9160B5E8-617D-420E-BE33-E61EF814B189},,,,
,,337,317982,2021/01/06 17:57:00+00,Sanitation Department,Inquiries,,,Closed,2021/01/06 17:57:00+00,Call Center,0,0,2021,{502CDA96-CFB9-41A2-A82E-35209439B7D0},,,,
499246.255504664,655244.870024987,338,317983,2021/01/06 18:03:00+00,Code Enforcement,General Repairs,360 GREEN LEAF DR,4,Closed,2021/01/06 18:05:00+00,Call Center,32.3003266,-86.3411814,2021,{96C546A7-EA45-4DA0-8FFF-F094DFE4EEA0},,,,
498573.052126661,655222.670922406,339,317984,2021/01/06 18:04:00+00,Code Enforcement,General Repairs,320 GREEN LEAF DR,4,Closed,2021/01/08 17:23:00+00,Call Center,32.3002568,-86.3433597,2021,{A0A787CC-F3E2-4D5F-845D-F80C711B5643},,,,
496870.666095745,657477.575861409,340,317985,2021/01/06 18:07:00+00,Code Enforcement,General Repairs,5014 GREENSBORO CT,4,Closed,2021/01/08 17:29:00+00,Call Center,32.3064323,-86.3489041,2021,{8FE4BE54-1911-4BF2-B6B3-B74389444261},,,,
,,341,317986,2021/01/06 18:11:00+00,Sanitation Department,Inquiries,,,Closed,2021/01/06 18:11:00+00,Call Center,0,0,2021,{7C6B7006-5907-47A3-A885-510138BF4ABD},,,,
,,342,317987,2021/01/06 18:23:00+00,Code Enforcement,Inquiries,,,Closed,2021/01/06 18:23:00+00,Call Center,0,0,2021,{B0320F6C-0084-4E83-9438-7FF38C18D83F},,,,
,,343,317988,2021/01/06 18:33:00+00,FAQ,Ask 3-1-1,,,Closed,2021/01/06 18:33:00+00,Call Center,0,0,2021,{E5839310-640A-478B-8568-9998D2AE79BA},,,,
,,344,317989,2021/01/06 18:42:00+00,FAQ,Ask 3-1-1,,,Closed,2021/01/06 18:43:00+00,Call Center,0,0,2021,{C4A58DD9-CB6B-49BD-A9CC-EB6D3BB08BAF},,,,
,,345,317990,2021/01/06 18:49:00+00,FAQ,Ask 3-1-1,,,Closed,2021/01/06 18:49:00+00,Call Center,0,0,2021,{AC1DD10F-8F34-4513-8519-E4CD5CE32EA1},,,,
,,346,317991,2021/01/06 18:53:00+00,FAQ,Ask 3-1-1,,,Closed,2021/01/06 18:53:00+00,Call Center,0,0,2021,{80374373-B4D3-468B-B168-46B502D27A07},,,,
555330.452719245,681369.338117152,347,317992,2021/01/06 19:15:00+00,Sanitation Department,Exchange Damage Container,7870 COPPERFIELD DR,9,Closed,2021/01/08 16:30:00+00,Call Center,32.3727339,-86.1599348,2021,{DBCEC0D1-639C-4CC3-9D43-9853AFD4E0E1},,,,
532718.604242247,688438.516564071,348,317993,2021/01/06 19:25:00+00,Sanitation Department,Leaves and Debris Pick up,4065 RAY DR,2,Closed,2021/04/05 13:19:00+00,Call Center,32.3919535,-86.2332572,2021,{22CB6B43-67E5-499F-B4C6-5C2D37DE5596},,,,
,,349,317994,2021/01/06 19:27:00+00,FAQ,Ask 3-1-1,,,Closed,2021/01/06 19:27:00+00,Call Center,0,0,2021,{47EE9B79-39E8-4598-A55C-8695B6137BD8},,,,
,,350,317995,2021/01/06 19:28:00+00,Sanitation Department,Inquiries,,,Closed,2021/01/06 19:28:00+00,Call Center,0,0,2021,{966700B4-7695-452F-9B4A-53EF5A23A397},,,,
,,351,317996,2021/01/06 19:39:00+00,Sanitation Department,Inquiries,,,Closed,2021/01/06 19:39:00+00,Call Center,0,0,2021,{9D0F44E0-3050-4AD8-AE54-8DED8BE5BEF8},,,,
,,352,317997,2021/01/06 19:44:00+00,Sanitation Department,Inquiries,,,Closed,2021/01/06 19:44:00+00,Call Center,0,0,2021,{EBF0B68A-3591-462C-BD6A-12998F58CDD8},,,,
,,353,317998,2021/01/06 19:44:00+00,FAQ,FAQ-City Hall ,,,Closed,2021/01/06 19:44:00+00,Call Center,0,0,2021,{7A0FFB13-0E9C-4BF5-AED5-B15660325498},,,,
,,354,317999,2021/01/06 19:49:00+00,FAQ,Ask 3-1-1,,,Closed,2021/01/06 19:49:00+00,Call Center,0,0,2021,{63D42773-1F6B-42DD-9EE9-83970AB84CDB},,,,
513800.170622494,684099.606278658,355,318000,2021/01/06 19:49:00+00,Building Maintenance,COM Electrical,1018 MADISON AVE,3,Closed,2021/01/07 15:38:00+00,Call Center,32.3798182,-86.2944834,2021,{E186E99E-C9A8-4A55-8CF2-9A7FE5FF1D2C},,,,
,,356,318001,2021/01/06 19:51:00+00,Sanitation Department,Inquiries,,,Closed,2021/01/06 19:51:00+00,Call Center,0,0,2021,{90E35363-575C-444F-A331-2203789E89A5},,,,
564974.64045183,681903.510933325,357,318002,2021/01/06 19:56:00+00,Sanitation Department,General Sanitation Inquiry,9456 ALYSBURY PL,1,Closed,2021/04/05 13:18:00+00,Website,32.3742792,-86.1287031,2021,{8A05968B-51FF-46FD-ACBE-13890CE10671},,,,
530806.143500246,658012.922231659,358,318003,2021/01/06 20:10:00+00,Code Enforcement,Nuisance,VIRGINIA LOOP RD,6,Closed,2021/01/07 16:10:00+00,Call Center,32.3083046,-86.2390792,2021,{016BF189-2FA4-4AFE-9484-4869D52EBC2A},,,,
,,359,318004,2021/01/06 20:11:00+00,FAQ,Ask 3-1-1,,,Closed,2021/01/06 20:11:00+00,Call Center,0,0,2021,{6D8A5647-36E4-42D1-9229-500E1CC9D2DF},,,,
,,360,318005,2021/01/06 20:13:00+00,FAQ,Ask 3-1-1,,,Closed,2021/01/06 20:13:00+00,Call Center,0,0,2021,{72AB95B9-82EE-4750-BD5E-54BF0CAF2EEF},,,,
506059.187416829,670252.417765737,361,318006,2021/01/06 20:22:00+00,Code Enforcement,General Repairs,3533 WHITING AVE,7,Closed,2021/01/13 13:38:00+00,Call Center,32.3416635,-86.3193534,2021,{50DD672A-DD49-4662-BB8E-16F2294C9336},,,,
,,362,318007,2021/01/06 20:23:00+00,Sanitation Department,Inquiries,,,Closed,2021/01/06 20:23:00+00,Call Center,0,0,2021,{00D0A934-F7E8-413C-927B-887B7DAD740F},,,,
,,363,318008,2021/01/06 20:42:00+00,FAQ,FAQ-City Hall ,,,Closed,2021/01/06 20:42:00+00,Call Center,0,0,2021,{5F0B8CAB-EFA2-44D0-A0E5-37ECF3197694},,,,
525788.262459911,686710.132553659,364,318009,2021/01/06 20:49:00+00,FAQ,Ask 3-1-1,WEST WAREINGWOOD DR,2,Closed,2021/01/06 20:49:00+00,Call Center,32.3871296,-86.2556862,2021,{73D05247-6273-4786-AF3B-A84D2A30FCF8},,,,
567672.784005661,683292.850674324,365,318010,2021/01/06 20:52:00+00,FAQ,Ask 3-1-1,1029 STONEYBROOKE WAY,1,Closed,2021/01/06 20:52:00+00,Call Center,32.3781182,-86.119976,2021,{FF016566-8029-45A2-A569-AA10563ABCF9},,,,
513800.170622494,684099.606278658,366,318011,2021/01/06 20:55:00+00,Building Maintenance,COM Plumbing,1018 MADISON AVE,3,Closed,2021/01/07 20:18:00+00,Call Center,32.3798182,-86.2944834,2021,{0E2032AA-E0F3-4A63-B01A-5F0C5C30D10D},,,,
,,367,318012,2021/01/06 20:57:00+00,FAQ,FAQ- Neighborhood Services,,,Closed,2021/01/06 20:57:00+00,Call Center,0,0,2021,{83EB339A-5E7B-4215-B551-1093E8DD0965},,,,
,,368,318013,2021/01/06 20:58:00+00,Sanitation Department,Inquiries,,,Closed,2021/01/06 20:58:00+00,Call Center,0,0,2021,{0D1B6D3E-46D1-4F45-B2A2-1D4083D97498},,,,
530917.674117077,686828.091635324,369,318014,2021/01/06 21:06:00+00,Code Enforcement,Nuisance,4135 WARES FERRY RD,2,Closed,2021/01/07 16:10:00+00,Call Center,32.3875084,-86.2390716,2021,{02AE6169-B50C-4F0A-BB48-26D2ED48441B},,,,
518711.510209244,692845.849940993,370,318015,2021/01/06 21:16:00+00,Code Enforcement,General Repairs,3035 WILLENA AVE,2,Closed,2021/01/08 16:42:00+00,Call Center,32.4039154,-86.2786931,2021,{1D3C7995-3388-462A-9C09-5CF141656D4E},,,,
,,371,318016,2021/01/06 21:23:00+00,FAQ,Ask 3-1-1,,,Closed,2021/01/06 21:23:00+00,Call Center,0,0,2021,{DE9A3421-9A1E-4242-B7E9-787000C496CE},,,,
498155.315101247,654989.88857957,372,318017,2021/01/06 21:26:00+00,Planning Department,Business in Residential District,WEST SHADES VALLEY DR,4,Closed,2021/01/06 21:56:00+00,Call Center,32.2996115,-86.344708,2021,{61BE197D-128D-4C09-BCEB-6F2BCEB93C5A},,,,
534605.691019244,688229.267966822,373,318018,2021/01/06 21:28:00+00,Street Maintenance,Clean Inlets,SARVER AVE,2,Closed,2021/01/11 20:52:00+00,Call Center,32.3913976,-86.2271414,2021,{D5A64C4F-A29A-4DD7-85D7-9DA383796696},,,,
,,374,318019,2021/01/06 21:33:00+00,Sanitation Department,Inquiries,,,Closed,2021/01/06 21:33:00+00,Call Center,0,0,2021,{45AE2D48-4CC5-42F8-AF80-BC5D2DFA8DDC},,,,
549706.692641329,687471.17105782,375,318020,2021/01/06 21:35:00+00,Sanitation Department,General Sanitation Inquiry,MOORFIELD LN,1,Closed,2021/04/05 13:18:00+00,Call Center,32.3894572,-86.1782132,2021,{D832BED9-4A65-417A-A5E2-6906D3C39B67},,,,
,,376,318021,2021/01/06 21:41:00+00,FAQ,Ask 3-1-1,,,Closed,2021/01/06 21:41:00+00,Call Center,0,0,2021,{4EA71BC1-BF8E-49DE-A845-4897E0513A20},,,,
525762.816316579,667171.318284906,377,318022,2021/01/06 22:00:00+00,Code Enforcement,Nuisance,2507 BURKELAUN DR,5,Closed,2021/01/07 16:09:00+00,Website,32.3334243,-86.255519,2021,{0F9CA7F2-9AA2-403D-87E4-B264B14DAF83},,,,
513957.375688661,690055.802371487,378,318023,2021/01/06 22:19:00+00,Building Maintenance,COM Carpentry,1818 N Decatur St,3,Closed,2021/01/08 13:05:00+00,Website,32.3961913,-86.2940573,2021,{5C2C5906-D62A-4ED9-BB6F-6B21FF7D7B84},,,,
,,379,318024,2021/01/06 22:20:00+00,FAQ,Ask 3-1-1,,,Closed,2021/01/06 22:20:00+00,Call Center,0,0,2021,{31A5C811-AC09-46FD-A2EF-951CDC18F7CF},,,,
,,380,318025,2021/01/06 22:37:00+00,FAQ,FAQ-Municipal Court,,,Closed,2021/01/06 22:37:00+00,Call Center,0,0,2021,{BFB73753-B324-49C5-AAE7-BCC9B096E8A8},,,,
,,381,318026,2021/01/06 22:38:00+00,FAQ,Ask 3-1-1,,,Closed,2021/01/06 22:38:00+00,Call Center,0,0,2021,{FD290B90-A370-4685-BFD8-9DA89C0408D6},,,,
545201.812215414,689800.494483158,382,318027,2021/01/06 22:41:00+00,Sanitation Department,Litter Problems for paper and Other Small Items (DO NOT USE FOR BULKY ITEMS),WARES FERRY RD,1,Closed,2021/01/12 13:20:00+00,Call Center,32.3958189,-86.192832,2021,{6326D022-544D-4EA2-B82C-7DCF6AB48DD4},,,,
542929.195369579,688829.799902238,383,318028,2021/01/07 13:36:00+00,Street Maintenance,Request Cleaning,5831 WARES FERRY RD,2,Closed,2021/01/13 18:40:00+00,Call Center,32.3931296,-86.2001838,2021,{284C8693-9FBD-4234-8EA9-62C8AE7616F1},,,,
,,384,318029,2021/01/07 13:39:00+00,FAQ,Ask 3-1-1,,,Closed,2021/01/07 13:39:00+00,Call Center,0,0,2021,{9C79D5CE-54E4-4430-8719-97FD666FA903},,,,
,,385,318030,2021/01/07 13:39:00+00,Sanitation Department,Inquiries,,,Closed,2021/01/07 13:39:00+00,Call Center,0,0,2021,{6ADEB199-2BE1-4060-8EE3-0C0EDB6721A3},,,,
500430.64060308,673506.147150658,386,318031,2021/01/07 13:53:00+00,Traffic Engineering,Signalized Intersections,W Fairview Ave,4,Closed,2021/01/07 13:53:00+00,Control Panel,32.3505352,-86.3376266,2021,{C453B5E1-03BA-4A54-B2A4-8AD559304F11},,,,
517533.915451579,665461.725903571,387,318032,2021/01/07 13:55:00+00,Traffic Engineering,Signalized Intersections,NARROW LANE RD,5,Closed,2021/01/07 13:55:00+00,Control Panel,32.3286333,-86.2821364,2021,{01119B18-6392-4C83-9E43-F60B6C532D20},,,,
516095.552842747,674086.112854242,388,318033,2021/01/07 14:04:00+00,Building Maintenance,Fire Carpentry,1329 EAST FAIRVIEW AVE,7,Closed,2021/01/19 18:12:00+00,Call Center,32.3523219,-86.286911,2021,{75F0CEBD-8012-4BFB-851D-1CD562295FB9},,,,
512113.770780079,665005.545385487,389,318034,2021/01/07 14:05:00+00,Building Maintenance,Fire Carpentry,3950 NORMAN BRIDGE RD,5,Closed,2021/01/11 13:18:00+00,Call Center,32.3273158,-86.2996764,2021,{9E3B86F6-07AA-4442-A9CB-EDADF0D7BEC2},,,,
519159.287200827,697912.235477492,390,318035,2021/01/07 14:14:00+00,Building Maintenance,COM HVAC/Refrigeration,329 E Vandiver Blvd,3,Closed,2021/01/07 20:11:00+00,Call Center,32.417846,-86.2773105,2021,{FD250C83-B77A-45BC-83E7-923B2508725B},,,,
,,391,318036,2021/01/07 14:17:00+00,Sanitation Department,Inquiries,,,Closed,2021/01/07 14:17:00+00,Call Center,0,0,2021,{0761C614-8DB5-4CD4-AA40-D462EA1B2A7C},,,,
,,392,318037,2021/01/07 14:19:00+00,Sanitation Department,Inquiries,,,Closed,2021/01/07 14:19:00+00,Call Center,0,0,2021,{6066A822-8A1F-41EE-AB8F-C31069C78203},,,,
,,393,318038,2021/01/07 14:30:00+00,Sanitation Department,Inquiries,,,Closed,2021/01/07 14:30:00+00,Call Center,0,0,2021,{DDAB8075-33AC-4DA6-AD01-F5DD48BF3840},,,,
,,394,318039,2021/01/07 14:40:00+00,FAQ,Ask 3-1-1,,,Closed,2021/01/07 14:40:00+00,Call Center,0,0,2021,{DA04F7C1-ECBA-49B6-AC6A-9CBFDC6CAE49},,,,
,,395,318040,2021/01/07 14:46:00+00,FAQ,Ask 3-1-1,,,Closed,2021/01/07 14:46:00+00,Call Center,0,0,2021,{7275DCAD-C57C-4D00-BFE1-D1854E0A63F6},,,,
534785.011526745,687264.818780236,396,318041,2021/01/07 14:56:00+00,Code Enforcement,Parking On Front Lawn,4418 WARES FERRY RD,1,Closed,2021/01/08 15:32:00+00,Call Center,32.3887485,-86.226549,2021,{9D34459E-EE31-4E2A-BAC9-0330A7621B9B},,,,
,,397,318042,2021/01/07 15:07:00+00,Sanitation Department,Inquiries,,,Closed,2021/01/07 15:07:00+00,Call Center,0,0,2021,{B3D30C93-EDAE-45D7-9754-8CFE173AC25D},,,,
,,398,318043,2021/01/07 15:16:00+00,FAQ,Ask 3-1-1,,,Closed,2021/01/07 15:16:00+00,Call Center,0,0,2021,{0A4D366A-393F-4540-820A-64D875BB9B64},,,,
,,399,318044,2021/01/07 15:21:00+00,Sanitation Department,Inquiries,,,Closed,2021/01/07 15:21:00+00,Call Center,0,0,2021,{D6F932BC-4694-416E-AA7C-2A0695453346},,,,
476354.729109328,673559.142451487,400,318045,2021/01/07 15:22:00+00,Urban Forestry,Tree Issues On City R.O.W.,VAZIS LN,4,Closed,2021/02/12 22:05:00+00,Control Panel,32.3503451,-86.4155852,2021,{7BEEAB1A-3DCB-47DE-BA41-3DC3D6F62B48},,,,
519866.602715328,675395.595143408,401,318046,2021/01/07 15:23:00+00,Urban Forestry,Tree Issues On City R.O.W.,2057 COMMODORE CIR,7,Closed,2021/02/11 20:27:00+00,Control Panel,32.3559645,-86.2747174,2021,{43D972F5-D43A-4629-8CC2-6E78212F6D1C},,,,
,,402,318047,2021/01/07 15:24:00+00,Sanitation Department,Inquiries,,,Closed,2021/01/07 15:24:00+00,Call Center,0,0,2021,{2FAF9D6D-B7E4-489C-8039-2EB8B674D17F},,,,
509192.896372497,685484.734741986,403,318048,2021/01/07 15:25:00+00,Sanitation Department,Commercial garbage Pick Up,525 NORTH COURT ST,3,Closed,2021/01/07 15:25:00+00,Call Center,32.3835699,-86.3094267,2021,{91FAC22A-A699-48FB-BB8C-2AC9816CACCB},,,,
,,404,318049,2021/01/07 15:26:00+00,Sanitation Department,Inquiries,,,Closed,2021/01/07 15:26:00+00,Call Center,0,0,2021,{B3B0A189-CFAF-4791-9759-2B8293B8E184},,,,
527768.757842746,691380.427674986,405,318050,2021/01/07 15:27:00+00,Sanitation Department,Exchange Damage Container,3722 WOODHILL RD,2,Closed,2021/01/11 20:39:00+00,Call Center,32.3999878,-86.2493295,2021,{EE1F1882-0614-4F60-9677-E514AC2FE4BF},,,,
,,406,318051,2021/01/07 15:27:00+00,Sanitation Department,Inquiries,,,Closed,2021/01/07 15:27:00+00,Call Center,0,0,2021,{C138E35E-9F87-4455-8794-54CDDB81CA4F},,,,
511249.026446577,685375.342572324,407,318052,2021/01/07 15:31:00+00,Urban Forestry,Tree Maintenance,NORTH DECATUR ST,3,Closed,2021/01/07 20:25:00+00,Control Panel,32.3832942,-86.3027649,2021,{2A52DC3C-D302-44E2-BA9E-EB4D1B83639B},,,,
546415.808475077,673553.072581738,408,318053,2021/01/07 15:32:00+00,Urban Forestry,Tree Issues On Private Property,6271 THACH RD,9,Closed,2021/01/07 16:00:00+00,Control Panel,32.3511716,-86.1887242,2021,{3C252A8C-B68B-41D7-8F1E-1CF308F5DD2C},,,,
505295.189272914,669107.533900656,409,318054,2021/01/07 15:37:00+00,Code Enforcement,Demolition(House),923 NATIONAL ST,7,Closed,2021/01/13 14:33:00+00,Call Center,32.3385071,-86.3218101,2021,{46A2E7B4-A936-4698-BEF9-13CFB6F10D80},,,,
,,410,318055,2021/01/07 15:38:00+00,Urban Forestry,Inquiries,,,Closed,2021/01/08 16:28:00+00,Control Panel,0,0,2021,{05473D62-2458-4829-A509-DCE849A045B4},,,,
513452.366199996,674413.901896819,411,318056,2021/01/07 15:39:00+00,Urban Forestry,Tree Issues On Private Property,728 THORN PL,7,Closed,2021/01/08 16:27:00+00,Control Panel,32.3531918,-86.2954745,2021,{6E984072-AECB-45A9-A384-34A145C1CD5F},,,,
543473.213966578,688540.632501572,412,318057,2021/01/07 15:45:00+00,Code Enforcement,Nuisance,NORTH BURBANK DR ,1,Closed,2021/01/08 15:33:00+00,Call Center,32.3923399,-86.1984182,2021,{C49127FB-D780-4053-B557-663DD6C39E51},,,,
,,413,318058,2021/01/07 15:52:00+00,FAQ,Ask 3-1-1,,,Closed,2021/01/07 15:52:00+00,Call Center,0,0,2021,{E35F7B3C-9D8E-4956-AC82-B2B9D96E8A5D},,,,
512775.347540911,684847.070334904,414,318059,2021/01/07 15:55:00+00,City Jail Internal Building Maintenance,City Jail Hvac/Refrigeration,320 NORTH RIPLEY ST,3,Closed,2021/01/13 17:11:00+00,Call Center,32.3818605,-86.2978134,2021,{2E2842BB-CD17-4E7D-9DC4-55AF1CEEB679},,,,
498486.970933996,656425.100276075,415,318060,2021/01/07 15:56:00+00,Code Enforcement,General Repairs,301 JEFFREY DR,4,Closed,2021/01/12 20:06:00+00,Call Center,32.3035607,-86.3436568,2021,{C192E51A-23B2-4BF1-AFF8-4559CA90A1D3},,,,
498494.898739662,654227.745090738,416,318061,2021/01/07 15:57:00+00,Code Enforcement,General Repairs,5346 CONNIE CIR,4,Closed,2021/01/13 13:40:00+00,Call Center,32.2975211,-86.3435973,2021,{7918E8B2-3C17-4153-8784-875D4612C104},,,,
498860.591577828,653923.819517486,417,318062,2021/01/07 15:58:00+00,Code Enforcement,General Repairs,5374 CONNIE CIR,4,Closed,2021/01/13 13:42:00+00,Call Center,32.2966905,-86.3424092,2021,{3377E894-78E9-483E-9E17-B85D55658FEF},,,,
498745.126585662,655376.948500991,418,318063,2021/01/07 16:00:00+00,Code Enforcement,General Repairs,333 GREEN LEAF DR,4,Closed,2021/01/13 13:53:00+00,Call Center,32.3006831,-86.3428052,2021,{1CE5A3BE-DC2A-42A0-ABB4-173F20DF9661},,,,
498953.214424077,655384.983261824,419,318064,2021/01/07 16:00:00+00,Code Enforcement,General Repairs,345 GREEN LEAF DR,4,Closed,2021/01/13 13:54:00+00,Call Center,32.3007079,-86.3421319,2021,{29744103-2612-47D3-984F-49DF616FED11},,,,
499435.509391245,656444.683570236,420,318065,2021/01/07 16:01:00+00,Code Enforcement,General Repairs,417 JEFFREY DR,4,Closed,2021/01/13 14:27:00+00,Call Center,32.3036269,-86.3405873,2021,{8641933C-AA2B-4DD1-9DFB-D1C2153CDDCF},,,,
499227.428442579,656436.646184742,421,318066,2021/01/07 16:04:00+00,Code Enforcement,General Repairs,405 JEFFREY DR,4,Closed,2021/01/13 14:44:00+00,Call Center,32.3036021,-86.3412606,2021,{8E7B3604-B40F-43AD-AA62-3311371910E4},,,,
499547.089876745,656746.161641821,422,318067,2021/01/07 16:05:00+00,Code Enforcement,General Repairs,5159 RUSH DR,4,Closed,2021/01/12 20:17:00+00,Call Center,32.304457,-86.3402308,2021,{AF051E0A-B15E-48A7-B364-4CC9BF4BC1BE},,,,
497042.165424664,657519.245397486,423,318068,2021/01/07 16:06:00+00,Code Enforcement,General Repairs,5009 GREENSBORO CT,4,Closed,2021/01/12 20:22:00+00,Call Center,32.3065491,-86.3483497,2021,{E6626133-84D6-44D6-9443-D2FF24D3B814},,,,
500027.405189078,657387.452353992,424,318069,2021/01/07 16:07:00+00,Code Enforcement,General Repairs,639 GREEN LEAF DR,4,Closed,2021/01/13 14:52:00+00,Call Center,32.3062259,-86.3386861,2021,{CBBAFD91-5B5A-4D10-A9B9-341DDCE6AAF5},,,,
498527.973476663,654749.594112657,425,318070,2021/01/07 16:08:00+00,Code Enforcement,General Repairs,5315 CONNIE CIR,4,Closed,2021/01/13 14:45:00+00,Call Center,32.2989559,-86.3434983,2021,{83BC047F-535D-4B44-B3F8-BE1570148C7B},,,,
499612.517567411,657644.956760243,426,318071,2021/01/07 16:09:00+00,Code Enforcement,General Repairs,501 SOUTHLAWN DR,4,Closed,2021/01/12 20:14:00+00,Call Center,32.3069283,-86.3400328,2021,{7B58C858-C4B4-46A7-9AE9-88170DB8BBDB},,,,
499269.351915162,654954.251839824,427,318072,2021/01/07 16:10:00+00,Code Enforcement,General Repairs,5302 KEVIN CT,4,Closed,2021/01/13 14:47:00+00,Call Center,32.2995281,-86.3411022,2021,{1446F6D0-7DF2-4991-9C11-AAF59FAF1D10},,,,
509650.75339641,683890.837339237,428,318073,2021/01/07 16:17:00+00,Building Maintenance,COM Electrical,103 N Perry St,3,Closed,2021/01/07 21:01:00+00,Call Center,32.3791945,-86.3079207,2021,{792EE69E-9A8C-4289-AD65-013F3BC53901},,,,
537528.658598494,692226.013582237,429,318074,2021/01/07 16:23:00+00,Building Maintenance,COM Plumbing,2855 LAGOON PARK DR,2,Closed,2021/01/11 17:22:00+00,Call Center,32.4024124,-86.2177189,2021,{648C166C-F377-4CE0-9214-58DCBCD400EA},,,,
537528.658598494,692226.013582237,430,318075,2021/01/07 16:24:00+00,Building Maintenance,COM HVAC/Refrigeration,2855 LAGOON PARK DR,2,Closed,2021/01/11 16:55:00+00,Call Center,32.4024124,-86.2177189,2021,{D8F70321-96D1-4C2F-879E-5C76A06A09CB},,,,
,,431,318076,2021/01/07 16:31:00+00,FAQ,Ask 3-1-1,,,Closed,2021/01/07 16:31:00+00,Call Center,0,0,2021,{FBB61430-DF14-4270-8318-C5007D88E46D},,,,
562923.819094162,666550.65745274,432,318077,2021/01/07 16:34:00+00,Sanitation Department,Request A New Container,9223 STILLFOREST CT,8,Closed,2021/01/12 21:30:00+00,Website,32.3320635,-86.1352054,2021,{99119D42-52C6-4A4C-90FA-1657BD0C7AB5},,,,
,,433,318078,2021/01/07 16:37:00+00,Sanitation Department,Inquiries,,,Closed,2021/01/07 16:37:00+00,Call Center,0,0,2021,{B3B37883-837B-4057-B90D-81F50DB9D974},,,,
,,434,318079,2021/01/07 17:03:00+00,FAQ,Ask 3-1-1,,,Closed,2021/01/07 17:03:00+00,Call Center,0,0,2021,{584754EF-D673-4CCB-AEF6-3B88D5F80297},,,,
,,435,318080,2021/01/07 17:09:00+00,FAQ,Ask 3-1-1,,,Closed,2021/01/07 17:09:00+00,Call Center,0,0,2021,{260ED31F-58CC-4A41-97CD-83F54A32785D},,,,
519982.429255329,681972.700099409,436,318081,2021/01/07 17:15:00+00,FAQ,Ask 3-1-1,S Panama St,3,Closed,2021/01/07 17:15:00+00,Call Center,32.3740438,-86.2744301,2021,{977DA47E-C817-4111-A0EC-4115BA3F4D97},,,,
,,437,318082,2021/01/07 17:24:00+00,FAQ,FAQ-Municipal Court,,,Closed,2021/01/07 17:24:00+00,Call Center,0,0,2021,{8475DBAB-DC6C-450F-A3BA-21A5EEECCD2B},,,,
521709.329344828,682787.311331071,438,318083,2021/01/07 17:25:00+00,Code Enforcement,Nuisance,3009 MCQUEEN ST,2,Closed,2021/01/08 13:46:00+00,Call Center,32.3763023,-86.2688476,2021,{CF1E853E-D84A-4D0B-BC90-183FDEF02647},,,,
522372.047835663,683147.565859906,439,318084,2021/01/07 17:26:00+00,Street Maintenance,Debris In The Street,134 OAK FOREST DR,2,Closed,2021/01/11 21:03:00+00,Call Center,32.3772999,-86.2667058,2021,{72B6F505-0A70-4A53-A37F-6A819FAE04D5},,,,
521517.891407497,683888.38852524,440,318085,2021/01/07 17:28:00+00,Planning Department,RV & Boats,202 DUNN DR,2,Closed,2021/01/07 19:00:00+00,Call Center,32.3793266,-86.2694822,2021,{13A4B399-AF9E-41E3-BD19-09B594166AF8},,,,
521517.891407497,683888.38852524,441,318086,2021/01/07 17:28:00+00,Code Enforcement,Nuisance,202 DUNN DR,2,Closed,2021/01/08 13:45:00+00,Call Center,32.3793266,-86.2694822,2021,{1FAC07F7-2ED1-43E9-9248-5AB7A8E6FD31},,,,
521577.792206328,683564.381955408,442,318087,2021/01/07 17:29:00+00,Code Enforcement,Parking On Front Lawn,214 DUNN DR,2,Closed,2021/01/08 15:29:00+00,Call Center,32.3784367,-86.2692839,2021,{B24B1A25-5A06-4776-8AB9-C3308F4E578A},,,,
,,443,318088,2021/01/07 17:30:00+00,FAQ,Ask 3-1-1,,,Closed,2021/01/07 17:30:00+00,Call Center,0,0,2021,{5FC1FC56-3490-415F-A6A1-FABA4C87736E},,,,
490873.248956747,676456.467365488,444,318089,2021/01/07 17:31:00+00,Code Enforcement,Nuisance,3312 MARGARET ANN DR,4,Closed,2021/01/12 19:43:00+00,Call Center,32.3585169,-86.3686213,2021,{9E48CA2B-D8F8-4950-AC4A-B626568F865C},,,,
490873.248956747,676456.467365488,445,318090,2021/01/07 17:32:00+00,Code Enforcement,General Repairs,3312 MARGARET ANN DR,4,Closed,2021/01/13 14:51:00+00,Call Center,32.3585169,-86.3686213,2021,{3BB012A4-D27C-4A02-99A7-C030FDF80559},,,,
,,446,318091,2021/01/07 17:33:00+00,FAQ,Ask 3-1-1,,,Closed,2021/01/07 17:33:00+00,Call Center,0,0,2021,{C2D79132-0CAF-4BA7-B4D8-A5003A829EFA},,,,
540957.293145411,673523.581170909,447,318092,2021/01/07 17:33:00+00,Building Maintenance,COM Plumbing,1 Museum Dr,9,Closed,2021/01/07 20:07:00+00,Call Center,32.3510395,-86.2063991,2021,{890BA63C-4F0A-4A63-929B-38B14136EEF5},,,,
521887.086535245,682836.686232321,448,318093,2021/01/07 17:36:00+00,Code Enforcement,Nuisance,3051 MCQUEEN ST,2,Closed,2021/01/08 15:27:00+00,Call Center,32.37644,-86.2682725,2021,{D7D33526-3709-43A6-93C0-EEFC623F6B0D},,,,
,,449,318094,2021/01/07 18:04:00+00,FAQ,Ask 3-1-1,,,Closed,2021/01/07 18:04:00+00,Call Center,0,0,2021,{6D7D472A-B803-4E96-A8CD-E047F5CB1D8F},,,,
,,450,318095,2021/01/07 18:08:00+00,Sanitation Department,Missed Pick Up,,,Closed,2021/01/07 18:08:00+00,Call Center,0,0,2021,{2831AEA8-DB2F-45A2-90AE-84172C6D1910},,,,
518920.878228828,688001.618487738,451,318096,2021/01/07 18:10:00+00,Building Maintenance,COM Carpentry,814 E Claremont Ave,3,Closed,2021/01/08 13:04:00+00,Call Center,32.3906029,-86.2779495,2021,{41C94B9A-F2E8-44CE-B67E-42D9E90C2544},,,,
,,452,318097,2021/01/07 18:12:00+00,FAQ,Ask 3-1-1,,,Closed,2021/01/07 18:12:00+00,Call Center,0,0,2021,{628B6264-9C5B-4BA4-A95F-C11D6B21D361},,,,
,,453,318098,2021/01/07 18:13:00+00,Sanitation Department,Inquiries,,,Closed,2021/01/07 18:13:00+00,Call Center,0,0,2021,{92E75F06-ACFC-4CF2-8A27-D5E721DD4F2D},,,,
,,454,318099,2021/01/07 18:15:00+00,Sanitation Department,Inquiries,,,Closed,2021/01/07 18:15:00+00,Call Center,0,0,2021,{0E834818-0CC5-4E76-AD62-DC8C8CB5BF15},,,,
,,455,318100,2021/01/07 18:16:00+00,FAQ,Ask 3-1-1,,,Closed,2021/01/07 18:16:00+00,Call Center,0,0,2021,{5A2B6CA4-41BF-4E8C-AFBD-E0BD460D9B80},,,,
,,456,318101,2021/01/07 18:25:00+00,FAQ,Ask 3-1-1,,,Closed,2021/01/07 18:25:00+00,Call Center,0,0,2021,{251EE12C-2CCC-4E01-A9DE-616FCB4A3AE6},,,,
526580.525639161,678818.528586239,457,318102,2021/01/07 18:27:00+00,Street Maintenance,Debris In The Street,1113 LAKEWOOD DR,7,Closed,2021/02/10 21:40:00+00,Control Panel,32.3654471,-86.2530195,2021,{7425FA9A-CF91-4F8F-A83E-3DA1F0E820BD},,,,
536503.028759997,680550.275122739,458,318103,2021/01/07 18:37:00+00,Sanitation Department,Dead Animal pickup,HILLSBORO RD,1,Closed,2021/01/29 15:41:00+00,Call Center,32.3703099,-86.2209048,2021,{C50FCD49-C713-44B3-AD7A-1A7FA450132B},,,,
,,459,318104,2021/01/07 18:43:00+00,Sanitation Department,Inquiries,,,Closed,2021/01/07 18:43:00+00,Call Center,0,0,2021,{698872DF-FF9E-4ED0-8C9C-60EB3D9D9DC2},,,,
,,460,318105,2021/01/07 18:52:00+00,FAQ,Ask 3-1-1,,,Closed,2021/01/07 18:52:00+00,Call Center,0,0,2021,{CB15358D-0C1F-49CD-9935-144082C99FB0},,,,
,,461,318106,2021/01/07 18:53:00+00,FAQ,Ask 3-1-1,,,Closed,2021/01/07 18:53:00+00,Call Center,0,0,2021,{032250D9-3A4A-4E21-9B28-A7A7C9807CAC},,,,
525922.817636997,692207.855810158,462,318107,2021/01/07 18:58:00+00,Code Enforcement,Parking On Front Lawn,1243 HIGHPOINT RD,2,Closed,2021/01/08 15:32:00+00,Call Center,32.4022422,-86.2553206,2021,{F66F8B1C-7641-4DCF-9D62-D405D362290D},,,,
,,463,318108,2021/01/07 19:07:00+00,FAQ,Ask 3-1-1,,,Closed,2021/01/07 19:07:00+00,Call Center,0,0,2021,{9FEAF8A1-802E-4A00-B385-14241D707337},,,,
556354.759725746,672320.595715992,464,318109,2021/01/07 19:08:00+00,Sanitation Department,Leaves and Debris Pick up,WESTCHESTER PL,9,Closed,2021/04/05 13:18:00+00,Website,32.3478705,-86.1565287,2021,{041F1ED4-A891-49FF-9D70-F322BA9731A8},,,,
516710.121167414,684427.581672572,465,318110,2021/01/07 19:11:00+00,Street Maintenance,Clean Inlets,1661 MADISON AVE,3,Closed,2021/01/11 20:54:00+00,Call Center,32.3807538,-86.2850623,2021,{18E5DF17-A167-4AD0-8525-CD7C573FFD16},,,,
516710.121167414,684427.581672572,466,318111,2021/01/07 19:11:00+00,Street Maintenance,Curb/Gutter Clean up (dirt/debris),1661 MADISON AVE,3,Closed,2021/01/11 21:04:00+00,Call Center,32.3807538,-86.2850623,2021,{E200A921-DE5F-4021-9438-463897408638},,,,
,,467,318112,2021/01/07 19:12:00+00,FAQ,FAQ-Municipal Court,,,Closed,2021/01/07 19:12:00+00,Call Center,0,0,2021,{A7B7188C-682E-472C-8F03-0C8311895FE7},,,,
518210.990212914,693882.281923242,468,318113,2021/01/07 19:14:00+00,Sanitation Department,Missed Pick Up,3131 TEXAS ST,2,Closed,2021/02/18 13:11:00+00,Call Center,32.4067584,-86.2803288,2021,{A04C9C5F-A11C-4E98-83FE-614ED71A93A9},,,,
,,469,318114,2021/01/07 19:20:00+00,Sanitation Department,Inquiries,,,Closed,2021/01/07 19:20:00+00,Call Center,0,0,2021,{5DB2FD3D-6DF0-472D-B6C0-98C82086427F},,,,
,,470,318115,2021/01/07 19:29:00+00,FAQ,Ask 3-1-1,,,Closed,2021/01/07 19:29:00+00,Call Center,0,0,2021,{BF323D48-1D60-4224-8DBC-1247D9D338A6},,,,
,,471,318116,2021/01/07 19:31:00+00,Sanitation Department,Inquiries,,,Closed,2021/01/07 19:31:00+00,Call Center,0,0,2021,{57798055-6FBA-42E2-A1A3-79CBB605CBAE},,,,
523752.786215913,690000.865473486,472,318117,2021/01/07 19:33:00+00,Street Maintenance,Fallen Trees and Limbs,3020 OVERLOOK DR,2,Closed,2021/01/11 21:40:00+00,Call Center,32.3961523,-86.2623226,2021,{37348420-DCA5-4032-9BCC-7A696A84F2D7},,,,
,,473,318118,2021/01/07 19:42:00+00,FAQ,Ask 3-1-1,,,Closed,2021/01/07 19:42:00+00,Call Center,0,0,2021,{7CE710DA-130F-4566-A7B7-B6F74DF53480},,,,
514648.265382994,682835.034332737,474,318119,2021/01/07 19:47:00+00,Sanitation Department,Leaves and Debris Pick up,1410 WASHINGTON AVE,3,Closed,2021/04/05 13:17:00+00,Call Center,32.3763524,-86.2917188,2021,{0726B615-17FF-4DA7-832F-56DD3F257040},,,,
,,475,318120,2021/01/07 20:00:00+00,FAQ,Ask 3-1-1,,,Closed,2021/01/07 20:00:00+00,Call Center,0,0,2021,{6D088F09-4B11-4BA4-81BA-DA9D9CF16CD5},,,,
507489.648466662,682173.362427741,476,318121,2021/01/07 20:16:00+00,Urban Forestry,Tree Maintenance,600 MONTGOMERY ST,3,Closed,2021/08/09 20:37:00+00,Control Panel,32.3744473,-86.3148956,2021,{08FA1800-F584-4C66-8E3C-FFEBA8EBF31D},,,,
494699.797734078,667238.86867474,477,318122,2021/01/07 20:23:00+00,Traffic Engineering,Stop Sign Missing/Damaged,LONE OAK DR,4,Closed,2021/01/07 21:31:00+00,Call Center,32.3332334,-86.3560841,2021,{7544F8F2-F5DE-4222-86B8-0B0543B82078},,,,
514399.978806078,686971.134984404,478,318123,2021/01/07 20:42:00+00,Building Maintenance,COM Roofing,911 Communications Pkwy,3,Closed,2021/01/13 20:47:00+00,Call Center,32.387718,-86.2925805,2021,{6EB5557A-C75D-4578-8C8D-C53FE76F9066},,,,
511696.466496579,675994.172686405,479,318124,2021/01/07 20:48:00+00,Code Enforcement,Nuisance,365 FELDER AVE,3,Closed,2021/01/11 14:34:00+00,Call Center,32.3575144,-86.3011827,2021,{5C14EBD2-C2DF-4FEB-85E1-0D79FF557078},,,,
513456.584695496,669716.078287236,480,318125,2021/01/07 21:00:00+00,Street Maintenance,Request Cleaning,3450 LE BRON RD,7,Closed,2023/03/15 14:45:00+00,Call Center,32.3402793,-86.2953952,2021,{8E40C8DF-054D-4372-959C-86D18A79BF81},,,,
513456.584695496,669716.078287236,481,318126,2021/01/07 21:03:00+00,Street Maintenance,Concrete Repairs,3450 LE BRON RD,7,Closed,2024/11/07 16:21:00+00,Call Center,32.3402793,-86.2953952,2021,{0EBE9082-8AA5-40C0-86B2-3A68DB711473},,,,
523763.757978745,691843.24105382,482,318127,2021/01/07 21:03:00+00,Traffic Engineering,Install New Signs,HANOVER DR,2,Closed,2021/02/19 20:58:00+00,Call Center,32.4012164,-86.262311,2021,{1D4466B2-9A3E-4729-9F00-9D24FC02319A},,,,
513456.584695496,669716.078287236,483,318128,2021/01/07 21:06:00+00,Building Maintenance,COM Electrical,3450 LE BRON RD,7,Closed,2021/01/11 15:33:00+00,Call Center,32.3402793,-86.2953952,2021,{1B1E121E-17AA-47C6-91FD-AAFBE92B4C90},,,,
523763.757978745,691843.24105382,484,318129,2021/01/07 21:17:00+00,Traffic Engineering,Dark Area Near Existing Street Light,HANOVER DR,2,Closed,2021/01/19 22:31:00+00,Call Center,32.4012164,-86.262311,2021,{CA98867D-B53D-4FC6-99DA-7154C7456780},,,,
559696.512228578,664132.707892321,485,318130,2021/01/07 21:36:00+00,Street Maintenance,Sidewalk,BRISTLECONE DR,8,Closed,2022/05/26 14:11:00+00,Call Center,32.3253919,-86.1456308,2021,{B11D9B97-6A22-4DE7-A263-E79FDA9B51A8},,,,
,,486,318131,2021/01/07 21:44:00+00,FAQ,Ask 3-1-1,,,Closed,2021/01/07 21:44:00+00,Call Center,0,0,2021,{A428C34E-7948-4362-9D30-DFBFBFA048EF},,,,
517900.842211161,684117.294235408,487,318132,2021/01/07 21:45:00+00,Code Enforcement,Nuisance,17 SOUTH CALIFORNIA ST,3,Closed,2021/01/08 15:34:00+00,Call Center,32.3799147,-86.2812012,2021,{F596CE6D-4135-441D-927D-071C33BB0960},,,,
536345.721987996,651606.204730153,488,318133,2021/01/07 21:50:00+00,FAQ,Ask 3-1-1,5901 BURT CT *,6,Closed,2021/01/07 21:50:00+00,Call Center,32.290751,-86.221075,2021,{0E00FE66-D34C-47E6-B1DF-31E24FF9A248},,,,
510361.993115664,681466.75491707,489,318134,2021/01/07 21:53:00+00,Building Maintenance,COM Hvac/Refrigeration,245 HIGH ST,3,Closed,2021/01/08 16:08:00+00,Call Center,32.3725403,-86.3055823,2021,{4517350B-37A9-463D-8859-5CC340000D60},,,,
525745.280262411,684463.976940989,490,318135,2021/01/07 21:58:00+00,Code Enforcement,Nuisance,3515 COTTONWOOD DR,1,Closed,2021/01/08 15:22:00+00,Call Center,32.3809553,-86.2557967,2021,{987DB7F4-F571-44C5-B23C-4D81125C2DE8},,,,
510377.934028663,678144.569632322,491,318136,2021/01/07 22:02:00+00,Urban Forestry,Tree Maintenance,201 NOBLE AVE,3,Closed,2021/01/07 22:03:00+00,Control Panel,32.3634091,-86.3054832,2021,{854B25C8-6199-47E4-9FFE-B8C9C58E2999},,,,
,,492,318137,2021/01/07 22:13:00+00,FAQ,Ask 3-1-1,,,Closed,2021/01/07 22:13:00+00,Call Center,0,0,2021,{8C1D3151-0BB5-43A2-B606-13BFC2A009EF},,,,
,,493,318138,2021/01/07 22:16:00+00,Planning Department,Inquiries,,,Closed,2021/01/07 22:16:00+00,Call Center,0,0,2021,{074797B3-5F95-444A-8698-CB82698B7C88},,,,
,,494,318139,2021/01/07 22:19:00+00,FAQ,Ask 3-1-1,,,Closed,2021/01/07 22:19:00+00,Call Center,0,0,2021,{D4DE8BEB-3C34-4EEC-B5EC-95A03C3136EB},,,,
526663.883740161,687580.251876406,495,318140,2021/01/07 22:25:00+00,Code Enforcement,Parking On Front Lawn,3563 PELZER AVE,2,Closed,2021/01/08 15:32:00+00,Call Center,32.3895307,-86.2528608,2021,{E9A031D5-026A-4226-AA5F-FBC1B9FD3BF5},,,,
526590.331721913,687567.042913325,496,318141,2021/01/07 22:26:00+00,Code Enforcement,Parking On Front Lawn,3557 PELZER AVE,2,Closed,2021/01/08 15:32:00+00,Call Center,32.3894936,-86.2530989,2021,{F760BA11-A48A-4552-B16A-D6FB2978AC39},,,,
,,497,318142,2021/01/07 22:33:00+00,Sanitation Department,Inquiries,,,Closed,2021/01/07 22:33:00+00,Call Center,0,0,2021,{3198F9DB-5C1C-4CF5-B623-59BF376AB042},,,,
,,498,318143,2021/01/07 22:44:00+00,FAQ,Ask 3-1-1,,,Closed,2021/01/07 22:44:00+00,Call Center,0,0,2021,{D632EB5D-486E-4698-B21F-E96C42285E6D},,,,
521992.87700608,683258.795296237,499,318144,2021/01/08 11:03:00+00,Code Enforcement,Nuisance,204 BRADLEY DR,2,Closed,2021/01/11 15:07:00+00,Website,32.3776014,-86.2679354,2021,{40A75601-FD81-4BE9-A17B-09E9A6E3DD81},,,,
513115.178554162,675401.745065488,500,318145,2021/01/08 13:22:00+00,Street Maintenance,Pothole Repairing,LOCKERBIE ST,7,Closed,2021/01/14 20:23:00+00,Call Center,32.355903,-86.2965802,2021,{AC145D6E-FDB3-47AE-8C95-73CC5644035A},,,,
507744.146973412,684350.888584487,501,318146,2021/01/08 13:33:00+00,Building Maintenance,COM Cabinet Shop,300 WATER ST,3,Closed,2021/01/08 15:39:00+00,Call Center,32.3804356,-86.314103,2021,{73593ADD-D83C-4E01-BB3D-F87CAC61C8A7},,,,
523324.393043827,676339.160185404,502,318147,2021/01/08 13:44:00+00,Sanitation Department,Leaves and Debris Pick up,3134 GATSBY LN,7,Closed,2021/01/12 16:41:00+00,Call Center,32.3585967,-86.2635325,2021,{B85C9122-AECF-40A4-B305-F6C6A5100E46},,,,
556383.007372662,688532.268016987,503,318148,2021/01/08 14:24:00+00,Inspections Department,Permits,7917 ARROWHEAD FOREST CT,1,Closed,2021/04/20 15:24:00+00,Call Center,32.3924311,-86.1565958,2021,{146AF8EF-B853-432C-9F5C-B6B75EA2E949},,,,
,,504,318149,2021/01/08 14:26:00+00,Sanitation Department,Inquiries,,,Closed,2021/01/08 14:26:00+00,Call Center,0,0,2021,{CD3697D9-D634-4D93-9B02-B0711B6E04A9},,,,
512775.347540911,684847.070334904,505,318150,2021/01/08 14:38:00+00,City Jail Internal Building Maintenance,City Jail Plumbing,320 N Ripley St,3,Closed,2021/01/08 20:16:00+00,Call Center,32.3818605,-86.2978134,2021,{72B477B8-FCE8-4F39-AF70-1D1AD0C5ECB7},,,,
512775.347540911,684847.070334904,506,318151,2021/01/08 14:39:00+00,Building Maintenance,COM Cabinet Shop,320 N Ripley St,3,Closed,2021/01/08 20:15:00+00,Call Center,32.3818605,-86.2978134,2021,{335B121C-B16D-4408-A2F1-963D346D68AB},,,,
517028.373811744,670245.205509819,507,318152,2021/01/08 14:42:00+00,Sanitation Department,Exchange Damage Container,3447 SOUTHVIEW AVE,7,Closed,2021/01/08 21:43:00+00,Call Center,32.3417755,-86.2838381,2021,{FFC0D515-A44E-4F83-972B-3AB1C755857E},,,,
,,508,318153,2021/01/08 15:05:00+00,Sanitation Department,Inquiries,,,Closed,2021/01/08 15:05:00+00,Call Center,0,0,2021,{090E65B5-5AB3-4AAD-AD6D-FB31DCBFE1B4},,,,
,,509,318154,2021/01/08 15:10:00+00,FAQ,Animal Control Issues,,,Closed,2021/01/08 15:10:00+00,Call Center,0,0,2021,{EF0958A1-0C5A-47CB-953F-D116ADAA5275},,,,
,,510,318155,2021/01/08 15:14:00+00,FAQ,Ask 3-1-1,,,Closed,2021/01/08 15:14:00+00,Call Center,0,0,2021,{9D01A191-7A61-4047-B948-F1E58C218301},,,,
,,511,318156,2021/01/08 15:33:00+00,Sanitation Department,Inquiries,,,Closed,2021/01/08 15:33:00+00,Call Center,0,0,2021,{9E405EBF-6230-485A-80E8-137C0FD2A5A5},,,,
516618.755536497,700817.202436574,512,318157,2021/01/08 15:44:00+00,Code Enforcement,Nuisance,2906 TYLER RD,3,Closed,2021/01/11 16:10:00+00,Call Center,32.4258013,-86.2855828,2021,{C2A50C0F-8CB1-4D9A-AF48-F2D9C225D339},,,,
,,513,318158,2021/01/08 15:51:00+00,FAQ,Ask 3-1-1,,,Closed,2021/01/08 15:51:00+00,Call Center,0,0,2021,{986D7DFF-DB8B-4D19-BE5D-5A8173CCD045},,,,
520189.525953997,675898.953388654,514,318159,2021/01/08 15:55:00+00,Sanitation Department,Schedule A Bulk Pick Up***DO NOT USE***,2027 COMMODORE CIR,7,Closed,2021/04/05 13:52:00+00,Call Center,32.3573517,-86.2736784,2021,{F5467C99-373B-485D-AD33-5AE14A3B863D},,,,
,,515,318160,2021/01/08 15:59:00+00,Sanitation Department,Inquiries,,,Closed,2021/01/08 15:59:00+00,Call Center,0,0,2021,{6156EF9A-04E5-4197-842E-8A25FD62A422},,,,
,,516,318161,2021/01/08 16:00:00+00,FAQ,FAQ- Montgomery Police Department,,,Closed,2021/01/08 16:00:00+00,Call Center,0,0,2021,{71AF5EA6-24D9-4B3D-8129-EE6B96F95913},,,,
,,517,318162,2021/01/08 16:20:00+00,FAQ,Ask 3-1-1,,,Closed,2021/01/08 16:20:00+00,Call Center,0,0,2021,{158ABE6F-F666-41F8-95E6-AC7CC723F4D8},,,,
536399.444321495,687354.097801156,518,318163,2021/01/08 16:23:00+00,Street Maintenance,Clean Inlets,HARVARD RD,2,Closed,2021/01/12 16:47:00+00,Call Center,32.3890101,-86.2213202,2021,{5BA88C06-AB08-47D2-A4A6-EB632904B83C},,,,
536398.037500162,686991.777331576,519,318164,2021/01/08 16:24:00+00,Street Maintenance,Clean Inlets,HARVARD RD,1,Closed,2021/01/12 16:48:00+00,Call Center,32.3880142,-86.2213205,2021,{10A17CE3-056F-4803-9B2A-C29E514496BF},,,,
525116.131914411,677154.308161408,520,318165,2021/01/08 16:28:00+00,Sanitation Department,Exchange Damage Container,1356 ZEPHYR HILLS DR,7,Closed,2021/01/14 14:39:00+00,Call Center,32.3608569,-86.2577407,2021,{330DEF6A-9F0C-4332-9003-A73888908A77},,,,
513456.584695496,669716.078287236,521,318166,2021/01/08 16:33:00+00,Building Maintenance,COM Plumbing,3450 LE BRON RD,7,Closed,2021/01/08 20:22:00+00,Call Center,32.3402793,-86.2953952,2021,{8C182803-7276-44A2-A2A6-E2BC39BD7520},,,,
513456.584695496,669716.078287236,522,318167,2021/01/08 16:34:00+00,Building Maintenance,COM HVAC/Refrigeration,3450 LE BRON RD,7,Closed,2021/01/11 16:37:00+00,Call Center,32.3402793,-86.2953952,2021,{20CC3263-C9E7-4C8E-950C-3B3D4AE64306},,,,
525922.817636997,692207.855810158,523,318168,2021/01/08 16:43:00+00,Code Enforcement,Parking On Front Lawn,1243 HIGHPOINT RD,2,Closed,2021/01/12 15:05:00+00,Call Center,32.4022422,-86.2553206,2021,{1048B567-D1CA-42E0-A539-98A508805107},,,,
,,524,318169,2021/01/08 16:45:00+00,FAQ,Ask 3-1-1,,,Closed,2021/01/08 16:45:00+00,Call Center,0,0,2021,{A93D7E7C-658C-4264-882A-37557C3D5D48},,,,
516829.926045913,666745.463493571,525,318170,2021/01/08 16:46:00+00,Code Enforcement,Parking On Front Lawn,1128 BIRDWOOD DR,5,Closed,2021/01/11 16:22:00+00,Call Center,32.3321537,-86.2844329,2021,{608FBB95-6ACA-4399-8D7F-6437B3CA14D6},,,,
,,526,318171,2021/01/08 16:47:00+00,FAQ,Ask 3-1-1,,,Closed,2021/01/08 16:47:00+00,Call Center,0,0,2021,{C607B73F-E928-403D-9077-B7D4A2560ED2},,,,
,,527,318172,2021/01/08 16:51:00+00,FAQ,Ask 3-1-1,,,Closed,2021/01/08 16:51:00+00,Call Center,0,0,2021,{1CA25650-FCEC-4ACF-8810-CBAE6DB5EF7C},,,,
,,528,318173,2021/01/08 17:09:00+00,Sanitation Department,Inquiries,,,Closed,2021/01/08 17:09:00+00,Call Center,0,0,2021,{D8934BE1-2CBE-425A-8050-1513170FAD08},,,,
,,529,318174,2021/01/08 17:11:00+00,Sanitation Department,Inquiries,,,Closed,2021/01/08 17:11:00+00,Call Center,0,0,2021,{DA56A666-A411-4617-B20A-B322C3513614},,,,
,,530,318175,2021/01/08 17:13:00+00,FAQ,Ask 3-1-1,,,Closed,2021/01/08 17:13:00+00,Call Center,0,0,2021,{C6759569-91D6-48E5-AA8E-FBD034ED3856},,,,
520090.406729661,685691.651979074,531,318176,2021/01/08 17:13:00+00,Code Enforcement,Nuisance,2305 YANCEY AVE,3,Closed,2021/01/12 15:08:00+00,Call Center,32.384267,-86.27413,2021,{836E4330-0053-40FB-923E-AD05A980AB0E},,,,
,,532,318177,2021/01/08 17:13:00+00,Sanitation Department,Inquiries,,,Closed,2021/01/08 17:13:00+00,Call Center,0,0,2021,{B91ABF12-6D58-4C55-81C3-B2A23FE06D95},,,,
512775.347540911,684847.070334904,533,318178,2021/01/08 17:20:00+00,City Jail Internal Building Maintenance,City Jail Electrical,320 N Ripley St,3,Closed,2021/01/11 17:50:00+00,Call Center,32.3818605,-86.2978134,2021,{6B43158E-849A-4E81-9CEA-13DCE19A35D6},,,,
,,534,318179,2021/01/08 17:21:00+00,FAQ,Ask 3-1-1,,,Closed,2021/01/08 17:21:00+00,Call Center,0,0,2021,{E154ED58-7427-4589-A2D4-C43FBF7B8523},,,,
,,535,318180,2021/01/08 17:38:00+00,Code Enforcement,Inquiries,,,Closed,2021/01/08 17:38:00+00,Call Center,0,0,2021,{EB80C46F-03B0-48EE-BA9F-51069981F575},,,,
512775.347540911,684847.070334904,536,318181,2021/01/08 17:43:00+00,City Jail Internal Building Maintenance,City Jail Plumbing,320 N Ripley St,3,Closed,2021/01/08 20:17:00+00,Call Center,32.3818605,-86.2978134,2021,{9AD320C4-F07A-46FA-A609-0135C6563A1F},,,,
,,537,318182,2021/01/08 17:53:00+00,FAQ,Ask 3-1-1,,,Closed,2021/01/08 17:53:00+00,Call Center,0,0,2021,{B542C1B8-C4ED-461A-8FCC-47218D67DB60},,,,
,,538,318183,2021/01/08 17:54:00+00,Sanitation Department,Inquiries,,,Closed,2021/01/08 17:54:00+00,Call Center,0,0,2021,{3749E1F8-0CAA-49AC-A912-530961F7EDDB},,,,
,,539,318184,2021/01/08 18:03:00+00,FAQ,Ask 3-1-1,,,Closed,2021/01/08 18:03:00+00,Call Center,0,0,2021,{AC838D2A-08BE-462B-9832-96089EB8D6AE},,,,
,,540,318185,2021/01/08 18:10:00+00,Sanitation Department,Inquiries,,,Closed,2021/01/08 18:10:00+00,Call Center,0,0,2021,{57BE204B-FDCC-45B9-A752-8E22CDC479AD},,,,
529958.773803912,690764.730415575,541,318186,2021/01/08 18:24:00+00,Sanitation Department,Exchange Damage Container,3900 OAK AVE,2,Closed,2021/01/11 20:46:00+00,Call Center,32.3983187,-86.2422266,2021,{C51149B2-C0FB-4E18-BA8A-55F4A1A7A1F8},,,,
529958.773803912,690764.730415575,542,318187,2021/01/08 18:24:00+00,Sanitation Department,Exchange Damage Container,3900 OAK AVE,2,Closed,2021/01/08 18:24:00+00,Call Center,32.3983187,-86.2422266,2021,{90B5B5FC-0996-4B98-A7ED-60F09C1B0877},,,,
,,543,318188,2021/01/08 18:26:00+00,FAQ,Ask 3-1-1,,,Closed,2021/01/08 18:26:00+00,Call Center,0,0,2021,{9A575B34-CFAE-42DB-921C-2C88DA36B1A9},,,,
,,544,318189,2021/01/08 18:46:00+00,Sanitation Department,Inquiries,,,Closed,2021/01/08 18:46:00+00,Call Center,0,0,2021,{68D171F8-7967-416B-8A11-8485B62EA706},,,,
523156.66011158,671181.889988154,545,318190,2021/01/08 18:51:00+00,Sanitation Department,Missed Pick Up,2832 LANSDOWNE DR,7,Closed,2021/01/25 15:55:00+00,Call Center,32.3444194,-86.2640085,2021,{A84DAD72-8BB4-4E76-B8B8-1E3463652BFC},,,,
517556.548280329,660811.476345822,546,318191,2021/01/08 18:58:00+00,Sanitation Department,Litter Problems for paper and Other Small Items (DO NOT USE FOR BULKY ITEMS),NARROW LANE RD,5,Closed,2021/02/18 13:10:00+00,Call Center,32.3158517,-86.2820001,2021,{D65D0B78-AFF3-4FF0-ABBE-24C4D10E0809},,,,
545884.625810411,688988.350766242,547,318192,2021/01/08 19:29:00+00,Code Enforcement,Nuisance,518 PLACID DR,1,Closed,2021/01/12 15:17:00+00,Call Center,32.3935929,-86.1906111,2021,{82CE7578-D48D-4659-B77C-A4D94F65299D},,,,
504611.761505913,666817.177588992,548,318193,2021/01/08 19:30:00+00,Sanitation Department,Backyard Trash Pickup (Disability Service),4005 COLFAX DR,4,Closed,2021/01/12 16:39:00+00,Call Center,32.3322032,-86.3239888,2021,{4F3A5E46-1536-40CF-93C6-E51614B50E8F},,,,
,,549,318194,2021/01/08 19:35:00+00,FAQ,Ask 3-1-1,,,Closed,2021/01/08 19:35:00+00,Call Center,0,0,2021,{58231CD7-C114-407C-80F1-BD93BFD03EC3},,,,
519952.897162162,677024.962291487,550,318195,2021/01/08 19:48:00+00,Sanitation Department,Request A New Container,2447 EAST SIXTH ST (OP),7,Closed,2021/01/08 19:48:00+00,Call Center,32.360444,-86.2744597,2021,{50AA6099-9097-44A3-8F71-AE4E2B56E871},,,,
,,551,318196,2021/01/08 19:53:00+00,FAQ,FAQ-City Hall ,,,Closed,2021/01/08 19:53:00+00,Call Center,0,0,2021,{2592E850-87EE-436E-952C-E5B517101F9B},,,,
,,552,318197,2021/01/08 20:00:00+00,FAQ,FAQ-Municipal Court,,,Closed,2021/01/08 20:00:00+00,Call Center,0,0,2021,{C078BCA4-355F-4528-B57E-EC589D3154D3},,,,
535310.446171414,668417.913560741,553,318198,2021/01/08 20:03:00+00,FAQ,Ask 3-1-1,3119 OLD DOBBIN RD,8,Closed,2021/01/08 20:03:00+00,Call Center,32.3369504,-86.2246237,2021,{CD674632-E441-4C59-BE61-612F8709B331},,,,
532107.232105412,669177.628248654,554,318199,2021/01/08 20:09:00+00,Sanitation Department,Exchange Damage Container,4480 SOUTH SLAUSON CIR,5,Closed,2021/01/14 14:22:00+00,Call Center,32.339006,-86.2350036,2021,{EF4E265B-DD67-444C-8D52-E336FA0BE258},,,,
,,555,318200,2021/01/08 20:21:00+00,FAQ,Ask 3-1-1,,,Closed,2021/01/08 20:21:00+00,Call Center,0,0,2021,{80D3E878-6E15-413D-962A-85D843111FCF},,,,
543018.488498081,671939.584010825,556,318201,2021/01/08 20:32:00+00,Code Enforcement,Nuisance,6621 WHIPPORWILL CT,9,Closed,2021/01/13 13:35:00+00,Call Center,32.3467052,-86.1997072,2021,{7AE19E4F-7549-4E5E-AD69-C8DF35A127AD},,,,
526535.717657913,652383.591626823,557,318202,2021/01/08 20:59:00+00,Sanitation Department,Inquiries,MCINNIS RD,6,Closed,2021/01/08 20:59:00+00,Call Center,32.2927863,-86.2528294,2021,{83900481-BA34-450D-8171-0A79E0749A39},,,,
,,558,318203,2021/01/08 21:02:00+00,Sanitation Department,Inquiries,,,Closed,2021/01/08 21:02:00+00,Call Center,0,0,2021,{9C2431DF-275C-45EA-B11F-0A4873729BBF},,,,
531298.004721247,669128.574540988,559,318204,2021/01/08 21:05:00+00,Traffic Engineering,Street Light Out,4319 MABSON DR,5,Closed,2021/01/08 21:10:00+00,Call Center,32.3388628,-86.237623,2021,{181DA83B-95B4-4F5D-96A2-FC2248EB73CD},,,,
,,560,318205,2021/01/08 21:18:00+00,Sanitation Department,Inquiries,,,Closed,2021/01/08 21:18:00+00,Call Center,0,0,2021,{8A8D66CF-E4FE-402B-8C5D-9170DD340930},,,,
520296.514585163,672724.640839659,561,318206,2021/01/08 21:22:00+00,Code Enforcement,Open & Vacant(Abandon House),2143 ROSEMONT DR,7,Closed,2021/01/12 17:58:00+00,Call Center,32.3486279,-86.2732897,2021,{3F20F4A0-2311-419E-902A-F7BB48D63F65},,,,
515022.303020746,676516.619804241,562,318207,2021/01/08 21:42:00+00,Code Enforcement,General Repairs,2205 BOULTIER ST,3,Closed,2021/01/12 17:57:00+00,Call Center,32.3589899,-86.2904199,2021,{D8EC0F40-2FE3-4565-A321-6EC05F5DD0ED},,,,
503991.865107913,664712.091247991,563,318208,2021/01/08 21:44:00+00,Street Maintenance,Street Paving Request,WEST SOUTH BLVD,4,Closed,2021/01/14 20:31:00+00,Call Center,32.3264093,-86.3259643,2021,{617FB17B-3D4A-4AB2-90DB-9A41B31E869F},,,,
515022.303020746,676516.619804241,564,318209,2021/01/08 21:44:00+00,Code Enforcement,Nuisance,2205 BOULTIER ST,3,Closed,2021/01/12 17:57:00+00,Call Center,32.3589899,-86.2904199,2021,{971A7E84-7282-46B4-BF92-A8DE30D07100},,,,
536647.452683747,690569.164533742,565,318210,2021/01/08 21:45:00+00,Sanitation Department,Exchange Damage Container,584 GLADE PARK LOOP,2,Closed,2021/02/18 13:09:00+00,Call Center,32.3978496,-86.2205545,2021,{A1E68E9D-56F0-45BE-B1A4-5DBFC56B1B8F},,,,
563327.208051164,671145.548853487,566,318211,2021/01/08 22:02:00+00,Sanitation Department,Dead Animal pickup,8100 HIALEAH LN,9,Closed,2021/01/11 15:05:00+00,Call Center,32.3446965,-86.1339412,2021,{0AD1FDD7-11E6-40D2-8E96-DCDEC8D03B73},,,,
515407.106713079,694980.059255242,567,318212,2021/01/08 22:17:00+00,Sanitation Department,Missed Pick Up,3548 MANLEY DR,3,Closed,2021/02/18 13:15:00+00,Call Center,32.4097432,-86.2894287,2021,{9E463585-D306-42C8-803A-BE7EBA972B09},,,,
520189.525953997,675898.953388654,568,318213,2021/01/08 22:58:00+00,Sanitation Department,Missing Trash Container,2027 COMMODORE CIR,7,Closed,2021/01/12 21:32:00+00,Call Center,32.3573517,-86.2736784,2021,{4CDADB42-F936-4BF5-9039-11C6C65D848B},,,,
506148.786975164,683254.807443321,569,318214,2021/01/09 16:00:00+00,Traffic Engineering,Street Light Out,605 MAXWELL BLVD,3,Closed,2021/01/11 22:13:00+00,Website,32.3774031,-86.3192544,2021,{83F8B1EC-78BA-4069-8448-F275DB81AAA0},,,,
514363.611424744,677072.989754491,570,318215,2021/01/09 16:58:00+00,Code Enforcement,Nuisance,1507 DUNBAR ST,3,Closed,2021/01/12 18:01:00+00,Report2Gov Android,32.3605114,-86.2925607,2021,{9E2EDE47-35C5-4A70-B89D-5FF8D32A380A},,,,
526645.369669579,689108.61857032,571,318216,2021/01/09 21:01:00+00,Code Enforcement,Nuisance,3534 DALRAIDA PKWY,2,Closed,2021/01/12 15:24:00+00,Website,32.3937314,-86.2529402,2021,{0D7692BD-1A0D-4DD6-BCEA-F3F2B5F19B61},,,,
561682.029911079,679032.163985737,572,318217,2021/01/10 04:20:00+00,Street Maintenance,Sidewalk,9225 BOYD-COOPER PKWY,9,Closed,2024/11/07 15:30:00+00,Website,32.3663614,-86.1393411,2021,{61C8255B-4419-41A4-81A0-C670A86CDD46},,,,
515887.927273747,676661.373123653,573,318218,2021/01/10 04:21:00+00,Code Enforcement,Nuisance,2105 Felder Terrace,3,Closed,2021/01/12 17:57:00+00,Website,32.3593979,-86.2876187,2021,{FE344BDF-9B12-449F-8A6A-098D4E19392F},,,,
506805.308627997,675580.745035574,574,318219,2021/01/10 18:25:00+00,Code Enforcement,Nuisance,1524 ROSA L PARKS AVE,7,Closed,2021/01/12 14:47:00+00,Report2Gov Android,32.3563183,-86.3170156,2021,{F3A5C55A-90E7-4BAF-9A7A-C45D48DDA152},,,,
506873.456129495,671700.99032791,575,318220,2021/01/10 18:29:00+00,Code Enforcement,Nuisance,3346 ROSA L PARKS AVE,7,Closed,2021/01/12 14:49:00+00,Report2Gov Android,32.3456552,-86.3167382,2021,{8BBE8613-85AF-4D67-900F-ACA57776A2D0},,,,
490599.080541831,677243.333901986,576,318221,2021/01/11 00:44:00+00,Code Enforcement,Nuisance,3101 OLD SELMA RD,4,Closed,2021/01/12 20:02:00+00,Website,32.3606759,-86.3695219,2021,{FA494E79-FDAE-4C25-987A-1196ECA65BF9},,,,
491842.944851995,678279.880385324,577,318222,2021/01/11 00:51:00+00,Code Enforcement,Nuisance,2816 OLD SELMA RD,4,Closed,2021/01/13 17:19:00+00,Website,32.363542,-86.3655105,2021,{FED8A487-84F9-49D1-87DB-3C2032B4F0D1},,,,
491357.348382246,677933.791838653,578,318223,2021/01/11 00:58:00+00,Code Enforcement,Nuisance,2906 OLD SELMA RD,4,Closed,2021/01/12 19:42:00+00,Website,32.3625841,-86.3670775,2021,{94D4FD2B-B29C-48EC-97BF-2D7A15A50A9E},,,,
489902.616383579,671820.445797659,579,318224,2021/01/11 01:03:00+00,Code Enforcement,Nuisance,1789 WEST BLVD,4,Closed,2021/01/21 15:41:00+00,Website,32.345761,-86.371689,2021,{0C06FEDC-55CD-47D2-B7A7-610D4F4AF924},,,,
528693.002057247,665859.042366154,580,318225,2021/01/11 13:08:00+00,Building Maintenance,COM HVAC/Refrigeration,3003 E South Blvd,6,Closed,2021/01/11 14:46:00+00,Call Center,32.3298487,-86.2460163,2021,{75976E50-CB6F-4413-846D-7ADF3721E4E2},,,,
512775.347540911,684847.070334904,581,318226,2021/01/11 13:09:00+00,City Jail Internal Building Maintenance,City Jail Electrical,320 N Ripley St,3,Closed,2021/01/11 17:50:00+00,Call Center,32.3818605,-86.2978134,2021,{B49F2690-6A1A-48A3-97AD-FEC874ACA845},,,,
523389.895865578,694147.28828299,582,318227,2021/01/11 13:16:00+00,Building Maintenance,COM Carpentry,1751 CONG W L DICKINSON DR,2,Closed,2021/01/12 20:45:00+00,Call Center,32.4075452,-86.2635523,2021,{63AC49C2-2412-4387-BDD7-39C8DA7880A6},,,,
,,583,318228,2021/01/11 13:50:00+00,Sanitation Department,Inquiries,,,Closed,2021/01/11 13:50:00+00,Call Center,0,0,2021,{B35D8C2B-4663-470A-BD5D-8068BA03144F},,,,
509638.458473496,683875.247475408,584,318229,2021/01/11 13:56:00+00,Building Maintenance,COM Carpentry,103 N Perry St,3,Closed,2021/01/11 14:39:00+00,Website,32.3791515,-86.3079603,2021,{C0CEDFCF-082E-452C-A954-3FD06FEBEB8D},,,,
,,585,318230,2021/01/11 13:59:00+00,FAQ,FAQ-Municipal Court,,,Closed,2021/01/11 13:59:00+00,Call Center,0,0,2021,{7A1E1AB9-D421-414A-AAF8-9D7BCEFA4E2E},,,,
511584.630762246,683780.918595821,586,318231,2021/01/11 14:12:00+00,Traffic Engineering,Parking Meter Malfunction,MONROE ST,3,Closed,2021/01/11 14:58:00+00,Call Center,32.3789158,-86.3016552,2021,{B8B74130-C9DE-4266-A0A8-46418BC6BA45},,,,
542544.327700995,666021.780229658,587,318232,2021/01/11 14:18:00+00,Police Department,Request Vacation Home Check,2253 E Aberdeen Dr,8,Closed,2021/01/19 21:35:00+00,Call Center,32.3304347,-86.2011767,2021,{EBFA8ECD-3CA4-4EEC-A25D-F67F031FFA5A},,,,
,,588,318233,2021/01/11 14:31:00+00,FAQ,FAQ-Municipal Court,,,Closed,2021/01/11 14:31:00+00,Call Center,0,0,2021,{8C2B6427-B776-4E70-8855-B6C8B2C5DB56},,,,
512470.67065683,675873.139135823,589,318234,2021/01/11 14:41:00+00,Street Maintenance,Clean Inlets,GRAHAM ST,7,Closed,2021/01/14 18:35:00+00,Call Center,32.357191,-86.2986739,2021,{2533647B-3D6C-4838-8E2C-BB64636FA736},,,,
512775.347540911,684847.070334904,590,318235,2021/01/11 14:42:00+00,City Jail Internal Building Maintenance,City Jail Hvac/Refrigeration,320 N Ripley St,3,Closed,2021/01/11 16:11:00+00,Call Center,32.3818605,-86.2978134,2021,{05E6F61D-C67F-4E4B-986B-FB6907586522},,,,
,,591,318236,2021/01/11 14:48:00+00,Building Maintenance,COM Plumbing,,,Closed,2021/01/11 14:51:00+00,Control Panel,0,0,2021,{6C9FFAD3-8F59-4262-B80F-FB6575BA9CA0},,,,
519649.432545997,680639.732292905,592,318237,2021/01/11 14:50:00+00,Code Enforcement,Open & Vacant(Abandon House),2441 CHERRY ST,3,Closed,2021/01/12 14:22:00+00,Call Center,32.3703762,-86.2754908,2021,{08D6AFA4-9031-44C4-A3D5-965C419476F2},,,,
,,593,318238,2021/01/11 14:52:00+00,FAQ,Ask 3-1-1,,,Closed,2021/01/11 14:52:00+00,Call Center,0,0,2021,{3EF2A386-32E1-4F69-8D74-1364C7370A9A},,,,
512722.620612245,686795.050034739,594,318239,2021/01/11 14:55:00+00,Building Maintenance,COM Plumbing,934 NORTH RIPLEY ST,3,Closed,2021/01/11 16:35:00+00,Call Center,32.3872141,-86.2980116,2021,{AF5840D8-6C4D-42F9-B1D3-19CC60BE3C13},,,,
,,595,318240,2021/01/11 14:57:00+00,Sanitation Department,Inquiries,,,Closed,2021/01/11 14:57:00+00,Call Center,0,0,2021,{E1E7458B-11B8-4C25-99DB-49BD88491E74},,,,
,,596,318241,2021/01/11 14:57:00+00,Sanitation Department,Inquiries,,,Closed,2021/01/11 14:57:00+00,Call Center,0,0,2021,{0DD3D9F7-29BB-426A-96A0-71E93D092C49},,,,
531194.633536913,682314.466476239,597,318242,2021/01/11 15:11:00+00,Street Maintenance,Concrete Repairs,365 HOLLY RIDGE DR,1,Closed,2024/11/07 16:53:00+00,Control Panel,32.375105,-86.2381191,2021,{63DB1485-7856-4584-A84F-3E5D29BED4EB},,,,
,,598,318243,2021/01/11 15:13:00+00,FAQ,Ask 3-1-1,,,Closed,2021/01/11 15:13:00+00,Call Center,0,0,2021,{660A5082-4584-4083-B8D0-04A58EDEC6AC},,,,
527701.727793079,683599.990479991,599,318244,2021/01/11 15:14:00+00,Street Maintenance,Utility Street cuts,230 HAPPY HOLLOW DR,1,Closed,2021/01/22 13:43:00+00,Control Panel,32.3786016,-86.2494486,2021,{0D3A8752-4F03-4BEC-89E9-67B5C19E373F},,,,
,,600,318245,2021/01/11 15:16:00+00,Code Enforcement,Inquiries,,,Closed,2021/01/11 15:16:00+00,Call Center,0,0,2021,{472A16E4-66AE-4965-A620-11977BA50EC4},,,,
513800.170622494,684099.606278658,601,318246,2021/01/11 15:20:00+00,Building Maintenance,COM Carpentry,1018 MADISON AVE,3,Closed,2021/01/13 13:22:00+00,Call Center,32.3798182,-86.2944834,2021,{61577D78-2038-4936-A3F0-1B7A9C57B7DB},,,,
,,602,318247,2021/01/11 15:21:00+00,Sanitation Department,Inquiries,,,Closed,2021/01/11 15:21:00+00,Call Center,0,0,2021,{FA446002-DB62-4835-B6AF-5C6F2B8CB957},,,,
513800.170622494,684099.606278658,603,318248,2021/01/11 15:22:00+00,Building Maintenance,COM Carpentry,1018 MADISON AVE,3,Closed,2021/01/11 15:33:00+00,Call Center,32.3798182,-86.2944834,2021,{AE11987B-5B42-4E4E-8E1B-5EFCC79C7198},,,,
557951.427136078,683647.576014742,604,318249,2021/01/11 15:43:00+00,Code Enforcement,Parking On Front Lawn,130 OCALA DR,1,Closed,2021/01/14 21:54:00+00,Call Center,32.3790177,-86.1514677,2021,{AE38C404-DC05-46F9-871D-E0E66B771D66},,,,
,,605,318250,2021/01/11 15:43:00+00,FAQ,FAQ- Montgomery Police Department,,,Closed,2021/01/11 15:43:00+00,Call Center,0,0,2021,{BE616A8F-8734-4CB9-BB00-3593282BCA8D},,,,
528396.431784246,689008.438980654,606,318251,2021/01/11 15:45:00+00,Code Enforcement,Nuisance,3737 DALRAIDA PKWY,2,Closed,2021/01/14 15:40:00+00,Call Center,32.3934748,-86.2472662,2021,{3C0A5632-31D3-4E05-8E8B-4F1B951682DC},,,,
,,607,318252,2021/01/11 15:45:00+00,FAQ,Ask 3-1-1,,,Closed,2021/01/11 15:45:00+00,Call Center,0,0,2021,{DA962D2F-8F0F-40E2-B9EF-DBBE193F5C0C},,,,
,,608,318253,2021/01/11 15:51:00+00,FAQ,Ask 3-1-1,,,Closed,2021/01/11 15:51:00+00,Call Center,0,0,2021,{325BB3FB-8767-4A7E-AA3B-7B7A7F04123C},,,,
511127.602476828,677342.286788076,609,318254,2021/01/11 15:52:00+00,FAQ,Ask 3-1-1,FINLEY AVE,3,Closed,2021/01/11 15:52:00+00,Call Center,32.361213,-86.303044,2021,{37A1CC37-FD8A-453F-BA52-3433A424CFBB},,,,
,,610,318255,2021/01/11 15:53:00+00,Sanitation Department,Inquiries,,,Closed,2021/01/11 15:53:00+00,Call Center,0,0,2021,{DEB3304E-B2E1-4FAE-8CE2-F43D385E72F7},,,,
,,611,318256,2021/01/11 15:55:00+00,FAQ,Ask 3-1-1,,,Closed,2021/01/11 15:55:00+00,Call Center,0,0,2021,{C9057417-A2B9-437A-9E03-E4DDDF6A2172},,,,
,,612,318257,2021/01/11 15:56:00+00,FAQ,Ask 3-1-1,,,Closed,2021/01/11 15:56:00+00,Call Center,0,0,2021,{533CBB55-4AE7-4034-AEE0-9A8EE0697CF6},,,,
,,613,318258,2021/01/11 15:56:00+00,Sanitation Department,Inquiries,,,Closed,2021/01/11 15:56:00+00,Call Center,0,0,2021,{9F171D55-5861-4A41-9DD6-4E54BD79FFB2},,,,
519080.119708244,686556.191588573,614,318259,2021/01/11 15:59:00+00,Code Enforcement,Nuisance,2118 GLENDALE AVE,3,Closed,2021/01/13 14:29:00+00,Call Center,32.3866318,-86.2774142,2021,{9EE400FC-246A-46F3-8005-34FC5B220056},,,,
518882.896677494,683283.034749076,615,318260,2021/01/11 15:59:00+00,Code Enforcement,Nuisance,218 CALLOWAY ST,3,Closed,2021/01/12 14:51:00+00,Call Center,32.3776329,-86.278009,2021,{C3892F18-68D5-49B7-927A-B37265FD6A81},,,,
519187.539112829,681461.837604076,616,318261,2021/01/11 16:00:00+00,Code Enforcement,Nuisance,2401 HIGHLAND AVE,3,Closed,2021/01/12 14:58:00+00,Call Center,32.3726306,-86.2769978,2021,{62644AD1-B8C0-4D04-9B4C-F825847B1F51},,,,
543870.24171583,688449.817066409,617,318262,2021/01/11 16:12:00+00,Code Enforcement,Nuisance,5033 HINCHCLIFF RD,1,Closed,2021/01/11 17:28:00+00,Call Center,32.392094,-86.197131,2021,{75EB651C-7292-481E-9CCE-5BED7F7B7A42},,,,
515860.658955578,663452.286352903,618,318263,2021/01/11 16:12:00+00,FAQ,Ask 3-1-1,1251 BUCKINGHAM DR,5,Closed,2021/01/11 16:12:00+00,Call Center,32.3230907,-86.2875256,2021,{3C2D5922-1360-418F-9650-DCB41B537445},,,,
545884.625810411,688988.350766242,619,318264,2021/01/11 16:13:00+00,Code Enforcement,Duplicated Service Request,518 PLACID DR,1,Closed,2021/01/11 16:13:00+00,Call Center,32.3935929,-86.1906111,2021,{55FC9C32-484B-4C67-B134-9064252D87C4},,,,
510277.144860163,679920.78359957,620,318265,2021/01/11 16:14:00+00,Traffic Engineering,Parking Meter Malfunction,SOUTH LAWRENCE ST,3,Closed,2021/01/11 16:23:00+00,Call Center,32.36829,-86.305835,2021,{4184D857-43C3-42C7-82ED-ADBD3FCE8BE9},,,,
,,621,318266,2021/01/11 16:14:00+00,FAQ,FAQ-Municipal Court,,,Closed,2021/01/11 16:14:00+00,Call Center,0,0,2021,{B1C2D812-EF78-49BD-80FE-2657C5435414},,,,
555006.275546078,682778.602687076,622,318267,2021/01/11 16:16:00+00,Sanitation Department,Exchange Damage Container,8419 Wexford Trce,1,Closed,2021/01/20 15:33:00+00,Website,32.37660476,-86.16099875,2021,{5C3CA0F4-B8F0-44E1-9997-17E6CC657D3A},,,,
,,623,318268,2021/01/11 16:19:00+00,Sanitation Department,Inquiries,,,Closed,2021/01/11 16:19:00+00,Call Center,0,0,2021,{BA1D2896-A7A9-4FE1-9CFD-FB112D68B4F9},,,,
512775.347540911,684847.070334904,624,318269,2021/01/11 16:25:00+00,Building Maintenance,COM Cabinet Shop,320 N Ripley St,3,Closed,2021/01/14 19:27:00+00,Call Center,32.3818605,-86.2978134,2021,{BCDE1D5E-9091-4394-B69B-FDCA1F29568F},,,,
,,625,318270,2021/01/11 16:34:00+00,FAQ,Ask 3-1-1,,,Closed,2021/01/11 16:34:00+00,Call Center,0,0,2021,{EE58B49F-5648-4817-BC54-98EA276D0C4F},,,,
525630.77327358,666280.090408571,626,318271,2021/01/11 16:38:00+00,Code Enforcement,Nuisance,2507 BURKELAUN DR,5,Closed,2021/01/12 13:46:00+00,Call Center,32.3309732,-86.2559351,2021,{5AEAB802-6D0D-4D4F-A551-7CE18FB6A703},,,,
,,627,318272,2021/01/11 16:38:00+00,FAQ,Ask 3-1-1,,,Closed,2021/01/11 16:38:00+00,Call Center,0,0,2021,{8A76738B-CFF8-4612-BF01-F5300CA7C841},,,,
,,628,318273,2021/01/11 16:57:00+00,Sanitation Department,Inquiries,,,Closed,2021/01/11 16:57:00+00,Call Center,0,0,2021,{8A42C990-6DF9-45F7-BB73-042F8A1F6D96},,,,
509291.968024746,666720.034410574,629,318274,2021/01/11 16:58:00+00,Code Enforcement,Nuisance,WEST CLOVER LN,7,Closed,2021/01/13 18:46:00+00,Call Center,32.3319942,-86.3088358,2021,{08E0A2F5-0ED2-4015-94B8-227E65BA629B},,,,
,,630,318275,2021/01/11 16:59:00+00,FAQ,FAQ-Municipal Court,,,Closed,2021/01/11 16:59:00+00,Call Center,0,0,2021,{B88E7D5F-C066-44EC-89B0-E55D5D849741},,,,
,,631,318276,2021/01/11 17:00:00+00,Code Enforcement,Inquiries,,,Closed,2021/01/11 17:00:00+00,Call Center,0,0,2021,{01B53EF9-7BF1-49A1-AE32-9F46E22838CD},,,,
,,632,318277,2021/01/11 17:06:00+00,Sanitation Department,Inquiries,,,Closed,2021/01/11 17:06:00+00,Call Center,0,0,2021,{B21B7FB4-6113-47C3-8DC4-5579BCDF5440},,,,
,,633,318278,2021/01/11 17:06:00+00,FAQ,FAQ-City Hall ,,,Closed,2021/01/11 17:06:00+00,Call Center,0,0,2021,{CF4EDB34-4BDE-49C1-B721-1ABBC28D5F59},,,,
,,634,318279,2021/01/11 17:07:00+00,Sanitation Department,Inquiries,,,Closed,2021/01/11 17:07:00+00,Call Center,0,0,2021,{375345A4-DB5C-401C-8D42-0FDF8538F59F},,,,
,,635,318280,2021/01/11 17:14:00+00,FAQ,Inquiries,,,Closed,2021/01/11 17:14:00+00,Call Center,0,0,2021,{4E213205-ACBA-460A-932E-08BACB6787C9},,,,
546055.455193162,688740.531051904,636,318281,2021/01/11 17:16:00+00,Code Enforcement,Nuisance,6309 INTERVALE RD,1,Closed,2021/01/14 15:45:00+00,Call Center,32.3929133,-86.190055,2021,{6CC219BD-70A8-433C-A0F1-5CBFABF1B011},,,,
520565.006174162,672488.985799156,637,318282,2021/01/11 17:24:00+00,Urban Forestry,Tree Issues On City R.O.W.,2134 ROSEMONT DR,7,Closed,2021/01/11 17:37:00+00,Call Center,32.3479832,-86.2724172,2021,{DC7D84D7-2015-4C72-81BA-EDCBF9C2358C},,,,
539626.60059683,701272.88722074,638,318283,2021/01/11 17:26:00+00,Sanitation Department,Exchange Damage Container,3837 WILLIAMS RD,2,Closed,2021/01/20 15:34:00+00,Call Center,32.4272994,-86.2110253,2021,{AF4DF80A-3339-47D2-8C9D-06710A0A64E4},,,,
544144.887163911,688489.122105904,639,318284,2021/01/11 17:29:00+00,Code Enforcement,Nuisance,6053 HINCHCLIFF RD,1,Closed,2021/01/14 15:52:00+00,Call Center,32.3922046,-86.1962417,2021,{C47A7EEE-BCC6-4922-A70F-3F079500B8C8},,,,
524241.863977913,691356.681987576,640,318285,2021/01/11 17:31:00+00,Street Maintenance,Street Flooding,836 WESTOVER RD,2,Closed,2021/01/13 18:44:00+00,Website,32.3998843,-86.2607557,2021,{26D5299F-D2EB-40A3-AFD0-3AAC02D05012},,,,
517160.564492244,703814.231219403,641,318286,2021/01/11 17:33:00+00,Sanitation Department,General Sanitation Inquiry,3351 TYLER RD,3,Closed,2021/01/21 16:12:00+00,Call Center,32.4340452,-86.2838679,2021,{7C01E270-270D-40CA-875F-EEAF648DA205},,,,
524628.533480164,659266.464672074,642,318287,2021/01/11 17:33:00+00,Code Enforcement,Nuisance,101 SPRING VALLEY RD,6,Closed,2021/01/12 15:46:00+00,Call Center,32.3116843,-86.2590895,2021,{724F0917-8350-4630-A573-AF8F8503BDAD},,,,
524684.200035494,659108.784541242,643,318288,2021/01/11 17:34:00+00,Code Enforcement,Nuisance,106 LAUDERDALE ST,6,Closed,2021/01/12 15:47:00+00,Call Center,32.3112515,-86.2589073,2021,{265D76B4-68A4-42DB-BE43-E19E4934B5E1},,,,
525037.485418163,657303.373781987,644,318289,2021/01/11 17:34:00+00,Code Enforcement,Nuisance,316 EAGERTON RD,6,Closed,2021/01/12 15:48:00+00,Call Center,32.3062929,-86.2577407,2021,{866885EF-0E44-49B7-BEA7-3EBA683D3C3F},,,,
,,645,318290,2021/01/11 17:40:00+00,FAQ,Ask 3-1-1,,,Closed,2021/01/11 17:40:00+00,Call Center,0,0,2021,{3A05526D-8849-48FD-BCC9-3B57DB864143},,,,
506254.798246078,677331.830116071,646,318291,2021/01/11 17:42:00+00,Street Maintenance,Pothole Repairing,EMERSON ST,7,Closed,2021/01/14 20:29:00+00,Call Center,32.3611245,-86.318824,2021,{06D0AECF-4B19-4B1D-9CE5-1834A17576E7},,,,
510973.28191933,667398.993682571,647,318292,2021/01/11 17:44:00+00,Urban Forestry,Tree Trimming,311 KELLY LN,5,Closed,2021/02/12 15:06:00+00,Call Center,32.3338808,-86.3034024,2021,{C4266EC9-4E8A-4D33-B254-99B9D11A7DF4},,,,
550398.774590496,685301.043508321,648,318293,2021/01/11 17:58:00+00,FAQ,Ask 3-1-1,,1,Closed,2021/01/11 17:58:00+00,Call Center,32.3834984,-86.1759487,2021,{31602FB4-0158-42DE-940B-E02F4687AEA2},,,,
527739.47378058,666791.840697408,649,318294,2021/01/11 18:02:00+00,Code Enforcement,General Repairs,3880 GOVERNORS DR,5,Closed,2021/01/13 15:06:00+00,Call Center,32.3324025,-86.2491149,2021,{A55D97DC-280D-4688-8240-8AF31AB851E3},,,,
537528.658598494,692226.013582237,650,318295,2021/01/11 18:02:00+00,Building Maintenance,COM Plumbing,2855 LAGOON PARK DR,2,Closed,2021/01/11 18:34:00+00,Call Center,32.4024124,-86.2177189,2021,{6937CC53-C8AC-4238-9262-E08CB47BE6EE},,,,
543464.993510578,691349.399193741,651,318296,2021/01/11 18:03:00+00,Sanitation Department,Dead Animal pickup,845 NORTH BURBANK DR ,2,Closed,2021/02/18 13:13:00+00,Call Center,32.4000601,-86.1984759,2021,{650ED858-368D-4387-AC23-E2D3583A1EB4},,,,
509480.896124579,684219.103086904,652,318297,2021/01/11 18:04:00+00,Building Maintenance,COM HVAC/Refrigeration,19 MADISON AVE,3,Closed,2021/01/12 15:44:00+00,Call Center,32.3800947,-86.3084756,2021,{900FD973-A187-4773-8ACF-9620DA6FB097},,,,
,,653,318298,2021/01/11 18:04:00+00,Sanitation Department,Inquiries,,,Closed,2021/01/11 18:04:00+00,Call Center,0,0,2021,{14E54366-35B1-4D48-91E2-7CD7C41E815F},,,,
526788.371023994,688090.019885741,654,318299,2021/01/11 18:13:00+00,Sanitation Department,Exchange Damage Container,3570 SOUTH GEORGETOWN DR,2,Closed,2021/02/18 13:13:00+00,Call Center,32.3909332,-86.252464,2021,{8C0FFD0C-537A-4346-AFCF-F465CAD8BDC5},,,,
523015.66728333,689386.319458492,655,318300,2021/01/11 18:19:00+00,Code Enforcement,Nuisance,2916 PINEHAARDT DR,2,Closed,2021/01/14 15:37:00+00,Call Center,32.394455,-86.2647026,2021,{816BE940-4E49-4F98-A890-0B24751D3EA5},,,,
,,656,318301,2021/01/11 18:26:00+00,Planning Department,Inquiries,,,Closed,2021/01/11 18:26:00+00,Call Center,0,0,2021,{838F0C87-C32D-4899-9915-41A6EEA917B6},,,,
,,657,318302,2021/01/11 18:29:00+00,Traffic Engineering,Investigate a signalized intersection that is on flash,,,Closed,2021/01/11 19:25:00+00,Control Panel,0,0,2021,{51775367-3977-4422-8F65-396C6FC20F3C},,,,
516352.431265995,663883.765804909,658,318303,2021/01/11 18:40:00+00,Urban Forestry,Tree Issues On City R.O.W.,1312 DEVONSHIRE DR,5,Closed,2021/01/26 15:29:00+00,Call Center,32.3242824,-86.2859396,2021,{C71ACEA9-DE0F-43ED-972E-128C8174F139},,,,
537521.539846327,692211.850224741,659,318304,2021/01/11 18:43:00+00,Building Maintenance,COM Plumbing,2855 LAGOON PARK DR,2,Closed,2021/01/12 15:55:00+00,Call Center,32.4023734,-86.2177418,2021,{25F6D682-FA8A-4030-A87B-577C39600183},,,,
515747.858984329,663361.846901238,660,318305,2021/01/11 18:45:00+00,Street Maintenance,Clean Inlets,BUCKINGHAM DR,5,Closed,2021/01/13 18:54:00+00,Call Center,32.3228408,-86.2878895,2021,{13EE7C14-AF09-4737-AEB2-D6467F091C39},,,,
516611.608241078,662233.892136157,661,318306,2021/01/11 18:47:00+00,Street Maintenance,Clean Inlets,SUNSHINE DR,5,Closed,2021/01/13 18:46:00+00,Call Center,32.3197505,-86.2850781,2021,{83BF2BF5-6112-4952-A672-60CB4BB268E3},,,,
515513.542851914,679963.239879489,662,318307,2021/01/11 18:48:00+00,Building Maintenance,COM Carpentry,1010 FOREST AVE,3,Closed,2021/01/12 20:43:00+00,Call Center,32.3684691,-86.2888766,2021,{2CB857A5-EE99-4BAD-9561-B697C96B7E61},,,,
516241.675910078,663910.974411905,663,318308,2021/01/11 18:49:00+00,Street Maintenance,Clean Inlets,DEVONSHIRE DR,5,Closed,2021/01/13 18:49:00+00,Call Center,32.3243559,-86.2862985,2021,{CA7A424B-7B7D-4605-A545-284078FF5FB8},,,,
516832.612392247,661931.394053489,664,318309,2021/01/11 18:50:00+00,Street Maintenance,Clean Inlets,BANYAN DR,5,Closed,2021/01/13 18:47:00+00,Call Center,32.3189216,-86.2843586,2021,{49A3C11C-915C-4B35-9D47-BE4EE7CDE9D1},,,,
515513.542851914,679963.239879489,665,318310,2021/01/11 18:50:00+00,Building Maintenance,COM HVAC/Refrigeration,1010 FOREST AVE,3,Closed,2021/01/11 19:46:00+00,Call Center,32.3684691,-86.2888766,2021,{B3A2F7BC-13C4-4CB4-8BDA-867DB6A4440D},,,,
517171.908629663,662650.651473239,666,318311,2021/01/11 18:51:00+00,Street Maintenance,Clean Inlets,BANCROFT AVE,5,Closed,2021/01/13 18:46:00+00,Call Center,32.3209025,-86.2832701,2021,{BE79D23D-CC29-490A-A5F3-250CEAF9C779},,,,
513758.700232994,663992.39911782,667,318312,2021/01/11 18:52:00+00,Street Maintenance,Clean Inlets,SUSSEX DR,5,Closed,2021/01/13 18:54:00+00,Call Center,32.3245506,-86.2943373,2021,{F15BE89C-36DD-4553-B2E2-5D3573F119A0},,,,
515355.287919078,662027.325292073,668,318313,2021/01/11 18:53:00+00,Street Maintenance,Clean Inlets,MARLOWE DR,5,Closed,2021/01/13 18:44:00+00,Call Center,32.3191681,-86.2891419,2021,{10E5E687-8984-44E6-945D-CD40262B41DE},,,,
515307.35625641,662502.819091737,669,318314,2021/01/11 18:53:00+00,Street Maintenance,Clean Inlets,FLAMINGO LN,5,Closed,2021/01/13 18:45:00+00,Call Center,32.3204745,-86.2893036,2021,{21DFE56D-77F2-437C-BE59-A4293985915C},,,,
515651.84080366,662472.795529738,670,318315,2021/01/11 18:54:00+00,Street Maintenance,Clean Inlets,COVENTRY RD,5,Closed,2021/01/13 18:53:00+00,Call Center,32.320396,-86.2881881,2021,{03179FC0-D32A-4C67-847A-59D95ECC78E4},,,,
,,671,318316,2021/01/11 19:10:00+00,FAQ,FAQ-Municipal Court,,,Closed,2021/01/11 19:10:00+00,Call Center,0,0,2021,{7879233C-596E-457F-A96C-7DA2105AAC88},,,,
,,672,318317,2021/01/11 19:18:00+00,Inspections Department,Inquiries,,,Closed,2021/01/11 19:18:00+00,Call Center,0,0,2021,{1ECEC66E-294E-4819-AA5A-37C0485F161E},,,,
,,673,318318,2021/01/11 19:19:00+00,FAQ,Ask 3-1-1,,,Closed,2021/01/11 19:19:00+00,Call Center,0,0,2021,{E84E617E-C84C-4BDD-B645-D161F3C1EA5F},,,,
,,674,318319,2021/01/11 19:30:00+00,Sanitation Department,Inquiries,,,Closed,2021/01/11 19:30:00+00,Call Center,0,0,2021,{26890CAD-946C-4281-BABF-73223BEE4BAD},,,,
521159.599145077,677114.858765237,675,318320,2021/01/11 19:35:00+00,Code Enforcement,Parking On Front Lawn,1600 DALE DR,7,Closed,2021/01/12 15:01:00+00,Call Center,32.3607047,-86.2705531,2021,{D4486790-505F-4B49-8558-45D4D33ADAE2},,,,
488525.216579329,672119.694214903,676,318321,2021/01/11 19:36:00+00,Traffic Engineering,Install New Signs,SWAN ST,4,Closed,2021/01/19 20:58:00+00,Control Panel,32.3465644,-86.3761537,2021,{2CC21579-0DD3-4C9E-9A6F-C802563B7FB4},,,,
,,677,318322,2021/01/11 19:39:00+00,FAQ,Ask 3-1-1,,,Closed,2021/01/11 19:39:00+00,Call Center,0,0,2021,{9637673C-BD93-4EDE-ADC3-EC44E73F0A9C},,,,
,,678,318323,2021/01/11 19:49:00+00,FAQ,Ask 3-1-1,,,Closed,2021/01/11 19:49:00+00,Call Center,0,0,2021,{3CBF6376-4F29-4E20-B050-14FC213EC8D1},,,,
,,679,318324,2021/01/11 19:56:00+00,Sanitation Department,Inquiries,,,Closed,2021/01/11 19:56:00+00,Call Center,0,0,2021,{B214400A-94CA-4488-A623-831D770820B0},,,,
510204.364821997,694249.700479738,680,318325,2021/01/11 20:16:00+00,Code Enforcement,Duplicated Service Request,1545 MOSES ST,3,Closed,2021/01/11 20:16:00+00,Call Center,32.4076736,-86.3062759,2021,{F51D35B9-F9D1-4A93-8592-29A6AE940055},,,,
513800.170622494,684099.606278658,681,318326,2021/01/11 20:17:00+00,Building Maintenance,COM Roofing,1018 MADISON AVE,3,Closed,2021/01/18 12:06:00+00,Call Center,32.3798182,-86.2944834,2021,{CF183605-C4DF-4DAE-BD72-92996D16F6F8},,,,
,,682,318327,2021/01/11 20:27:00+00,Inspections Department,Inquiries,,,Closed,2021/01/11 20:27:00+00,Call Center,0,0,2021,{B1C1440D-7DFB-49DE-88B5-D255FEB0A207},,,,
491907.833173662,678008.946215905,683,318328,2021/01/11 20:29:00+00,Code Enforcement,Nuisance,2918 OLD SELMA RD,4,Closed,2021/01/13 17:18:00+00,Website,32.3627982,-86.365296,2021,{1C4EBEB2-04DA-4A3E-9D51-DA1EFCB603F3},,,,
529838.245173577,672048.789501071,684,318329,2021/01/11 20:31:00+00,Code Enforcement,Inquiries,2018 GREEN ACRES DR,5,Closed,2021/01/11 20:31:00+00,Call Center,32.3468742,-86.2423853,2021,{7EE465A5-57A4-4B53-9D6E-396D196A5830},,,,
535361.584520578,653020.712727904,685,318330,2021/01/11 20:33:00+00,Parks & Recreation,COM Community Center Issues,6055 WOODLEY CIR,6,Closed,2021/04/19 16:37:00+00,Call Center,32.2946292,-86.2242763,2021,{4A03C4E7-E9EA-4C41-B7AF-4482C80231D7},,,,
566967.516387329,683564.514829159,686,318331,2021/01/11 20:39:00+00,Traffic Engineering,Replace Missing Signs,DUNCANNON TRAIL,1,Closed,2021/01/19 17:26:00+00,Call Center,32.3788597,-86.1222628,2021,{52586103-3B05-437D-9C16-3F1DF87B651A},,,,
509707.574805077,683901.063368656,687,318332,2021/01/11 20:40:00+00,Parks & Recreation,COM Community Center Issues,6050 *STREET UNKNOWN,3,Closed,2021/04/09 17:16:00+00,Call Center,32.3792233,-86.3077368,2021,{4B2B636C-7FE9-42A2-AB14-2094D1B6BAF6},,,,
502193.974674828,676855.66440174,688,318333,2021/01/11 20:41:00+00,Building Maintenance,COM HVAC/Refrigeration,1240 HUGH ST,4,Closed,2021/01/12 17:31:00+00,Call Center,32.3597644,-86.3319674,2021,{35C2AD3F-C22A-4861-8F35-9580E481FA4A},,,,
517231.098143827,692240.102792904,689,318334,2021/01/11 20:45:00+00,Sanitation Department,Leaves and Debris Pick up,1705 GLORIA CT,2,Closed,2021/01/15 15:09:00+00,Call Center,32.4022334,-86.2834813,2021,{3CD95AAC-7D01-49F6-BB62-D9DE787F7826},,,,
541333.422970578,679411.927661903,690,318335,2021/01/11 21:13:00+00,Traffic Engineering,Install New Signs,6000 EAST SHIRLEY LN,9,Closed,2021/01/21 22:07:00+00,Call Center,32.3672281,-86.2052474,2021,{EEC8B3BB-A927-471F-B198-2656E936D09D},,,,
,,691,318336,2021/01/11 21:13:00+00,FAQ,Ask 3-1-1,,,Closed,2021/01/11 21:13:00+00,Call Center,0,0,2021,{35B27F4B-7C26-451C-9081-7B69C717C959},,,,
532088.443757161,670706.668497659,692,318337,2021/01/11 21:21:00+00,Street Maintenance,Ditch Eroding,4416 NORTH GASKELL CIR,5,Closed,2023/03/14 19:53:00+00,Control Panel,32.3432086,-86.235083,2021,{11E67A7B-D3D7-4390-A464-5C6297B5C859},,,,
,,693,318338,2021/01/11 21:22:00+00,Sanitation Department,Inquiries,,,Closed,2021/01/11 21:22:00+00,Call Center,0,0,2021,{B856B6E5-C942-4203-BB53-B151FB17795C},,,,
,,694,318339,2021/01/11 21:29:00+00,FAQ,Ask 3-1-1,,,Closed,2021/01/11 21:29:00+00,Call Center,0,0,2021,{F4DFA126-83D7-4BB4-9C3D-B029E3A5C749},,,,
525720.410889577,684483.030052491,695,318340,2021/01/11 21:29:00+00,Code Enforcement,Nuisance,3513 COTTONWOOD DR,1,Closed,2021/01/12 14:27:00+00,Call Center,32.3810074,-86.2558775,2021,{9B0B39D7-6C2E-4086-887E-801AEF8911E8},,,,
525745.280262411,684463.976940989,696,318341,2021/01/11 21:34:00+00,Code Enforcement,Inquiries,3515 COTTONWOOD DR,1,Closed,2021/01/11 21:34:00+00,Call Center,32.3809553,-86.2557967,2021,{9D5BEF1B-C4A9-4369-8EC2-D11037DDD8F1},,,,
,,697,318342,2021/01/11 21:35:00+00,FAQ,Ask 3-1-1,,,Closed,2021/01/11 21:35:00+00,Call Center,0,0,2021,{19037765-F0ED-41F8-BE7F-34FA7123345B},,,,
,,698,318343,2021/01/11 21:38:00+00,FAQ,FAQ- Neighborhood Services,,,Closed,2021/01/11 21:38:00+00,Call Center,0,0,2021,{FDCF0F49-FF8A-4382-9E79-F76B64C52CD4},,,,
,,699,318344,2021/01/11 21:40:00+00,Sanitation Department,Inquiries,,,Closed,2021/01/11 21:40:00+00,Call Center,0,0,2021,{3640F30C-A189-46FD-BA3F-1F3FA119EBF7},,,,
,,700,318345,2021/01/11 21:43:00+00,Inspections Department,Inquiries,,,Closed,2021/01/11 21:43:00+00,Call Center,0,0,2021,{B7A17B3B-B0B4-4DDB-B989-ED1B97F62B4C},,,,
,,701,318346,2021/01/11 21:55:00+00,FAQ,FAQ- Montgomery Police Department,,,Closed,2021/01/11 21:55:00+00,Call Center,0,0,2021,{7DF4DA00-7A54-4A63-A3DE-73C98523288C},,,,
525745.280262411,684463.976940989,702,318347,2021/01/11 21:59:00+00,Code Enforcement,Duplicated Service Request,3515 COTTONWOOD DR,1,Closed,2021/01/11 21:59:00+00,Call Center,32.3809553,-86.2557967,2021,{C1C1847F-E670-4E63-AE33-D29C8AF75513},,,,
,,703,318348,2021/01/11 22:03:00+00,Sanitation Department,Inquiries,,,Closed,2021/01/11 22:03:00+00,Call Center,0,0,2021,{A7E2809F-D363-42E1-B769-7699779B4A16},,,,
,,704,318349,2021/01/11 22:42:00+00,FAQ,Ask 3-1-1,,,Closed,2021/01/11 22:42:00+00,Call Center,0,0,2021,{72153F7F-9512-430C-B83A-ECF6C14708C5},,,,
,,705,318350,2021/01/11 22:59:00+00,FAQ,Ask 3-1-1,,,Closed,2021/01/11 22:59:00+00,Call Center,0,0,2021,{DEB02BEA-10DD-4400-92CB-B2F23486CDB6},,,,
,,706,318351,2021/01/12 13:15:00+00,FAQ,Ask 3-1-1,,,Closed,2021/01/12 13:15:00+00,Call Center,0,0,2021,{B4A58A3F-3634-4DB4-B31C-4042D6B229B9},,,,
511878.25878391,687227.346414238,707,318352,2021/01/12 13:41:00+00,Sanitation Department,Dead Animal pickup,CLISBY PK,3,Closed,2021/01/14 15:02:00+00,Call Center,32.3883922,-86.3007529,2021,{A99BCA5C-28AF-4DA2-8033-08612099C2E4},,,,
521517.891407497,683888.38852524,708,318353,2021/01/12 14:15:00+00,FAQ,Ask 3-1-1,202 DUNN DR,2,Closed,2021/02/04 15:33:00+00,Website,32.3793266,-86.2694822,2021,{81F7ADBA-0D4E-4DAC-AD84-9B6D6FFB6005},,,,
,,709,318354,2021/01/12 14:17:00+00,Sanitation Department,Inquiries,,,Closed,2021/01/12 14:17:00+00,Call Center,0,0,2021,{0E3AF09A-4DA0-4BB9-AC30-AF6A0BCC564E},,,,
,,710,318355,2021/01/12 14:18:00+00,Sanitation Department,Inquiries,,,Closed,2021/01/12 14:18:00+00,Call Center,0,0,2021,{EFCFDA4B-D6EF-42A3-8572-2296C74E9913},,,,
512988.792323995,689679.432717405,711,318356,2021/01/12 14:24:00+00,Sanitation Department,Dead Animal pickup,N Decat