X,Y,FID,foottraffic
-9625304.33674506,3803412.2241399,1,148
-9625304.33674506,3803412.2241399,2,148
-9625304.33674506,3803412.2241399,3,148
-9625304.33674506,3803412.2241399,4,148
-9625304.33674506,3803412.2241399,5,148
-9625304.33674506,3803412.2241399,6,148
-9625304.33674506,3803412.2241399,7,148
-9625304.33674506,3803412.2241399,8,148
-9625304.33674506,3803412.2241399,9,148
-9625304.33674506,3803412.2241399,10,148
-9625304.33674506,3803412.2241399,11,148
-9625304.33674506,3803412.2241399,12,148
-9625304.33674506,3803412.2241399,13,148
-9625304.33674506,3803412.2241399,14,148
-9625304.33674506,3803412.2241399,15,148
-9625304.33674506,3803412.2241399,16,148
-9625304.33674506,3803412.2241399,17,148
-9540299.66038041,3783300.60601725,18,294
-9750946.1932238,3964646.59162882,19,87
-9750946.1932238,3964646.59162882,20,87
-9397766.1843687,4003210.93078788,21,87
-9555491.43128897,3872747.73708831,22,101
-9638396.62205726,3735837.87507126,23,100
-9638396.62205726,3735837.87507126,24,100
-9638396.62205726,3735837.87507126,25,100
-9653867.80488771,4143438.06192805,26,138
-9644524.76002542,4130000.82895021,27,59
-9767103.10411753,3580211.39965204,28,139
-9767103.10411753,3580211.39965204,29,139
-9551496.17476439,3740882.47073461,30,128
-9602359.16330275,3708682.1348876,31,75
-9602359.16330275,3708682.1348876,32,75
-9602359.16330275,3708682.1348876,33,75
-9613277.37895975,3756694.03679841,34,90
-9613277.37895975,3756694.03679841,35,90
-9613277.37895975,3756694.03679841,36,90
-9575555.65630955,3639155.9420182,37,93
-9562319.76885423,3832589.08828226,38,127
-9562319.76885423,3832589.08828226,39,127
-9641882.035314,3742209.79388791,40,101
-9391222.82469987,4025040.2449755,41,95
-9594253.99117809,3828778.02747669,42,117
-9594253.99117809,3828778.02747669,43,117
-9594253.99117809,3828778.02747669,44,117
-9594253.99117809,3828778.02747669,45,117
-9594253.99117809,3828778.02747669,46,117
-9594253.99117809,3828778.02747669,47,117
-9594253.99117809,3828778.02747669,48,117
-9594253.99117809,3828778.02747669,49,117
-9594253.99117809,3828778.02747669,50,117
-9594253.99117809,3828778.02747669,51,117
-9594253.99117809,3828778.02747669,52,117
-9594253.99117809,3828778.02747669,53,117
-9594253.99117809,3828778.02747669,54,117
-9594253.99117809,3828778.02747669,55,117
-9594253.99117809,3828778.02747669,56,117
-9594253.99117809,3828778.02747669,57,117
-9582866.00726994,3773553.69973974,58,67
-9582866.00726994,3773553.69973974,59,67
-9582866.00726994,3773553.69973974,60,67
-9582866.00726994,3773553.69973974,61,67
-9582866.00726994,3773553.69973974,62,67
-9582866.00726994,3773553.69973974,63,67
-9582866.00726994,3773553.69973974,64,67
-9582866.00726994,3773553.69973974,65,67
-9582866.00726994,3773553.69973974,66,67
-9582866.00726994,3773553.69973974,67,67
-9582866.00726994,3773553.69973974,68,67
-9582866.00726994,3773553.69973974,69,67
-9582866.00726994,3773553.69973974,70,67
-9582866.00726994,3773553.69973974,71,67
-9623720.26039107,3823324.27967607,72,101
-9623720.26039107,3823324.27967607,73,101
-9623720.26039107,3823324.27967607,74,101
-9623720.26039107,3823324.27967607,75,101
-9623720.26039107,3823324.27967607,76,101
-9581581.38034619,3955025.96485592,77,162
-9384693.93656485,3993476.39250798,78,114
-9640319.10966326,4091547.39979749,79,90
-9606347.74065787,3862240.26285405,80,113
-9606347.74065787,3862240.26285405,81,113
-9606347.74065787,3862240.26285405,82,113
-9606347.74065787,3862240.26285405,83,113
-9606347.74065787,3862240.26285405,84,113
-9518061.36570464,3837811.97937815,85,73
-9565934.31272028,3882567.1646161,86,154
-9746576.90321016,3911696.05651753,87,156
-9549457.91488797,3837417.04574964,88,132
-9549457.91488797,3837417.04574964,89,132
-9960410.51307496,3653613.31432172,90,120
-9960410.51307496,3653613.31432172,91,120
-9426296.25666411,4019299.27316902,92,146
-9426296.25666411,4019299.27316902,93,146
-9426296.25666411,4019299.27316902,94,146
-9426296.25666411,4019299.27316902,95,146
-9370826.86759673,3565877.72902901,96,135
-9394871.87760808,3967719.45867902,97,166
-9394871.87760808,3967719.45867902,98,166
-9394871.87760808,3967719.45867902,99,166
-9516865.79437352,3838641.51494339,100,72
-9542235.5063253,3781182.58275612,101,45
-9542235.5063253,3781182.58275612,102,45
-9542235.5063253,3781182.58275612,103,45
-9542235.5063253,3781182.58275612,104,45
-9542235.5063253,3781182.58275612,105,45
-9542235.5063253,3781182.58275612,106,45
-9542235.5063253,3781182.58275612,107,45
-9542235.5063253,3781182.58275612,108,45
-9542235.5063253,3781182.58275612,109,45
-9690652.21742544,3734942.09298775,110,42
-9690652.21742544,3734942.09298775,111,42
-9690652.21742544,3734942.09298775,112,42
-9514595.98995624,3654820.59503759,113,74
-9541963.88676777,3779994.23449814,114,161
-9541963.88676777,3779994.23449814,115,161
-9541963.88676777,3779994.23449814,116,161
-9541963.88676777,3779994.23449814,117,161
-9541963.88676777,3779994.23449814,118,161
-9541963.88676777,3779994.23449814,119,161
-9541963.88676777,3779994.23449814,120,161
-9325997.39545937,3909424.68314278,121,125
-9630073.26373064,3972066.40520706,122,95
-9612700.74399745,3749042.63875263,123,91
-9624692.0795457,3826634.76088194,124,101
-9624692.0795457,3826634.76088194,125,101
-9613094.81499485,3833337.71548848,126,94
-9568421.1901446,4041381.18710891,127,109
-9568421.1901446,4041381.18710891,128,109
-9233124.65748545,4138768.71671955,129,131
-9233124.65748545,4138768.71671955,130,131
-9522314.88344784,3850370.86837618,131,127
-9522314.88344784,3850370.86837618,132,127
-9522314.88344784,3850370.86837618,133,127
-9522314.88344784,3850370.86837618,134,127
-9166871.74934492,3846577.87629428,135,155
-9166871.74934492,3846577.87629428,136,155
-9408121.12340229,3984884.3421096,137,169
-9408121.12340229,3984884.3421096,138,169
-9408121.12340229,3984884.3421096,139,169
-9408121.12340229,3984884.3421096,140,169
-9817537.51261633,3591062.37575317,141,193
-9626425.32401735,3825773.07613205,142,94
-9626425.32401735,3825773.07613205,143,94
-9626425.32401735,3825773.07613205,144,94
-9626425.32401735,3825773.07613205,145,94
-9626425.32401735,3825773.07613205,146,94
-9626425.32401735,3825773.07613205,147,94
-9626425.32401735,3825773.07613205,148,94
-9626425.32401735,3825773.07613205,149,94
-9626425.32401735,3825773.07613205,150,94
-9626425.32401735,3825773.07613205,151,94
-9626425.32401735,3825773.07613205,152,94
-9626425.32401735,3825773.07613205,153,94
-9626425.32401735,3825773.07613205,154,94
-9541175.74477295,3819347.37993621,155,65
-9402311.35917779,4023983.89347647,156,135
-9402311.35917779,4023983.89347647,157,135
-9626390.8149752,3827906.94882273,158,104
-9626390.8149752,3827906.94882273,159,104
-9626390.8149752,3827906.94882273,160,104
-9626390.8149752,3827906.94882273,161,104
-9723482.56165019,4287050.26350517,162,136
-9627233.50352051,3779874.61746871,163,132
-9627233.50352051,3779874.61746871,164,132
-9627233.50352051,3779874.61746871,165,132
-9627233.50352051,3779874.61746871,166,132
-9627233.50352051,3779874.61746871,167,132
-9627233.50352051,3779874.61746871,168,132
-9627233.50352051,3779874.61746871,169,132
-9627233.50352051,3779874.61746871,170,132
-9627233.50352051,3779874.61746871,171,132
-9627233.50352051,3779874.61746871,172,132
-9627233.50352051,3779874.61746871,173,132
-9627233.50352051,3779874.61746871,174,132
-9627233.50352051,3779874.61746871,175,132
-9627233.50352051,3779874.61746871,176,132
-9708297.46991108,3647589.08513536,177,105
-9717198.57639491,4093163.7139669,178,131
-9567795.57460635,3699457.38927415,179,76
-9583172.13586962,3825064.50932003,180,89
-9583172.13586962,3825064.50932003,181,89
-9583172.13586962,3825064.50932003,182,89
-9415376.9278122,3560518.11353859,183,209
-9595769.04944779,3762605.75183739,184,89
-9595769.04944779,3762605.75183739,185,89
-9595769.04944779,3762605.75183739,186,89
-9595769.04944779,3762605.75183739,187,89
-9595769.04944779,3762605.75183739,188,89
-9512923.97120453,3841689.368098,189,143
-9512923.97120453,3841689.368098,190,143
-9583158.77753073,3824943.12036336,191,89
-9583158.77753073,3824943.12036336,192,89
-9583158.77753073,3824943.12036336,193,89
-9583158.77753073,3824943.12036336,194,89
-9583158.77753073,3824943.12036336,195,89
-9583158.77753073,3824943.12036336,196,89
-9583158.77753073,3824943.12036336,197,89
-9583158.77753073,3824943.12036336,198,89
-9583158.77753073,3824943.12036336,199,89
-9583158.77753073,3824943.12036336,200,89
-9583158.77753073,3824943.12036336,201,89
-9565805.18211096,3838077.47727625,202,78
-9565805.18211096,3838077.47727625,203,78
-9565805.18211096,3838077.47727625,204,78
-9565805.18211096,3838077.47727625,205,78
-9565805.18211096,3838077.47727625,206,78
-9565805.18211096,3838077.47727625,207,78
-9571057.23568659,3737156.78599073,208,102
-9571057.23568659,3737156.78599073,209,102
-9645986.38493954,3821142.42603326,210,140
-9645986.38493954,3821142.42603326,211,140
-9517673.97387668,3835763.48664842,212,174
-9359283.03640146,3987612.06722374,213,151
-9359283.03640146,3987612.06722374,214,151
-9359283.03640146,3987612.06722374,215,151
-9720079.52481664,4021338.74565343,216,57
-9361899.04443511,4040519.56243006,217,148
-9561409.17541954,4065964.32658964,218,141
-9660573.69101309,4040519.56243006,219,101
-9612652.8766164,3855391.2824022,220,83
-9737764.85231896,3929363.80602099,221,189
-9737764.85231896,3929363.80602099,222,189
-9920751.83128495,3568488.62449069,223,97
-9482267.69663497,3876888.41729516,224,117
-9612475.87862604,3830800.23223034,225,100
-9612475.87862604,3830800.23223034,226,100
-9612475.87862604,3830800.23223034,227,100
-9624325.83842099,3826216.44669532,228,101
-9392323.77446382,3995592.9419529,229,70
-9771017.09741382,3619503.08797465,230,137
-9771017.09741382,3619503.08797465,231,137
-9771017.09741382,3619503.08797465,232,137
-9771017.09741382,3619503.08797465,233,137
-9508746.15071505,3800309.6461208,234,88
-9508746.15071505,3800309.6461208,235,88
-9508746.15071505,3800309.6461208,236,88
-9508834.09311278,3663574.3173113,237,135
-9576648.81370913,3809041.32739068,238,105
-9576648.81370913,3809041.32739068,239,105
-9576648.81370913,3809041.32739068,240,105
-9576648.81370913,3809041.32739068,241,105
-9576648.81370913,3809041.32739068,242,105
-9576648.81370913,3809041.32739068,243,105
-9576648.81370913,3809041.32739068,244,105
-9576648.81370913,3809041.32739068,245,105
-9576648.81370913,3809041.32739068,246,105
-9576648.81370913,3809041.32739068,247,105
-9576648.81370913,3809041.32739068,248,105
-9576648.81370913,3809041.32739068,249,105
-9576648.81370913,3809041.32739068,250,105
-9576648.81370913,3809041.32739068,251,105
-9576648.81370913,3809041.32739068,252,105
-9576648.81370913,3809041.32739068,253,105
-9576648.81370913,3809041.32739068,254,105
-9576648.81370913,3809041.32739068,255,105
-9576648.81370913,3809041.32739068,256,105
-9681676.52688277,3809837.23061623,257,140
-9681676.52688277,3809837.23061623,258,140
-9681676.52688277,3809837.23061623,259,140
-9681676.52688277,3809837.23061623,260,140
-9681676.52688277,3809837.23061623,261,140
-9681676.52688277,3809837.23061623,262,140
-9681676.52688277,3809837.23061623,263,140
-9681676.52688277,3809837.23061623,264,140
-9537764.91557504,3821142.42603326,265,429
-9614330.46134266,3829333.70346219,266,99
-9614330.46134266,3829333.70346219,267,99
-9614330.46134266,3829333.70346219,268,99
-9675909.06406477,3555853.87685385,269,149
-9675909.06406477,3555853.87685385,270,149
-9633593.18602953,3832942.93087918,271,90
-9633593.18602953,3832942.93087918,272,90
-9633593.18602953,3832942.93087918,273,90
-9633593.18602953,3832942.93087918,274,90
-9817952.73431699,3592389.15120121,275,115
-9302161.66609071,3524255.28753104,276,100
-9783239.97750292,3571595.01778109,277,201
-9569644.59134842,3732433.20814355,278,101
-9542154.24309702,3818953.06003401,279,202
-9542154.24309702,3818953.06003401,280,202
-9542154.24309702,3818953.06003401,281,202
-9542154.24309702,3818953.06003401,282,202
-9542154.24309702,3818953.06003401,283,202
-9542154.24309702,3818953.06003401,284,202
-9542154.24309702,3818953.06003401,285,202
-9542154.24309702,3818953.06003401,286,202
-9648900.72920851,3939841.17292781,287,116
-9366899.51596154,4036549.67294148,288,201
-9557148.97850688,3986812.01016789,289,101
-9698248.65947717,3854535.43925219,290,22
-9594260.67034754,3838093.32808522,291,126
-9594260.67034754,3838093.32808522,292,126
-9594260.67034754,3838093.32808522,293,126
-9594260.67034754,3838093.32808522,294,126
-9594260.67034754,3838093.32808522,295,126
-9594260.67034754,3838093.32808522,296,126
-9594260.67034754,3838093.32808522,297,126
-9594260.67034754,3838093.32808522,298,126
-9594260.67034754,3838093.32808522,299,126
-9594260.67034754,3838093.32808522,300,126
-9594260.67034754,3838093.32808522,301,126
-9594260.67034754,3838093.32808522,302,126
-9594260.67034754,3838093.32808522,303,126
-9594260.67034754,3838093.32808522,304,126
-9594260.67034754,3838093.32808522,305,126
-9619426.66763117,3819564.98681724,306,88
-9619426.66763117,3819564.98681724,307,88
-9619426.66763117,3819564.98681724,308,88
-9619426.66763117,3819564.98681724,309,88
-9614616.552434,3828866.45873167,310,139
-9614616.552434,3828866.45873167,311,139
-9614616.552434,3828866.45873167,312,139
-9614616.552434,3828866.45873167,313,139
-9614616.552434,3828866.45873167,314,139
-9614616.552434,3828866.45873167,315,139
-9611361.5705232,3847836.34317545,316,83
-9611361.5705232,3847836.34317545,317,83
-9611361.5705232,3847836.34317545,318,83
-9427661.03362123,3998805.32706316,319,205
-9671261.47532415,3735125.434804,320,54
-9671261.47532415,3735125.434804,321,54
-9671261.47532415,3735125.434804,322,54
-9671261.47532415,3735125.434804,323,54
-9671261.47532415,3735125.434804,324,54
-9671261.47532415,3735125.434804,325,54
-9671261.47532415,3735125.434804,326,54
-9671261.47532415,3735125.434804,327,54
-9671261.47532415,3735125.434804,328,54
-9671261.47532415,3735125.434804,329,54
-9671261.47532415,3735125.434804,330,54
-9671261.47532415,3735125.434804,331,54
-9671261.47532415,3735125.434804,332,54
-9671261.47532415,3735125.434804,333,54
-9671261.47532415,3735125.434804,334,54
-9671261.47532415,3735125.434804,335,54
-9671261.47532415,3735125.434804,336,54
-9671261.47532415,3735125.434804,337,54
-9671261.47532415,3735125.434804,338,54
-9671261.47532415,3735125.434804,339,54
-9671261.47532415,3735125.434804,340,54
-9671261.47532415,3735125.434804,341,54
-9749981.05323862,3932841.45210026,342,168
-9647718.51621629,3821706.97853738,343,141
-9647718.51621629,3821706.97853738,344,141
-9647718.51621629,3821706.97853738,345,141
-9647718.51621629,3821706.97853738,346,141
-9647718.51621629,3821706.97853738,347,141
-9647718.51621629,3821706.97853738,348,141
-9568889.84520084,3743258.12838795,349,125
-9616464.45598117,4054631.00509984,350,155
-9941895.85536622,3670322.81292233,351,325
-9941895.85536622,3670322.81292233,352,325
-9557849.17810397,3720124.15090334,353,153
-9592853.59198391,3825643.76283494,354,88
-9592853.59198391,3825643.76283494,355,88
-9592853.59198391,3825643.76283494,356,88
-9592853.59198391,3825643.76283494,357,88
-9592853.59198391,3825643.76283494,358,88
-9592853.59198391,3825643.76283494,359,88
-9592853.59198391,3825643.76283494,360,88
-9592853.59198391,3825643.76283494,361,88
-9592853.59198391,3825643.76283494,362,88
-9592853.59198391,3825643.76283494,363,88
-9592853.59198391,3825643.76283494,364,88
-9592853.59198391,3825643.76283494,365,88
-9592853.59198391,3825643.76283494,366,88
-9592853.59198391,3825643.76283494,367,88
-9592853.59198391,3825643.76283494,368,88
-9592853.59198391,3825643.76283494,369,88
-9592853.59198391,3825643.76283494,370,88
-9592853.59198391,3825643.76283494,371,88
-9592853.59198391,3825643.76283494,372,88
-9592853.59198391,3825643.76283494,373,88
-9543193.96714103,3817617.21717285,374,248
-9543193.96714103,3817617.21717285,375,248
-9543193.96714103,3817617.21717285,376,248
-9543193.96714103,3817617.21717285,377,248
-9543193.96714103,3817617.21717285,378,248
-9542391.35361241,3816385.68445935,379,89
-9683429.80886277,3954577.69574349,380,128
-9638919.82366398,3761780.16825228,381,137
-9648697.01454036,3944957.43479525,382,40
-9811654.27752791,3591662.96689913,383,97
-9653296.73589994,3979382.69982923,384,173
-9612407.97373666,3832725.0787778,385,100
-9612407.97373666,3832725.0787778,386,100
-9612407.97373666,3832725.0787778,387,100
-9612407.97373666,3832725.0787778,388,100
-9608358.1706616,3837578.18764724,389,93
-9608358.1706616,3837578.18764724,390,93
-9608358.1706616,3837578.18764724,391,93
-9619019.23829487,3822623.77394744,392,108
-9619019.23829487,3822623.77394744,393,108
-9619019.23829487,3822623.77394744,394,108
-9619019.23829487,3822623.77394744,395,108
-9619019.23829487,3822623.77394744,396,108
-9619019.23829487,3822623.77394744,397,108
-9619019.23829487,3822623.77394744,398,108
-9299356.41492272,3875948.85188344,399,112
-9623673.50620494,3833144.94276672,400,103
-9623673.50620494,3833144.94276672,401,103
-9921702.49973632,3550222.43032663,402,225
-9679278.70505109,3941646.73316699,403,98
-9679278.70505109,3941646.73316699,404,98
-9701116.24956,3586488.99205816,405,129
-9609649.4767548,3688885.33334054,406,99
-9621614.09562526,3822825.61034715,407,88
-9621614.09562526,3822825.61034715,408,88
-9621614.09562526,3822825.61034715,409,88
-9569093.559869,3876337.12580563,410,99
-9569093.559869,3876337.12580563,411,99
-9569093.559869,3876337.12580563,412,99
-9569093.559869,3876337.12580563,413,99
-9502964.21636325,3844165.74841567,414,163
-9776186.77456626,3591378.20025831,415,31
-9555804.23905809,3676644.91431533,416,106
-9407747.08991322,3984255.67915322,417,172
-9641956.61937283,4156029.12649618,418,90
-9707468.13970467,4023812.09459609,419,83
-9707468.13970467,4023812.09459609,420,83
-9540210.60478777,3817971.93278383,421,69
-9585821.5397505,3829131.75644914,422,89
-9585821.5397505,3829131.75644914,423,89
-9585821.5397505,3829131.75644914,424,89
-9585821.5397505,3829131.75644914,425,89
-9585821.5397505,3829131.75644914,426,89
-9585821.5397505,3829131.75644914,427,89
-9585821.5397505,3829131.75644914,428,89
-9583021.85455705,3807393.02793989,429,47
-9583021.85455705,3807393.02793989,430,47
-9583021.85455705,3807393.02793989,431,47
-9583021.85455705,3807393.02793989,432,47
-9372246.19110434,4045254.59950306,433,190
-9372246.19110434,4045254.59950306,434,190
-9618631.84646691,3824854.71831671,435,108
-9618631.84646691,3824854.71831671,436,108
-9693274.90462852,3817721.38906224,437,139
-9693274.90462852,3817721.38906224,438,139
-9481452.83796236,3877113.71212463,439,117
-9804784.75175105,4148132.43092953,440,125
-9804784.75175105,4148132.43092953,441,125
-9678639.73117393,3932142.37767917,442,178
-9678639.73117393,3932142.37767917,443,178
-9787656.02170269,3750618.6869661,444,47
-9566097.95237175,3876386.15789546,445,150
-9566097.95237175,3876386.15789546,446,150
-9398595.51457511,3973664.52691171,447,198
-9672477.08416362,4064574.14961273,448,93
-9637553.93351195,4155589.1427032,449,89
-9637553.93351195,4155589.1427032,450,89
-9637553.93351195,4155589.1427032,451,89
-9621022.98912915,3677162.3450568,452,73
-9806082.73701371,3535835.19683014,453,74
-9741800.18386022,3822020.92353773,454,109
-9741800.18386022,3822020.92353773,455,109
-9603834.14655576,3844326.98217503,456,102
-9782730.13423509,3569718.68503733,457,151
-9566994.07427264,3884898.31378019,458,101
-9395088.95061512,4060333.27793501,459,124
-9510261.20898475,3967198.5761887,460,93
-9568088.34486713,3535984.68418987,461,191
-9582933.91215932,3828778.02747669,462,89
-9582933.91215932,3828778.02747669,463,89
-9582933.91215932,3828778.02747669,464,89
-9582933.91215932,3828778.02747669,465,89
-9576132.29127185,3808831.81865554,466,159
-9547303.88274112,3818060.28367018,467,75
-9620758.04874106,3829172.67354026,468,105
-9620758.04874106,3829172.67354026,469,105
-9620758.04874106,3829172.67354026,470,105
-9779095.55286069,3983439.80611059,471,113
-9584197.38837983,3832507.23067737,472,117
-9584197.38837983,3832507.23067737,473,117
-9584197.38837983,3832507.23067737,474,117
-9584197.38837983,3832507.23067737,475,117
-9584197.38837983,3832507.23067737,476,117
-9584197.38837983,3832507.23067737,477,117
-9584197.38837983,3832507.23067737,478,117
-9584197.38837983,3832507.23067737,479,117
-9584197.38837983,3832507.23067737,480,117
-9610654.69175666,3766876.32744879,481,90
-9610654.69175666,3766876.32744879,482,90
-9610654.69175666,3766876.32744879,483,90
-9678735.46593601,3690319.20327444,484,155
-9571179.68712646,3737492.10303929,485,103
-9767632.98489371,4050336.00047859,486,46
-9614378.3287237,3829059.16195713,487,100
-9614378.3287237,3829059.16195713,488,100
-9574434.66903726,3797601.47528145,489,113
-9574434.66903726,3797601.47528145,490,113
-9574434.66903726,3797601.47528145,491,113
-9574434.66903726,3797601.47528145,492,113
-9574434.66903726,3797601.47528145,493,113
-9574434.66903726,3797601.47528145,494,113
-9574434.66903726,3797601.47528145,495,113
-9574434.66903726,3797601.47528145,496,113
-9574434.66903726,3797601.47528145,497,113
-9574434.66903726,3797601.47528145,498,113
-9574434.66903726,3797601.47528145,499,113
-9574434.66903726,3797601.47528145,500,113
-9574434.66903726,3797601.47528145,501,113
-9574434.66903726,3797601.47528145,502,113
-9574434.66903726,3797601.47528145,503,113
-9626859.47003144,3847328.71016784,504,96
-9807965.14960302,3580945.97282457,505,201
-9807965.14960302,3580945.97282457,506,201
-9660994.47868829,3704358.88068745,507,159
-9660994.47868829,3704358.88068745,508,159
-9587329.91885075,3827408.0871007,509,89
-9587329.91885075,3827408.0871007,510,89
-9587329.91885075,3827408.0871007,511,89
-9587329.91885075,3827408.0871007,512,89
-9587329.91885075,3827408.0871007,513,89
-9587329.91885075,3827408.0871007,514,89
-9587329.91885075,3827408.0871007,515,89
-9587329.91885075,3827408.0871007,516,89
-9568244.19215424,3832193.00834316,517,149
-9568244.19215424,3832193.00834316,518,149
-9582513.12448413,3807963.51667193,519,158
-9582513.12448413,3807963.51667193,520,158
-9582513.12448413,3807963.51667193,521,158
-9551706.568602,3760034.68503636,522,112
-9550232.69854389,3887076.0625403,523,100
-9557597.59605477,3679580.35244089,524,105
-9557597.59605477,3679580.35244089,525,105
-9478904.7348181,3749953.88945613,526,109
-9361504.9734377,3997962.97653886,527,205
-9472043.0014056,4030629.66304753,528,86
-9690897.12030518,3588637.00590067,529,174
-9807312.81738697,3584870.46138033,530,88
-9637221.08823448,3600933.07704779,531,155
-9637221.08823448,3600933.07704779,532,155
-9551482.8164255,3676350.36651597,533,119
-9334925.21862099,4045024.65863953,534,113
-9503371.64569956,3849523.3219067,535,116
-9503371.64569956,3849523.3219067,536,116
-9503371.64569956,3849523.3219067,537,116
-9381574.76443282,4027687.59336287,538,48
-9465954.93845412,3825282.22088188,539,222
-9465954.93845412,3825282.22088188,540,222
-9335481.81607496,4063744.43535598,541,265
-9829352.96336913,3622559.91251129,542,88
-9829352.96336913,3622559.91251129,543,88
-9490435.20767447,3959098.53826793,544,102
-9624746.62609619,3825394.37687988,545,102
-9624746.62609619,3825394.37687988,546,102
-9624746.62609619,3825394.37687988,547,102
-9624746.62609619,3825394.37687988,548,102
-9624746.62609619,3825394.37687988,549,102
-9624746.62609619,3825394.37687988,550,102
-9624746.62609619,3825394.37687988,551,102
-9624746.62609619,3825394.37687988,552,102
-9624746.62609619,3825394.37687988,553,102
-9624746.62609619,3825394.37687988,554,102
-9624746.62609619,3825394.37687988,555,102
-9624746.62609619,3825394.37687988,556,102
-9624746.62609619,3825394.37687988,557,102
-9624746.62609619,3825394.37687988,558,102
-9624746.62609619,3825394.37687988,559,102
-9624746.62609619,3825394.37687988,560,102
-9624746.62609619,3825394.37687988,561,102
-9624746.62609619,3825394.37687988,562,102
-9624746.62609619,3825394.37687988,563,102
-9624746.62609619,3825394.37687988,564,102
-9624746.62609619,3825394.37687988,565,102
-9499743.7434946,4181986.36786091,566,260
-9561919.01868737,3635865.09361896,567,127
-9578612.48952673,4033294.428715,568,120
-9617701.21552388,3831275.4739502,569,131
-9611157.85585505,3847175.36698222,570,83
-9563066.72263745,3834586.85303054,571,77
-9563066.72263745,3834586.85303054,572,77
-9563066.72263745,3834586.85303054,573,77
-9563066.72263745,3834586.85303054,574,77
-9815363.44296114,3601162.35963663,575,188
-9815363.44296114,3601162.35963663,576,188
-9815363.44296114,3601162.35963663,577,188
-9384801.91647092,3925935.10887719,578,297
-9448948.65984563,3823276.78645761,579,249
-9448948.65984563,3823276.78645761,580,249
-9643234.56712713,3741586.07799156,581,85
-9587220.82574977,3825233.40036645,582,89
-9587220.82574977,3825233.40036645,583,89
-9587220.82574977,3825233.40036645,584,89
-9587220.82574977,3825233.40036645,585,89
-9587220.82574977,3825233.40036645,586,89
-9587220.82574977,3825233.40036645,587,89
-9587220.82574977,3825233.40036645,588,89
-9632709.30927263,3819098.12603672,589,132
-9632709.30927263,3819098.12603672,590,132
-9632709.30927263,3819098.12603672,591,132
-9632709.30927263,3819098.12603672,592,132
-9632709.30927263,3819098.12603672,593,132
-9645509.93751895,3978966.90714979,594,99
-9645509.93751895,3978966.90714979,595,99
-9645509.93751895,3978966.90714979,596,99
-9539789.81711257,3645660.96476577,597,85
-9539789.81711257,3645660.96476577,598,85
-9539789.81711257,3645660.96476577,599,85
-9539789.81711257,3645660.96476577,600,85
-9539789.81711257,3645660.96476577,601,85
-9539789.81711257,3645660.96476577,602,85
-9539789.81711257,3645660.96476577,603,85
-9526438.15738683,3522794.05917526,604,115
-9526438.15738683,3522794.05917526,605,115
-9526438.15738683,3522794.05917526,606,115
-9526438.15738683,3522794.05917526,607,115
-9526438.15738683,3522794.05917526,608,115
-9526438.15738683,3522794.05917526,609,115
-9526438.15738683,3522794.05917526,610,115
-9526438.15738683,3522794.05917526,611,115
-9526438.15738683,3522794.05917526,612,115
-9526438.15738683,3522794.05917526,613,115
-9526438.15738683,3522794.05917526,614,115
-9526438.15738683,3522794.05917526,615,115
-9526438.15738683,3522794.05917526,616,115
-9628958.9556278,3828326.64237786,617,90
-9628958.9556278,3828326.64237786,618,90
-9628958.9556278,3828326.64237786,619,90
-9628958.9556278,3828326.64237786,620,90
-9628958.9556278,3828326.64237786,621,90
-9662876.89127761,3953690.54764486,622,202
-9444946.72415161,3876417.96260361,623,116
-9444946.72415161,3876417.96260361,624,116
-9506184.6892319,3662263.33543738,625,81
-9471872.68258469,4055517.92682272,626,135
-9471872.68258469,4055517.92682272,627,135
-9664065.78343928,3931694.99211246,628,91
-9664065.78343928,3931694.99211246,629,91
-9664065.78343928,3931694.99211246,630,91
-9664065.78343928,3931694.99211246,631,91
-9369936.31167038,4039461.77547072,632,189
-9369936.31167038,4039461.77547072,633,189
-9642948.47603579,4124924.04491057,634,286
-9520839.90019483,4145516.36547267,635,126
-9520839.90019483,4145516.36547267,636,126
-9643812.31528435,3743250.26554082,637,131
-9643812.31528435,3743250.26554082,638,131
-9643812.31528435,3743250.26554082,639,131
-9643812.31528435,3743250.26554082,640,131
-9643812.31528435,3743250.26554082,641,131
-9643812.31528435,3743250.26554082,642,131
-9643812.31528435,3743250.26554082,643,131
-9517503.65505576,3844108.92064702,644,166
-9608046.47608738,3836682.68911011,645,94
-9482240.97995718,3843037.1736017,646,76
-9623333.98175802,3709527.62868733,647,75
-9623333.98175802,3709527.62868733,648,75
-9623333.98175802,3709527.62868733,649,75
-9641971.09090663,3740074.09356286,650,166
-9637363.5771827,4225255.67995821,651,102
-9408229.10330836,4059157.85825877,652,233
-9568624.90481276,3964475.67822486,653,117
-9516872.47354296,3840343.03715817,654,1047
-9516872.47354296,3840343.03715817,655,1047
-9391705.95128991,3949579.87048009,656,285
-9618522.75336593,3830647.10284173,657,132
-9618522.75336593,3830647.10284173,658,132
-9618522.75336593,3830647.10284173,659,132
-9632608.00853601,3865197.56294944,660,76
-9853127.46701785,4110426.97029083,661,93
-9654084.87789475,3970443.12201128,662,263
-9654084.87789475,3970443.12201128,663,263
-9621552.86990533,3839802.69810663,664,100
-9641712.82968799,3834119.40137694,665,90
-9621825.60265777,3830090.04535519,666,104
-9621825.60265777,3830090.04535519,667,104
-9621825.60265777,3830090.04535519,668,104
-9621825.60265777,3830090.04535519,669,104
-9655137.96027766,3847142.3191423,670,90
-9655137.96027766,3847142.3191423,671,90
-9655137.96027766,3847142.3191423,672,90
-9655137.96027766,3847142.3191423,673,90
-9655137.96027766,3847142.3191423,674,90
-9655137.96027766,3847142.3191423,675,90
-9503942.71468733,3844246.36502074,676,148
-9620772.52027486,3833353.55996112,677,99
-9620772.52027486,3833353.55996112,678,99
-9620772.52027486,3833353.55996112,679,99
-9620772.52027486,3833353.55996112,680,99
-9620772.52027486,3833353.55996112,681,99
-9620772.52027486,3833353.55996112,682,99
-9620772.52027486,3833353.55996112,683,99
-9620772.52027486,3833353.55996112,684,99
-9620772.52027486,3833353.55996112,685,99
-9620772.52027486,3833353.55996112,686,99
-9620772.52027486,3833353.55996112,687,99
-9620772.52027486,3833353.55996112,688,99
-9622368.84177284,3824951.03699664,689,124
-9622368.84177284,3824951.03699664,690,124
-9620507.57988678,3825345.55590356,691,289
-9620507.57988678,3825345.55590356,692,289
-9620507.57988678,3825345.55590356,693,289
-9620507.57988678,3825345.55590356,694,289
-9620873.82101149,3827278.75600114,695,106
-9620873.82101149,3827278.75600114,696,106
-9625691.72857302,3824428.55051429,697,96
-9625508.05141321,3825249.23402515,698,144
-9625508.05141321,3825249.23402515,699,144
-9626078.00720607,3834571.00691003,700,90
-9626078.00720607,3834571.00691003,701,90
-9626078.00720607,3834571.00691003,702,90
-9626078.00720607,3834571.00691003,703,90
-9626078.00720607,3834571.00691003,704,90
-9607488.7654385,3840924.35853107,705,66
-9607488.7654385,3840924.35853107,706,66
-9607488.7654385,3840924.35853107,707,66
-9607488.7654385,3840924.35853107,708,66
-9607488.7654385,3840924.35853107,709,66
-9636629.98173837,3827851.51870752,710,91
-9636629.98173837,3827851.51870752,711,91
-9625786.3501402,3826852.50122577,712,95
-9625786.3501402,3826852.50122577,713,95
-9526921.28397687,3661905.34580391,714,77
-9526921.28397687,3661905.34580391,715,77
-9526921.28397687,3661905.34580391,716,77
-9619752.8337392,3828052.12416038,717,104
-9633361.64148868,3819227.36814745,718,115
-9616729.39636925,3795504.6115019,719,188
-9616729.39636925,3795504.6115019,720,188
-9616729.39636925,3795504.6115019,721,188
-9616729.39636925,3795504.6115019,722,188
-9616729.39636925,3795504.6115019,723,188
-9616729.39636925,3795504.6115019,724,188
-9616729.39636925,3795504.6115019,725,188
-9619385.47941958,3825354.7922891,726,110
-9619385.47941958,3825354.7922891,727,110
-9625024.92482317,3826401.18931455,728,101
-9627362.63412983,3822929.8278691,729,96
-9637384.72788594,3829671.6094163,730,90
-9655593.256995,3826731.09399622,731,321
-9655593.256995,3826731.09399622,732,321
-9655593.256995,3826731.09399622,733,321
-9655593.256995,3826731.09399622,734,321
-9655593.256995,3826731.09399622,735,321
-9655593.256995,3826731.09399622,736,321
-9655593.256995,3826731.09399622,737,321
-9649362.7050953,3934067.92996565,738,137
-9594110.38903497,3838488.28425554,739,125
-9594110.38903497,3838488.28425554,740,125
-9594110.38903497,3838488.28425554,741,125
-9594110.38903497,3838488.28425554,742,125
-9594110.38903497,3838488.28425554,743,125
-9594110.38903497,3838488.28425554,744,125
-9594110.38903497,3838488.28425554,745,125
-9594110.38903497,3838488.28425554,746,125
-9622029.31732592,3843528.76439008,747,97
-9622029.31732592,3843528.76439008,748,97
-9622029.31732592,3843528.76439008,749,97
-9611864.73462159,3847901.12083015,750,83
-9611864.73462159,3847901.12083015,751,83
-9611864.73462159,3847901.12083015,752,83
-9611864.73462159,3847901.12083015,753,83
-9611864.73462159,3847901.12083015,754,83
-9611864.73462159,3847901.12083015,755,83
-9611864.73462159,3847901.12083015,756,83
-9611864.73462159,3847901.12083015,757,83
-9611864.73462159,3847901.12083015,758,83
-9611864.73462159,3847901.12083015,759,83
-9611864.73462159,3847901.12083015,760,83
-9611864.73462159,3847901.12083015,761,83
-9611864.73462159,3847901.12083015,762,83
-9611864.73462159,3847901.12083015,763,83
-9611864.73462159,3847901.12083015,764,83
-9611864.73462159,3847901.12083015,765,83
-9611864.73462159,3847901.12083015,766,83
-9611864.73462159,3847901.12083015,767,83
-9611864.73462159,3847901.12083015,768,83
-9622300.93688346,3836183.45823943,769,99
-9622300.93688346,3836183.45823943,770,99
-9622300.93688346,3836183.45823943,771,99
-9622979.9857773,3823622.43588317,772,121
-9622979.9857773,3823622.43588317,773,121
-9622979.9857773,3823622.43588317,774,121
-9622979.9857773,3823622.43588317,775,121
-9622979.9857773,3823622.43588317,776,121
-9623999.67231296,3824573.68334363,777,102
-9623999.67231296,3824573.68334363,778,102
-9623999.67231296,3824573.68334363,779,102
-9623999.67231296,3824573.68334363,780,102
-9620805.9161221,3828100.9562638,781,103
-9620805.9161221,3828100.9562638,782,103
-9620805.9161221,3828100.9562638,783,103
-9620805.9161221,3828100.9562638,784,103
-9650170.88459846,3862838.54660164,785,73
-9616131.61070369,3838955.90824901,786,121
-9616131.61070369,3838955.90824901,787,121
-9616131.61070369,3838955.90824901,788,121
-9623258.28450428,3822487.89908565,789,101
-9623258.28450428,3822487.89908565,790,101
-9623258.28450428,3822487.89908565,791,101
-9623258.28450428,3822487.89908565,792,101
-9623258.28450428,3822487.89908565,793,101
-9632960.89132182,3849216.58059559,794,93
-9623401.8866474,3824138.2901735,795,123
-9623401.8866474,3824138.2901735,796,123
-9625698.40774247,3825643.76283494,797,102
-9625698.40774247,3825643.76283494,798,102
-9625698.40774247,3825643.76283494,799,102
-9625698.40774247,3825643.76283494,800,102
-9625698.40774247,3825643.76283494,801,102
-9626309.55174692,3825282.22088188,802,97
-9629516.66627668,3834361.04781233,803,90
-9626526.62475397,3828020.44938986,804,103
-9626526.62475397,3828020.44938986,805,103
-9615696.35149469,3834732.11012209,806,122
-9606014.8953804,3845343.33406605,807,66
-9606014.8953804,3845343.33406605,808,66
-9587744.0273565,3844513.32884677,809,105
-9587744.0273565,3844513.32884677,810,105
-9587744.0273565,3844513.32884677,811,105
-9587744.0273565,3844513.32884677,812,105
-9587744.0273565,3844513.32884677,813,105
-9587744.0273565,3844513.32884677,814,105
-9587744.0273565,3844513.32884677,815,105
-9587744.0273565,3844513.32884677,816,105
-9587744.0273565,3844513.32884677,817,105
-9587744.0273565,3844513.32884677,818,105
-9587744.0273565,3844513.32884677,819,105
-9587744.0273565,3844513.32884677,820,105
-9555695.14595712,3831250.39127253,821,113
-9555695.14595712,3831250.39127253,822,113
-9555695.14595712,3831250.39127253,823,113
-9555695.14595712,3831250.39127253,824,113
-9555695.14595712,3831250.39127253,825,113
-9555695.14595712,3831250.39127253,826,113
-9555695.14595712,3831250.39127253,827,113
-9555695.14595712,3831250.39127253,828,113
-9555695.14595712,3831250.39127253,829,113
-9555695.14595712,3831250.39127253,830,113
-9555695.14595712,3831250.39127253,831,113
-9588030.11844784,3844891.31763414,832,125
-9588030.11844784,3844891.31763414,833,125
-9588030.11844784,3844891.31763414,834,125
-9588030.11844784,3844891.31763414,835,125
-9588030.11844784,3844891.31763414,836,125
-9588030.11844784,3844891.31763414,837,125
-9588030.11844784,3844891.31763414,838,125
-9615126.39570183,3831959.32738177,839,132
-9615126.39570183,3831959.32738177,840,132
-9615126.39570183,3831959.32738177,841,132
-9615126.39570183,3831959.32738177,842,132
-9615126.39570183,3831959.32738177,843,132
-9615126.39570183,3831959.32738177,844,132
-9623890.57921198,3825007.77302286,845,102
-9617734.61137112,3843544.62249739,846,236
-9617734.61137112,3843544.62249739,847,236
-9624345.87592933,3824065.72619612,848,102
-9624345.87592933,3824065.72619612,849,102
-9624345.87592933,3824065.72619612,850,102
-9624345.87592933,3824065.72619612,851,102
-9624345.87592933,3824065.72619612,852,102
-9624345.87592933,3824065.72619612,853,102
-9624345.87592933,3824065.72619612,854,102
-9624345.87592933,3824065.72619612,855,102
-9624345.87592933,3824065.72619612,856,102
-9624345.87592933,3824065.72619612,857,102
-9624345.87592933,3824065.72619612,858,102
-9624345.87592933,3824065.72619612,859,102
-9624345.87592933,3824065.72619612,860,102
-9624345.87592933,3824065.72619612,861,102
-9624345.87592933,3824065.72619612,862,102
-9624345.87592933,3824065.72619612,863,102
-9624345.87592933,3824065.72619612,864,102
-9624345.87592933,3824065.72619612,865,102
-9623014.49481944,3823855.95282628,866,121
-9623014.49481944,3823855.95282628,867,121
-9623014.49481944,3823855.95282628,868,121
-9628035.00385422,3820442.04884919,869,97
-9628035.00385422,3820442.04884919,870,97
-9628035.00385422,3820442.04884919,871,97
-9628035.00385422,3820442.04884919,872,97
-9628035.00385422,3820442.04884919,873,97
-9628035.00385422,3820442.04884919,874,97
-9628035.00385422,3820442.04884919,875,97
-9633389.47136138,3832966.69680503,876,90
-9633389.47136138,3832966.69680503,877,90
-9633389.47136138,3832966.69680503,878,90
-9633389.47136138,3832966.69680503,879,90
-9617062.24164673,3833370.72483037,880,122
-9617062.24164673,3833370.72483037,881,122
-9617062.24164673,3833370.72483037,882,122
-9617062.24164673,3833370.72483037,883,122
-9617062.24164673,3833370.72483037,884,122
-9617062.24164673,3833370.72483037,885,122
-9623666.82703549,3835054.32311329,886,99
-9623666.82703549,3835054.32311329,887,99
-9623666.82703549,3835054.32311329,888,99
-9619650.41980767,3819669.17576358,889,100
-9619650.41980767,3819669.17576358,890,100
-9619650.41980767,3819669.17576358,891,100
-9619650.41980767,3819669.17576358,892,100
-9627552.99045908,3820708.47749288,893,96
-9635964.29118342,3839093.29281727,894,94
-9635964.29118342,3839093.29281727,895,94
-9627023.10968291,3822044.66761447,896,98
-9627023.10968291,3822044.66761447,897,98
-9627023.10968291,3822044.66761447,898,98
-9623089.07887827,3823920.59957066,899,123
-9623523.22489237,3824717.49853226,900,121
-9623523.22489237,3824717.49853226,901,121
-9623523.22489237,3824717.49853226,902,121
-9623523.22489237,3824717.49853226,903,121
-9624304.68771774,3825498.61693329,904,101
-9624304.68771774,3825498.61693329,905,101
-9624304.68771774,3825498.61693329,906,101
-9624304.68771774,3825498.61693329,907,101
-9624304.68771774,3825498.61693329,908,101
-9624304.68771774,3825498.61693329,909,101
-9624304.68771774,3825498.61693329,910,101
-9594987.58662242,3835804.42662069,911,126
-9594987.58662242,3835804.42662069,912,126
-9594987.58662242,3835804.42662069,913,126
-9594987.58662242,3835804.42662069,914,126
-9594987.58662242,3835804.42662069,915,126
-9594987.58662242,3835804.42662069,916,126
-9594987.58662242,3835804.42662069,917,126
-9594987.58662242,3835804.42662069,918,126
-9594987.58662242,3835804.42662069,919,126
-9594987.58662242,3835804.42662069,920,126
-9594987.58662242,3835804.42662069,921,126
-9645816.06611863,3838529.23364187,922,90
-9645816.06611863,3838529.23364187,923,90
-9645816.06611863,3838529.23364187,924,90
-9645816.06611863,3838529.23364187,925,90
-9624122.12375283,3822825.61034715,926,177
-9626920.69575138,3827174.5003238,927,143
-9626920.69575138,3827174.5003238,928,143
-9626920.69575138,3827174.5003238,929,143
-9626920.69575138,3827174.5003238,930,143
-9620575.48477616,3828463.90386688,931,103
-9620575.48477616,3828463.90386688,932,103
-9620575.48477616,3828463.90386688,933,103
-9620575.48477616,3828463.90386688,934,103
-9620575.48477616,3828463.90386688,935,103
-9620575.48477616,3828463.90386688,936,103
-9620208.13045654,3824491.88098546,937,225
-9620208.13045654,3824491.88098546,938,225
-9620208.13045654,3824491.88098546,939,225
-9620208.13045654,3824491.88098546,940,225
-9620208.13045654,3824491.88098546,941,225
-9509296.06899957,3914657.87894125,942,121
-9509296.06899957,3914657.87894125,943,121
-9509296.06899957,3914657.87894125,944,121
-9509296.06899957,3914657.87894125,945,121
-9509296.06899957,3914657.87894125,946,121
-9509296.06899957,3914657.87894125,947,121
-9509296.06899957,3914657.87894125,948,121
-9620731.33206327,3822358.62153276,949,88
-9620731.33206327,3822358.62153276,950,88
-9620731.33206327,3822358.62153276,951,88
-9620731.33206327,3822358.62153276,952,88
-9620731.33206327,3822358.62153276,953,88
-9619141.68973474,3823365.17676627,954,240
-9626057.96969773,3821247.94782886,955,98
-9620228.16796489,3825104.09294362,956,110
-9620228.16796489,3825104.09294362,957,110
-9620228.16796489,3825104.09294362,958,110
-9620228.16796489,3825104.09294362,959,110
-9620228.16796489,3825104.09294362,960,110
-9643206.73725444,3877219.73471507,961,103
-9643206.73725444,3877219.73471507,962,103
-9643206.73725444,3877219.73471507,963,103
-9643206.73725444,3877219.73471507,964,103
-9622463.46334001,3841415.86159182,965,98
-9620527.61739512,3823227.97418085,966,88
-9620527.61739512,3823227.97418085,967,88
-9620078.99984722,3822937.74316127,968,88
-9620078.99984722,3822937.74316127,969,88
-9620078.99984722,3822937.74316127,970,88
-9620078.99984722,3822937.74316127,971,88
-9620078.99984722,3822937.74316127,972,88
-9620078.99984722,3822937.74316127,973,88
-9620078.99984722,3822937.74316127,974,88
-9620078.99984722,3822937.74316127,975,88
-9620078.99984722,3822937.74316127,976,88
-9550871.67242105,3814744.2784672,977,228
-9550871.67242105,3814744.2784672,978,228
-9550871.67242105,3814744.2784672,979,228
-9625915.48074951,3821375.89426217,980,97
-9625915.48074951,3821375.89426217,981,97
-9625915.48074951,3821375.89426217,982,97
-9625915.48074951,3821375.89426217,983,97
-9625915.48074951,3821375.89426217,984,97
-9614290.38632597,3830985.04619302,985,101
-9614290.38632597,3830985.04619302,986,101
-9624148.84043062,3826135.95259568,987,102
-9624148.84043062,3826135.95259568,988,102
-9621179.94961117,3823292.61750935,989,89
-9621179.94961117,3823292.61750935,990,89
-9621179.94961117,3823292.61750935,991,89
-9621179.94961117,3823292.61750935,992,89
-9623150.30459821,3823735.89551971,993,119
-9622810.78015129,3811799.54361351,994,148
-9627919.23158379,3826208.52921871,995,108
-9627919.23158379,3826208.52921871,996,108
-9630630.97437952,3822109.30450809,997,151
-9686521.1511221,3815179.3278918,998,105
-9686521.1511221,3815179.3278918,999,105
-9686521.1511221,3815179.3278918,1000,105
-9748235.56362298,3541626.54545231,1001,94
-9700313.63603138,3892128.08671717,1002,28
-9581718.30331986,3807408.83788345,1003,159
-9581718.30331986,3807408.83788345,1004,159
-9581718.30331986,3807408.83788345,1005,159
-9581718.30331986,3807408.83788345,1006,159
-9581718.30331986,3807408.83788345,1007,159
-9581718.30331986,3807408.83788345,1008,159
-9581718.30331986,3807408.83788345,1009,159
-9581718.30331986,3807408.83788345,1010,159
-9581718.30331986,3807408.83788345,1011,159
-9581718.30331986,3807408.83788345,1012,159
-9581718.30331986,3807408.83788345,1013,159
-9581718.30331986,3807408.83788345,1014,159
-9630053.2262223,4015434.66616727,1015,105
-9630053.2262223,4015434.66616727,1016,105
-9630053.2262223,4015434.66616727,1017,105
-9630053.2262223,4015434.66616727,1018,105
-9654437.76068057,3884987.16650854,1019,86
-9664595.66421545,3949181.1510723,1020,171
-9598234.77616886,3837004.955126,1021,102
-9598234.77616886,3837004.955126,1022,102
-9598234.77616886,3837004.955126,1023,102
-9516301.40455519,3978461.55876481,1024,80
-9516301.40455519,3978461.55876481,1025,80
-9516301.40455519,3978461.55876481,1026,80
-9516301.40455519,3978461.55876481,1027,80
-9453901.26399102,4097302.10301063,1028,157
-9747181.36804517,3542443.96686944,1029,96
-9758868.80138355,3546034.02691185,1030,52
-9611171.21419395,3992512.62828909,1031,87
-9626200.45864595,3978632.67954459,1032,223
-9626200.45864595,3978632.67954459,1033,223
-9626200.45864595,3978632.67954459,1034,223
-9626200.45864595,3978632.67954459,1035,223
-9824373.64254595,3583906.68760857,1036,116
-9685352.29646877,3797103.88109217,1037,78
-9685352.29646877,3797103.88109217,1038,78
-9685352.29646877,3797103.88109217,1039,78
-9876982.12069994,3827690.50888792,1040,110
-9811810.12481502,3589110.65376443,1041,103
-9811810.12481502,3589110.65376443,1042,103
-9811810.12481502,3589110.65376443,1043,103
-9811810.12481502,3589110.65376443,1044,103
-9811810.12481502,3589110.65376443,1045,103
-9811810.12481502,3589110.65376443,1046,103
-9811810.12481502,3589110.65376443,1047,103
-9811810.12481502,3589110.65376443,1048,103
-9641644.9247986,3877073.95389976,1049,117
-9641644.9247986,3877073.95389976,1050,117
-9584265.29326921,3825410.21075313,1051,88
-9584265.29326921,3825410.21075313,1052,88
-9814073.25006285,3590864.34232637,1053,207
-9674420.72247287,3800462.38576216,1054,51
-9674420.72247287,3800462.38576216,1055,51
-9674420.72247287,3800462.38576216,1056,51
-9674420.72247287,3800462.38576216,1057,51
-9674420.72247287,3800462.38576216,1058,51
-9674420.72247287,3800462.38576216,1059,51
-9674420.72247287,3800462.38576216,1060,51
-9674420.72247287,3800462.38576216,1061,51
-9674420.72247287,3800462.38576216,1062,51
-9674420.72247287,3800462.38576216,1063,51
-9674420.72247287,3800462.38576216,1064,51
-9674420.72247287,3800462.38576216,1065,51
-9674420.72247287,3800462.38576216,1066,51
-9674420.72247287,3800462.38576216,1067,51
-9674420.72247287,3800462.38576216,1068,51
-9674420.72247287,3800462.38576216,1069,51
-9674420.72247287,3800462.38576216,1070,51
-9674420.72247287,3800462.38576216,1071,51
-9767674.1731053,3576645.19320389,1072,97
-9641270.89130954,3790525.21103919,1073,142
-9635706.02996478,4127131.64835334,1074,167
-9635706.02996478,4127131.64835334,1075,167
-9635706.02996478,4127131.64835334,1076,167
-9576580.90881975,4141251.64851194,1077,123
-9759921.88376646,3543703.72451025,1078,122
-9785869.34387546,3569213.46702444,1079,240
-9654669.30522142,3969447.8884842,1080,104
-9582913.87465098,3875189.56826546,1081,123
-9582913.87465098,3875189.56826546,1082,123
-9620439.67499739,4012987.26547325,1083,100
-9620439.67499739,4012987.26547325,1084,100
-9570500.63823262,3732361.19667808,1085,101
-9624067.57720235,3828544.41374786,1086,105
-9762333.06393704,3553245.60052905,1087,91
-9755491.36803289,3540351.52512081,1088,89
-9823618.89639837,3599478.46140706,1089,119
-9823618.89639837,3599478.46140706,1090,119
-9823618.89639837,3599478.46140706,1091,119
-9823618.89639837,3599478.46140706,1092,119
-9823618.89639837,3599478.46140706,1093,119
-9823618.89639837,3599478.46140706,1094,119
-9587132.88335204,3823720.06387749,1095,88
-9587132.88335204,3823720.06387749,1096,88
-9587132.88335204,3823720.06387749,1097,88
-9587132.88335204,3823720.06387749,1098,88
-9587132.88335204,3823720.06387749,1099,88
-9587132.88335204,3823720.06387749,1100,88
-9587132.88335204,3823720.06387749,1101,88
-9587132.88335204,3823720.06387749,1102,88
-9783966.8937778,3581956.08126188,1103,173
-9586690.9449736,3830211.48693861,1104,88
-9586690.9449736,3830211.48693861,1105,88
-9586690.9449736,3830211.48693861,1106,88
-9586690.9449736,3830211.48693861,1107,88
-9484918.21371075,3699362.06937029,1108,112
-9770085.35327588,3554041.83548027,1109,130
-9607448.69042182,3847716.04275816,1110,83
-9607448.69042182,3847716.04275816,1111,83
-9661361.83300791,3994342.51074255,1112,91
-9758840.97151085,3545316.96500593,1113,122
-9772252.74376163,3576495.22269949,1114,78
-9766023.30505684,3559469.70392293,1115,124
-9783695.27422027,3567573.90963437,1116,235
-9723482.56165019,3688687.03153246,1117,127
-9764331.24879678,3559319.93824702,1118,199
-9805905.73902334,3581853.90269817,1119,203
-9805905.73902334,3581853.90269817,1120,203
-9873428.80255382,3590050.23786027,1121,98
-9516457.25184231,3843803.64125812,1122,175
-9811932.57625489,3592752.90643725,1123,282
-9770146.57899582,3615418.54901093,1124,148
-9767048.55756704,3535725.65979916,1125,110
-9767048.55756704,3535725.65979916,1126,110
-9706877.03320855,3689069.28723442,1127,92
-9735753.30912033,3555538.94497701,1128,148
-9751320.22671286,3555514.42192343,1129,78
-9480209.3992502,3750626.55461149,1130,108
-9482764.1815639,3750675.07187146,1131,110
-9482764.1815639,3750675.07187146,1132,110
-9482764.1815639,3750675.07187146,1133,110
-9478000.82055286,3752194.94102246,1134,118
-9478000.82055286,3752194.94102246,1135,118
-9528802.58337128,3747825.99683457,1136,143
-9511355.47957925,3746193.94883563,1137,143
-9511355.47957925,3746193.94883563,1138,143
-9511355.47957925,3746193.94883563,1139,143
-9511355.47957925,3746193.94883563,1140,143
-9511355.47957925,3746193.94883563,1141,143
-9570996.00996665,3737427.92054155,1142,102
-9524114.91961397,3734638.27551786,1143,59
-9524114.91961397,3734638.27551786,1144,59
-9473591.45552254,3823881.0198895,1145,136
-9523959.07232686,3753027.73740972,1146,98
-9523959.07232686,3753027.73740972,1147,98
-9523959.07232686,3753027.73740972,1148,98
-9541420.64765269,3716923.95626309,1149,189
-9573456.17071318,3740769.79255591,1150,45
-9573456.17071318,3740769.79255591,1151,45
-9573456.17071318,3740769.79255591,1152,45
-9560369.45137553,3722559.84552631,1153,153
-9514425.67113533,3720707.52199272,1154,218
-9506143.50102031,3732433.20814355,1155,50
-9567129.8840514,3732480.34315272,1156,37
-9561912.33951792,3742993.41534716,1157,126
-9482934.50038482,3750962.24559329,1158,118
-9482934.50038482,3750962.24559329,1159,118
-9559079.25847723,3741681.72981134,1160,129
-9559079.25847723,3741681.72981134,1161,129
-9381738.40408428,3775478.53320214,1162,172
-9381738.40408428,3775478.53320214,1163,172
-9519427.25585667,3769890.14218343,1164,88
-9519427.25585667,3769890.14218343,1165,88
-9501265.48093375,3675355.99411534,1166,88
-9501265.48093375,3675355.99411534,1167,88
-9501265.48093375,3675355.99411534,1168,88
-9501265.48093375,3675355.99411534,1169,88
-9501265.48093375,3675355.99411534,1170,88
-9501265.48093375,3675355.99411534,1171,88
-9524094.88210563,3758696.21514447,1172,144
-9524094.88210563,3758696.21514447,1173,144
-9524094.88210563,3758696.21514447,1174,144
-9524094.88210563,3758696.21514447,1175,144
-9491236.70800818,3733687.58560739,1176,86
-9478701.02014995,3748194.38516502,1177,100
-9478701.02014995,3748194.38516502,1178,100
-9478701.02014995,3748194.38516502,1179,100
-9478701.02014995,3748194.38516502,1180,100
-9478701.02014995,3748194.38516502,1181,100
-9478701.02014995,3748194.38516502,1182,100
-9478701.02014995,3748194.38516502,1183,100
-9478701.02014995,3748194.38516502,1184,100
-9478701.02014995,3748194.38516502,1185,100
-9478701.02014995,3748194.38516502,1186,100
-9478701.02014995,3748194.38516502,1187,100
-9481656.55263051,3749610.35953012,1188,109
-9566484.2310048,3731130.5214244,1189,37
-9481602.00608002,3744065.40791333,1190,188
-9526255.59342193,3734774.46861349,1191,59
-9526255.59342193,3734774.46861349,1192,59
-9526255.59342193,3734774.46861349,1193,59
-9526255.59342193,3734774.46861349,1194,59
-9474644.53790544,3761627.92054659,1195,119
-9478979.31887693,3749074.10525619,1196,97
-9478979.31887693,3749074.10525619,1197,97
-9479333.31485766,3749154.08298856,1198,98
-9479333.31485766,3749154.08298856,1199,98
-9479333.31485766,3749154.08298856,1200,98
-9479333.31485766,3749154.08298856,1201,98
-9479333.31485766,3749154.08298856,1202,98
-9479333.31485766,3749154.08298856,1203,98
-9479333.31485766,3749154.08298856,1204,98
-9479333.31485766,3749154.08298856,1205,98
-9479333.31485766,3749154.08298856,1206,98
-9479333.31485766,3749154.08298856,1207,98
-9479333.31485766,3749154.08298856,1208,98
-9479333.31485766,3749154.08298856,1209,98
-9479333.31485766,3749154.08298856,1210,98
-9479333.31485766,3749154.08298856,1211,98
-9479666.16013513,3739187.16812427,1212,86
-9479666.16013513,3739187.16812427,1213,86
-9483171.61090021,3743601.4777005,1214,188
-9486534.57271707,3745137.49557347,1215,128
-9519440.61419556,3773248.90799292,1216,93
-9458318.4213857,3833467.11263448,1217,101
-9519589.78231323,3648310.74505951,1218,92
-9479754.10253285,3748442.16869142,1219,96
-9479754.10253285,3748442.16869142,1220,96
-9479754.10253285,3748442.16869142,1221,96
-9477763.71003747,3747097.11923109,1222,189
-9480596.79107816,3749249.79474177,1223,110
-9512931.76356888,3748065.90681975,1224,145
-9512931.76356888,3748065.90681975,1225,145
-9478714.37848884,3746449.55624689,1226,190
-9486610.26997081,3744946.13799078,1227,100
-9479326.63568821,3745897.7131664,1228,189
-9479326.63568821,3745897.7131664,1229,189
-9469263.3537205,3745833.48603703,1230,159
-9519637.64969427,3772888.94839125,1231,88
-9519637.64969427,3772888.94839125,1232,88
-9519637.64969427,3772888.94839125,1233,88
-9519637.64969427,3772888.94839125,1234,88
-9519637.64969427,3772888.94839125,1235,88
-9617857.06281099,3756471.00999797,1236,93
-9617857.06281099,3756471.00999797,1237,93
-9617857.06281099,3756471.00999797,1238,93
-9617857.06281099,3756471.00999797,1239,93
-9617857.06281099,3756471.00999797,1240,93
-9701055.02384007,3912409.85609177,1241,91
-9702732.60856632,3928290.89852464,1242,106
-9616845.16863968,3836650.9912868,1243,121
-9616845.16863968,3836650.9912868,1244,121
-9682879.89057825,3939922.45041322,1245,119
-9743879.63194824,3911486.04558723,1246,136
-9645986.38493954,3890420.39695544,1247,96
-9620052.28316943,3854002.38746513,1248,98
-9652631.04534499,3885837.26915822,1249,88
-9652631.04534499,3885837.26915822,1250,88
-9818774.27215905,3843279.00200252,1251,150
-9818774.27215905,3843279.00200252,1252,150
-9818774.27215905,3843279.00200252,1253,150
-9818774.27215905,3843279.00200252,1254,150
-9818774.27215905,3843279.00200252,1255,150
-9818774.27215905,3843279.00200252,1256,150
-9818774.27215905,3843279.00200252,1257,150
-9818774.27215905,3843279.00200252,1258,150
-9818774.27215905,3843279.00200252,1259,150
-9818774.27215905,3843279.00200252,1260,150
-9818774.27215905,3843279.00200252,1261,150
-9818774.27215905,3843279.00200252,1262,150
-9818774.27215905,3843279.00200252,1263,150
-9818774.27215905,3843279.00200252,1264,150
-9674468.58985391,3900100.59912116,1265,90
-9674468.58985391,3900100.59912116,1266,90
-9674468.58985391,3900100.59912116,1267,90
-9674468.58985391,3900100.59912116,1268,90
-9674468.58985391,3900100.59912116,1269,90
-9674468.58985391,3900100.59912116,1270,90
-9674468.58985391,3900100.59912116,1271,90
-9674468.58985391,3900100.59912116,1272,90
-9688512.65681239,3821465.58948994,1273,218
-9714440.07941305,3882535.34325687,1274,170
-9747969.51003998,3914098.15919051,1275,170
-9631901.12976947,3972579.49037693,1276,123
-9631901.12976947,3972579.49037693,1277,123
-9631901.12976947,3972579.49037693,1278,123
-9800973.17238629,3995396.13057951,1279,87
-9699328.45853786,3918878.57876335,1280,104
-9714569.21002237,3881669.57020044,1281,170
-9637676.38495182,4003186.81524496,1282,96
-9624264.61270105,4022189.52798495,1283,103
-9647420.17998096,3981717.30023221,1284,178
-9626153.70445981,4022271.3889333,1285,103
-9626153.70445981,4022271.3889333,1286,103
-9645075.79150485,4038534.44464529,1287,89
-9618292.32201999,4052519.62968749,1288,97
-9649730.05941492,4002549.11151914,1289,53
-9645524.40905275,4037238.99587282,1290,93
-9619800.70112024,4021550.76434363,1291,103
-9619800.70112024,4021550.76434363,1292,103
-9619800.70112024,4021550.76434363,1293,103
-9689130.47998629,3919219.06727899,1294,89
-9669141.95221945,4052389.11139914,1295,124
-9663237.56642778,4011858.28503514,1296,200
-9668855.86112811,4025696.65493664,1297,117
-9668855.86112811,4025696.65493664,1298,117
-9665635.38825946,4013388.2010089,1299,96
-9650463.65485925,4004225.16928235,1300,54
-9524073.73140238,3781423.15873926,1301,181
-9550572.22299081,3765602.74173663,1302,94
-9550572.22299081,3765602.74173663,1303,94
-9550572.22299081,3765602.74173663,1304,94
-9550572.22299081,3765602.74173663,1305,94
-9550572.22299081,3765602.74173663,1306,94
-9568305.41787418,3734750.89662194,1307,76
-9568305.41787418,3734750.89662194,1308,76
-9568305.41787418,3734750.89662194,1309,76
-9568305.41787418,3734750.89662194,1310,76
-9551802.30336408,3776160.51069452,1311,162
-9551802.30336408,3776160.51069452,1312,162
-9551802.30336408,3776160.51069452,1313,162
-9557387.20221717,3804546.26225539,1314,51
-9557387.20221717,3804546.26225539,1315,51
-9557387.20221717,3804546.26225539,1316,51
-9557387.20221717,3804546.26225539,1317,51
-9557387.20221717,3804546.26225539,1318,51
-9557387.20221717,3804546.26225539,1319,51
-9557387.20221717,3804546.26225539,1320,51
-9557387.20221717,3804546.26225539,1321,51
-9557387.20221717,3804546.26225539,1322,51
-9542833.29199086,3780942.01159977,1323,161
-9526921.28397687,3787666.67672078,1324,89
-9526921.28397687,3787666.67672078,1325,89
-9524338.67179047,3782442.04496963,1326,89
-9524338.67179047,3782442.04496963,1327,89
-9540230.64229612,3781703.17948729,1328,250
-9540230.64229612,3781703.17948729,1329,250
-9606001.53704151,3850217.48572786,1330,112
-9606001.53704151,3850217.48572786,1331,112
-9606001.53704151,3850217.48572786,1332,112
-9606001.53704151,3850217.48572786,1333,112
-9606001.53704151,3850217.48572786,1334,112
-9606001.53704151,3850217.48572786,1335,112
-9606001.53704151,3850217.48572786,1336,112
-9606001.53704151,3850217.48572786,1337,112
-9606001.53704151,3850217.48572786,1338,112
-9558256.60744027,3801427.58746884,1339,98
-9558256.60744027,3801427.58746884,1340,98
-9558256.60744027,3801427.58746884,1341,98
-9558256.60744027,3801427.58746884,1342,98
-9554920.3623012,3812587.72267904,1343,96
-9554920.3623012,3812587.72267904,1344,96
-9554920.3623012,3812587.72267904,1345,96
-9536385.66708412,3782971.9000354,1346,251
-9536385.66708412,3782971.9000354,1347,251
-9536385.66708412,3782971.9000354,1348,251
-9548113.17543919,3768134.28984854,1349,41
-9548113.17543919,3768134.28984854,1350,41
-9548113.17543919,3768134.28984854,1351,41
-9548113.17543919,3768134.28984854,1352,41
-9541270.36634012,3779673.50581151,1353,250
-9541270.36634012,3779673.50581151,1354,250
-9542439.22099346,3780917.03454316,1355,253
-9542439.22099346,3780917.03454316,1356,253
-9548772.18682468,3784970.57165462,1357,162
-9548772.18682468,3784970.57165462,1358,162
-9585149.17002611,3833313.9488192,1359,116
-9585149.17002611,3833313.9488192,1360,116
-9585149.17002611,3833313.9488192,1361,116
-9585149.17002611,3833313.9488192,1362,116
-9585149.17002611,3833313.9488192,1363,116
-9526676.38109713,3785050.78846081,1364,87
-9540910.80438486,3782056.83005943,1365,251
-9540910.80438486,3782056.83005943,1366,251
-9540910.80438486,3782056.83005943,1367,251
-9520636.18552668,3769626.15697748,1368,79
-9520636.18552668,3769626.15697748,1369,79
-9520636.18552668,3769626.15697748,1370,79
-9540740.48556395,3779288.37982743,1371,251
-9540740.48556395,3779288.37982743,1372,251
-9540740.48556395,3779288.37982743,1373,251
-9540740.48556395,3779288.37982743,1374,251
-9540740.48556395,3779288.37982743,1375,251
-9540740.48556395,3779288.37982743,1376,251
-9521186.1038112,3773866.38206973,1377,89
-9521186.1038112,3773866.38206973,1378,89
-9522871.48090181,3781816.24136103,1379,87
-9522871.48090181,3781816.24136103,1380,87
-9572987.51565694,3745849.21509837,1381,83
-9572987.51565694,3745849.21509837,1382,83
-9544810.32614735,3777114.55578673,1383,162
-9543023.64832012,3779465.82541704,1384,41
-9543023.64832012,3779465.82541704,1385,41
-9543023.64832012,3779465.82541704,1386,41
-9543023.64832012,3779465.82541704,1387,41
-9543023.64832012,3779465.82541704,1388,41
-9543023.64832012,3779465.82541704,1389,41
-9542018.43331826,3781415.27092557,1390,163
-9542018.43331826,3781415.27092557,1391,163
-9556802.77489051,3768583.40642566,1392,94
-9556802.77489051,3768583.40642566,1393,94
-9576839.17003839,3805960.99748318,1394,128
-9576839.17003839,3805960.99748318,1395,128
-9576839.17003839,3805960.99748318,1396,128
-9576839.17003839,3805960.99748318,1397,128
-9576839.17003839,3805960.99748318,1398,128
-9576839.17003839,3805960.99748318,1399,128
-9576839.17003839,3805960.99748318,1400,128
-9576839.17003839,3805960.99748318,1401,128
-9576839.17003839,3805960.99748318,1402,128
-9576839.17003839,3805960.99748318,1403,128
-9541454.04349993,3781470.48573037,1404,252
-9541454.04349993,3781470.48573037,1405,252
-9541454.04349993,3781470.48573037,1406,252
-9527471.20226139,3789047.84369281,1407,73
-9527471.20226139,3789047.84369281,1408,73
-9542174.28060537,3818937.23475892,1409,201
-9542174.28060537,3818937.23475892,1410,201
-9540937.52106265,3779778.66181294,1411,255
-9540937.52106265,3779778.66181294,1412,255
-9540937.52106265,3779778.66181294,1413,255
-9540937.52106265,3779778.66181294,1414,255
-9540937.52106265,3779778.66181294,1415,255
-9521349.74346267,3772631.46565908,1416,87
-9521349.74346267,3772631.46565908,1417,87
-9521349.74346267,3772631.46565908,1418,87
-9545999.21830902,3773979.37012417,1419,163
-9545999.21830902,3773979.37012417,1420,163
-9545999.21830902,3773979.37012417,1421,163
-9545999.21830902,3773979.37012417,1422,163
-9545999.21830902,3773979.37012417,1423,163
-9545999.21830902,3773979.37012417,1424,163
-9545999.21830902,3773979.37012417,1425,163
-9545999.21830902,3773979.37012417,1426,163
-9544416.25514994,3781327.19069186,1427,195
-9544416.25514994,3781327.19069186,1428,195
-9544416.25514994,3781327.19069186,1429,195
-9544416.25514994,3781327.19069186,1430,195
-9544416.25514994,3781327.19069186,1431,195
-9544416.25514994,3781327.19069186,1432,195
-9544416.25514994,3781327.19069186,1433,195
-9544416.25514994,3781327.19069186,1434,195
-9544416.25514994,3781327.19069186,1435,195
-9544416.25514994,3781327.19069186,1436,195
-9544416.25514994,3781327.19069186,1437,195
-9544416.25514994,3781327.19069186,1438,195
-9544416.25514994,3781327.19069186,1439,195
-9544416.25514994,3781327.19069186,1440,195
-9544416.25514994,3781327.19069186,1441,195
-9544416.25514994,3781327.19069186,1442,195
-9544416.25514994,3781327.19069186,1443,195
-9544416.25514994,3781327.19069186,1444,195
-9544416.25514994,3781327.19069186,1445,195
-9544416.25514994,3781327.19069186,1446,195
-9544416.25514994,3781327.19069186,1447,195
-9544416.25514994,3781327.19069186,1448,195
-9544416.25514994,3781327.19069186,1449,195
-9548560.67979218,3820192.77200839,1450,75
-9548560.67979218,3820192.77200839,1451,75
-9548560.67979218,3820192.77200839,1452,75
-9548560.67979218,3820192.77200839,1453,75
-9534564.48021474,3691761.07098278,1454,101
-9541508.59005042,3775069.8908783,1455,161
-9541508.59005042,3775069.8908783,1456,161
-9541508.59005042,3775069.8908783,1457,161
-9541026.57665529,3779305.46706629,1458,254
-9541026.57665529,3779305.46706629,1459,254
-9541026.57665529,3779305.46706629,1460,254
-9566681.26650351,3797569.88138356,1461,94
-9566681.26650351,3797569.88138356,1462,94
-9566681.26650351,3797569.88138356,1463,94
-9575453.24237802,3807223.07237043,1464,106
-9575453.24237802,3807223.07237043,1465,106
-9575453.24237802,3807223.07237043,1466,106
-9575453.24237802,3807223.07237043,1467,106
-9575453.24237802,3807223.07237043,1468,106
-9575453.24237802,3807223.07237043,1469,106
-9575453.24237802,3807223.07237043,1470,106
-9575453.24237802,3807223.07237043,1471,106
-9575453.24237802,3807223.07237043,1472,106
-9575453.24237802,3807223.07237043,1473,106
-9575453.24237802,3807223.07237043,1474,106
-9575453.24237802,3807223.07237043,1475,106
-9575453.24237802,3807223.07237043,1476,106
-9575453.24237802,3807223.07237043,1477,106
-9575453.24237802,3807223.07237043,1478,106
-9575453.24237802,3807223.07237043,1479,106
-9575453.24237802,3807223.07237043,1480,106
-9565431.1486219,3771084.05813826,1481,40
-9565431.1486219,3771084.05813826,1482,40
-9565431.1486219,3771084.05813826,1483,40
-9546651.55052507,3775726.87890168,1484,161
-9546651.55052507,3775726.87890168,1485,161
-9546651.55052507,3775726.87890168,1486,161
-9546651.55052507,3775726.87890168,1487,161
-9546651.55052507,3775726.87890168,1488,161
-9546651.55052507,3775726.87890168,1489,161
-9546651.55052507,3775726.87890168,1490,161
-9546651.55052507,3775726.87890168,1491,161
-9546651.55052507,3775726.87890168,1492,161
-9546651.55052507,3775726.87890168,1493,161
-9546651.55052507,3775726.87890168,1494,161
-9566056.76416015,3781262.77421417,1495,93
-9566056.76416015,3781262.77421417,1496,93
-9566056.76416015,3781262.77421417,1497,93
-9566056.76416015,3781262.77421417,1498,93
-9566056.76416015,3781262.77421417,1499,93
-9582607.7460513,3808534.03270145,1500,159
-9582607.7460513,3808534.03270145,1501,159
-9582607.7460513,3808534.03270145,1502,159
-9582607.7460513,3808534.03270145,1503,159
-9582607.7460513,3808534.03270145,1504,159
-9582607.7460513,3808534.03270145,1505,159
-9582607.7460513,3808534.03270145,1506,159
-9582607.7460513,3808534.03270145,1507,159
-9582607.7460513,3808534.03270145,1508,159
-9582607.7460513,3808534.03270145,1509,159
-9582607.7460513,3808534.03270145,1510,159
-9574542.64894333,3764360.79727681,1511,90
-9574542.64894333,3764360.79727681,1512,90
-9574542.64894333,3764360.79727681,1513,90
-9574542.64894333,3764360.79727681,1514,90
-9574542.64894333,3764360.79727681,1515,90
-9574542.64894333,3764360.79727681,1516,90
-9574542.64894333,3764360.79727681,1517,90
-9617749.08290492,3838319.20441709,1518,180
-9617749.08290492,3838319.20441709,1519,180
-9617749.08290492,3838319.20441709,1520,180
-9617749.08290492,3838319.20441709,1521,180
-9617749.08290492,3838319.20441709,1522,180
-9617749.08290492,3838319.20441709,1523,180
-9617749.08290492,3838319.20441709,1524,180
-9617749.08290492,3838319.20441709,1525,180
-9617749.08290492,3838319.20441709,1526,180
-9617749.08290492,3838319.20441709,1527,180
-9537486.61684806,3764183.57463941,1528,94
-9549770.7226571,3798703.36473494,1529,77
-9549770.7226571,3798703.36473494,1530,77
-9549770.7226571,3798703.36473494,1531,77
-9538736.73472967,3773561.58238753,1532,252
-9538736.73472967,3773561.58238753,1533,252
-9538736.73472967,3773561.58238753,1534,252
-9538736.73472967,3773561.58238753,1535,252
-9538736.73472967,3773561.58238753,1536,252
-9536446.89280405,3781350.85397467,1537,253
-9536446.89280405,3781350.85397467,1538,253
-9536446.89280405,3781350.85397467,1539,253
-9536446.89280405,3781350.85397467,1540,253
-9566369.57192929,3778158.04731563,1541,93
-9566369.57192929,3778158.04731563,1542,93
-9566369.57192929,3778158.04731563,1543,93
-9659316.89396203,3743529.39974592,1544,55
-9659316.89396203,3743529.39974592,1545,55
-9656462.6622181,3716675.50888873,1546,157
-9656462.6622181,3716675.50888873,1547,157
-9656462.6622181,3716675.50888873,1548,157
-9656462.6622181,3716675.50888873,1549,157
-9652977.24896136,3702541.97771147,1550,82
-9642582.23491108,3739962.73303253,1551,160
-9573789.01599066,3732104.57748129,1552,103
-9662876.89127761,3747042.06191846,1553,53
-9680447.55970442,3788277.00133488,1554,46
-9680447.55970442,3788277.00133488,1555,46
-9667890.72114293,3740146.15092292,1556,55
-9667890.72114293,3740146.15092292,1557,55
-9667890.72114293,3740146.15092292,1558,55
-9667890.72114293,3740146.15092292,1559,55
-9667890.72114293,3740146.15092292,1560,55
-9667890.72114293,3740146.15092292,1561,55
-9643410.45192259,3739699.40220983,1562,157
-9643410.45192259,3739699.40220983,1563,157
-9643410.45192259,3739699.40220983,1564,157
-9675195.50612879,3784818.02970164,1565,47
-9675195.50612879,3784818.02970164,1566,47
-9644355.55439942,3741673.86798939,1567,80
-9644355.55439942,3741673.86798939,1568,80
-9641895.39365289,3741833.72604036,1569,100
-9642547.72586894,3739323.41241346,1570,157
-9708984.31116927,3702732.66796685,1571,67
-9708984.31116927,3702732.66796685,1572,67
-9643370.3769059,3736356.51604518,1573,158
-9615105.24499858,3735693.81207701,1574,81
-9615105.24499858,3735693.81207701,1575,81
-9615105.24499858,3735693.81207701,1576,81
-9634829.94557224,3744018.22775623,1577,135
-9629700.34343649,3716986.72271897,1578,100
-9629700.34343649,3716986.72271897,1579,100
-9629700.34343649,3716986.72271897,1580,100
-9629700.34343649,3716986.72271897,1581,100
-9645509.93751895,3741562.49272763,1582,97
-9645509.93751895,3741562.49272763,1583,97
-9646468.39833468,3738259.69969635,1584,96
-9650857.72585666,3718264.35206445,1585,66
-9627465.04806136,3733942.92887326,1586,100
-9627465.04806136,3733942.92887326,1587,100
-9627465.04806136,3733942.92887326,1588,100
-9627465.04806136,3733942.92887326,1589,100
-9644246.46129844,3741642.42075273,1590,80
-9657468.99041487,3733783.17502013,1591,66
-9657468.99041487,3733783.17502013,1592,66
-9603758.44930202,3726121.391434,1593,82
-9603758.44930202,3726121.391434,1594,82
-9603758.44930202,3726121.391434,1595,82
-9644348.87522997,3734678.87137651,1596,160
-9644348.87522997,3734678.87137651,1597,160
-9644348.87522997,3734678.87137651,1598,160
-9616648.13314097,3709191.77636317,1599,80
-9616648.13314097,3709191.77636317,1600,80
-9644090.61401133,3742585.87343326,1601,80
-9652298.20006752,3740490.72205167,1602,98
-9652298.20006752,3740490.72205167,1603,98
-9652298.20006752,3740490.72205167,1604,98
-9652298.20006752,3740490.72205167,1605,98
-9652298.20006752,3740490.72205167,1606,98
-9696584.43308981,3656901.09009789,1607,106
-9696584.43308981,3656901.09009789,1608,106
-9696584.43308981,3656901.09009789,1609,106
-9642337.33203134,3739563.15368618,1610,200
-9618890.10768555,3749481.86611589,1611,93
-9618890.10768555,3749481.86611589,1612,93
-9630291.4499326,3742977.69000239,1613,100
-9667422.06608669,3769208.52058285,1614,71
-9667422.06608669,3769208.52058285,1615,71
-9652725.66691217,3746593.74742912,1616,96
-9652725.66691217,3746593.74742912,1617,96
-9652725.66691217,3746593.74742912,1618,96
-9652725.66691217,3746593.74742912,1619,96
-9634217.68837288,3731897.71494237,1620,101
-9634217.68837288,3731897.71494237,1621,101
-9634217.68837288,3731897.71494237,1622,101
-9634217.68837288,3731897.71494237,1623,101
-9634217.68837288,3731897.71494237,1624,101
-9623231.56782649,3735158.17470616,1625,100
-9623231.56782649,3735158.17470616,1626,100
-9643302.47201652,3739826.48154291,1627,158
-9642350.69037023,3741514.01205178,1628,54
-9642350.69037023,3741514.01205178,1629,54
-9642350.69037023,3741514.01205178,1630,54
-9642350.69037023,3741514.01205178,1631,54
-9642350.69037023,3741514.01205178,1632,54
-9642350.69037023,3741514.01205178,1633,54
-9642350.69037023,3741514.01205178,1634,54
-9642350.69037023,3741514.01205178,1635,54
-9642350.69037023,3741514.01205178,1636,54
-9642350.69037023,3741514.01205178,1637,54
-9625311.01591451,3673400.0655237,1638,114
-9625311.01591451,3673400.0655237,1639,114
-9625311.01591451,3673400.0655237,1640,114
-9625311.01591451,3673400.0655237,1641,114
-9625311.01591451,3673400.0655237,1642,114
-9625311.01591451,3673400.0655237,1643,114
-9625311.01591451,3673400.0655237,1644,114
-9625311.01591451,3673400.0655237,1645,114
-9625311.01591451,3673400.0655237,1646,114
-9625311.01591451,3673400.0655237,1647,114
-9659356.96897872,3750355.12380905,1648,99
-9636990.65688854,3760827.33928829,1649,218
-9636990.65688854,3760827.33928829,1650,218
-9637860.06211163,3733975.66557871,1651,101
-9637860.06211163,3733975.66557871,1652,101
-9637860.06211163,3733975.66557871,1653,101
-9637860.06211163,3733975.66557871,1654,101
-9636997.33605799,3743161.15363087,1655,130
-9636997.33605799,3743161.15363087,1656,130
-9644327.72452672,3742433.86774846,1657,85
-9602365.8424722,3726025.86241749,1658,82
-9643751.08956441,3741202.16802626,1659,83
-9643751.08956441,3741202.16802626,1660,83
-9643751.08956441,3741202.16802626,1661,83
-9627620.89534847,3733695.442243,1662,87
-9627620.89534847,3733695.442243,1663,87
-9627620.89534847,3733695.442243,1664,87
-9627620.89534847,3733695.442243,1665,87
-9627940.38228704,3750123.03564534,1666,101
-9627940.38228704,3750123.03564534,1667,101
-9627940.38228704,3750123.03564534,1668,101
-9627940.38228704,3750123.03564534,1669,101
-9627940.38228704,3750123.03564534,1670,101
-9627940.38228704,3750123.03564534,1671,101
-9627940.38228704,3750123.03564534,1672,101
-9627940.38228704,3750123.03564534,1673,101
-9634020.65287417,3728621.11665105,1674,100
-9644274.29117114,3743305.3055781,1675,133
-9616226.23227087,3673733.63289187,1676,52
-9616226.23227087,3673733.63289187,1677,52
-9643689.86384448,3750819.31352596,1678,128
-9643968.16257146,3743305.3055781,1679,130
-9674379.53426128,3745689.30392902,1680,54
-9674379.53426128,3745689.30392902,1681,54
-9674379.53426128,3745689.30392902,1682,54
-9644219.74462065,3741658.14436084,1683,81
-9644219.74462065,3741658.14436084,1684,81
-9644219.74462065,3741658.14436084,1685,81
-9644219.74462065,3741658.14436084,1686,81
-9644219.74462065,3741658.14436084,1687,81
-9644219.74462065,3741658.14436084,1688,81
-9643906.93685152,3743513.67370386,1689,50
-9643906.93685152,3743513.67370386,1690,50
-9644348.87522997,3741537.59722116,1691,96
-9644348.87522997,3741537.59722116,1692,96
-9642622.30992777,3733823.76801264,1693,101
-9642622.30992777,3733823.76801264,1694,101
-9642622.30992777,3733823.76801264,1695,101
-9642622.30992777,3733823.76801264,1696,101
-9642622.30992777,3733823.76801264,1697,101
-9643125.47402615,3741234.92437364,1698,79
-9643125.47402615,3741234.92437364,1699,79
-9626071.32803662,3738715.56512422,1700,101
-9626071.32803662,3738715.56512422,1701,101
-9626071.32803662,3738715.56512422,1702,101
-9626071.32803662,3738715.56512422,1703,101
-9626071.32803662,3738715.56512422,1704,101
-9626071.32803662,3738715.56512422,1705,101
-9626071.32803662,3738715.56512422,1706,101
-9640237.84643498,3768391.676244,1707,141
-9640237.84643498,3768391.676244,1708,141
-9640237.84643498,3768391.676244,1709,141
-9640237.84643498,3768391.676244,1710,141
-9640237.84643498,3768391.676244,1711,141
-9640237.84643498,3768391.676244,1712,141
-9640237.84643498,3768391.676244,1713,141
-9640237.84643498,3768391.676244,1714,141
-9640237.84643498,3768391.676244,1715,141
-9665703.29314885,3731521.96733839,1716,66
-9660702.82162241,3734718.15782092,1717,54
-9569216.01130887,3734782.3259542,1718,22
-9569216.01130887,3734782.3259542,1719,22
-9647412.3876166,3777820.28256832,1720,140
-9647412.3876166,3777820.28256832,1721,140
-9647412.3876166,3777820.28256832,1722,140
-9647412.3876166,3777820.28256832,1723,140
-9647412.3876166,3777820.28256832,1724,140
-9647412.3876166,3777820.28256832,1725,140
-9647412.3876166,3777820.28256832,1726,140
-9647412.3876166,3777820.28256832,1727,140
-9647412.3876166,3777820.28256832,1728,140
-9647412.3876166,3777820.28256832,1729,140
-9642514.3300217,3741394.77662186,1730,44
-9657318.7091023,3740722.62525793,1731,99
-9657318.7091023,3740722.62525793,1732,99
-9657318.7091023,3740722.62525793,1733,99
-9657318.7091023,3740722.62525793,1734,99
-9657318.7091023,3740722.62525793,1735,99
-9657318.7091023,3740722.62525793,1736,99
-9657318.7091023,3740722.62525793,1737,99
-9657318.7091023,3740722.62525793,1738,99
-9657318.7091023,3740722.62525793,1739,99
-9657318.7091023,3740722.62525793,1740,99
-9657318.7091023,3740722.62525793,1741,99
-9642921.759358,3741090.79710885,1742,110
-9642921.759358,3741090.79710885,1743,110
-9642921.759358,3741090.79710885,1744,110
-9642921.759358,3741090.79710885,1745,110
-9642921.759358,3741090.79710885,1746,110
-9642921.759358,3741090.79710885,1747,110
-9642921.759358,3741090.79710885,1748,110
-9642921.759358,3741090.79710885,1749,110
-9642921.759358,3741090.79710885,1750,110
-9642921.759358,3741090.79710885,1751,110
-9642921.759358,3741090.79710885,1752,110
-9642921.759358,3741090.79710885,1753,110
-9642948.47603579,3741274.23210761,1754,82
-9642948.47603579,3741274.23210761,1755,82
-9642948.47603579,3741274.23210761,1756,82
-9642948.47603579,3741274.23210761,1757,82
-9642948.47603579,3741274.23210761,1758,82
-9642948.47603579,3741274.23210761,1759,82
-9642948.47603579,3741274.23210761,1760,82
-9642948.47603579,3741274.23210761,1761,82
-9642948.47603579,3741274.23210761,1762,82
-9642948.47603579,3741274.23210761,1763,82
-9642948.47603579,3741274.23210761,1764,82
-9642948.47603579,3741274.23210761,1765,82
-9642948.47603579,3741274.23210761,1766,82
-9642948.47603579,3741274.23210761,1767,82
-9642948.47603579,3741274.23210761,1768,82
-9642948.47603579,3741274.23210761,1769,82
-9646502.90737682,3738019.98424922,1770,109
-9619610.34479098,3825088.25947835,1771,108
-9619610.34479098,3825088.25947835,1772,108
-9619610.34479098,3825088.25947835,1773,108
-9619610.34479098,3825088.25947835,1774,108
-9619610.34479098,3825088.25947835,1775,108
-9619610.34479098,3825088.25947835,1776,108
-9619610.34479098,3825088.25947835,1777,108
-9619610.34479098,3825088.25947835,1778,108
-9619610.34479098,3825088.25947835,1779,108
-9619610.34479098,3825088.25947835,1780,108
-9619610.34479098,3825088.25947835,1781,108
-9619610.34479098,3825088.25947835,1782,108
-9619610.34479098,3825088.25947835,1783,108
-9619610.34479098,3825088.25947835,1784,108
-9619610.34479098,3825088.25947835,1785,108
-9619610.34479098,3825088.25947835,1786,108
-9619610.34479098,3825088.25947835,1787,108
-9619610.34479098,3825088.25947835,1788,108
-9619610.34479098,3825088.25947835,1789,108
-9619610.34479098,3825088.25947835,1790,108
-9562965.42190083,3735629.63911326,1791,121
-9712883.83293176,3563134.35382435,1792,103
-9712883.83293176,3563134.35382435,1793,103
-9712883.83293176,3563134.35382435,1794,103
-9712883.83293176,3563134.35382435,1795,103
-9712883.83293176,3563134.35382435,1796,103
-9712883.83293176,3563134.35382435,1797,103
-9712883.83293176,3563134.35382435,1798,103
-9712883.83293176,3563134.35382435,1799,103
-9712883.83293176,3563134.35382435,1800,103
-9609472.47876444,3750123.03564534,1801,89
-9609472.47876444,3750123.03564534,1802,89
-9609472.47876444,3750123.03564534,1803,89
-9636704.5657972,3745681.43949989,1804,130
-9621044.1398324,3742769.33111541,1805,81
-9666852.11029383,3714792.70433998,1806,158
-9666852.11029383,3714792.70433998,1807,158
-9688641.78742171,3717593.48183522,1808,72
-9656742.07413999,3715551.02110894,1809,205
-9656742.07413999,3715551.02110894,1810,205
-9656742.07413999,3715551.02110894,1811,205
-9656742.07413999,3715551.02110894,1812,205
-9656742.07413999,3715551.02110894,1813,205
-9656742.07413999,3715551.02110894,1814,205
-9656742.07413999,3715551.02110894,1815,205
-9656742.07413999,3715551.02110894,1816,205
-9656742.07413999,3715551.02110894,1817,205
-9656742.07413999,3715551.02110894,1818,205
-9644239.782129,3741769.52050364,1819,81
-9644239.782129,3741769.52050364,1820,81
-9644239.782129,3741769.52050364,1821,81
-9644239.782129,3741769.52050364,1822,81
-9656571.75531907,3715790.2929381,1823,160
-9655389.54232685,3715630.7778622,1824,204
-9640325.7888327,3719038.57972375,1825,206
-9650334.52424993,3714145.55759467,1826,58
-9646767.84776491,3732583.77895445,1827,66
-9646767.84776491,3732583.77895445,1828,66
-9644368.91273832,3743233.2293896,1829,132
-9644368.91273832,3743233.2293896,1830,132
-9644368.91273832,3743233.2293896,1831,132
-9644368.91273832,3743233.2293896,1832,132
-9644368.91273832,3743233.2293896,1833,132
-9644368.91273832,3743233.2293896,1834,132
-9644368.91273832,3743233.2293896,1835,132
-9644368.91273832,3743233.2293896,1836,132
-9699967.43241502,3695185.69922086,1837,73
-9699967.43241502,3695185.69922086,1838,73
-9628857.65489118,3670735.76094994,1839,115
-9628857.65489118,3670735.76094994,1840,115
-9655076.73455772,3716261.00536071,1841,156
-9644776.34207462,3736948.52734418,1842,160
-9644776.34207462,3736948.52734418,1843,160
-9644776.34207462,3736948.52734418,1844,160
-9627450.57652755,3733726.86883639,1845,100
-9627450.57652755,3733726.86883639,1846,100
-9652977.24896136,3704399.37549916,1847,56
-9652977.24896136,3704399.37549916,1848,56
-9652977.24896136,3704399.37549916,1849,56
-9652624.36617554,3703243.36683149,1850,58
-9652624.36617554,3703243.36683149,1851,58
-9652624.36617554,3703243.36683149,1852,58
-9606476.87126719,3778318.39032939,1853,90
-9606476.87126719,3778318.39032939,1854,90
-9606476.87126719,3778318.39032939,1855,90
-9606476.87126719,3778318.39032939,1856,90
-9606476.87126719,3778318.39032939,1857,90
-9606476.87126719,3778318.39032939,1858,90
-9606476.87126719,3778318.39032939,1859,90
-9606476.87126719,3778318.39032939,1860,90
-9606476.87126719,3778318.39032939,1861,90
-9606476.87126719,3778318.39032939,1862,90
-9606476.87126719,3778318.39032939,1863,90
-9606476.87126719,3778318.39032939,1864,90
-9606476.87126719,3778318.39032939,1865,90
-9606476.87126719,3778318.39032939,1866,90
-9606476.87126719,3778318.39032939,1867,90
-9652801.36416591,3703027.85191422,1868,58
-9656788.82832612,3716500.29116205,1869,159
-9656788.82832612,3716500.29116205,1870,159
-9652957.21145302,3703896.46560222,1871,58
-9652957.21145302,3703896.46560222,1872,58
-9558705.22498817,3999417.37569746,1873,81
-9572287.31605986,3970850.59138003,1874,118
-9550823.80504,3982680.15994007,1875,190
-9558602.81105664,3974390.16866688,1876,134
-9510458.24448345,3975507.45228168,1877,94
-9767354.68616672,3548931.06200218,1878,130
-9519909.2692518,3840834.51609095,1879,160
-9519909.2692518,3840834.51609095,1880,160
-9512992.98928882,3651017.02058813,1881,74
-9512992.98928882,3651017.02058813,1882,74
-9546271.95106147,3980158.17323069,1883,147
-9547861.59339,4000186.1657671,1884,105
-9547861.59339,4000186.1657671,1885,105
-9547861.59339,4000186.1657671,1886,105
-9526085.27460101,3979881.40345454,1887,123
-9526085.27460101,3979881.40345454,1888,123
-9551489.49559495,3976805.29447037,1889,67
-9646678.79217228,3888443.66198124,1890,97
-9560981.70857489,3981945.9721196,1891,110
-9571159.64961812,4008781.64122984,1892,94
-9545611.82648106,3973183.46363185,1893,32
-9546013.68984283,3973623.10122836,1894,32
-9599648.53370193,3833740.43573643,1895,103
-9556191.63088606,3992096.36069641,1896,42
-9556999.81038921,3989645.9077158,1897,109
-9557740.08500299,4063670.35668074,1898,141
-9593363.43525174,3959587.02314139,1899,113
-9633179.07752378,3987767.26868489,1900,119
-9743240.65807109,3927974.10357201,1901,234
-9750293.86100775,3935190.65022575,1902,138
-9750293.86100775,3935190.65022575,1903,138
-9750293.86100775,3935190.65022575,1904,138
-9750293.86100775,3935190.65022575,1905,138
-9750293.86100775,3935190.65022575,1906,138
-9750293.86100775,3935190.65022575,1907,138
-9750293.86100775,3935190.65022575,1908,138
-9750293.86100775,3935190.65022575,1909,138
-9555865.46477803,3988917.96555945,1910,70
-9637737.61067176,4027769.49375155,1911,97
-9573782.33682121,4003677.1745905,1912,93
-9556789.41655162,3991123.34384317,1913,110
-9550477.60142364,3995469.76709287,1914,86
-9550477.60142364,3995469.76709287,1915,86
-9557299.25981945,3990944.00722725,1916,224
-9542133.09239377,3982109.12092135,1917,84
-9808677.59434409,3606184.31717009,1918,133
-9553214.94770224,3991867.48687146,1919,36
-9553214.94770224,3991867.48687146,1920,36
-9569365.17942653,3976233.21007323,1921,103
-9551781.15266083,4015885.31319605,1922,215
-9608664.29926128,4075498.10383557,1923,158
-9538927.09105893,4015574.15025459,1924,125
-9545157.64295863,3974896.67497177,1925,105
-9545157.64295863,3974896.67497177,1926,105
-9568727.31874429,4008618.11293748,1927,87
-9546686.05956722,4002417.82397905,1928,139
-9533986.73205752,4025097.96458302,1929,102
-9527688.27526844,4016916.77160647,1930,103
-9656985.86382482,3906870.74647336,1931,49
-9656985.86382482,3906870.74647336,1932,49
-9550252.73605224,3989833.25323035,1933,140
-9550252.73605224,3989833.25323035,1934,140
-9516899.19022075,4026958.57155005,1935,87
-9543437.75682587,4010990.8424843,1936,85
-9543437.75682587,4010990.8424843,1937,85
-9553582.30202186,4013110.62875691,1938,87
-9557190.16671847,4018692.8686722,1939,88
-9559085.93764668,3992234.22256932,1940,233
-9559085.93764668,3992234.22256932,1941,233
-9559085.93764668,3992234.22256932,1942,233
-9664174.87654026,3934978.88329828,1943,108
-9562733.87735998,4000317.42775832,1944,114
-9560003.21025082,4027572.12823991,1945,80
-9570676.52302808,3998797.29163086,1946,92
-9555042.81374107,4008568.51875298,1947,85
-9576968.30064771,3996516.79553521,1948,137
-9555708.50429601,3997325.56319116,1949,98
-9684136.6876293,3958951.72990763,1950,118
-9504595.04690337,3913238.02464681,1951,106
-9510771.05225259,3840924.35853107,1952,145
-9623244.92616538,3940304.86195902,1953,53
-9623244.92616538,3940304.86195902,1954,53
-9623244.92616538,3940304.86195902,1955,53
-9526934.64231577,3760169.85251891,1956,140
-9551115.46210588,3850265.08702639,1957,93
-9551115.46210588,3850265.08702639,1958,93
-9551115.46210588,3850265.08702639,1959,93
-9551115.46210588,3850265.08702639,1960,93
-9551115.46210588,3850265.08702639,1961,93
-9508969.90289155,3881580.74257863,1962,194
-9507651.88012056,3882219.7861126,1963,194
-9509466.38782049,3881240.02196213,1964,194
-9759390.88979537,4009084.57686,1965,81
-9511395.55459593,3864470.74495706,1966,84
-9520806.5043476,3880608.98576006,1967,86
-9519460.65170391,3845803.29833848,1968,168
-9567639.72731923,3836835.89645119,1969,75
-9478144.42269598,3855802.69121857,1970,84
-9483355.28806002,3871558.14079293,1971,108
-9777287.72433021,3829180.59299355,1972,117
-9489769.51711953,3862385.86008578,1973,120
-9473720.58613186,3897694.73373198,1974,76
-9473720.58613186,3897694.73373198,1975,76
-9494314.69192862,3855294.71585073,1976,77
-9480548.92369712,3875536.73898392,1977,129
-9483504.45617768,3869869.33256201,1978,121
-9482030.58611958,3867929.15787275,1979,88
-9490591.05496158,3855011.63489493,1980,92
-9490591.05496158,3855011.63489493,1981,92
-9490591.05496158,3855011.63489493,1982,92
-9428599.45692862,3944168.32511507,1983,146
-9483239.51578959,3875156.4418242,1984,151
-9479108.44948625,3862846.4886255,1985,87
-9479108.44948625,3862846.4886255,1986,87
-9491359.15944805,3851057.14787978,1987,76
-9483661.4166597,3878061.32295251,1988,333
-9483661.4166597,3878061.32295251,1989,333
-9483661.4166597,3878061.32295251,1990,333
-9482214.26327938,3867403.44544593,1991,89
-9523802.11184485,4065084.66958929,1992,113
-9534408.63292763,4046559.03043162,1993,103
-9534177.08838678,4050574.12079136,1994,134
-9563543.17005804,4101870.41401878,1995,77
-9640605.2007546,3806974.07207291,1996,141
-9640605.2007546,3806974.07207291,1997,141
-9640605.2007546,3806974.07207291,1998,141
-9640605.2007546,3806974.07207291,1999,141
-9640605.2007546,3806974.07207291,2000,141
-9686521.1511221,3815179.3278918,2001,105
-9612000.54440035,3828624.92417481,2002,65
-9612000.54440035,3828624.92417481,2003,65
-9612000.54440035,3828624.92417481,2004,65
-9612000.54440035,3828624.92417481,2005,65
-9612000.54440035,3828624.92417481,2006,65
-9612000.54440035,3828624.92417481,2007,65
-9612000.54440035,3828624.92417481,2008,65
-9612000.54440035,3828624.92417481,2009,65
-9612000.54440035,3828624.92417481,2010,65
-9612000.54440035,3828624.92417481,2011,65
-9612000.54440035,3828624.92417481,2012,65
-9612000.54440035,3828624.92417481,2013,65
-9612000.54440035,3828624.92417481,2014,65
-9612000.54440035,3828624.92417481,2015,65
-9612000.54440035,3828624.92417481,2016,65
-9612000.54440035,3828624.92417481,2017,65
-9624345.87592933,3822729.30889233,2018,179
-9624345.87592933,3822729.30889233,2019,179
-9620683.46468223,3821987.94573204,2020,97
-9620683.46468223,3821987.94573204,2021,97
-9620683.46468223,3821987.94573204,2022,97
-9630841.36821712,3822366.53644458,2023,117
-9611919.28117208,3794404.3329659,2024,102
-9611919.28117208,3794404.3329659,2025,102
-9611919.28117208,3794404.3329659,2026,102
-9611919.28117208,3794404.3329659,2027,102
-9611919.28117208,3794404.3329659,2028,102
-9620439.67499739,3826739.01182119,2029,174
-9692758.38219124,3817456.34592011,2030,139
-9626506.58724563,3827955.7803291,2031,105
-9626506.58724563,3827955.7803291,2032,105
-9621342.47606773,3810834.82014583,2033,214
-9621342.47606773,3810834.82014583,2034,214
-9621342.47606773,3810834.82014583,2035,214
-9621342.47606773,3810834.82014583,2036,214
-9621342.47606773,3810834.82014583,2037,214
-9621342.47606773,3810834.82014583,2038,214
-9621342.47606773,3810834.82014583,2039,214
-9621342.47606773,3810834.82014583,2040,214
-9621342.47606773,3810834.82014583,2041,214
-9621342.47606773,3810834.82014583,2042,214
-9621342.47606773,3810834.82014583,2043,214
-9621342.47606773,3810834.82014583,2044,214
-9621342.47606773,3810834.82014583,2045,214
-9621342.47606773,3810834.82014583,2046,214
-9621342.47606773,3810834.82014583,2047,214
-9621342.47606773,3810834.82014583,2048,214
-9621342.47606773,3810834.82014583,2049,214
-9621342.47606773,3810834.82014583,2050,214
-9622348.8042645,3824725.41501521,2051,125
-9617544.25504186,3856046.10382835,2052,83
-9617544.25504186,3856046.10382835,2053,83
-9617544.25504186,3856046.10382835,2054,83
-9617544.25504186,3856046.10382835,2055,83
-9617544.25504186,3856046.10382835,2056,83
-9617544.25504186,3856046.10382835,2057,83
-9617544.25504186,3856046.10382835,2058,83
-9617544.25504186,3856046.10382835,2059,83
-9617544.25504186,3856046.10382835,2060,83
-9617544.25504186,3856046.10382835,2061,83
-9617544.25504186,3856046.10382835,2062,83
-9617544.25504186,3856046.10382835,2063,83
-9617544.25504186,3856046.10382835,2064,83
-9617544.25504186,3856046.10382835,2065,83
-9617544.25504186,3856046.10382835,2066,83
-9617544.25504186,3856046.10382835,2067,83
-9617544.25504186,3856046.10382835,2068,83
-9617544.25504186,3856046.10382835,2069,83
-9617544.25504186,3856046.10382835,2070,83
-9617544.25504186,3856046.10382835,2071,83
-9617544.25504186,3856046.10382835,2072,83
-9586412.64624661,3829051.24258486,2073,89
-9586412.64624661,3829051.24258486,2074,89
-9586412.64624661,3829051.24258486,2075,89
-9586412.64624661,3829051.24258486,2076,89
-9586412.64624661,3829051.24258486,2077,89
-9577246.59937469,3847191.22997819,2078,85
-9577246.59937469,3847191.22997819,2079,85
-9577246.59937469,3847191.22997819,2080,85
-9577246.59937469,3847191.22997819,2081,85
-9577246.59937469,3847191.22997819,2082,85
-9577246.59937469,3847191.22997819,2083,85
-9577246.59937469,3847191.22997819,2084,85
-9577246.59937469,3847191.22997819,2085,85
-9577246.59937469,3847191.22997819,2086,85
-9577246.59937469,3847191.22997819,2087,85
-9622123.93889309,3825918.22538725,2088,119
-9622123.93889309,3825918.22538725,2089,119
-9622015.95898703,3823944.34744264,2090,123
-9622015.95898703,3823944.34744264,2091,123
-9622015.95898703,3823944.34744264,2092,123
-9622015.95898703,3823944.34744264,2093,123
-9623109.11638661,3822768.88473823,2094,102
-9623109.11638661,3822768.88473823,2095,102
-9614426.19610474,3824943.12036336,2096,109
-9614426.19610474,3824943.12036336,2097,109
-9614426.19610474,3824943.12036336,2098,109
-9614426.19610474,3824943.12036336,2099,109
-9617898.25102258,3838649.44072253,2100,123
-9620847.1043337,3823896.85174615,2101,89
-9620847.1043337,3823896.85174615,2102,89
-9620847.1043337,3823896.85174615,2103,89
-9615227.69643845,3832306.54990691,2104,106
-9615227.69643845,3832306.54990691,2105,106
-9615227.69643845,3832306.54990691,2106,106
-9615227.69643845,3832306.54990691,2107,106
-9615227.69643845,3832306.54990691,2108,106
-9615227.69643845,3832306.54990691,2109,106
-9615227.69643845,3832306.54990691,2110,106
-9615227.69643845,3832306.54990691,2111,106
-9615825.48210401,3824870.55147074,2112,144
-9615825.48210401,3824870.55147074,2113,144
-9615825.48210401,3824870.55147074,2114,144
-9615825.48210401,3824870.55147074,2115,144
-9615825.48210401,3824870.55147074,2116,144
-9615825.48210401,3824870.55147074,2117,144
-9615825.48210401,3824870.55147074,2118,144
-9635692.67162589,3836022.33530381,2119,90
-9635692.67162589,3836022.33530381,2120,90
-9614562.00588351,3831275.4739502,2121,102
-9614562.00588351,3831275.4739502,2122,102
-9615947.93354389,3824387.64976439,2123,108
-9615947.93354389,3824387.64976439,2124,108
-9615947.93354389,3824387.64976439,2125,108
-9615947.93354389,3824387.64976439,2126,108
-9803840.76246913,3590658.54620676,2127,68
-9803840.76246913,3590658.54620676,2128,68
-9803840.76246913,3590658.54620676,2129,68
-9803840.76246913,3590658.54620676,2130,68
-9803840.76246913,3590658.54620676,2131,68
-9624991.52897593,3826489.6028704,2132,101
-9633437.33874242,3819162.74691656,2133,116
-9633437.33874242,3819162.74691656,2134,116
-9633437.33874242,3819162.74691656,2135,116
-9633437.33874242,3819162.74691656,2136,116
-9620527.61739512,3824379.73350647,2137,108
-9620527.61739512,3824379.73350647,2138,108
-9620527.61739512,3824379.73350647,2139,108
-9620527.61739512,3824379.73350647,2140,108
-9620527.61739512,3824379.73350647,2141,108
-9661171.47667865,3958030.88361541,2142,196
-9661171.47667865,3958030.88361541,2143,196
-9620072.32067778,3828535.17488133,2144,105
-9620072.32067778,3828535.17488133,2145,105
-9606137.34682027,3838335.05554945,2146,66
-9606137.34682027,3838335.05554945,2147,66
-9606137.34682027,3838335.05554945,2148,66
-9606137.34682027,3838335.05554945,2149,66
-9621355.83440662,3825885.23676442,2150,173
-9621355.83440662,3825885.23676442,2151,173
-9621355.83440662,3825885.23676442,2152,173
-9612672.91412475,3824436.46680473,2153,109
-9612672.91412475,3824436.46680473,2154,109
-9612672.91412475,3824436.46680473,2155,109
-9612672.91412475,3824436.46680473,2156,109
-9612672.91412475,3824436.46680473,2157,109
-9633361.64148868,3818897.67166329,2158,115
-9633361.64148868,3818897.67166329,2159,115
-9625643.86119198,3835796.50274405,2160,89
-9626289.51423858,3821650.25826606,2161,98
-9642541.04669949,3893756.39566082,2162,96
-9642541.04669949,3893756.39566082,2163,96
-9642541.04669949,3893756.39566082,2164,96
-9619032.59663377,3838601.88612723,2165,121
-9572640.19884567,3736613.22535396,2166,117
-9572640.19884567,3736613.22535396,2167,117
-9572640.19884567,3736613.22535396,2168,117
-9572640.19884567,3736613.22535396,2169,117
-9572640.19884567,3736613.22535396,2170,117
-9572640.19884567,3736613.22535396,2171,117
-9572640.19884567,3736613.22535396,2172,117
-9572640.19884567,3736613.22535396,2173,117
-9572640.19884567,3736613.22535396,2174,117
-9572640.19884567,3736613.22535396,2175,117
-9572640.19884567,3736613.22535396,2176,117
-9572640.19884567,3736613.22535396,2177,117
-9572640.19884567,3736613.22535396,2178,117
-9572640.19884567,3736613.22535396,2179,117
-9572640.19884567,3736613.22535396,2180,117
-9572640.19884567,3736613.22535396,2181,117
-9572640.19884567,3736613.22535396,2182,117
-9572640.19884567,3736613.22535396,2183,117
-9572640.19884567,3736613.22535396,2184,117
-9645883.97100801,3821344.23728451,2185,143
-9624087.61471069,3826079.2111811,2186,102
-9624087.61471069,3826079.2111811,2187,102
-9582248.18409604,3809917.61452598,2188,159
-9582248.18409604,3809917.61452598,2189,159
-9582248.18409604,3809917.61452598,2190,159
-9582248.18409604,3809917.61452598,2191,159
-9582248.18409604,3809917.61452598,2192,159
-9582248.18409604,3809917.61452598,2193,159
-9582248.18409604,3809917.61452598,2194,159
-9582248.18409604,3809917.61452598,2195,159
-9582248.18409604,3809917.61452598,2196,159
-9582248.18409604,3809917.61452598,2197,159
-9582248.18409604,3809917.61452598,2198,159
-9582248.18409604,3809917.61452598,2199,159
-9582248.18409604,3809917.61452598,2200,159
-9582248.18409604,3809917.61452598,2201,159
-9675283.44852651,3802785.32249139,2202,51
-9675283.44852651,3802785.32249139,2203,51
-9627770.06346613,3824621.18174552,2204,110
-9625895.44324117,3825531.60448249,2205,94
-9625895.44324117,3825531.60448249,2206,94
-9597019.1673294,3834635.71203545,2207,150
-9623516.54572292,3826071.29379596,2208,112
-9623516.54572292,3826071.29379596,2209,112
-9623516.54572292,3826071.29379596,2210,112
-9623516.54572292,3826071.29379596,2211,112
-9623516.54572292,3826071.29379596,2212,112
-9677987.39895788,3800093.70720242,2213,75
-9619630.38229933,3824483.9646581,2214,223
-9619630.38229933,3824483.9646581,2215,223
-9619630.38229933,3824483.9646581,2216,223
-9627226.82435106,3822825.61034715,2217,98
-9627226.82435106,3822825.61034715,2218,98
-9627226.82435106,3822825.61034715,2219,98
-9615696.35149469,3833361.48220538,2220,121
-9615696.35149469,3833361.48220538,2221,121
-9615696.35149469,3833361.48220538,2222,121
-9615696.35149469,3833361.48220538,2223,121
-9615696.35149469,3833361.48220538,2224,121
-9615696.35149469,3833361.48220538,2225,121
-9615696.35149469,3833361.48220538,2226,121
-9615696.35149469,3833361.48220538,2227,121
-9615696.35149469,3833361.48220538,2228,121
-9612523.74600708,3832822.78164965,2229,101
-9612523.74600708,3832822.78164965,2230,101
-9612523.74600708,3832822.78164965,2231,101
-9619704.96635816,3825749.3246046,2232,107
-9619704.96635816,3825749.3246046,2233,107
-9619704.96635816,3825749.3246046,2234,107
-9632777.21416201,3814189.28394295,2235,116
-9632777.21416201,3814189.28394295,2236,116
-9624787.81430778,3825523.68746232,2237,102
-9627579.70713687,3845416.02837905,2238,97
-9627579.70713687,3845416.02837905,2239,97
-9622062.71317316,3824927.28711262,2240,122
-9622062.71317316,3824927.28711262,2241,122
-9622062.71317316,3824927.28711262,2242,122
-9622062.71317316,3824927.28711262,2243,122
-9622062.71317316,3824927.28711262,2244,122
-9560349.41386718,3834635.71203545,2245,99
-9560349.41386718,3834635.71203545,2246,99
-9560349.41386718,3834635.71203545,2247,99
-9560349.41386718,3834635.71203545,2248,99
-9560349.41386718,3834635.71203545,2249,99
-9560349.41386718,3834635.71203545,2250,99
-9620398.4867858,3828430.90817175,2251,126
-9620398.4867858,3828430.90817175,2252,126
-9627594.17867068,3826296.94134045,2253,85
-9627594.17867068,3826296.94134045,2254,85
-9627443.89735811,3824283.41945761,2255,112
-9642214.88059147,3824524.86573954,2256,142
-9642214.88059147,3824524.86573954,2257,142
-9616383.19275289,3838786.82173677,2258,121
-9616383.19275289,3838786.82173677,2259,121
-9616383.19275289,3838786.82173677,2260,121
-9630786.82166663,3835851.96999172,2261,90
-9630786.82166663,3835851.96999172,2262,90
-9630786.82166663,3835851.96999172,2263,90
-9630786.82166663,3835851.96999172,2264,90
-9630786.82166663,3835851.96999172,2265,90
-9626547.77545722,3822470.74994163,2266,97
-9626547.77545722,3822470.74994163,2267,97
-9626547.77545722,3822470.74994163,2268,97
-9688179.81153492,3819380.35041986,2269,99
-9688179.81153492,3819380.35041986,2270,99
-9688179.81153492,3819380.35041986,2271,99
-9688179.81153492,3819380.35041986,2272,99
-9688179.81153492,3819380.35041986,2273,99
-9688179.81153492,3819380.35041986,2274,99
-9688179.81153492,3819380.35041986,2275,99
-9630338.20411873,3848982.56348227,2276,140
-9630338.20411873,3848982.56348227,2277,140
-9630338.20411873,3848982.56348227,2278,140
-9630338.20411873,3848982.56348227,2279,140
-9621879.03601335,3819806.3372871,2280,101
-9621879.03601335,3819806.3372871,2281,101
-9519134.48559588,3834828.50899246,2282,172
-9627328.12508768,3826811.59212935,2283,110
-9627328.12508768,3826811.59212935,2284,110
-9627328.12508768,3826811.59212935,2285,110
-9627328.12508768,3826811.59212935,2286,110
-9627973.77813428,3827698.42735259,2287,86
-9627973.77813428,3827698.42735259,2288,86
-9627973.77813428,3827698.42735259,2289,86
-9627973.77813428,3827698.42735259,2290,86
-9624665.36286791,3825443.19805684,2291,102
-9627973.77813428,3827698.42735259,2292,86
-9627973.77813428,3827698.42735259,2293,86
-9627973.77813428,3827698.42735259,2294,86
-9627973.77813428,3827698.42735259,2295,86
-9624087.61471069,3822543.30418156,2296,101
-9624087.61471069,3822543.30418156,2297,101
-9624087.61471069,3822543.30418156,2298,101
-9624087.61471069,3822543.30418156,2299,101
-9624087.61471069,3822543.30418156,2300,101
-9624087.61471069,3822543.30418156,2301,101
-9624087.61471069,3822543.30418156,2302,101
-9625637.18202253,3825152.91292768,2303,92
-9629339.66828631,3820225.74483562,2304,98
-9629339.66828631,3820225.74483562,2305,98
-9629339.66828631,3820225.74483562,2306,98
-9629339.66828631,3820225.74483562,2307,98
-9629339.66828631,3820225.74483562,2308,98
-9629339.66828631,3820225.74483562,2309,98
-9629339.66828631,3820225.74483562,2310,98
-9629339.66828631,3820225.74483562,2311,98
-9629339.66828631,3820225.74483562,2312,98
-9629339.66828631,3820225.74483562,2313,98
-9629339.66828631,3820225.74483562,2314,98
-9629339.66828631,3820225.74483562,2315,98
-9621641.92549796,3835006.78294097,2316,95
-9621641.92549796,3835006.78294097,2317,95
-9621641.92549796,3835006.78294097,2318,95
-9625201.92281353,3824846.80174761,2319,102
-9625201.92281353,3824846.80174761,2320,102
-9625201.92281353,3824846.80174761,2321,102
-9625201.92281353,3824846.80174761,2322,102
-9625201.92281353,3824846.80174761,2323,102
-9624665.36286791,3827206.17283785,2324,102
-9624665.36286791,3827206.17283785,2325,102
-9624665.36286791,3827206.17283785,2326,102
-9624665.36286791,3827206.17283785,2327,102
-9626432.0031868,3825298.05460565,2328,96
-9626432.0031868,3825298.05460565,2329,96
-9567075.33750091,3732352.03161317,2330,37
-9577552.72797438,3827665.43378463,2331,127
-9636215.87323262,3851694.53756672,2332,93
-9624706.5510795,3819492.45074789,2333,57
-9625392.27914279,3835618.21692004,2334,90
-9625392.27914279,3835618.21692004,2335,90
-9625392.27914279,3835618.21692004,2336,90
-9625392.27914279,3835618.21692004,2337,90
-9620643.38966555,3821803.27171067,2338,89
-9620643.38966555,3821803.27171067,2339,89
-9620643.38966555,3821803.27171067,2340,89
-9620643.38966555,3821803.27171067,2341,89
-9620643.38966555,3821803.27171067,2342,89
-9620643.38966555,3821803.27171067,2343,89
-9620643.38966555,3821803.27171067,2344,89
-9620643.38966555,3821803.27171067,2345,89
-9620643.38966555,3821803.27171067,2346,89
-9620643.38966555,3821803.27171067,2347,89
-9620643.38966555,3821803.27171067,2348,89
-9620643.38966555,3821803.27171067,2349,89
-9620643.38966555,3821803.27171067,2350,89
-9619847.45530637,3827553.25633927,2351,105
-9626655.75536329,3828713.35428934,2352,104
-9626655.75536329,3828713.35428934,2353,104
-9620805.9161221,3827223.32881822,2354,55
-9620805.9161221,3827223.32881822,2355,55
-9625779.67097075,3843198.3919866,2356,97
-9625779.67097075,3843198.3919866,2357,97
-9621376.98510987,3827834.36181953,2358,104
-9621376.98510987,3827834.36181953,2359,104
-9621376.98510987,3827834.36181953,2360,104
-9621376.98510987,3827834.36181953,2361,104
-9621376.98510987,3827834.36181953,2362,104
-9621376.98510987,3827834.36181953,2363,104
-9621376.98510987,3827834.36181953,2364,104
-9621376.98510987,3827834.36181953,2365,104
-9621376.98510987,3827834.36181953,2366,104
-9621376.98510987,3827834.36181953,2367,104
-9621376.98510987,3827834.36181953,2368,104
-9621376.98510987,3827834.36181953,2369,104
-9621376.98510987,3827834.36181953,2370,104
-9621376.98510987,3827834.36181953,2371,104
-9621376.98510987,3827834.36181953,2372,104
-9621376.98510987,3827834.36181953,2373,104
-9621376.98510987,3827834.36181953,2374,104
-9621376.98510987,3827834.36181953,2375,104
-9621376.98510987,3827834.36181953,2376,104
-9621376.98510987,3827834.36181953,2377,104
-9621376.98510987,3827834.36181953,2378,104
-9621376.98510987,3827834.36181953,2379,104
-9621376.98510987,3827834.36181953,2380,104
-9621376.98510987,3827834.36181953,2381,104
-9621376.98510987,3827834.36181953,2382,104
-9621376.98510987,3827834.36181953,2383,104
-9621376.98510987,3827834.36181953,2384,104
-9619732.79623086,3828527.2558586,2385,103
-9619732.79623086,3828527.2558586,2386,103
-9626248.32602699,3825668.8336703,2387,96
-9626248.32602699,3825668.8336703,2388,96
-9626248.32602699,3825668.8336703,2389,96
-9619474.53501222,3827971.61761754,2390,79
-9619474.53501222,3827971.61761754,2391,79
-9619474.53501222,3827971.61761754,2392,79
-9615133.07487128,3826087.12857151,2393,143
-9631011.68703803,3852501.24186164,2394,93
-9627647.61202626,3855495.78682038,2395,97
-9631283.30659557,3823928.51552272,2396,116
-9631283.30659557,3823928.51552272,2397,116
-9631283.30659557,3823928.51552272,2398,116
-9608134.41848511,3841980.05826722,2399,66
-9608134.41848511,3841980.05826722,2400,66
-9608134.41848511,3841980.05826722,2401,66
-9608134.41848511,3841980.05826722,2402,66
-9623728.05275543,3819984.38585483,2403,101
-9623728.05275543,3819984.38585483,2404,101
-9623728.05275543,3819984.38585483,2405,101
-9623728.05275543,3819984.38585483,2406,101
-9623728.05275543,3819984.38585483,2407,101
-9623728.05275543,3819984.38585483,2408,101
-9623728.05275543,3819984.38585483,2409,101
-9623728.05275543,3819984.38585483,2410,101
-9623728.05275543,3819984.38585483,2411,101
-9623728.05275543,3819984.38585483,2412,101
-9623728.05275543,3819984.38585483,2413,101
-9623728.05275543,3819984.38585483,2414,101
-9618319.03869778,3823944.34744264,2415,107
-9629842.8323847,3823767.55886742,2416,116
-9629842.8323847,3823767.55886742,2417,116
-9629842.8323847,3823767.55886742,2418,116
-9629842.8323847,3823767.55886742,2419,116
-9629842.8323847,3823767.55886742,2420,116
-9629842.8323847,3823767.55886742,2421,116
-9629842.8323847,3823767.55886742,2422,116
-9629842.8323847,3823767.55886742,2423,116
-9683192.69834738,3797280.27454522,2424,80
-9622857.53433742,3825515.77044744,2425,124
-9622857.53433742,3825515.77044744,2426,124
-9622857.53433742,3825515.77044744,2427,124
-9622857.53433742,3825515.77044744,2428,124
-9608861.33475998,3759673.80841224,2429,90
-9608861.33475998,3759673.80841224,2430,90
-9608861.33475998,3759673.80841224,2431,90
-9608861.33475998,3759673.80841224,2432,90
-9608861.33475998,3759673.80841224,2433,90
-9631568.284492,3822309.81302636,2434,115
-9631568.284492,3822309.81302636,2435,115
-9631568.284492,3822309.81302636,2436,115
-9631568.284492,3822309.81302636,2437,115
-9631568.284492,3822309.81302636,2438,115
-9624882.43587495,3822906.08202422,2439,102
-9624882.43587495,3822906.08202422,2440,102
-9624882.43587495,3822906.08202422,2441,102
-9624882.43587495,3822906.08202422,2442,102
-9624882.43587495,3822906.08202422,2443,102
-9624882.43587495,3822906.08202422,2444,102
-9591283.98716373,3825757.24177514,2445,89
-9591283.98716373,3825757.24177514,2446,89
-9591283.98716373,3825757.24177514,2447,89
-9591283.98716373,3825757.24177514,2448,89
-9591283.98716373,3825757.24177514,2449,89
-9591283.98716373,3825757.24177514,2450,89
-9591283.98716373,3825757.24177514,2451,89
-9591283.98716373,3825757.24177514,2452,89
-9591283.98716373,3825757.24177514,2453,89
-9591283.98716373,3825757.24177514,2454,89
-9591283.98716373,3825757.24177514,2455,89
-9591283.98716373,3825757.24177514,2456,89
-9591283.98716373,3825757.24177514,2457,89
-9591283.98716373,3825757.24177514,2458,89
-9591283.98716373,3825757.24177514,2459,89
-9591283.98716373,3825757.24177514,2460,89
-9614697.81566228,3832571.92454411,2461,122
-9614697.81566228,3832571.92454411,2462,122
-9656795.50749557,3828124.71249485,2463,136
-9622327.65356125,3824428.55051429,2464,106
-9622327.65356125,3824428.55051429,2465,106
-9622327.65356125,3824428.55051429,2466,106
-9616722.71719981,3836166.28929777,2467,121
-9616722.71719981,3836166.28929777,2468,121
-9616722.71719981,3836166.28929777,2469,121
-9616722.71719981,3836166.28929777,2470,121
-9616722.71719981,3836166.28929777,2471,121
-9616722.71719981,3836166.28929777,2472,121
-9616722.71719981,3836166.28929777,2473,121
-9616722.71719981,3836166.28929777,2474,121
-9616722.71719981,3836166.28929777,2475,121
-9616722.71719981,3836166.28929777,2476,121
-9643092.07817892,3832597.01001593,2477,90
-9643092.07817892,3832597.01001593,2478,90
-9626187.10030705,3838827.77215499,2479,90
-9626187.10030705,3838827.77215499,2480,90
-9626187.10030705,3838827.77215499,2481,90
-9626187.10030705,3838827.77215499,2482,90
-9626187.10030705,3838827.77215499,2483,90
-9626187.10030705,3838827.77215499,2484,90
-9626187.10030705,3838827.77215499,2485,90
-9626187.10030705,3838827.77215499,2486,90
-9626187.10030705,3838827.77215499,2487,90
-9626187.10030705,3838827.77215499,2488,90
-9623666.82703549,3822809.77991743,2489,102
-9623666.82703549,3822809.77991743,2490,102
-9522626.57802207,3683806.16731525,2491,112
-9522626.57802207,3683806.16731525,2492,112
-9628144.0969552,3834176.1812443,2493,90
-9628144.0969552,3834176.1812443,2494,90
-9633694.48676615,3819347.37993621,2495,36
-9623652.35550169,3823300.53304312,2496,179
-9665343.73119358,3774428.7052331,2497,71
-9665343.73119358,3774428.7052331,2498,71
-9665343.73119358,3774428.7052331,2499,71
-9665343.73119358,3774428.7052331,2500,71
-9665343.73119358,3774428.7052331,2501,71
-9665343.73119358,3774428.7052331,2502,71
-9627947.06145649,3824403.48229604,2503,111
-9627947.06145649,3824403.48229604,2504,111
-9627947.06145649,3824403.48229604,2505,111
-9625024.92482317,3824340.15229601,2506,101
-9689979.84770104,3817279.65377166,2507,111
-9626064.64886718,3823276.78645761,2508,97
-9619643.74063822,3825804.74490919,2509,227
-9619643.74063822,3825804.74490919,2510,227
-9619643.74063822,3825804.74490919,2511,227
-9620058.96233888,3827771.01352481,2512,104
-9620058.96233888,3827771.01352481,2513,104
-9620058.96233888,3827771.01352481,2514,104
-9620058.96233888,3827771.01352481,2515,104
-9620058.96233888,3827771.01352481,2516,104
-9626737.01859157,3833394.49161341,2517,90
-9626737.01859157,3833394.49161341,2518,90
-9626737.01859157,3833394.49161341,2519,90
-9626737.01859157,3833394.49161341,2520,90
-9626737.01859157,3833394.49161341,2521,90
-9626737.01859157,3833394.49161341,2522,90
-9626737.01859157,3833394.49161341,2523,90
-9626737.01859157,3833394.49161341,2524,90
-9626737.01859157,3833394.49161341,2525,90
-9626737.01859157,3833394.49161341,2526,90
-9629122.59527927,3823067.02701283,2527,116
-9629122.59527927,3823067.02701283,2528,116
-9629122.59527927,3823067.02701283,2529,116
-9620696.82302113,3823139.58489255,2530,91
-9620696.82302113,3823139.58489255,2531,91
-9620696.82302113,3823139.58489255,2532,91
-9620696.82302113,3823139.58489255,2533,91
-9625751.84109805,3821795.35717386,2534,99
-9620825.95363045,3827142.82789423,2535,104
-9620825.95363045,3827142.82789423,2536,104
-9620825.95363045,3827142.82789423,2537,104
-9620825.95363045,3827142.82789423,2538,104
-9620825.95363045,3827142.82789423,2539,104
-9620825.95363045,3827142.82789423,2540,104
-9556314.08232593,3679151.46350505,2541,49
-9556314.08232593,3679151.46350505,2542,49
-9556314.08232593,3679151.46350505,2543,49
-9556314.08232593,3679151.46350505,2544,49
-9619025.91746432,3840576.88346158,2545,122
-9619025.91746432,3840576.88346158,2546,122
-9619025.91746432,3840576.88346158,2547,122
-9619025.91746432,3840576.88346158,2548,122
-9619025.91746432,3840576.88346158,2549,122
-9621084.21484909,3810801.87331931,2550,148
-9621084.21484909,3810801.87331931,2551,148
-9621084.21484909,3810801.87331931,2552,148
-9621084.21484909,3810801.87331931,2553,148
-9621084.21484909,3810801.87331931,2554,148
-9621084.21484909,3810801.87331931,2555,148
-9621084.21484909,3810801.87331931,2556,148
-9621084.21484909,3810801.87331931,2557,148
-9621084.21484909,3810801.87331931,2558,148
-9621084.21484909,3810801.87331931,2559,148
-9621084.21484909,3810801.87331931,2560,148
-9621084.21484909,3810801.87331931,2561,148
-9621084.21484909,3810801.87331931,2562,148
-9621084.21484909,3810801.87331931,2563,148
-9621084.21484909,3810801.87331931,2564,148
-9621084.21484909,3810801.87331931,2565,148
-9621084.21484909,3810801.87331931,2566,148
-9621084.21484909,3810801.87331931,2567,148
-9621084.21484909,3810801.87331931,2568,148
-9621084.21484909,3810801.87331931,2569,148
-9621084.21484909,3810801.87331931,2570,148
-9621084.21484909,3810801.87331931,2571,148
-9621084.21484909,3810801.87331931,2572,148
-9621084.21484909,3810801.87331931,2573,148
-9630889.23559816,3822060.49702531,2574,114
-9620446.35416684,3828527.2558586,2575,105
-9620446.35416684,3828527.2558586,2576,105
-9583919.08965284,3813738.4523254,2577,127
-9583919.08965284,3813738.4523254,2578,127
-9583919.08965284,3813738.4523254,2579,127
-9594022.44663724,3795336.14123738,2580,114
-9594022.44663724,3795336.14123738,2581,114
-9594022.44663724,3795336.14123738,2582,114
-9594022.44663724,3795336.14123738,2583,114
-9594022.44663724,3795336.14123738,2584,114
-9594022.44663724,3795336.14123738,2585,114
-9594022.44663724,3795336.14123738,2586,114
-9594022.44663724,3795336.14123738,2587,114
-9594022.44663724,3795336.14123738,2588,114
-9594022.44663724,3795336.14123738,2589,114
-9594022.44663724,3795336.14123738,2590,114
-9594022.44663724,3795336.14123738,2591,114
-9594022.44663724,3795336.14123738,2592,114
-9594022.44663724,3795336.14123738,2593,114
-9594022.44663724,3795336.14123738,2594,114
-9594022.44663724,3795336.14123738,2595,114
-9594022.44663724,3795336.14123738,2596,114
-9594022.44663724,3795336.14123738,2597,114
-9594022.44663724,3795336.14123738,2598,114
-9594022.44663724,3795336.14123738,2599,114
-9594022.44663724,3795336.14123738,2600,114
-9594022.44663724,3795336.14123738,2601,114
-9594022.44663724,3795336.14123738,2602,114
-9623925.08825413,3838657.36650697,2603,99
-9623925.08825413,3838657.36650697,2604,99
-9623925.08825413,3838657.36650697,2605,99
-9623925.08825413,3838657.36650697,2606,99
-9623925.08825413,3838657.36650697,2607,99
-9623925.08825413,3838657.36650697,2608,99
-9623925.08825413,3838657.36650697,2609,99
-9623925.08825413,3838657.36650697,2610,99
-9639674.56981156,3834885.29225551,2611,90
-9639674.56981156,3834885.29225551,2612,90
-9639674.56981156,3834885.29225551,2613,90
-9639674.56981156,3834885.29225551,2614,90
-9639674.56981156,3834885.29225551,2615,90
-9639674.56981156,3834885.29225551,2616,90
-9639674.56981156,3834885.29225551,2617,90
-9624984.84980648,3823557.79076071,2618,93
-9624984.84980648,3823557.79076071,2619,93
-9624984.84980648,3823557.79076071,2620,93
-9624984.84980648,3823557.79076071,2621,93
-9624984.84980648,3823557.79076071,2622,93
-9624984.84980648,3823557.79076071,2623,93
-9624984.84980648,3823557.79076071,2624,93
-9624984.84980648,3823557.79076071,2625,93
-9624984.84980648,3823557.79076071,2626,93
-9624984.84980648,3823557.79076071,2627,93
-9624984.84980648,3823557.79076071,2628,93
-9624984.84980648,3823557.79076071,2629,93
-9624984.84980648,3823557.79076071,2630,93
-9624984.84980648,3823557.79076071,2631,93
-9624984.84980648,3823557.79076071,2632,93
-9624984.84980648,3823557.79076071,2633,93
-9624984.84980648,3823557.79076071,2634,93
-9624984.84980648,3823557.79076071,2635,93
-9624984.84980648,3823557.79076071,2636,93
-9624984.84980648,3823557.79076071,2637,93
-9624984.84980648,3823557.79076071,2638,93
-9624984.84980648,3823557.79076071,2639,93
-9621716.50955679,3827343.42137485,2640,104
-9621716.50955679,3827343.42137485,2641,104
-9621716.50955679,3827343.42137485,2642,104
-9621716.50955679,3827343.42137485,2643,104
-9626316.23091637,3828077.20008029,2644,15
-9620805.9161221,3826199.29216933,2645,280
-9620805.9161221,3826199.29216933,2646,280
-9620805.9161221,3826199.29216933,2647,280
-9620805.9161221,3826199.29216933,2648,280
-9620805.9161221,3826199.29216933,2649,280
-9619637.06146877,3828148.46877342,2650,103
-9619637.06146877,3828148.46877342,2651,103
-9619637.06146877,3828148.46877342,2652,103
-9619637.06146877,3828148.46877342,2653,103
-9615173.14988796,3829406.2996332,2654,146
-9615173.14988796,3829406.2996332,2655,146
-9613793.90139703,3832854.46924038,2656,93
-9613793.90139703,3832854.46924038,2657,93
-9613793.90139703,3832854.46924038,2658,93
-9613793.90139703,3832854.46924038,2659,93
-9624148.84043062,3825596.26034463,2660,102
-9582180.27920665,3823276.78645761,2661,88
-9582180.27920665,3823276.78645761,2662,88
-9582180.27920665,3823276.78645761,2663,88
-9587811.93224589,3821014.48211216,2664,89
-9587811.93224589,3821014.48211216,2665,89
-9587811.93224589,3821014.48211216,2666,89
-9587811.93224589,3821014.48211216,2667,89
-9587811.93224589,3821014.48211216,2668,89
-9587811.93224589,3821014.48211216,2669,89
-9587811.93224589,3821014.48211216,2670,89
-9587811.93224589,3821014.48211216,2671,89
-9587811.93224589,3821014.48211216,2672,89
-9587811.93224589,3821014.48211216,2673,89
-9587811.93224589,3821014.48211216,2674,89
-9587811.93224589,3821014.48211216,2675,89
-9587811.93224589,3821014.48211216,2676,89
-9587811.93224589,3821014.48211216,2677,89
-9587811.93224589,3821014.48211216,2678,89
-9587811.93224589,3821014.48211216,2679,89
-9587811.93224589,3821014.48211216,2680,89
-9587811.93224589,3821014.48211216,2681,89
-9587811.93224589,3821014.48211216,2682,89
-9587811.93224589,3821014.48211216,2683,89
-9587811.93224589,3821014.48211216,2684,89
-9587811.93224589,3821014.48211216,2685,89
-9587811.93224589,3821014.48211216,2686,89
-9587811.93224589,3821014.48211216,2687,89
-9616103.780831,3833208.31975419,2688,121
-9616103.780831,3833208.31975419,2689,121
-9616103.780831,3833208.31975419,2690,121
-9616103.780831,3833208.31975419,2691,121
-9615118.60333748,3829744.207654,2692,141
-9620575.48477616,3846343.91139462,2693,97
-9620575.48477616,3846343.91139462,2694,97
-9620575.48477616,3846343.91139462,2695,97
-9620575.48477616,3846343.91139462,2696,97
-9645598.99311158,3874186.54098906,2697,102
-9621152.11973847,3853647.91473308,2698,97
-9621152.11973847,3853647.91473308,2699,97
-9621152.11973847,3853647.91473308,2700,97
-9621152.11973847,3853647.91473308,2701,97
-9640856.78280379,3876466.99503059,2702,118
-9626547.77545722,3835280.14153511,2703,236
-9626547.77545722,3835280.14153511,2704,236
-9626547.77545722,3835280.14153511,2705,236
-9626547.77545722,3835280.14153511,2706,236
-9631323.38161225,3855867.51256456,2707,98
-9621607.41645582,3841818.85647367,2708,290
-9621607.41645582,3841818.85647367,2709,290
-9663732.93816181,3856077.85366922,2710,107
-9625834.21752124,3823235.88967157,2711,98
-9625834.21752124,3823235.88967157,2712,98
-9625834.21752124,3823235.88967157,2713,98
-9625834.21752124,3823235.88967157,2714,98
-9625834.21752124,3823235.88967157,2715,98
-9625834.21752124,3823235.88967157,2716,98
-9615268.88465004,3832903.3211086,2717,121
-9615268.88465004,3832903.3211086,2718,121
-9615268.88465004,3832903.3211086,2719,121
-9615268.88465004,3832903.3211086,2720,121
-9615268.88465004,3832903.3211086,2721,121
-9621287.92951724,3853317.25946173,2722,97
-9621287.92951724,3853317.25946173,2723,97
-9621287.92951724,3853317.25946173,2724,97
-9621287.92951724,3853317.25946173,2725,97
-9621287.92951724,3853317.25946173,2726,97
-9621287.92951724,3853317.25946173,2727,97
-9621287.92951724,3853317.25946173,2728,97
-9621287.92951724,3853317.25946173,2729,97
-9621287.92951724,3853317.25946173,2730,97
-9621287.92951724,3853317.25946173,2731,97
-9621287.92951724,3853317.25946173,2732,97
-9621287.92951724,3853317.25946173,2733,97
-9621287.92951724,3853317.25946173,2734,97
-9625698.40774247,3843318.64647404,2735,97
-9637608.48006244,3868931.65190497,2736,243
-9626873.94156525,3825684.66790936,2737,96
-9626873.94156525,3825684.66790936,2738,96
-9626873.94156525,3825684.66790936,2739,96
-9626873.94156525,3825684.66790936,2740,96
-9628048.36219311,3845197.94678001,2741,138
-9628048.36219311,3845197.94678001,2742,138
-9628048.36219311,3845197.94678001,2743,138
-9628048.36219311,3845197.94678001,2744,138
-9628048.36219311,3845197.94678001,2745,138
-9659765.51150993,3891812.27141141,2746,113
-9620772.52027486,3828044.20545983,2747,103
-9620772.52027486,3828044.20545983,2748,103
-9620772.52027486,3828044.20545983,2749,103
-9620772.52027486,3828044.20545983,2750,103
-9620772.52027486,3828044.20545983,2751,103
-9620772.52027486,3828044.20545983,2752,103
-9625786.3501402,3837214.96105712,2753,226
-9625786.3501402,3837214.96105712,2754,226
-9625786.3501402,3837214.96105712,2755,226
-9662727.72315994,3946153.19826378,2756,143
-9663108.43581845,3958056.23927068,2757,212
-9626635.71785495,3849499.52272705,2758,97
-9636908.28046535,3840020.68033214,2759,94
-9636908.28046535,3840020.68033214,2760,94
-9644756.30456628,3868955.4903185,2761,96
-9626784.88597261,3872456.28811926,2762,76
-9620398.4867858,3828326.64237786,2763,104
-9620398.4867858,3828326.64237786,2764,104
-9620398.4867858,3828326.64237786,2765,104
-9620398.4867858,3828326.64237786,2766,104
-9634924.56713942,3839158.02263719,2767,94
-9634924.56713942,3839158.02263719,2768,94
-9634924.56713942,3839158.02263719,2769,94
-9634924.56713942,3839158.02263719,2770,94
-9634924.56713942,3839158.02263719,2771,94
-9634924.56713942,3839158.02263719,2772,94
-9634924.56713942,3839158.02263719,2773,94
-9634924.56713942,3839158.02263719,2774,94
-9634924.56713942,3839158.02263719,2775,94
-9644165.19807016,3831662.28195643,2776,139
-9644165.19807016,3831662.28195643,2777,139
-9624936.98242544,3855617.48933404,2778,97
-9624936.98242544,3855617.48933404,2779,97
-9624936.98242544,3855617.48933404,2780,97
-9624936.98242544,3855617.48933404,2781,97
-9624936.98242544,3855617.48933404,2782,97
-9624936.98242544,3855617.48933404,2783,97
-9624936.98242544,3855617.48933404,2784,97
-9624936.98242544,3855617.48933404,2785,97
-9624936.98242544,3855617.48933404,2786,97
-9624936.98242544,3855617.48933404,2787,97
-9624936.98242544,3855617.48933404,2788,97
-9624936.98242544,3855617.48933404,2789,97
-9624936.98242544,3855617.48933404,2790,97
-9624936.98242544,3855617.48933404,2791,97
-9624936.98242544,3855617.48933404,2792,97
-9624936.98242544,3855617.48933404,2793,97
-9624936.98242544,3855617.48933404,2794,97
-9624936.98242544,3855617.48933404,2795,97
-9624936.98242544,3855617.48933404,2796,97
-9671316.02187464,3853099.03205326,2797,107
-9651081.47803315,3841028.73516304,2798,191
-9651081.47803315,3841028.73516304,2799,191
-9653187.64279896,3858297.90846886,2800,73
-9522056.62222921,3940784.55976375,2801,79
-9522056.62222921,3940784.55976375,2802,79
-9522056.62222921,3940784.55976375,2803,79
-9522056.62222921,3940784.55976375,2804,79
-9522056.62222921,3940784.55976375,2805,79
-9522056.62222921,3940784.55976375,2806,79
-9522056.62222921,3940784.55976375,2807,79
-9522056.62222921,3940784.55976375,2808,79
-9522056.62222921,3940784.55976375,2809,79
-9522056.62222921,3940784.55976375,2810,79
-9522056.62222921,3940784.55976375,2811,79
-9620188.0929482,3827359.25784658,2812,104
-9620188.0929482,3827359.25784658,2813,104
-9620188.0929482,3827359.25784658,2814,104
-9647297.72854109,3842770.24307077,2815,89
-9599723.11776077,3920518.60121591,2816,95
-9599723.11776077,3920518.60121591,2817,95
-9599723.11776077,3920518.60121591,2818,95
-9599723.11776077,3920518.60121591,2819,95
-9627634.25368736,3825998.71801145,2820,110
-9627634.25368736,3825998.71801145,2821,110
-9627634.25368736,3825998.71801145,2822,110
-9658100.17192766,3819251.10664696,2823,140
-9658100.17192766,3819251.10664696,2824,140
-9647569.34809862,3853970.64320465,2825,198
-9647569.34809862,3853970.64320465,2826,198
-9647569.34809862,3853970.64320465,2827,198
-9647569.34809862,3853970.64320465,2828,198
-9647569.34809862,3853970.64320465,2829,198
-9647569.34809862,3853970.64320465,2830,198
-9647569.34809862,3853970.64320465,2831,198
-9647569.34809862,3853970.64320465,2832,198
-9648105.90804425,3889650.89003378,2833,95
-9648105.90804425,3889650.89003378,2834,95
-9626153.70445981,3827657.51534196,2835,103
-9626153.70445981,3827657.51534196,2836,103
-9626153.70445981,3827657.51534196,2837,103
-9626153.70445981,3827657.51534196,2838,103
-9659853.45390766,3971796.51019134,2839,185
-9647385.67093881,3820088.5784752,2840,140
-9647337.80355777,3823469.39901953,2841,142
-9647337.80355777,3823469.39901953,2842,142
-9647337.80355777,3823469.39901953,2843,142
-9647337.80355777,3823469.39901953,2844,142
-9647337.80355777,3823469.39901953,2845,142
-9647337.80355777,3823469.39901953,2846,142
-9662686.53494835,3828793.86586199,2847,140
-9662686.53494835,3828793.86586199,2848,140
-9625650.54036143,3825741.40743933,2849,101
-9782159.06524732,3637640.97767672,2850,69
-9768081.60244161,3579588.08083701,2851,139
-9820350.55614868,3563118.85622908,2852,128
-9783273.37335016,3611540.19267901,2853,122
-9747066.70896965,3645676.56534061,2854,175
-9747066.70896965,3645676.56534061,2855,175
-9774230.89111303,3596837.78944488,2856,107
-9737200.46250064,3638997.42076126,2857,189
-9737200.46250064,3638997.42076126,2858,189
-9737200.46250064,3638997.42076126,2859,189
-9761619.50600105,3559037.19583543,2860,123
-9771172.94470093,3619281.25096423,2861,136
-9760614.29099919,3632320.58298188,2862,64
-9776560.80805533,3586631.31891662,2863,108
-9772164.8013639,3598656.02450094,2864,84
-9772164.8013639,3598656.02450094,2865,84
-9752345.47922307,3635150.65473611,2866,134
-9763203.58235504,3557121.4281769,2867,123
-9783056.30034311,3586835.75487317,2868,127
-9804736.88437001,3592776.20784526,2869,123
-9804798.11008995,3609055.10139461,2870,136
-9804798.11008995,3609055.10139461,2871,136
-9804798.11008995,3609055.10139461,2872,136
-9780182.03109083,3584774.72751234,2873,36
-9780182.03109083,3584774.72751234,2874,36
-9783395.82479003,3583393.13644687,2875,135
-9774977.84489625,3592878.47564982,2876,151
-9643479.47000688,3742490.21446043,2877,133
-9785781.40147773,3592887.53739439,2878,193
-9624842.36085827,3855221.96075146,2879,97
-9624842.36085827,3855221.96075146,2880,97
-9624842.36085827,3855221.96075146,2881,97
-9624842.36085827,3855221.96075146,2882,97
-9624842.36085827,3855221.96075146,2883,97
-9624842.36085827,3855221.96075146,2884,97
-9624842.36085827,3855221.96075146,2885,97
-9624842.36085827,3855221.96075146,2886,97
-9624842.36085827,3855221.96075146,2887,97
-9624842.36085827,3855221.96075146,2888,97
-9624842.36085827,3855221.96075146,2889,97
-9783395.82479003,3576691.73613884,2890,80
-9778279.58099318,3579083.75842544,2891,249
-9778279.58099318,3579083.75842544,2892,249
-9778279.58099318,3579083.75842544,2893,249
-9778279.58099318,3579083.75842544,2894,249
-9778279.58099318,3579083.75842544,2895,249
-9778279.58099318,3579083.75842544,2896,249
-9778279.58099318,3579083.75842544,2897,249
-9778279.58099318,3579083.75842544,2898,249
-9778279.58099318,3579083.75842544,2899,249
-9778279.58099318,3579083.75842544,2900,249
-9874917.14414573,3801443.38951016,2901,81
-9859153.19105449,4040963.13641008,2902,92
-9774420.13424737,3591314.77584442,2903,109
-9780888.90985737,3577205.01273833,2904,81
-9770894.64597395,3573472.92348137,2905,130
-9764629.58503211,3614381.09014451,2906,83
-9760281.44572172,3554089.58536566,2907,91
-9763814.7263595,3575872.08860124,2908,85
-9780718.59103646,3580724.82038454,2909,79
-9778272.90182373,3578768.2439529,2910,79
-9770887.9668045,3575468.74859257,2911,128
-9780440.29230947,3572242.495174,2912,109
-9780440.29230947,3572242.495174,2913,109
-9611803.50890165,3792597.51621224,2914,101
-9611803.50890165,3792597.51621224,2915,101
-9611803.50890165,3792597.51621224,2916,101
-9611803.50890165,3792597.51621224,2917,101
-9611803.50890165,3792597.51621224,2918,101
-9611803.50890165,3792597.51621224,2919,101
-9611803.50890165,3792597.51621224,2920,101
-9611803.50890165,3792597.51621224,2921,101
-9611803.50890165,3792597.51621224,2922,101
-9611803.50890165,3792597.51621224,2923,101
-9611803.50890165,3792597.51621224,2924,101
-9611803.50890165,3792597.51621224,2925,101
-9611803.50890165,3792597.51621224,2926,101
-9611803.50890165,3792597.51621224,2927,101
-9611803.50890165,3792597.51621224,2928,101
-9611803.50890165,3792597.51621224,2929,101
-9611803.50890165,3792597.51621224,2930,101
-9611803.50890165,3792597.51621224,2931,101
-9611803.50890165,3792597.51621224,2932,101
-9784578.03778226,3587894.21722917,2933,127
-9818638.46238028,3589253.01045332,2934,197
-9818638.46238028,3589253.01045332,2935,197
-9818638.46238028,3589253.01045332,2936,197
-9818638.46238028,3589253.01045332,2937,197
-9818638.46238028,3589253.01045332,2938,197
-9818638.46238028,3589253.01045332,2939,197
-9818638.46238028,3589253.01045332,2940,197
-9818638.46238028,3589253.01045332,2941,197
-9818638.46238028,3589253.01045332,2942,197
-9818638.46238028,3589253.01045332,2943,197
-9818638.46238028,3589253.01045332,2944,197
-9818638.46238028,3589253.01045332,2945,197
-9818638.46238028,3589253.01045332,2946,197
-9818638.46238028,3589253.01045332,2947,197
-9818638.46238028,3589253.01045332,2948,197
-9818638.46238028,3589253.01045332,2949,197
-9818638.46238028,3589253.01045332,2950,197
-9818638.46238028,3589253.01045332,2951,197
-9818638.46238028,3589253.01045332,2952,197
-9818638.46238028,3589253.01045332,2953,197
-9751448.24412727,3551615.8630666,2954,78
-9751448.24412727,3551615.8630666,2955,78
-9782491.91052479,3586062.02119496,2956,109
-9782491.91052479,3586062.02119496,2957,109
-9756292.8683666,3588367.8369657,2958,84
-9767435.949395,3578397.13668341,2959,98
-9766470.80940983,3577622.63111396,2960,131
-9470839.63771013,3832031.93961696,2961,136
-9761783.14565252,3573544.01283592,2962,97
-9761783.14565252,3573544.01283592,2963,97
-9772199.31040605,3572913.27044323,2964,130
-9781677.05185219,3568346.50340688,2965,152
-9781677.05185219,3568346.50340688,2966,152
-9781677.05185219,3568346.50340688,2967,152
-9781677.05185219,3568346.50340688,2968,152
-9781677.05185219,3568346.50340688,2969,152
-9780562.74374935,3564892.16331689,2970,103
-9780562.74374935,3564892.16331689,2971,103
-9785067.84354175,3570207.12483814,2972,235
-9783042.94200422,3576628.38607538,2973,248
-9783104.16772416,3571919.39848884,2974,201
-9749424.45578465,3561424.56759983,2975,77
-9759567.88778573,3544710.84729755,2976,123
-9663719.57982291,3956663.09512057,2977,447
-9604601.13784733,4053826.24081391,2978,93
-9647867.68433395,3962846.7867509,2979,63
-9761089.62522488,3561849.40970636,2980,189
-9755898.79736919,3581443.90342529,2981,79
-9514317.69122926,3844843.73796163,2982,138
-9514317.69122926,3844843.73796163,2983,138
-9765207.33318932,3613470.79128516,2984,101
-9575147.11377833,3731880.69476413,2985,262
-9761824.33386411,3545482.04039907,2986,68
-9725846.98763463,3555971.33297045,2987,123
-9742642.87240553,3539879.70994084,2988,71
-9742642.87240553,3539879.70994084,2989,71
-9745075.20327936,3903570.85590455,2990,127
-9745075.20327936,3903570.85590455,2991,127
-9767591.79668211,3558052.16569221,2992,125
-9767591.79668211,3558052.16569221,2993,125
-9742629.51406663,4151852.6969529,2994,123
-9742629.51406663,4151852.6969529,2995,123
-9742629.51406663,4151852.6969529,2996,123
-9742629.51406663,4151852.6969529,2997,123
-9608650.94092239,3959880.65786077,2998,90
-9608650.94092239,3959880.65786077,2999,90
-9631371.24899329,3821577.70947623,3000,114
-9912021.04362203,3564073.28542177,3001,119
-9643302.47201652,3736348.65768283,3002,162
-9630603.14450682,3797039.3796587,3003,132
-9630603.14450682,3797039.3796587,3004,132
-9630603.14450682,3797039.3796587,3005,132
-9630603.14450682,3797039.3796587,3006,132
-9624665.36286791,3825443.19805684,3007,102
-9630603.14450682,3797039.3796587,3008,132
-9630603.14450682,3797039.3796587,3009,132
-9630603.14450682,3797039.3796587,3010,132
-9624665.36286791,3825443.19805684,3011,102
-9630603.14450682,3797039.3796587,3012,132
-9624665.36286791,3825443.19805684,3013,102
-9630603.14450682,3797039.3796587,3014,132
-9721336.32186769,3761900.9178016,3015,119
-9630603.14450682,3797039.3796587,3016,132
-9593485.88669162,3834007.16290411,3017,118
-9630603.14450682,3797039.3796587,3018,132
-9671947.20338744,3804489.62364859,3019,50
-9556789.41655162,3683233.68678005,3020,101
-9691718.65814723,3816756.18571642,3021,213
-9613169.39905369,3834199.94964159,3022,92
-9825032.65393144,3608794.56500226,3023,149
-9613169.39905369,3834199.94964159,3024,92
-9825032.65393144,3608794.56500226,3025,149
-9613169.39905369,3834199.94964159,3026,92
-9445774.94116312,4023115.53031303,3027,89
-9634945.71784266,3837456.67060326,3028,89
-9653833.29584556,3979791.82239165,3029,68
-9634945.71784266,3837456.67060326,3030,89
-9653833.29584556,3979791.82239165,3031,68
-9632132.67431032,3785467.66149538,3032,130
-9653833.29584556,3979791.82239165,3033,68
-9632132.67431032,3785467.66149538,3034,130
-9653833.29584556,3979791.82239165,3035,68
-9632132.67431032,3785467.66149538,3036,130
-9653833.29584556,3979791.82239165,3037,68
-9415792.14951286,3932979.94040381,3038,112
-9653833.29584556,3979791.82239165,3039,68
-9614982.79355871,3832435.93580432,3040,131
-9379849.31232552,3976453.75326395,3041,102
-9379849.31232552,3976453.75326395,3042,102
-9379849.31232552,3976453.75326395,3043,102
-9614684.45732338,3846634.71592343,3044,235
-9614684.45732338,3846634.71592343,3045,235
-9614684.45732338,3846634.71592343,3046,235
-9614684.45732338,3846634.71592343,3047,235
-9614684.45732338,3846634.71592343,3048,235
-9614684.45732338,3846634.71592343,3049,235
-9413134.95326762,4036861.40835847,3050,89
-9647372.31259992,3911039.45262542,3051,75
-9647372.31259992,3911039.45262542,3052,75
-9707740.87245711,3726808.43734166,3053,42
-9522157.92296583,3627399.69422143,3054,90
-9595048.81234236,3835731.79128312,3055,124
-9595048.81234236,3835731.79128312,3056,124
-9595048.81234236,3835731.79128312,3057,124
-9595048.81234236,3835731.79128312,3058,125
-9595048.81234236,3835731.79128312,3059,125
-9595048.81234236,3835731.79128312,3060,125
-9595048.81234236,3835731.79128312,3061,125
-9595048.81234236,3835731.79128312,3062,125
-9595048.81234236,3835731.79128312,3063,125
-9595048.81234236,3835731.79128312,3064,125
-9595048.81234236,3835731.79128312,3065,125
-9595048.81234236,3835731.79128312,3066,125
-9595048.81234236,3835731.79128312,3067,125
-9595048.81234236,3835731.79128312,3068,125
-9595048.81234236,3835731.79128312,3069,125
-9595048.81234236,3835731.79128312,3070,125
-9595048.81234236,3835731.79128312,3071,125
-9595048.81234236,3835731.79128312,3072,125
-9664256.13976853,3699305.92237813,3073,156
-9664256.13976853,3699305.92237813,3074,156
-9717076.12495503,3764064.11492681,3075,119
-9577600.59535542,3846247.41874435,3076,84
-9588689.12983334,4057029.4873148,3077,103
-9629346.34745576,3923522.58242796,3078,105
-9569997.47413424,3738068.45092384,3079,236
-9569997.47413424,3738068.45092384,3080,236
-9569997.47413424,3738068.45092384,3081,236
-9569997.47413424,3738068.45092384,3082,236
-9569997.47413424,3738068.45092384,3083,236
-9597575.76478336,3756141.72503089,3084,119
-9648826.14514968,3984231.60338257,3085,156
-9648826.14514968,3984231.60338257,3086,156
-9648826.14514968,3984231.60338257,3087,156
-9648826.14514968,3984231.60338257,3088,156
-9648826.14514968,3984231.60338257,3089,156
-9648826.14514968,3984231.60338257,3090,156
-9583864.54310236,3837254.58523503,3091,116
-9583864.54310236,3837254.58523503,3092,116
-9583864.54310236,3837254.58523503,3093,116
-9625508.05141321,3784552.40093625,3094,132
-9625508.05141321,3784552.40093625,3095,132
-9625508.05141321,3784552.40093625,3096,132
-9625508.05141321,3784552.40093625,3097,132
-9625508.05141321,3784552.40093625,3098,132
-9625508.05141321,3784552.40093625,3099,132
-9625508.05141321,3784552.40093625,3100,132
-9625508.05141321,3784552.40093625,3101,132
-9625508.05141321,3784552.40093625,3102,132
-9625508.05141321,3784552.40093625,3103,132
-9625508.05141321,3784552.40093625,3104,132
-9641264.21214009,3976372.21862285,3105,114
-9391202.78719153,3524490.90220923,3106,109
-9353065.84284066,4026647.10681911,3107,271
-9840101.97340013,3568898.20060557,3108,123
-9645244.99713086,3742465.31704369,3109,81
-9645244.99713086,3742465.31704369,3110,81
-9645244.99713086,3742465.31704369,3111,81
-9645244.99713086,3742465.31704369,3112,81
-9572423.12583862,3736356.51604518,3113,115
-9493241.57203737,3724116.74841117,3114,74
-9486127.14338077,3699537.04072376,3115,111
-9690102.29914092,3800711.25022451,3116,82
-9690102.29914092,3800711.25022451,3117,82
-9651109.30790585,3883263.27842891,3118,87
-9651109.30790585,3883263.27842891,3119,87
-9651109.30790585,3883263.27842891,3120,87
-9651109.30790585,3883263.27842891,3121,87
-9602895.72324837,3694890.70489125,3122,69
-9575976.44398474,3749546.11265204,3123,84
-9575976.44398474,3749546.11265204,3124,84
-9575976.44398474,3749546.11265204,3125,84
-9575976.44398474,3749546.11265204,3126,84
-9564031.86262262,3983627.05054638,3127,107
-9617749.08290492,3838246.55366514,3128,122
-9617749.08290492,3838246.55366514,3129,122
-9617749.08290492,3838246.55366514,3130,122
-9617749.08290492,3838246.55366514,3131,122
-9617749.08290492,3838246.55366514,3132,122
-9617749.08290492,3838246.55366514,3133,122
-9617749.08290492,3838246.55366514,3134,122
-9617749.08290492,3838246.55366514,3135,122
-9518155.98727181,3844706.28664912,3136,168
-9614868.13448319,3793264.67750103,3137,142
-9614868.13448319,3793264.67750103,3138,142
-9614868.13448319,3793264.67750103,3139,142
-9614868.13448319,3793264.67750103,3140,142
-9614868.13448319,3793264.67750103,3141,142
-9372252.87027379,4050950.81848683,3142,198
-9873143.82465739,4077044.69707356,3143,85
-9642718.04468985,3743809.85093211,3144,131
-9642718.04468985,3743809.85093211,3145,131
-9642718.04468985,3743809.85093211,3146,131
-9416138.35312922,4006261.95626856,3147,177
-9669311.15784546,3933019.88925957,3148,98
-9596896.71588952,3832121.71535853,3149,156
-9619236.31130192,4044614.54174178,3150,114
-9509323.89887227,3843593.51846205,3151,148
-9685298.86311319,4234467.17520033,3152,121
-9922035.34501379,3707461.69558098,3153,91
-9624264.61270105,3822156.79306204,3154,99
-9624264.61270105,3822156.79306204,3155,99
-9624264.61270105,3822156.79306204,3156,99
-9624264.61270105,3822156.79306204,3157,99
-9675997.0064625,3973158.07473858,3158,144
-9675997.0064625,3973158.07473858,3159,144
-9675997.0064625,3973158.07473858,3160,144
-9675997.0064625,3973158.07473858,3161,144
-9675997.0064625,3973158.07473858,3162,144
-9675997.0064625,3973158.07473858,3163,144
-9750470.85899811,3856190.30170907,3164,93
-9540801.71128388,3782706.31218642,3165,253
-9644688.39967689,3744497.90126965,3166,132
-9644688.39967689,3744497.90126965,3167,132
-9644688.39967689,3744497.90126965,3168,132
-9644688.39967689,3744497.90126965,3169,132
-9664025.70842259,3994808.39424789,3170,91
-9650857.72585666,3718017.18504008,3171,66
-9650857.72585666,3718017.18504008,3172,66
-9359465.60036637,4004151.47653975,3173,256
-9551564.07965378,3676128.80867376,3174,53
-9412075.19171527,3987799.37959359,3175,261
-9631507.05877206,3842948.63657031,3176,93
-9631507.05877206,3842948.63657031,3177,93
-9557299.25981945,3767733.77605796,3178,93
-9557299.25981945,3767733.77605796,3179,93
-9557299.25981945,3767733.77605796,3180,93
-9557299.25981945,3767733.77605796,3181,93
-9557299.25981945,3767733.77605796,3182,93
-9557299.25981945,3767733.77605796,3183,93
-9569454.23501917,3739530.401866,3184,123
-9626968.56313242,3823123.75404465,3185,97
-9626968.56313242,3823123.75404465,3186,97
-9626968.56313242,3823123.75404465,3187,97
-9635257.41241689,3981986.090463,3188,115
-9635257.41241689,3981986.090463,3189,115
-9322687.86699808,4108099.60176435,3190,86
-9496672.43874362,4100575.80336268,3191,114
-9626207.13781539,3825749.3246046,3192,94
-9804268.22931377,4089767.96690198,3193,130
-9680854.98904072,3950678.75352678,3194,190
-9436976.24861082,4031670.51299694,3195,119
-9511211.87743612,3841779.21702459,3196,149
-9588247.19145489,3820828.50422821,3197,89
-9638254.13310904,3871421.70258077,3198,98
-9643471.67764252,3875375.07806114,3199,118
-9641590.37824811,3559225.69007109,3200,200
-9618203.26642736,3562260.060997,3201,178
-9586426.00458551,3559990.02438367,3202,108
-9456571.81857516,3828446.74609397,3203,153
-9617884.89268369,3841044.5899218,3204,235
-9617884.89268369,3841044.5899218,3205,235
-9325732.45507128,3758584.68269919,3206,118
-9584014.82441493,3765393.99158,3207,162
-9584014.82441493,3765393.99158,3208,162
-9629435.4030484,3831895.95706696,3209,90
-9629435.4030484,3831895.95706696,3210,90
-9629435.4030484,3831895.95706696,3211,90
-9629435.4030484,3831895.95706696,3212,90
-9629435.4030484,3831895.95706696,3213,90
-9629435.4030484,3831895.95706696,3214,90
-9368992.32238846,4028138.72411577,3215,192
-9368992.32238846,4028138.72411577,3216,192
-9368992.32238846,4028138.72411577,3217,192
-9368992.32238846,4028138.72411577,3218,192
-9368992.32238846,4028138.72411577,3219,192
-9368992.32238846,4028138.72411577,3220,192
-9542772.06627093,3780523.98139822,3221,161
-9654064.84038641,3970516.5990305,3222,259
-9681065.38287832,3958129.63753354,3223,199
-9681065.38287832,3958129.63753354,3224,199
-9681065.38287832,3958129.63753354,3225,199
-9894355.75362805,3563875.67776355,3226,97
-9683015.70035702,3956394.89410003,3227,109
-9521995.39650927,3831275.4739502,3228,130
-9328809.32579681,4046394.95975597,3229,117
-9634808.79486899,3838069.55187972,3230,90
-9634808.79486899,3838069.55187972,3231,90
-9593676.24302088,3847199.16148415,3232,125
-9593676.24302088,3847199.16148415,3233,125
-9593676.24302088,3847199.16148415,3234,125
-9593676.24302088,3847199.16148415,3235,125
-9593676.24302088,3847199.16148415,3236,125
-9593676.24302088,3847199.16148415,3237,125
-9593676.24302088,3847199.16148415,3238,125
-9631269.94825667,3972913.5424709,3239,122
-9614412.83776585,3828181.46368363,3240,141
-9638260.81227849,3735812.99134069,3241,100
-9598499.71655695,3834296.34418568,3242,105
-9621355.83440662,3828607.76616919,3243,104
-9621355.83440662,3828607.76616919,3244,104
-9621355.83440662,3828607.76616919,3245,104
-9621355.83440662,3828607.76616919,3246,104
-9621355.83440662,3828607.76616919,3247,104
-9621355.83440662,3828607.76616919,3248,104
-9621355.83440662,3828607.76616919,3249,104
-9621355.83440662,3828607.76616919,3250,104
-9621355.83440662,3828607.76616919,3251,104
-9744586.51071477,3918562.03976854,3252,220
-9744586.51071477,3918562.03976854,3253,220
-9744586.51071477,3918562.03976854,3254,220
-9439999.68598076,4049465.62575874,3255,149
-9645809.38694918,3985080.97353409,3256,137
-9658739.14580482,4224621.63127419,3257,112
-9490367.30278509,3705730.55405018,3258,150
-9817789.09466552,3590438.51636699,3259,195
-9817789.09466552,3590438.51636699,3260,195
-9670241.78878849,3552671.36179572,3261,117
-9820799.17369657,4195810.95185377,3262,112
-9513203.38312642,3840343.03715817,3263,149
-9513203.38312642,3840343.03715817,3264,149
-9513203.38312642,3840343.03715817,3265,149
-9513203.38312642,3840343.03715817,3266,149
-9513203.38312642,3840343.03715817,3267,149
-9513203.38312642,3840343.03715817,3268,149
-9341195.84553738,4009533.63335929,3269,199
-9672280.04866491,3554932.33608089,3270,119
-9655783.61332426,3860010.2026464,3271,74
-9655783.61332426,3860010.2026464,3272,74
-9655783.61332426,3860010.2026464,3273,74
-9655783.61332426,3860010.2026464,3274,74
-9655783.61332426,3860010.2026464,3275,74
-9655783.61332426,3860010.2026464,3276,74
-9655783.61332426,3860010.2026464,3277,74
-9655783.61332426,3860010.2026464,3278,74
-9655783.61332426,3860010.2026464,3279,74
-9655783.61332426,3860010.2026464,3280,74
-9655783.61332426,3860010.2026464,3281,74
-9655783.61332426,3860010.2026464,3282,74
-9655783.61332426,3860010.2026464,3283,74
-9655783.61332426,3860010.2026464,3284,74
-9655783.61332426,3860010.2026464,3285,74
-9655783.61332426,3860010.2026464,3286,74
-9655783.61332426,3860010.2026464,3287,74
-9655783.61332426,3860010.2026464,3288,74
-9655783.61332426,3860010.2026464,3289,74
-9655783.61332426,3860010.2026464,3290,74
-9655783.61332426,3860010.2026464,3291,74
-9655783.61332426,3860010.2026464,3292,74
-9691773.20469772,4093772.76131744,3293,86
-9637248.91810718,3839899.1382328,3294,94
-9631330.0607817,3738012.12480676,3295,100
-9631330.0607817,3738012.12480676,3296,100
-9694531.70167958,3990878.42961139,3297,114
-9620221.48879544,3831468.21629512,3298,99
-9527437.80641415,3523225.32934769,3299,115
-9589965.96439273,3847344.5733695,3300,125
-9589965.96439273,3847344.5733695,3301,125
-9589965.96439273,3847344.5733695,3302,125
-9589965.96439273,3847344.5733695,3303,125
-9589965.96439273,3847344.5733695,3304,125
-9589965.96439273,3847344.5733695,3305,125
-9589965.96439273,3847344.5733695,3306,125
-9589965.96439273,3847344.5733695,3307,125
-9589965.96439273,3847344.5733695,3308,125
-9589965.96439273,3847344.5733695,3309,125
-9589965.96439273,3847344.5733695,3310,125
-9589965.96439273,3847344.5733695,3311,125
-9616083.74332265,3829526.41427299,3312,141
-9577090.75208758,3847118.52475474,3313,85
-9541589.8532787,3775206.54142579,3314,259
-9717205.25556435,3761996.7308057,3315,117
-9616797.30125864,3831194.94554164,3316,133
-9616797.30125864,3831194.94554164,3317,133
-9815119.6532763,4092133.40504626,3318,107
-9815119.6532763,4092133.40504626,3319,107
-9620126.86722826,3824669.99974533,3320,109
-9620126.86722826,3824669.99974533,3321,109
-9555994.59538735,4000022.76008121,3322,81
-9923829.81520538,3559982.27751937,3323,101
-9336664.02906718,4026319.54101588,3324,143
-9671424.00178071,3948749.10941255,3325,214
-9923217.55800602,3559982.27751937,3326,99
-9510254.5298153,3839350.89317728,3327,140
-9620588.84311506,3827914.86743174,3328,102
-9620588.84311506,3827914.86743174,3329,102
-9656762.11164833,4122006.07127638,3330,221
-9656762.11164833,4122006.07127638,3331,221
-9656762.11164833,4122006.07127638,3332,221
-9656762.11164833,4122006.07127638,3333,221
-9656762.11164833,4122006.07127638,3334,221
-9656762.11164833,4122006.07127638,3335,221
-9656762.11164833,4122006.07127638,3336,221
-9656762.11164833,4122006.07127638,3337,221
-9583286.79494514,3827859.43727956,3338,88
-9583286.79494514,3827859.43727956,3339,88
-9583286.79494514,3827859.43727956,3340,88
-9583286.79494514,3827859.43727956,3341,88
-9583286.79494514,3827859.43727956,3342,88
-9583286.79494514,3827859.43727956,3343,88
-9583286.79494514,3827859.43727956,3344,88
-9583286.79494514,3827859.43727956,3345,88
-9384972.23529183,3826385.35412031,3346,109
-9698479.09082311,3920144.82072233,3347,102
-9496061.29473916,4171340.26021209,3348,100
-9387771.92048528,3991712.23003039,3349,40
-9387771.92048528,3991712.23003039,3350,40
-9387771.92048528,3991712.23003039,3351,40
-9720568.21738122,4090253.97531849,3352,93
-9637411.44456374,3846320.11861322,3353,93
-9637411.44456374,3846320.11861322,3354,93
-9637411.44456374,3846320.11861322,3355,93
-9703161.18860587,3569205.71447664,3356,215
-9828374.46504506,3746465.2861104,3357,84
-9508569.15272469,3657909.58656364,3358,132
-9671513.05737335,3969276.90398269,3359,223
-9333531.49859626,4157669.71315776,3360,163
-9544912.74007888,3815701.40818753,3361,70
-9544912.74007888,3815701.40818753,3362,70
-9544912.74007888,3815701.40818753,3363,70
-9516559.66577384,3666554.81497124,3364,112
-9582627.78355964,3844739.32768423,3365,84
-9582627.78355964,3844739.32768423,3366,84
-9582627.78355964,3844739.32768423,3367,84
-9582627.78355964,3844739.32768423,3368,84
-9636093.42179274,3748906.28485156,3369,131
-9636093.42179274,3748906.28485156,3370,131
-9636093.42179274,3748906.28485156,3371,131
-9636093.42179274,3748906.28485156,3372,131
-9439069.05503773,4015262.99577998,3373,135
-9439069.05503773,4015262.99577998,3374,135
-9740672.51741848,3923482.66617247,3375,117
-9642744.76136764,3739923.42956072,3376,160
-9661966.29784292,3962193.95947427,3377,82
-9662108.78679113,4296289.26126056,3378,164
-9662108.78679113,4296289.26126056,3379,164
-9702257.27434063,3588028.79587698,3380,120
-9702257.27434063,3588028.79587698,3381,120
-9605640.86189133,4005362.77737613,3382,71
-9605640.86189133,4005362.77737613,3383,71
-9605640.86189133,4005362.77737613,3384,71
-9605640.86189133,4005362.77737613,3385,71
-9605640.86189133,4005362.77737613,3386,71
-9605640.86189133,4005362.77737613,3387,71
-9644253.14046789,4130488.58152025,3388,59
-9801448.50661198,3613059.75223952,3389,95
-9801448.50661198,3613059.75223952,3390,95
-9801448.50661198,3613059.75223952,3391,95
-9566613.36161412,3883692.90069446,3392,150
-9595666.63551626,3743473.0481899,3393,129
-9533362.22971417,3521387.06161065,3394,134
-9533362.22971417,3521387.06161065,3395,134
-9423748.15351985,4009124.79015687,3396,272
-9443607.55067737,3591551.64825809,3397,217
-9443607.55067737,3591551.64825809,3398,217
-9443607.55067737,3591551.64825809,3399,217
-9514092.82585786,3840439.48168428,3400,144
-9514092.82585786,3840439.48168428,3401,144
-9661926.22282623,3949165.14924202,3402,151
-9669324.51618435,3942810.16916196,3403,151
-9442106.96394148,4043456.8817121,3404,119
-9676934.31657498,3796718.19403004,3405,79
-9676934.31657498,3796718.19403004,3406,79
-9676934.31657498,3796718.19403004,3407,79
-9676934.31657498,3796718.19403004,3408,79
-9676934.31657498,3796718.19403004,3409,79
-9676934.31657498,3796718.19403004,3410,79
-9624522.87391969,3824976.10637017,3411,102
-9364358.09198673,4046838.76294592,3412,148
-9590244.26311972,3836248.17216611,3413,117
-9590244.26311972,3836248.17216611,3414,117
-9590244.26311972,3836248.17216611,3415,117
-9653731.99510894,4141053.64461932,3416,137
-9556564.55118021,3834498.37912861,3417,113
-9515302.86872278,3855747.13034815,3418,127
-10035909.6181208,3833628.20085021,3419,142
-10035909.6181208,3833628.20085021,3420,142
-10035909.6181208,3833628.20085021,3421,142
-9373524.13885865,4026073.87283392,3422,220
-9373524.13885865,4026073.87283392,3423,220
-9898900.92843714,4090204.0234874,3424,91
-9898900.92843714,4090204.0234874,3425,91
-9898900.92843714,4090204.0234874,3426,91
-9898900.92843714,4090204.0234874,3427,91
-9490067.85335485,3809105.89371797,3428,110
-9659017.4445318,4225621.91438852,3429,111
-9559955.34286978,3858612.82491465,3430,106
-9569922.89007541,3733263.33485188,3431,107
-9569922.89007541,3733263.33485188,3432,107
-9569922.89007541,3733263.33485188,3433,107
-9665696.6139794,3928924.51431231,3434,136
-9668312.62201304,3939849.16740933,3435,103
-9586399.28790772,3829245.26872645,3436,88
-9586399.28790772,3829245.26872645,3437,88
-9617999.5517592,3852735.3286649,3438,83
-9603867.542403,3852162.68384333,3439,113
-9603867.542403,3852162.68384333,3440,113
-9603867.542403,3852162.68384333,3441,113
-9603867.542403,3852162.68384333,3442,113
-9603867.542403,3852162.68384333,3443,113
-9603867.542403,3852162.68384333,3444,113
-9603867.542403,3852162.68384333,3445,113
-9603867.542403,3852162.68384333,3446,113
-9597752.76277372,3843713.77696424,3447,125
-9597752.76277372,3843713.77696424,3448,125
-9597752.76277372,3843713.77696424,3449,125
-9639191.44322152,3735845.73310206,3450,63
-9639191.44322152,3735845.73310206,3451,63
-9639191.44322152,3735845.73310206,3452,63
-9639191.44322152,3735845.73310206,3453,63
-9639191.44322152,3735845.73310206,3454,63
-9701095.09885675,4083021.36365725,3455,90
-9701095.09885675,4083021.36365725,3456,90
-9587737.34818705,4066654.09012983,3457,138
-9587737.34818705,4066654.09012983,3458,138
-9591447.62681519,4062182.15134943,3459,200
-9586813.39641347,3822173.94175315,3460,88
-9586813.39641347,3822173.94175315,3461,88
-9586813.39641347,3822173.94175315,3462,88
-9586813.39641347,3822173.94175315,3463,88
-9586813.39641347,3822173.94175315,3464,88
-9586813.39641347,3822173.94175315,3465,88
-9586813.39641347,3822173.94175315,3466,88
-9586813.39641347,3822173.94175315,3467,88
-9586813.39641347,3822173.94175315,3468,88
-9586813.39641347,3822173.94175315,3469,88
-9586813.39641347,3822173.94175315,3470,88
-9897351.36112529,3559509.72781037,3471,188
-9624236.78282835,3806235.00656795,3472,148
-9624236.78282835,3806235.00656795,3473,148
-9805811.11745617,3593977.58375516,3474,57
-9805811.11745617,3593977.58375516,3475,57
-9805811.11745617,3593977.58375516,3476,57
-9805811.11745617,3593977.58375516,3477,57
-9805811.11745617,3593977.58375516,3478,57
-9805811.11745617,3593977.58375516,3479,57
-9805811.11745617,3593977.58375516,3480,57
-9654859.66155067,3814479.30160747,3481,153
-9654859.66155067,3814479.30160747,3482,153
-9559316.36899262,3836617.972811,3483,113
-9559316.36899262,3836617.972811,3484,113
-9619840.77613693,3823019.53482232,3485,89
-9619840.77613693,3823019.53482232,3486,89
-9619840.77613693,3823019.53482232,3487,89
-9619840.77613693,3823019.53482232,3488,89
-9619840.77613693,3823019.53482232,3489,89
-9619840.77613693,3823019.53482232,3490,89
-9619840.77613693,3823019.53482232,3491,89
-9619840.77613693,3823019.53482232,3492,89
-9619840.77613693,3823019.53482232,3493,89
-9619840.77613693,3823019.53482232,3494,89
-9619840.77613693,3823019.53482232,3495,89
-9619840.77613693,3823019.53482232,3496,89
-9619840.77613693,3823019.53482232,3497,89
-9619840.77613693,3823019.53482232,3498,89
-9624821.21015502,3821609.36707553,3499,100
-9624821.21015502,3821609.36707553,3500,100
-9624821.21015502,3821609.36707553,3501,100
-9624821.21015502,3821609.36707553,3502,100
-9624821.21015502,3821609.36707553,3503,100
-9888573.81927624,3561620.84545333,3504,145
-9564765.45806696,3855706.12130199,3505,95
-9564765.45806696,3855706.12130199,3506,95
-9564765.45806696,3855706.12130199,3507,95
-9564765.45806696,3855706.12130199,3508,95
-9564765.45806696,3855706.12130199,3509,95
-9564765.45806696,3855706.12130199,3510,95
-9564765.45806696,3855706.12130199,3511,95
-9564765.45806696,3855706.12130199,3512,95
-9769922.82681932,4206704.36261095,3513,121
-9651543.45391994,3710890.73536208,3514,83
-9662421.59456026,3959025.13385478,3515,334
-9662421.59456026,3959025.13385478,3516,334
-9665757.83969934,3929526.21503536,3517,138
-9414120.13076114,3992202.09926662,3518,135
-9822491.22995663,3589071.82949414,3519,119
-9622742.87526191,3833257.17307983,3520,99
-9622742.87526191,3833257.17307983,3521,99
-9622742.87526191,3833257.17307983,3522,99
-9613957.5410485,3551946.18080133,3523,120
-9533511.39783183,3693783.88702195,3524,75
-9583660.8284342,3950865.4673192,3525,99
-9601686.79357836,4098472.04092649,3526,106
-9460777.46893733,3825023.60638086,3527,93
-9460777.46893733,3825023.60638086,3528,93
-9375378.72157527,3988004.08874493,3529,130
-9636202.51489372,3559627.21802128,3530,25
-9636202.51489372,3559627.21802128,3531,25
-9721275.09614776,3564467.21844814,3532,193
-9721275.09614776,3564467.21844814,3533,193
-9633599.86519897,3830751.38902108,3534,90
-9657094.9569258,3877429.13214084,3535,73
-9642867.21280752,3686203.31274159,3536,65
-9642867.21280752,3686203.31274159,3537,65
-9621506.11571919,3964435.62076166,3538,131
-9621506.11571919,3964435.62076166,3539,131
-9398438.55409309,3988770.77697674,3540,69
-9558059.57194157,3983219.12907993,3541,99
-9558059.57194157,3983219.12907993,3542,99
-9558059.57194157,3983219.12907993,3543,99
-9558059.57194157,3983219.12907993,3544,99
-9613760.5055498,3932247.56904766,3545,101
-9613760.5055498,3932247.56904766,3546,101
-9685216.48669,3818607.54631561,3547,118
-9685216.48669,3818607.54631561,3548,118
-9533110.64766498,3765257.45255644,3549,93
-9533110.64766498,3765257.45255644,3550,93
-9533110.64766498,3765257.45255644,3551,93
-9533110.64766498,3765257.45255644,3552,93
-9533110.64766498,3765257.45255644,3553,93
-9708168.33930176,3759562.2669158,3554,117
-9597671.49954544,3834635.71203545,3555,187
-9597671.49954544,3834635.71203545,3556,187
-9597671.49954544,3834635.71203545,3557,187
-9597671.49954544,3834635.71203545,3558,187
-9597671.49954544,3834635.71203545,3559,187
-9597671.49954544,3834635.71203545,3560,187
-9597671.49954544,3834635.71203545,3561,187
-9597671.49954544,3834635.71203545,3562,187
-9597671.49954544,3834635.71203545,3563,187
-9597671.49954544,3834635.71203545,3564,187
-9597671.49954544,3834635.71203545,3565,187
-9597671.49954544,3834635.71203545,3566,187
-9597671.49954544,3834635.71203545,3567,187
-9597671.49954544,3834635.71203545,3568,187
-9700680.990351,3810102.10423776,3569,80
-9620867.14184204,3828004.61203629,3570,20
-9685774.19733887,3823445.65209661,3571,124
-9581398.81638128,3852985.29088111,3572,85
-9581398.81638128,3852985.29088111,3573,85
-9581398.81638128,3852985.29088111,3574,85
-9581398.81638128,3852985.29088111,3575,85
-9581398.81638128,3852985.29088111,3576,85
-9581398.81638128,3852985.29088111,3577,85
-9581398.81638128,3852985.29088111,3578,85
-9581398.81638128,3852985.29088111,3579,85
-9581398.81638128,3852985.29088111,3580,85
-9581398.81638128,3852985.29088111,3581,85
-9673645.93881695,3718215.96447349,3582,157
-9673645.93881695,3718215.96447349,3583,157
-9627614.21617902,3820796.84870786,3584,97
-9627614.21617902,3820796.84870786,3585,97
-9627614.21617902,3820796.84870786,3586,97
-9627614.21617902,3820796.84870786,3587,97
-9627614.21617902,3820796.84870786,3588,97
-9597459.99251294,3843263.14425109,3589,125
-9597459.99251294,3843263.14425109,3590,125
-9719942.60184296,3764624.66692863,3591,123
-9676452.30317984,3950613.40441058,3592,211
-9626852.79086199,4130793.43767428,3593,126
-10058406.1740152,3807271.81906897,3594,119
-9620696.82302113,3642422.97196072,3595,97
-9519270.29537465,3839988.97357729,3596,158
-9569820.47614388,3740003.34675423,3597,124
-9569820.47614388,3740003.34675423,3598,124
-9644001.5584187,3742042.06880352,3599,82
-9644001.5584187,3742042.06880352,3600,82
-9644001.5584187,3742042.06880352,3601,82
-9644001.5584187,3742042.06880352,3602,82
-9644001.5584187,3742042.06880352,3603,82
-9648248.39699246,3787562.76679298,3604,71
-9648248.39699246,3787562.76679298,3605,71
-9648248.39699246,3787562.76679298,3606,71
-9648248.39699246,3787562.76679298,3607,71
-9648248.39699246,3787562.76679298,3608,71
-9648248.39699246,3787562.76679298,3609,71
-9648248.39699246,3787562.76679298,3610,71
-9648248.39699246,3787562.76679298,3611,71
-9506285.98996852,3661087.86670872,3612,149
-9506285.98996852,3661087.86670872,3613,149
-9616980.97841845,3835554.82705098,3614,120
-9616980.97841845,3835554.82705098,3615,120
-9617694.53635443,3836545.33248803,3616,121
-9617694.53635443,3836545.33248803,3617,121
-9617694.53635443,3836545.33248803,3618,121
-9617694.53635443,3836545.33248803,3619,121
-9617694.53635443,3836545.33248803,3620,121
-9617694.53635443,3836545.33248803,3621,121
-9617694.53635443,3836545.33248803,3622,121
-9617694.53635443,3836545.33248803,3623,121
-9617694.53635443,3836545.33248803,3624,121
-9617694.53635443,3836545.33248803,3625,121
-9647725.19538573,3876758.54341439,3626,105
-9750932.8348849,3540209.72089431,3627,81
-9750932.8348849,3540209.72089431,3628,81
-9750932.8348849,3540209.72089431,3629,81
-9539470.330174,3525111.50387669,3630,164
-9501992.39720863,3660952.49324637,3631,134
-9604968.49216694,3778863.83547706,3632,90
-9604968.49216694,3778863.83547706,3633,90
-9604968.49216694,3778863.83547706,3634,90
-9604968.49216694,3778863.83547706,3635,90
-9604968.49216694,3778863.83547706,3636,90
-9604968.49216694,3778863.83547706,3637,90
-9604968.49216694,3778863.83547706,3638,90
-9604968.49216694,3778863.83547706,3639,90
-9604968.49216694,3778863.83547706,3640,90
-9604968.49216694,3778863.83547706,3641,90
-9604968.49216694,3778863.83547706,3642,90
-9604968.49216694,3778863.83547706,3643,90
-9604968.49216694,3778863.83547706,3644,90
-9604968.49216694,3778863.83547706,3645,90
-9604968.49216694,3778863.83547706,3646,90
-9604968.49216694,3778863.83547706,3647,90
-9319270.35863073,4038706.46552641,3648,93
-9508847.45145168,3667699.54938494,3649,147
-9583776.60070463,3822978.63892144,3650,88
-9560016.56858971,3841915.31302082,3651,92
-9560016.56858971,3841915.31302082,3652,92
-9560016.56858971,3841915.31302082,3653,92
-9602162.12780405,4006768.52925745,3654,70
-9651571.28379264,3727151.32052144,3655,80
-9651571.28379264,3727151.32052144,3656,80
-9571444.62751455,3893529.45394723,3657,99
-9422456.84742665,3954684.42490954,3658,190
-9422456.84742665,3954684.42490954,3659,190
-9779047.68547965,3677361.76374052,3660,191
-9534951.8720427,3689387.62533237,3661,147
-9596991.3374567,3969358.38846817,3662,67
-9423686.92779991,3953992.03696457,3663,148
-9592779.00792508,3825773.07613205,3664,88
-9592779.00792508,3825773.07613205,3665,88
-9592779.00792508,3825773.07613205,3666,88
-9592779.00792508,3825773.07613205,3667,88
-9592779.00792508,3825773.07613205,3668,88
-9592779.00792508,3825773.07613205,3669,88
-9592779.00792508,3825773.07613205,3670,88
-9592779.00792508,3825773.07613205,3671,88
-9592779.00792508,3825773.07613205,3672,88
-9592779.00792508,3825773.07613205,3673,88
-9592779.00792508,3825773.07613205,3674,88
-9592779.00792508,3825773.07613205,3675,88
-9592779.00792508,3825773.07613205,3676,88
-9592779.00792508,3825773.07613205,3677,88
-9592779.00792508,3825773.07613205,3678,88
-9592779.00792508,3825773.07613205,3679,88
-9592779.00792508,3825773.07613205,3680,88
-9592779.00792508,3825773.07613205,3681,88
-9592779.00792508,3825773.07613205,3682,88
-9499621.29205473,3842915.60053422,3683,85
-9499621.29205473,3842915.60053422,3684,85
-9520472.54587522,3839391.84554545,3685,66
-9520472.54587522,3839391.84554545,3686,66
-9520472.54587522,3839391.84554545,3687,66
-9520472.54587522,3839391.84554545,3688,66
-9520472.54587522,3839391.84554545,3689,66
-9520472.54587522,3839391.84554545,3690,66
-9811368.18643657,3588360.07256314,3691,208
-9385964.0919548,3955222.08805327,3692,191
-9385964.0919548,3955222.08805327,3693,191
-9391325.2386314,3953650.52752912,3694,171
-9391325.2386314,3953650.52752912,3695,171
-9391325.2386314,3953650.52752912,3696,171
-9391325.2386314,3953650.52752912,3697,171
-9391325.2386314,3953650.52752912,3698,171
-9556809.45405996,3680702.83495495,3699,101
-9668244.71712366,3946283.84656272,3700,155
-9450286.72012497,4191386.56823248,3701,116
-9311157.39414172,3840698.43251654,3702,115
-9623395.20747796,3981986.090463,3703,84
-9553188.23102445,4049111.84489542,3704,82
-9718930.70767165,3559817.01221643,3705,87
-9718930.70767165,3559817.01221643,3706,87
-9889864.01217454,3579674.72288359,3707,97
-9889864.01217454,3579674.72288359,3708,97
-9678538.43043731,3688415.6763732,3709,154
-9678538.43043731,3688415.6763732,3710,154
-9569603.40313683,3737028.42489184,3711,279
-9646590.84977455,3746609.4774804,3712,98
-9578375.37901134,3915510.1404025,3713,136
-9578375.37901134,3915510.1404025,3714,136
-9578375.37901134,3915510.1404025,3715,136
-9578375.37901134,3915510.1404025,3716,136
-9578375.37901134,3915510.1404025,3717,136
-9578375.37901134,3915510.1404025,3718,136
-9578375.37901134,3915510.1404025,3719,136
-9578375.37901134,3915510.1404025,3720,136
-9578375.37901134,3915510.1404025,3721,136
-9578375.37901134,3915510.1404025,3722,136
-9578375.37901134,3915510.1404025,3723,136
-9578375.37901134,3915510.1404025,3724,136
-9578375.37901134,3915510.1404025,3725,136
-9578375.37901134,3915510.1404025,3726,136
-9578375.37901134,3915510.1404025,3727,136
-9578375.37901134,3915510.1404025,3728,136
-9578375.37901134,3915510.1404025,3729,136
-9547942.85661827,3979350.61239982,3730,147
-9547942.85661827,3979350.61239982,3731,147
-9707020.63535168,4295305.86936062,3732,169
-9587785.21556809,3841278.45007943,3733,126
-9539783.13794313,3818856.78993604,3734,69
-9539783.13794313,3818856.78993604,3735,69
-9617673.38565118,3836932.31243118,3736,121
-9617673.38565118,3836932.31243118,3737,121
-9617673.38565118,3836932.31243118,3738,121
-9617673.38565118,3836932.31243118,3739,121
-9617673.38565118,3836932.31243118,3740,121
-9617673.38565118,3836932.31243118,3741,121
-9617673.38565118,3836932.31243118,3742,121
-9617673.38565118,3836932.31243118,3743,121
-9472457.10991136,3825902.39083685,3744,103
-9622837.49682908,3819074.38784249,3745,101
-9622837.49682908,3819074.38784249,3746,101
-9622837.49682908,3819074.38784249,3747,101
-9622837.49682908,3819074.38784249,3748,101
-9622837.49682908,3819074.38784249,3749,101
-9622837.49682908,3819074.38784249,3750,101
-9622837.49682908,3819074.38784249,3751,101
-9622837.49682908,3819074.38784249,3752,101
-9622837.49682908,3819074.38784249,3753,101
-9622837.49682908,3819074.38784249,3754,101
-9622837.49682908,3819074.38784249,3755,101
-9622837.49682908,3819074.38784249,3756,101
-9622837.49682908,3819074.38784249,3757,101
-9622837.49682908,3819074.38784249,3758,101
-9622837.49682908,3819074.38784249,3759,101
-9622837.49682908,3819074.38784249,3760,101
-9599097.50222251,3834651.55824244,3761,102
-9599097.50222251,3834651.55824244,3762,102
-9599097.50222251,3834651.55824244,3763,102
-9599097.50222251,3834651.55824244,3764,102
-9599097.50222251,3834651.55824244,3765,102
-9599097.50222251,3834651.55824244,3766,102
-9599097.50222251,3834651.55824244,3767,102
-9599097.50222251,3834651.55824244,3768,102
-9599097.50222251,3834651.55824244,3769,102
-9508039.27194852,3835014.70628979,3770,138
-9685645.06672955,3829373.30131861,3771,122
-9625046.07552642,3838908.35242352,3772,100
-9625046.07552642,3838908.35242352,3773,100
-9525426.26321552,3836256.09634468,3774,188
-9530501.31880078,3679867.1558478,3775,111
-9657013.69369752,3859202.98509145,3776,74
-9657013.69369752,3859202.98509145,3777,74
-9612843.23294566,3824991.93968596,3778,106
-9478524.02215959,3988640.98497209,3779,143
-9581948.7346658,3810272.10085751,3780,159
-9581948.7346658,3810272.10085751,3781,159
-9581948.7346658,3810272.10085751,3782,159
-9581948.7346658,3810272.10085751,3783,159
-9581948.7346658,3810272.10085751,3784,159
-9581948.7346658,3810272.10085751,3785,159
-9581948.7346658,3810272.10085751,3786,159
-9581948.7346658,3810272.10085751,3787,159
-9581948.7346658,3810272.10085751,3788,159
-9383328.04641281,3980885.56126821,3789,257
-9383328.04641281,3980885.56126821,3790,257
-9383328.04641281,3980885.56126821,3791,257
-9383328.04641281,3980885.56126821,3792,257
-9383328.04641281,3980885.56126821,3793,257
-9383328.04641281,3980885.56126821,3794,257
-9383328.04641281,3980885.56126821,3795,257
-9383328.04641281,3980885.56126821,3796,257
-9383328.04641281,3980885.56126821,3797,257
-9383328.04641281,3980885.56126821,3798,257
-9383328.04641281,3980885.56126821,3799,257
-9383328.04641281,3980885.56126821,3800,257
-9640883.49948158,3827963.69897068,3801,140
-9640883.49948158,3827963.69897068,3802,140
-9640883.49948158,3827963.69897068,3803,140
-9640883.49948158,3827963.69897068,3804,140
-9522884.83924071,3606468.12595458,3805,120
-9659554.00447743,3949881.25278504,3806,211
-9779842.50664391,3563316.45199884,3807,103
-9620812.59529155,3828116.79374589,3808,102
-9607801.57320763,3837085.52299922,3809,92
-9541094.48154467,3781968.74511233,3810,251
-9541094.48154467,3781968.74511233,3811,251
-9541094.48154467,3781968.74511233,3812,251
-9389659.89904913,3998887.02094434,3813,92
-9389659.89904913,3998887.02094434,3814,92
-9389659.89904913,3998887.02094434,3815,92
-9389659.89904913,3998887.02094434,3816,92
-9389659.89904913,3998887.02094434,3817,92
-9389659.89904913,3998887.02094434,3818,92
-9389659.89904913,3998887.02094434,3819,92
-9513841.24380866,3748097.37077791,3820,243
-9682396.76398821,3949197.15292467,3821,75
-9682396.76398821,3949197.15292467,3822,75
-9682396.76398821,3949197.15292467,3823,75
-9682396.76398821,3949197.15292467,3824,75
-9682396.76398821,3949197.15292467,3825,75
-9682396.76398821,3949197.15292467,3826,75
-9682396.76398821,3949197.15292467,3827,75
-9682396.76398821,3949197.15292467,3828,75
-9682396.76398821,3949197.15292467,3829,75
-9682396.76398821,3949197.15292467,3830,75
-9682396.76398821,3949197.15292467,3831,75
-9682396.76398821,3949197.15292467,3832,75
-9682396.76398821,3949197.15292467,3833,75
-9591169.32808821,3764152.06866601,3834,90
-9591169.32808821,3764152.06866601,3835,90
-9610777.14319654,3858984.64885007,3836,113
-9610777.14319654,3858984.64885007,3837,113
-9592058.77081965,3853130.77397119,3838,113
-9592058.77081965,3853130.77397119,3839,113
-9592058.77081965,3853130.77397119,3840,113
-9592058.77081965,3853130.77397119,3841,113
-9592058.77081965,3853130.77397119,3842,113
-9592058.77081965,3853130.77397119,3843,113
-9592058.77081965,3853130.77397119,3844,113
-9592058.77081965,3853130.77397119,3845,113
-9582832.6114227,3807416.74286308,3846,112
-9582832.6114227,3807416.74286308,3847,112
-9582832.6114227,3807416.74286308,3848,112
-9582832.6114227,3807416.74286308,3849,112
-9621499.43654974,3808526.12698102,3850,149
-9621499.43654974,3808526.12698102,3851,149
-9625024.92482317,3821287.51874365,3852,97
-9625024.92482317,3821287.51874365,3853,97
-9594436.55514299,3850878.63203511,3854,113
-9594436.55514299,3850878.63203511,3855,113
-9594436.55514299,3850878.63203511,3856,113
-9594436.55514299,3850878.63203511,3857,113
-9599315.68842446,3835682.92776099,3858,103
-9599315.68842446,3835682.92776099,3859,103
-9599315.68842446,3835682.92776099,3860,103
-9599315.68842446,3835682.92776099,3861,103
-9599315.68842446,3835682.92776099,3862,103
-9599315.68842446,3835682.92776099,3863,103
-9555817.59739699,3676716.59737221,3864,106
-9610892.91546696,3829196.43191597,3865,65
-9711531.30111862,3801619.84705906,3866,80
-9621458.24833815,3822890.25148733,3867,89
-9393282.23527955,4002311.99124021,3868,83
-9709499.72041164,3785981.86872216,3869,75
-9660913.21546001,3863281.98445811,3870,74
-9660913.21546001,3863281.98445811,3871,74
-9575473.27988636,4017776.61495271,3872,93
-9683572.29781098,3799289.23742813,3873,81
-9683572.29781098,3799289.23742813,3874,81
-9683572.29781098,3799289.23742813,3875,81
-9683572.29781098,3799289.23742813,3876,81
-9731853.78735784,3823953.582739,3877,47
-9645198.24294472,3979374.6779635,3878,98
-9514616.02746458,3849822.13790667,3879,34
-9514616.02746458,3849822.13790667,3880,34
-9514616.02746458,3849822.13790667,3881,34
-9634252.19741502,4283678.33539115,3882,93
-9628871.01323008,3851185.41648501,3883,97
-9628871.01323008,3851185.41648501,3884,97
-9583803.31738242,3787756.11889976,3885,114
-9583803.31738242,3787756.11889976,3886,114
-9583803.31738242,3787756.11889976,3887,114
-9583803.31738242,3787756.11889976,3888,114
-9583803.31738242,3787756.11889976,3889,114
-9583803.31738242,3787756.11889976,3890,114
-9583803.31738242,3787756.11889976,3891,114
-9583803.31738242,3787756.11889976,3892,114
-9583803.31738242,3787756.11889976,3893,114
-9583803.31738242,3787756.11889976,3894,114
-9583803.31738242,3787756.11889976,3895,114
-9585447.50626144,3844456.49940892,3896,85
-9585447.50626144,3844456.49940892,3897,85
-9585447.50626144,3844456.49940892,3898,85
-9585447.50626144,3844456.49940892,3899,85
-9585447.50626144,3844456.49940892,3900,85
-9652841.43918259,3787218.16057481,3901,141
-9652841.43918259,3787218.16057481,3902,141
-9652841.43918259,3787218.16057481,3903,141
-9652841.43918259,3787218.16057481,3904,141
-9652841.43918259,3787218.16057481,3905,141
-9652841.43918259,3787218.16057481,3906,141
-9652841.43918259,3787218.16057481,3907,141
-9652841.43918259,3787218.16057481,3908,141
-9652841.43918259,3787218.16057481,3909,141
-9652841.43918259,3787218.16057481,3910,141
-9652841.43918259,3787218.16057481,3911,141
-9652841.43918259,3787218.16057481,3912,141
-9652841.43918259,3787218.16057481,3913,141
-9610988.65022904,3834578.92996764,3914,93
-9610988.65022904,3834578.92996764,3915,93
-9760648.80004134,3535844.21756905,3916,82
-9658392.94218845,3943892.41598849,3917,140
-9549628.23370888,3995617.04153662,3918,87
-9611056.55511843,3850805.90413078,3919,83
-9611056.55511843,3850805.90413078,3920,83
-9522076.65973755,3845504.58387293,3921,169
-9522076.65973755,3845504.58387293,3922,169
-9583049.68442975,3820322.02601435,3923,89
-9583049.68442975,3820322.02601435,3924,89
-9583049.68442975,3820322.02601435,3925,89
-9583049.68442975,3820322.02601435,3926,89
-9583049.68442975,3820322.02601435,3927,89
-9583049.68442975,3820322.02601435,3928,89
-9583049.68442975,3820322.02601435,3929,89
-9583049.68442975,3820322.02601435,3930,89
-9583049.68442975,3820322.02601435,3931,89
-9583049.68442975,3820322.02601435,3932,89
-9583049.68442975,3820322.02601435,3933,89
-9583049.68442975,3820322.02601435,3934,89
-9583049.68442975,3820322.02601435,3935,89
-9567361.42859225,3854495.75714879,3936,96
-9567361.42859225,3854495.75714879,3937,96
-9664236.10226019,3956222.76836269,3938,210
-9814276.964731,3578380.32720654,3939,99
-9814276.964731,3578380.32720654,3940,99
-9591270.62882483,3826022.47003757,3941,88
-9591270.62882483,3826022.47003757,3942,88
-9591270.62882483,3826022.47003757,3943,88
-9591270.62882483,3826022.47003757,3944,88
-9591270.62882483,3826022.47003757,3945,88
-9591270.62882483,3826022.47003757,3946,88
-9591270.62882483,3826022.47003757,3947,88
-9591270.62882483,3826022.47003757,3948,88
-9591270.62882483,3826022.47003757,3949,88
-9591270.62882483,3826022.47003757,3950,88
-9591270.62882483,3826022.47003757,3951,88
-9591270.62882483,3826022.47003757,3952,88
-10037459.1854326,3963522.3482898,3953,264
-9586250.11979005,3822479.98409302,3954,88
-9586250.11979005,3822479.98409302,3955,88
-9586250.11979005,3822479.98409302,3956,88
-9586250.11979005,3822479.98409302,3957,88
-9586250.11979005,3822479.98409302,3958,88
-9743445.48593414,3542767.59784049,3959,96
-9743445.48593414,3542767.59784049,3960,96
-9743445.48593414,3542767.59784049,3961,96
-9711362.09549262,3558445.91030725,3962,194
-9546618.15467783,3636458.75875684,3963,85
-9546618.15467783,3636458.75875684,3964,85
-9546618.15467783,3636458.75875684,3965,85
-9546618.15467783,3636458.75875684,3966,85
-9546618.15467783,3636458.75875684,3967,85
-9546618.15467783,3636458.75875684,3968,85
-9546618.15467783,3636458.75875684,3969,85
-9546618.15467783,3636458.75875684,3970,85
-9546618.15467783,3636458.75875684,3971,85
-9546618.15467783,3636458.75875684,3972,85
-9778918.55487033,3833345.63772215,3973,74
-9586773.32139678,3832096.63089176,3974,117
-9586773.32139678,3832096.63089176,3975,117
-9586773.32139678,3832096.63089176,3976,117
-9586773.32139678,3832096.63089176,3977,117
-9586773.32139678,3832096.63089176,3978,117
-9586773.32139678,3832096.63089176,3979,117
-9586773.32139678,3832096.63089176,3980,117
-9226132.68026872,4044064.60492026,3981,156
-9537567.88007634,3837319.30501054,3982,114
-9537567.88007634,3837319.30501054,3983,114
-9380779.94326855,4014231.68652374,3984,196
-9584952.1345274,3822229.34538578,3985,88
-9584952.1345274,3822229.34538578,3986,88
-9584952.1345274,3822229.34538578,3987,88
-9584952.1345274,3822229.34538578,3988,88
-9667314.08618063,3964255.36389641,3989,174
-9667314.08618063,3964255.36389641,3990,174
-9667314.08618063,3964255.36389641,3991,174
-9667314.08618063,3964255.36389641,3992,174
-9712387.34800282,3888015.19223787,3993,174
-9524515.66978083,3534412.57786622,3994,106
-9524515.66978083,3534412.57786622,3995,106
-9524515.66978083,3534412.57786622,3996,106
-9524515.66978083,3534412.57786622,3997,106
-9524515.66978083,3534412.57786622,3998,106
-9524515.66978083,3534412.57786622,3999,106
-9576880.35824999,3861100.69572036,4000,94
-9620418.52429414,3841148.96761356,4001,97
-9620418.52429414,3841148.96761356,4002,97
-9620418.52429414,3841148.96761356,4003,97
-9620418.52429414,3841148.96761356,4004,97
-9620418.52429414,3841148.96761356,4005,97
-9620418.52429414,3841148.96761356,4006,97
-9620418.52429414,3841148.96761356,4007,97
-9620418.52429414,3841148.96761356,4008,97
-9611253.59061713,3859413.3856563,4009,112
-9611253.59061713,3859413.3856563,4010,112
-9495904.33425714,4173415.61968009,4011,160
-9582627.78355964,4063662.27540001,4012,136
-9624665.36286791,3825443.19805684,4013,102
-9624665.36286791,3825443.19805684,4014,102
-9624665.36286791,3825443.19805684,4015,102
-9624665.36286791,3825443.19805684,4016,102
-9624665.36286791,3825443.19805684,4017,102
-9653833.29584556,3979791.82239165,4018,68
-9665662.10493725,3729356.73601211,4019,66
-9665662.10493725,3729356.73601211,4020,66
-9665662.10493725,3729356.73601211,4021,66
-9665662.10493725,3729356.73601211,4022,66
-9665662.10493725,3729356.73601211,4023,66
-9665662.10493725,3729356.73601211,4024,66
-9665662.10493725,3729356.73601211,4025,66
-9665662.10493725,3729356.73601211,4026,66
-9665662.10493725,3729356.73601211,4027,66
-9665662.10493725,3729356.73601211,4028,66
-9665662.10493725,3729356.73601211,4029,66
-9665662.10493725,3729356.73601211,4030,66
-9665662.10493725,3729356.73601211,4031,66
-9665662.10493725,3729356.73601211,4032,66
-9665662.10493725,3729356.73601211,4033,66
-9665662.10493725,3729356.73601211,4034,66
-9665662.10493725,3729356.73601211,4035,66
-9665662.10493725,3729356.73601211,4036,66
-9665662.10493725,3729356.73601211,4037,66
-9665662.10493725,3729356.73601211,4038,66
-9570656.48551973,3915567.31461714,4039,134
-9686004.62868482,4107984.66578404,4040,184
-9686004.62868482,4107984.66578404,4041,184
-9585135.81168721,3823163.33120393,4042,151
-9582668.97177123,3809507.79402698,4043,157
-9582668.97177123,3809507.79402698,4044,157
-9582668.97177123,3809507.79402698,4045,157
-9582668.97177123,3809507.79402698,4046,157
-9582668.97177123,3809507.79402698,4047,157
-9582668.97177123,3809507.79402698,4048,157
-9582668.97177123,3809507.79402698,4049,157
-9555776.4091854,3680695.01242138,4050,105
-9555776.4091854,3680695.01242138,4051,105
-9641019.30926035,3872771.58323259,4052,95
-9641019.30926035,3872771.58323259,4053,95
-9641019.30926035,3872771.58323259,4054,95
-9641019.30926035,3872771.58323259,4055,95
-9641019.30926035,3872771.58323259,4056,95
-9641019.30926035,3872771.58323259,4057,95
-9641019.30926035,3872771.58323259,4058,95
-9539266.61550585,3839948.01914455,4059,133
-9539266.61550585,3839948.01914455,4060,133
-9575833.95503653,3850257.15346332,4061,85
-9575833.95503653,3850257.15346332,4062,85
-9585046.75609458,3824073.64224485,4063,89
-9763631.04919969,3829679.52920247,4064,77
-9704472.53220742,3550514.0062973,4065,224
-9563963.95773324,3835352.77410545,4066,77
-9563963.95773324,3835352.77410545,4067,77
-9563963.95773324,3835352.77410545,4068,77
-9605334.73329166,3838609.81187986,4069,16
-9605334.73329166,3838609.81187986,4070,16
-9605334.73329166,3838609.81187986,4071,16
-9605334.73329166,3838609.81187986,4072,16
-9605334.73329166,3838609.81187986,4073,16
-9605334.73329166,3838609.81187986,4074,16
-9605334.73329166,3838609.81187986,4075,16
-9605334.73329166,3838609.81187986,4076,16
-9605334.73329166,3838609.81187986,4077,16
-9605334.73329166,3838609.81187986,4078,16
-9745340.14366745,3920194.0366855,4079,167
-9560899.3321517,3786181.77109623,4080,94
-9560899.3321517,3786181.77109623,4081,94
-9560899.3321517,3786181.77109623,4082,94
-9560899.3321517,3786181.77109623,4083,94
-9560899.3321517,3786181.77109623,4084,94
-9560899.3321517,3786181.77109623,4085,94
-9679631.5878369,3808566.97325967,4086,51
-9679631.5878369,3808566.97325967,4087,51
-9679631.5878369,3808566.97325967,4088,51
-9679631.5878369,3808566.97325967,4089,51
-9679631.5878369,3808566.97325967,4090,51
-9679631.5878369,3808566.97325967,4091,51
-9679631.5878369,3808566.97325967,4092,51
-9679631.5878369,3808566.97325967,4093,51
-9679631.5878369,3808566.97325967,4094,51
-9679631.5878369,3808566.97325967,4095,51
-9620867.14184204,3828052.12416038,4096,125
-9620867.14184204,3828052.12416038,4097,125
-9620867.14184204,3828052.12416038,4098,125
-9403697.28683817,3976527.26859889,4099,231
-9629251.72588859,3930565.95270797,4100,104
-9585529.88268462,3828326.64237786,4101,88
-9892894.12871393,3555191.75461022,4102,54
-9468801.37783371,3834506.30213769,4103,138
-9468801.37783371,3834506.30213769,4104,138
-9623238.24699594,3824114.54191394,4105,122
-9623238.24699594,3824114.54191394,4106,122
-9542391.35361241,3784961.36648171,4107,163
-9542391.35361241,3784961.36648171,4108,163
-9542391.35361241,3784961.36648171,4109,163
-9542391.35361241,3784961.36648171,4110,163
-9542391.35361241,3784961.36648171,4111,163
-9542391.35361241,3784961.36648171,4112,163
-9542391.35361241,3784961.36648171,4113,163
-9535713.29735973,3799232.62375642,4114,75
-9583395.88804612,3952624.72578951,4115,133
-9718998.61256103,3661103.48681943,4116,178
-9367694.33712581,3953365.05471734,4117,130
-9555987.9162179,4295634.57366857,4118,113
-9428192.02759232,4006466.99501786,4119,218
-9428192.02759232,4006466.99501786,4120,218
-9642126.93819374,3739403.32564314,4121,158
-9642126.93819374,3739403.32564314,4122,158
-9717646.0807479,3762701.57045131,4123,120
-9717646.0807479,3762701.57045131,4124,120
-9717646.0807479,3762701.57045131,4125,120
-9717646.0807479,3762701.57045131,4126,120
-9717646.0807479,3762701.57045131,4127,120
-9717646.0807479,3762701.57045131,4128,120
-9717646.0807479,3762701.57045131,4129,120
-9717646.0807479,3762701.57045131,4130,120
-9717646.0807479,3762701.57045131,4131,120
-9717646.0807479,3762701.57045131,4132,120
-9717646.0807479,3762701.57045131,4133,120
-9717646.0807479,3762701.57045131,4134,120
-9717646.0807479,3762701.57045131,4135,120
-9717646.0807479,3762701.57045131,4136,120
-9613780.54305814,3832346.15768481,4137,99
-9308908.74042769,3876346.40213127,4138,59
-9735869.08139075,3634596.01880248,4139,109
-9597290.78688693,3880139.70770857,4140,124
-9597290.78688693,3880139.70770857,4141,124
-9685277.71240993,4104799.37860385,4142,187
-9706055.4953665,3563126.60502432,4143,205
-9625766.31263185,3822954.89297905,4144,96
-9622110.5805542,3825426.04464748,4145,124
-9622110.5805542,3825426.04464748,4146,124
-9600327.58259577,3838641.51494339,4147,103
-9538988.31677886,3682875.08504348,4148,114
-9622572.55644099,4098076.19381806,4149,94
-9523326.77761916,3839181.80102722,4150,185
-9586432.68375496,3869424.32226066,4151,123
-9703840.23749971,4104477.65530283,4152,112
-9626907.33741248,3675531.92569561,4153,114
-9536140.76420437,3686624.62238506,4154,114
-9536140.76420437,3686624.62238506,4155,114
-9536140.76420437,3686624.62238506,4156,114
-9536140.76420437,3686624.62238506,4157,114
-9810974.11543916,3591378.20025831,4158,95
-9810974.11543916,3591378.20025831,4159,95
-9539185.35227757,3820217.83134875,4160,64
-9732342.47992243,3541862.48343222,4161,179
-9732342.47992243,3541862.48343222,4162,179
-9732342.47992243,3541862.48343222,4163,179
-9732342.47992243,3541862.48343222,4164,179
-9580862.25643566,3840480.43781651,4165,84
-9621546.19073588,4123304.50954492,4166,187
-9621546.19073588,4123304.50954492,4167,187
-9622375.52094229,3811381.75077409,4168,166
-9622375.52094229,3811381.75077409,4169,166
-9622375.52094229,3811381.75077409,4170,166
-9608528.48948251,3607836.71935986,4171,85
-9635447.76874614,3838488.28425554,4172,90
-9583240.040759,3825620.01156604,4173,89
-9583240.040759,3825620.01156604,4174,89
-9583240.040759,3825620.01156604,4175,89
-9583240.040759,3825620.01156604,4176,89
-9583240.040759,3825620.01156604,4177,89
-9583240.040759,3825620.01156604,4178,89
-9583240.040759,3825620.01156604,4179,89
-9583240.040759,3825620.01156604,4180,89
-9583240.040759,3825620.01156604,4181,89
-9583240.040759,3825620.01156604,4182,89
-9583240.040759,3825620.01156604,4183,89
-9583240.040759,3825620.01156604,4184,89
-9583240.040759,3825620.01156604,4185,89
-9583240.040759,3825620.01156604,4186,89
-9583240.040759,3825620.01156604,4187,89
-9583240.040759,3825620.01156604,4188,89
-9312489.88844651,3875463.85878457,4189,74
-9376920.49652275,4082049.99067496,4190,99
-9666804.24291279,3960198.32563786,4191,128
-9654506.77876486,3886379.7225385,4192,87
-9349790.82342152,3855843.70060018,4193,104
-9349790.82342152,3855843.70060018,4194,104
-9638722.78816528,3786510.56515204,4195,131
-9430250.32497708,4009796.37309057,4196,254
-9644171.87723961,4132101.02607392,4197,87
-9642650.13980047,3859873.89810109,4198,91
-9607924.02464751,3834007.16290411,4199,63
-9630624.29521007,3757199.14216222,4200,101
-9630624.29521007,3757199.14216222,4201,101
-9630624.29521007,3757199.14216222,4202,101
-9587255.33479192,3707253.94560896,4203,74
-9587255.33479192,3707253.94560896,4204,74
-9568767.39376097,3727390.821011,4205,95
-9568767.39376097,3727390.821011,4206,95
-9568767.39376097,3727390.821011,4207,95
-9612700.74399745,3975042.34977163,4208,77
-9662259.0681037,3793183.08970521,4209,143
-9644980.05674277,4133540.2275238,4210,112
-9476520.27132531,3844028.30497825,4211,76
-9600259.67770639,3548599.53320843,4212,167
-9583566.20686703,3734086.97103909,4213,74
-9583566.20686703,3734086.97103909,4214,74
-9583566.20686703,3734086.97103909,4215,74
-9583566.20686703,3734086.97103909,4216,74
-9583566.20686703,3734086.97103909,4217,74
-9583566.20686703,3734086.97103909,4218,74
-9583566.20686703,3734086.97103909,4219,74
-9583566.20686703,3734086.97103909,4220,74
-9583566.20686703,3734086.97103909,4221,74
-9583566.20686703,3734086.97103909,4222,74
-9583566.20686703,3734086.97103909,4223,74
-9583566.20686703,3734086.97103909,4224,74
-9583566.20686703,3734086.97103909,4225,74
-9583566.20686703,3734086.97103909,4226,74
-9583566.20686703,3734086.97103909,4227,74
-9583566.20686703,3734086.97103909,4228,74
-9583566.20686703,3734086.97103909,4229,74
-9583566.20686703,3734086.97103909,4230,74
-9583566.20686703,3734086.97103909,4231,74
-9583566.20686703,3734086.97103909,4232,74
-9595585.37228798,3885643.63661725,4233,118
-9595585.37228798,3885643.63661725,4234,118
-9575976.44398474,4120163.60322959,4235,93
-9593030.58997427,3816136.49259221,4236,223
-9593030.58997427,3816136.49259221,4237,223
-9593030.58997427,3816136.49259221,4238,223
-9593030.58997427,3816136.49259221,4239,223
-9593030.58997427,3816136.49259221,4240,223
-9593030.58997427,3816136.49259221,4241,223
-9593030.58997427,3816136.49259221,4242,223
-9428843.24661346,3716548.67192376,4243,200
-9540536.7708958,3817770.17874175,4244,65
-9446984.98402804,4099643.45163798,4245,155
-9599797.7018196,3857685.3009735,4246,112
-9614704.49483172,3793577.87453154,4247,146
-9614704.49483172,3793577.87453154,4248,146
-9614704.49483172,3793577.87453154,4249,146
-9614704.49483172,3793577.87453154,4250,146
-9614704.49483172,3793577.87453154,4251,146
-9614704.49483172,3793577.87453154,4252,146
-9614704.49483172,3793577.87453154,4253,146
-9614704.49483172,3793577.87453154,4254,146
-9614704.49483172,3793577.87453154,4255,146
-9614704.49483172,3793577.87453154,4256,146
-9614704.49483172,3793577.87453154,4257,146
-9614704.49483172,3793577.87453154,4258,146
-9614704.49483172,3793577.87453154,4259,146
-9614704.49483172,3793577.87453154,4260,146
-9606483.55043664,3777628.40488447,4261,90
-9640876.82031213,3919032.86138954,4262,124
-9697379.25425407,3857232.81218568,4263,22
-9560268.1506389,3817850.61621774,4264,75
-9560268.1506389,3817850.61621774,4265,75
-9560268.1506389,3817850.61621774,4266,75
-9560268.1506389,3817850.61621774,4267,75
-9560268.1506389,3817850.61621774,4268,75
-9560268.1506389,3817850.61621774,4269,75
-9560268.1506389,3817850.61621774,4270,75
-9560268.1506389,3817850.61621774,4271,75
-9560268.1506389,3817850.61621774,4272,75
-9560268.1506389,3817850.61621774,4273,75
-9686072.5335742,3819017.68012581,4274,118
-9686072.5335742,3819017.68012581,4275,118
-9400062.70546377,4057924.67374026,4276,162
-9617673.38565118,3836295.71731698,4277,120
-9512082.39585413,3658457.46248869,4278,132
-9449988.38388964,3825885.23676442,4279,182
-9635217.3374002,3846803.9145758,4280,93
-9881364.76905247,3828535.17488133,4281,110
-9881364.76905247,3828535.17488133,4282,110
-9509520.93437097,3837884.62746554,4283,139
-9616953.14854575,3837214.96105712,4284,122
-9450884.50579053,4148530.05060843,4285,95
-9371458.04910953,3994513.86799503,4286,169
-9681010.83632783,3943192.67589845,4287,97
-9681010.83632783,3943192.67589845,4288,97
-9681010.83632783,3943192.67589845,4289,97
-9681010.83632783,3943192.67589845,4290,97
-9524067.05223293,3850516.31927807,4291,127
-9340278.57293324,3837230.81071238,4292,176
-9573789.01599066,3823694.99715377,4293,45
-9573789.01599066,3823694.99715377,4294,45
-9573789.01599066,3823694.99715377,4295,45
-9573789.01599066,3823694.99715377,4296,45
-9655212.54433649,3852534.30468813,4297,73
-9467572.41065535,4005771.48630605,4298,119
-9573986.05148936,3777732.22872972,4299,67
-9573986.05148936,3777732.22872972,4300,67
-9573986.05148936,3777732.22872972,4301,67
-9573986.05148936,3777732.22872972,4302,67
-9573986.05148936,3777732.22872972,4303,67
-9573986.05148936,3777732.22872972,4304,67
-9573986.05148936,3777732.22872972,4305,67
-9573986.05148936,3777732.22872972,4306,67
-9573986.05148936,3777732.22872972,4307,67
-9571431.26917565,4003072.93697775,4308,93
-9239001.21340443,3827537.41960882,4309,161
-9239001.21340443,3827537.41960882,4310,161
-9239001.21340443,3827537.41960882,4311,161
-9686188.30584463,3811952.43045929,4312,412
-9686188.30584463,3811952.43045929,4313,412
-9686188.30584463,3811952.43045929,4314,412
-9566063.4433296,3738978.87453269,4315,126
-9653344.60328098,4253825.8374865,4316,125
-9675038.54564677,3803010.5291678,4317,51
-9811232.3766578,3588952.76915011,4318,108
-9811232.3766578,3588952.76915011,4319,108
-9414419.58019137,4029163.23313129,4320,176
-9355389.08061352,4027154.58388616,4321,261
-9355389.08061352,4027154.58388616,4322,261
-9663780.80554285,3944079.02047637,4323,213
-9663780.80554285,3944079.02047637,4324,213
-9663780.80554285,3944079.02047637,4325,213
-9663780.80554285,3944079.02047637,4326,213
-9480596.79107816,3802254.58906019,4327,111
-9605178.88600454,3820169.03162939,4328,177
-9605178.88600454,3820169.03162939,4329,177
-9605178.88600454,3820169.03162939,4330,177
-9605178.88600454,3820169.03162939,4331,177
-9605178.88600454,3820169.03162939,4332,177
-9605178.88600454,3820169.03162939,4333,177
-9605178.88600454,3820169.03162939,4334,177
-9605178.88600454,3820169.03162939,4335,177
-9605178.88600454,3820169.03162939,4336,177
-9605178.88600454,3820169.03162939,4337,177
-9605178.88600454,3820169.03162939,4338,177
-9605178.88600454,3820169.03162939,4339,177
-9605178.88600454,3820169.03162939,4340,177
-9605178.88600454,3820169.03162939,4341,177
-9605178.88600454,3820169.03162939,4342,177
-9605178.88600454,3820169.03162939,4343,177
-9605178.88600454,3820169.03162939,4344,177
-9605178.88600454,3820169.03162939,4345,177
-9605178.88600454,3820169.03162939,4346,177
-9605178.88600454,3820169.03162939,4347,177
-9605178.88600454,3820169.03162939,4348,177
-9605178.88600454,3820169.03162939,4349,177
-9605178.88600454,3820169.03162939,4350,177
-9605178.88600454,3820169.03162939,4351,177
-9626539.98309286,3828778.02747669,4352,104
-9626539.98309286,3828778.02747669,4353,104
-9626539.98309286,3828778.02747669,4354,104
-9626539.98309286,3828778.02747669,4355,104
-9626539.98309286,3828778.02747669,4356,104
-9626539.98309286,3828778.02747669,4357,104
-9626539.98309286,3828778.02747669,4358,104
-9626539.98309286,3828778.02747669,4359,104
-9626539.98309286,3828778.02747669,4360,104
-9626539.98309286,3828778.02747669,4361,104
-9626539.98309286,3828778.02747669,4362,104
-9626539.98309286,3828778.02747669,4363,104
-9626539.98309286,3828778.02747669,4364,104
-9626539.98309286,3828778.02747669,4365,104
-9626539.98309286,3828778.02747669,4366,104
-9623877.22087309,3822664.66862739,4367,102
-9623877.22087309,3822664.66862739,4368,102
-9623877.22087309,3822664.66862739,4369,102
-9623877.22087309,3822664.66862739,4370,102
-9623877.22087309,3822664.66862739,4371,102
-9623877.22087309,3822664.66862739,4372,102
-9623877.22087309,3822664.66862739,4373,102
-9623877.22087309,3822664.66862739,4374,102
-9623877.22087309,3822664.66862739,4375,102
-9579264.82174278,3797473.78379092,4376,113
-9579264.82174278,3797473.78379092,4377,113
-9579264.82174278,3797473.78379092,4378,113
-9579264.82174278,3797473.78379092,4379,113
-9579264.82174278,3797473.78379092,4380,113
-9579264.82174278,3797473.78379092,4381,113
-9579264.82174278,3797473.78379092,4382,113
-9579264.82174278,3797473.78379092,4383,113
-9579264.82174278,3797473.78379092,4384,113
-9579264.82174278,3797473.78379092,4385,113
-9579264.82174278,3797473.78379092,4386,113
-9579264.82174278,3797473.78379092,4387,113
-9594403.15929575,3847263.93564861,4388,125
-9594403.15929575,3847263.93564861,4389,125
-9594403.15929575,3847263.93564861,4390,125
-9594403.15929575,3847263.93564861,4391,125
-9594403.15929575,3847263.93564861,4392,125
-9594403.15929575,3847263.93564861,4393,125
-9594403.15929575,3847263.93564861,4394,125
-9594403.15929575,3847263.93564861,4395,125
-9594403.15929575,3847263.93564861,4396,125
-9594403.15929575,3847263.93564861,4397,125
-9594403.15929575,3847263.93564861,4398,125
-9594403.15929575,3847263.93564861,4399,125
-9473720.58613186,3917531.35260561,4400,109
-9587676.12246712,3845376.37688022,4401,125
-9587676.12246712,3845376.37688022,4402,125
-9587676.12246712,3845376.37688022,4403,125
-9587676.12246712,3845376.37688022,4404,125
-9587676.12246712,3845376.37688022,4405,125
-9610410.90207183,3747426.15745053,4406,90
-9610410.90207183,3747426.15745053,4407,90
-9532037.52777373,3522872.58787715,4408,52
-9562068.18680503,3890736.17475754,4409,124
-9562068.18680503,3890736.17475754,4410,124
-9393744.21116634,3965877.77697607,4411,400
-9393744.21116634,3965877.77697607,4412,400
-9393744.21116634,3965877.77697607,4413,400
-9608290.26577222,3750074.52060445,4414,122
-9567388.14527004,3732879.68878311,4415,36
-9567388.14527004,3732879.68878311,4416,36
-9587805.25307644,4054392.79969224,4417,103
-9576221.34686449,3871784.65821132,4418,123
-9448350.87418007,3835659.15639061,4419,143
-9620052.28316943,3824291.33565136,4420,106
-9515601.2049581,3842367.21580305,4421,367
-9515601.2049581,3842367.21580305,4422,367
-9507244.45078425,3660237.90224218,4423,131
-9507244.45078425,3660237.90224218,4424,131
-9507244.45078425,3660237.90224218,4425,131
-9507244.45078425,3660237.90224218,4426,131
-9507244.45078425,3660237.90224218,4427,131
-9625657.21953087,3825990.80067996,4428,102
-9750510.93401479,3772791.73487444,4429,105
-9409282.18569126,3965282.19804259,4430,102
-9409282.18569126,3965282.19804259,4431,102
-9409282.18569126,3965282.19804259,4432,102
-9658841.55973635,4057145.25180774,4433,96
-9373347.14086829,4025736.92671551,4434,215
-9600701.61608484,3670656.29668585,4435,116
-9660159.58250734,3999614.25605097,4436,87
-9544817.0053168,3815146.3690455,4437,71
-9544817.0053168,3815146.3690455,4438,71
-9544817.0053168,3815146.3690455,4439,71
-9544817.0053168,3815146.3690455,4440,71
-9544817.0053168,3815146.3690455,4441,71
-9544817.0053168,3815146.3690455,4442,71
-9595747.89874454,3840343.03715817,4443,125
-9595747.89874454,3840343.03715817,4444,125
-9791657.95739671,3533280.00909334,4445,134
-9474066.78974823,3670473.92163064,4446,47
-9621009.63079026,3824138.2901735,4447,109
-9621009.63079026,3824138.2901735,4448,109
-9621009.63079026,3824138.2901735,4449,109
-9621009.63079026,3824138.2901735,4450,109
-9511653.81581458,3659626.17241226,4451,117
-9600266.35687584,3669034.55640841,4452,116
-9600266.35687584,3669034.55640841,4453,116
-9474998.53388616,3956671.10121677,4454,108
-9474998.53388616,3956671.10121677,4455,108
-9655688.99175708,3805639.57177172,4456,200
-9655688.99175708,3805639.57177172,4457,200
-9655688.99175708,3805639.57177172,4458,200
-9655688.99175708,3805639.57177172,4459,200
-9655688.99175708,3805639.57177172,4460,200
-9632995.40036397,3625316.37087555,4461,75
-9374936.78319681,4014632.6656791,4462,80
-9929557.2030067,3626314.50518206,4463,80
-9672375.78342699,3958927.70689887,4464,243
-9672375.78342699,3958927.70689887,4465,243
-9684924.82962412,3956369.54208642,4466,111
-9575521.1472674,4020225.04121334,4467,94
-9575521.1472674,4020225.04121334,4468,94
-9575521.1472674,4020225.04121334,4469,94
-9556531.15533298,3680798.00951347,4470,100
-9594681.45802274,3844698.35681442,4471,125
-9594681.45802274,3844698.35681442,4472,125
-9594681.45802274,3844698.35681442,4473,125
-9594681.45802274,3844698.35681442,4474,125
-9463800.90630727,3820000.21252318,4475,171
-9603799.63751362,3778285.53297988,4476,101
-9603799.63751362,3778285.53297988,4477,101
-9603799.63751362,3778285.53297988,4478,101
-9603799.63751362,3778285.53297988,4479,101
-9390414.64519671,4008650.2822531,4480,238
-9541059.97250253,3818695.90192221,4481,68
-9541059.97250253,3818695.90192221,4482,68
-9541059.97250253,3818695.90192221,4483,68
-9541059.97250253,3818695.90192221,4484,68
-9520677.37373828,3773658.80213562,4485,89
-9520677.37373828,3773658.80213562,4486,89
-9520677.37373828,3773658.80213562,4487,89
-9520677.37373828,3773658.80213562,4488,89
-9520677.37373828,3773658.80213562,4489,89
-9520677.37373828,3773658.80213562,4490,89
-9520677.37373828,3773658.80213562,4491,89
-9520677.37373828,3773658.80213562,4492,89
-9520677.37373828,3773658.80213562,4493,89
-9613692.60066041,3824016.91067883,4494,108
-9613692.60066041,3824016.91067883,4495,108
-9613692.60066041,3824016.91067883,4496,108
-9613692.60066041,3824016.91067883,4497,108
-9613692.60066041,3824016.91067883,4498,108
-9613692.60066041,3824016.91067883,4499,108
-9620105.71652501,3827834.36181953,4500,102
-9620105.71652501,3827834.36181953,4501,102
-9566818.18947718,3860931.29212284,4502,95
-9566818.18947718,3860931.29212284,4503,95
-9329257.9433447,4059592.73587356,4504,378
-9748507.18318051,3540162.02346636,4505,94
-9560885.97381281,3661126.91702267,4506,124
-9560885.97381281,3661126.91702267,4507,124
-9560885.97381281,3661126.91702267,4508,124
-9512319.50636952,3748465.7673877,4509,139
-9512319.50636952,3748465.7673877,4510,139
-9553521.07630192,4099544.81604661,4511,106
-9600776.20014367,3670466.10561737,4512,112
-9607502.1237774,3851307.07459301,4513,112
-9607502.1237774,3851307.07459301,4514,112
-9613679.24232152,3832878.23498898,4515,93
-9613679.24232152,3832878.23498898,4516,93
-9659336.93147038,3914455.79175306,4517,124
-9659336.93147038,3914455.79175306,4518,124
-9603201.85184805,3839512.0613795,4519,104
-9603201.85184805,3839512.0613795,4520,104
-9603201.85184805,3839512.0613795,4521,104
-9603201.85184805,3839512.0613795,4522,104
-9603201.85184805,3839512.0613795,4523,104
-9603201.85184805,3839512.0613795,4524,104
-9603201.85184805,3839512.0613795,4525,104
-9603201.85184805,3839512.0613795,4526,104
-9399960.29153224,3974577.26602896,4527,284
-9386942.59027887,3568014.46313936,4528,129
-9587676.12246712,4052347.39968519,4529,89
-9555287.71662081,3528648.99789969,4530,126
-9628586.03533364,3842101.62172716,4531,94
-9613005.75940222,3797489.58060239,4532,149
-9613005.75940222,3797489.58060239,4533,149
-9613005.75940222,3797489.58060239,4534,149
-9613005.75940222,3797489.58060239,4535,149
-9613005.75940222,3797489.58060239,4536,149
-9613005.75940222,3797489.58060239,4537,149
-9613005.75940222,3797489.58060239,4538,149
-9613005.75940222,3797489.58060239,4539,149
-9613005.75940222,3797489.58060239,4540,149
-9613005.75940222,3797489.58060239,4541,149
-9613005.75940222,3797489.58060239,4542,149
-9613005.75940222,3797489.58060239,4543,149
-9613005.75940222,3797489.58060239,4544,149
-9613005.75940222,3797489.58060239,4545,149
-9613005.75940222,3797489.58060239,4546,149
-9613005.75940222,3797489.58060239,4547,149
-9613005.75940222,3797489.58060239,4548,149
-9613005.75940222,3797489.58060239,4549,149
-9613005.75940222,3797489.58060239,4550,149
-9613005.75940222,3797489.58060239,4551,149
-9613005.75940222,3797489.58060239,4552,149
-9613005.75940222,3797489.58060239,4553,149
-9613005.75940222,3797489.58060239,4554,149
-9613005.75940222,3797489.58060239,4555,149
-9579890.43728104,3810995.60196622,4556,108
-9579890.43728104,3810995.60196622,4557,108
-9579890.43728104,3810995.60196622,4558,108
-9579890.43728104,3810995.60196622,4559,108
-9579890.43728104,3810995.60196622,4560,108
-9579890.43728104,3810995.60196622,4561,108
-9579890.43728104,3810995.60196622,4562,108
-9579890.43728104,3810995.60196622,4563,108
-9774352.22935799,3803139.59689784,4564,147
-9557774.59404514,3875205.46899041,4565,99
-9645904.00851635,3948937.12556216,4566,137
-9591990.86593026,3824644.93101767,4567,89
-9591990.86593026,3824644.93101767,4568,89
-9591990.86593026,3824644.93101767,4569,89
-9591990.86593026,3824644.93101767,4570,89
-9591990.86593026,3824644.93101767,4571,89
-9591990.86593026,3824644.93101767,4572,89
-9595163.47141787,3826868.33704286,4573,115
-9611199.04406664,3829164.75409227,4574,65
-9611199.04406664,3829164.75409227,4575,65
-9611199.04406664,3829164.75409227,4576,65
-9611199.04406664,3829164.75409227,4577,65
-9611199.04406664,3829164.75409227,4578,65
-9611199.04406664,3829164.75409227,4579,65
-9627410.50151087,3821214.97216714,4580,98
-9627410.50151087,3821214.97216714,4581,98
-9627410.50151087,3821214.97216714,4582,98
-9627410.50151087,3821214.97216714,4583,98
-9627410.50151087,3821214.97216714,4584,98
-9627410.50151087,3821214.97216714,4585,98
-9623122.47472551,3824815.13552394,4586,119
-9466423.59351036,3799948.87231065,4587,135
-9640863.46197324,3980329.319223,4588,150
-9640863.46197324,3980329.319223,4589,150
-9382268.28486046,3998086.17815988,4590,265
-9786073.05854361,4068365.20843579,4591,72
-9591128.13987662,3850184.42938335,4592,113
-9591128.13987662,3850184.42938335,4593,113
-9658433.01720514,3849765.28295309,4594,90
-9658433.01720514,3849765.28295309,4595,90
-9658433.01720514,3849765.28295309,4596,90
-9701048.34467062,3929680.63882454,4597,105
-9614277.02798708,3829261.10773517,4598,100
-9614277.02798708,3829261.10773517,4599,100
-9614277.02798708,3829261.10773517,4600,100
-9614277.02798708,3829261.10773517,4601,100
-9614277.02798708,3829261.10773517,4602,100
-9614277.02798708,3829261.10773517,4603,100
-9614277.02798708,3829261.10773517,4604,100
-9576860.32074164,3727087.19277769,4605,95
-9576860.32074164,3727087.19277769,4606,95
-9576860.32074164,3727087.19277769,4607,95
-9688444.751923,4244555.64061643,4608,177
-9612591.65089647,3834522.14817174,4609,93
-9612591.65089647,3834522.14817174,4610,93
-9607149.24099158,3847570.62630513,4611,83
-9607149.24099158,3847570.62630513,4612,83
-9607149.24099158,3847570.62630513,4613,83
-9607149.24099158,3847570.62630513,4614,83
-9607149.24099158,3847570.62630513,4615,83
-9607149.24099158,3847570.62630513,4616,83
-9607149.24099158,3847570.62630513,4617,83
-9607149.24099158,3847570.62630513,4618,83
-9607149.24099158,3847570.62630513,4619,83
-9607149.24099158,3847570.62630513,4620,83
-9607149.24099158,3847570.62630513,4621,83
-9542419.18348511,3982558.46072435,4622,86
-9851089.20714143,3693393.65321576,4623,78
-9851089.20714143,3693393.65321576,4624,78
-9784205.1174881,3572763.34453678,4625,200
-9784205.1174881,3572763.34453678,4626,200
-9688179.81153492,3818003.58078711,4627,100
-9529469.38712113,3530614.55564598,4628,149
-9606932.16798454,3861068.93236046,4629,114
-9607142.56182214,3919820.266603,4630,77
-9706075.53287484,3583464.28207645,4631,120
-9368244.25541032,4008478.71361416,4632,159
-9554370.44401668,3757479.91118075,4633,130
-9213590.31324104,3536756.63408048,4634,108
-9676743.96024572,4289893.9932832,4635,230
-9608664.29926128,3834563.08385771,4636,93
-9608664.29926128,3834563.08385771,4637,93
-9608664.29926128,3834563.08385771,4638,93
-9608664.29926128,3834563.08385771,4639,93
-9608664.29926128,3834563.08385771,4640,93
-9608664.29926128,3834563.08385771,4641,93
-9608664.29926128,3834563.08385771,4642,93
-9608664.29926128,3834563.08385771,4643,93
-9608664.29926128,3834563.08385771,4644,93
-9670085.94150138,4096880.63091959,4645,136
-9670085.94150138,4096880.63091959,4646,136
-9670085.94150138,4096880.63091959,4647,136
-9670085.94150138,4096880.63091959,4648,136
-9670085.94150138,4096880.63091959,4649,136
-9544566.53646251,3814365.93022495,4650,72
-9544566.53646251,3814365.93022495,4651,72
-9567545.10575206,4046772.86380107,4652,110
-9666042.81759576,3822003.77506735,4653,143
-9568699.48887159,3739187.16812427,4654,123
-9625698.40774247,3829155.51474294,4655,103
-9625698.40774247,3829155.51474294,4656,103
-9617660.02731229,3778695.59914814,4657,137
-9617660.02731229,3778695.59914814,4658,137
-9621736.54706514,3840971.92245179,4659,99
-9621736.54706514,3840971.92245179,4660,99
-9621736.54706514,3840971.92245179,4661,99
-9643200.05808499,3808414.12983813,4662,141
-9643200.05808499,3808414.12983813,4663,141
-9687669.96826708,3819227.36814745,4664,221
-9618441.49013765,3554554.18828603,4665,151
-9418183.2921751,4042406.88781946,4666,185
-9614154.57654721,3825507.85343783,4667,106
-9524053.69389404,3652930.36843992,4668,92
-9524053.69389404,3652930.36843992,4669,92
-9524053.69389404,3652930.36843992,4670,92
-9524053.69389404,3652930.36843992,4671,92
-9524053.69389404,3652930.36843992,4672,92
-9694667.51145835,3564569.25557173,4673,119
-9694667.51145835,3564569.25557173,4674,119
-9539564.95174117,3820957.76514424,4675,42
-9551985.98052389,3526463.5420404,4676,111
-9639287.1779836,3832652.46229979,4677,89
-9639287.1779836,3832652.46229979,4678,89
-9625854.25502958,3828809.70426842,4679,103
-9625854.25502958,3828809.70426842,4680,103
-9625854.25502958,3828809.70426842,4681,103
-9625854.25502958,3828809.70426842,4682,103
-9625854.25502958,3828809.70426842,4683,103
-9339483.75176897,4036057.90079514,4684,35
-9339483.75176897,4036057.90079514,4685,35
-9637044.09024412,3759545.20771918,4686,126
-9637044.09024412,3759545.20771918,4687,126
-9637044.09024412,3759545.20771918,4688,126
-9533145.15670712,3688774.44048583,4689,144
-9545884.55923351,3975622.39430014,4690,106
-9545884.55923351,3975622.39430014,4691,106
-9627213.46601216,3823082.85778518,4692,98
-9786399.22465164,3578776.00241026,4693,173
-9787520.21192393,3979000.33044377,4694,126
-9642256.06880306,3741434.08487544,4695,82
-9642256.06880306,3741434.08487544,4696,82
-9552352.2216486,4014124.40351467,4697,84
-9654831.83167798,3610803.81760408,4698,115
-9619378.80025014,3822664.66862739,4699,89
-9619378.80025014,3822664.66862739,4700,89
-9619378.80025014,3822664.66862739,4701,89
-9656089.74192394,3948066.40975643,4702,165
-9656089.74192394,3948066.40975643,4703,165
-9656089.74192394,3948066.40975643,4704,165
-9313712.17645542,3868664.13524081,4705,201
-9500810.1842164,3851338.81169675,4706,134
-9670438.82428719,4133101.12948223,4707,114
-9566586.64493633,3888177.02726717,4708,123
-9566586.64493633,3888177.02726717,4709,123
-9415580.64248035,4021764.12889737,4710,181
-9685338.93812987,3818213.25093511,4711,121
-9817272.57222824,3579374.71118644,4712,144
-9817272.57222824,3579374.71118644,4713,144
-9817272.57222824,3579374.71118644,4714,144
-9371560.46304106,3999483.0021065,4715,381
-9371560.46304106,3999483.0021065,4716,381
-9222850.98168014,4035680.35243519,4717,79
-9744776.86704403,3919982.54253272,4718,208
-9605559.59866306,3753964.21021326,4719,120
-9605559.59866306,3753964.21021326,4720,120
-9605559.59866306,3753964.21021326,4721,120
-9605559.59866306,3753964.21021326,4722,120
-9605559.59866306,3753964.21021326,4723,120
-9605559.59866306,3753964.21021326,4724,120
-9450021.77973688,4009026.93804747,4725,72
-9904588.24122176,3555325.98320906,4726,59
-9614956.07688092,3826803.67425599,4727,143
-9614956.07688092,3826803.67425599,4728,143
-9614956.07688092,3826803.67425599,4729,143
-9643696.54301392,3876078.71681927,4730,116
-9399729.86018629,3977163.53000357,4731,159
-9399729.86018629,3977163.53000357,4732,159
-9575032.45470282,3804891.3684138,4733,155
-9575032.45470282,3804891.3684138,4734,155
-9575032.45470282,3804891.3684138,4735,155
-9575032.45470282,3804891.3684138,4736,155
-9624148.84043062,3825926.14267036,4737,102
-9415492.70008262,4005608.00098453,4738,174
-9415492.70008262,4005608.00098453,4739,174
-9415492.70008262,4005608.00098453,4740,174
-9565302.01801258,3887253.80165774,4741,123
-9565302.01801258,3887253.80165774,4742,123
-9592581.97242638,3840270.37399289,4743,125
-9401768.12006272,3997554.54584395,4744,119
-9401768.12006272,3997554.54584395,4745,119
-9401768.12006272,3997554.54584395,4746,119
-9401768.12006272,3997554.54584395,4747,119
-9620690.14385168,3827488.58982289,4748,104
-9620690.14385168,3827488.58982289,4749,104
-9620690.14385168,3827488.58982289,4750,104
-9620690.14385168,3827488.58982289,4751,104
-9620690.14385168,3827488.58982289,4752,104
-9620690.14385168,3827488.58982289,4753,104
-9620690.14385168,3827488.58982289,4754,104
-9620690.14385168,3827488.58982289,4755,104
-9572545.57727849,3736549.0475164,4756,116
-9643254.60463548,3735014.11979879,4757,101
-9499818.32755343,3846424.54284306,4758,86
-9591760.43458432,3724603.48507486,4759,82
-9573618.69716974,3859179.16639603,4760,96
-9585985.17940197,3805494.66957017,4761,76
-9585985.17940197,3805494.66957017,4762,76
-9595320.43189989,3833152.86487163,4763,116
-9595320.43189989,3833152.86487163,4764,116
-9595320.43189989,3833152.86487163,4765,116
-9595320.43189989,3833152.86487163,4766,116
-9664290.64881068,3959057.16481412,4767,166
-9639694.60731991,3870265.35289959,4768,94
-9544654.47886024,3873321.38274127,4769,151
-9578605.81035728,4071524.0464099,4770,103
-9578979.84384635,3839778.91847018,4771,85
-9578979.84384635,3839778.91847018,4772,85
-9578979.84384635,3839778.91847018,4773,85
-9642473.14181011,3917424.96428061,4774,125
-9256449.43039136,4110477.01198139,4775,97
-9546937.64161641,3813995.5033492,4776,75
-9546937.64161641,3813995.5033492,4777,75
-9546937.64161641,3813995.5033492,4778,75
-9546937.64161641,3813995.5033492,4779,75
-9546937.64161641,3813995.5033492,4780,75
-9546937.64161641,3813995.5033492,4781,75
-9546937.64161641,3813995.5033492,4782,75
-9546937.64161641,3813995.5033492,4783,75
-9546937.64161641,3813995.5033492,4784,75
-9546937.64161641,3813995.5033492,4785,75
-9546937.64161641,3813995.5033492,4786,75
-9546937.64161641,3813995.5033492,4787,75
-9642282.78548085,3872415.22089032,4788,94
-9568944.39175133,3636491.23578957,4789,93
-9369555.59901187,3562803.74259889,4790,231
-9587167.39239419,3826650.5964087,4791,88
-9587167.39239419,3826650.5964087,4792,88
-9587167.39239419,3826650.5964087,4793,88
-9587167.39239419,3826650.5964087,4794,88
-9587167.39239419,3826650.5964087,4795,88
-9587167.39239419,3826650.5964087,4796,88
-9587167.39239419,3826650.5964087,4797,88
-9587167.39239419,3826650.5964087,4798,88
-9587167.39239419,3826650.5964087,4799,88
-9587167.39239419,3826650.5964087,4800,88
-9587167.39239419,3826650.5964087,4801,88
-9587167.39239419,3826650.5964087,4802,88
-9587167.39239419,3826650.5964087,4803,88
-9587167.39239419,3826650.5964087,4804,88
-9587167.39239419,3826650.5964087,4805,88
-9587167.39239419,3826650.5964087,4806,88
-9763162.39414345,3535528.49553151,4807,131
-9543016.96915067,3815806.88173443,4808,75
-9612346.74801672,3832121.71535853,4809,100
-9612346.74801672,3832121.71535853,4810,100
-9612346.74801672,3832121.71535853,4811,100
-9612346.74801672,3832121.71535853,4812,100
-9612346.74801672,3832121.71535853,4813,100
-9612346.74801672,3832121.71535853,4814,100
-9612346.74801672,3832121.71535853,4815,100
-9410199.4582954,4056182.82711109,4816,101
-9543452.22835967,3820192.77200839,4817,73
-9488600.66246619,3829655.76985981,4818,100
-9575521.1472674,3891237.72169378,4819,137
-9575521.1472674,3891237.72169378,4820,137
-9575521.1472674,3891237.72169378,4821,137
-9458636.79512937,3824387.64976439,4822,66
-9458636.79512937,3824387.64976439,4823,66
-9518713.69792068,3858612.82491465,4824,183
-9518713.69792068,3858612.82491465,4825,183
-9694844.50944871,3748674.2245414,4826,77
-9572335.1834409,3740395.07965152,4827,117
-9567830.08364849,3816659.93339121,4828,182
-9646740.01789221,3820200.68547859,4829,143
-9646740.01789221,3820200.68547859,4830,143
-9646740.01789221,3820200.68547859,4831,143
-9595408.37429762,3826393.27171479,4832,117
-9595408.37429762,3826393.27171479,4833,117
-9449172.41202213,3950474.70546739,4834,152
-9449172.41202213,3950474.70546739,4835,152
-9449172.41202213,3950474.70546739,4836,152
-9449172.41202213,3950474.70546739,4837,152
-9449172.41202213,3950474.70546739,4838,152
-9449172.41202213,3950474.70546739,4839,152
-9449172.41202213,3950474.70546739,4840,152
-9825398.89505615,3589339.71941248,4841,121
-9728884.89653838,3760971.70246682,4842,121
-9728884.89653838,3760971.70246682,4843,121
-9728884.89653838,3760971.70246682,4844,121
-9546189.57463828,3742505.9391711,4845,132
-9627253.54102885,3826126.71560274,4846,112
-9370934.8475028,3619304.60204191,4847,178
-9370934.8475028,3619304.60204191,4848,178
-9673748.35274848,3970590.07651773,4849,125
-9603847.50489466,3835490.11690928,4850,93
-9603847.50489466,3835490.11690928,4851,93
-9603847.50489466,3835490.11690928,4852,93
-9603847.50489466,3835490.11690928,4853,93
-9603847.50489466,3835490.11690928,4854,93
-9603847.50489466,3835490.11690928,4855,93
-9603847.50489466,3835490.11690928,4856,93
-9603847.50489466,3835490.11690928,4857,93
-9603847.50489466,3835490.11690928,4858,93
-9603847.50489466,3835490.11690928,4859,93
-9603847.50489466,3835490.11690928,4860,93
-9603847.50489466,3835490.11690928,4861,93
-9603847.50489466,3835490.11690928,4862,93
-9603847.50489466,3835490.11690928,4863,93
-9603847.50489466,3835490.11690928,4864,93
-9459159.9967361,3826723.17617654,4865,79
-9599532.76143151,3783983.02842189,4866,160
-9652460.72652408,4134715.30616917,4867,144
-9652460.72652408,4134715.30616917,4868,144
-9588104.70250667,3829865.64569879,4869,89
-9588104.70250667,3829865.64569879,4870,89
-9746644.80809954,3911664.15587966,4871,156
-9527906.46147039,3731833.56208761,4872,56
-9841542.44761099,4072396.11648432,4873,117
-9557359.37234448,3984836.18798737,4874,99
-9557359.37234448,3984836.18798737,4875,99
-9557359.37234448,3984836.18798737,4876,99
-9666681.79147292,3953519.7961153,4877,132
-9666681.79147292,3953519.7961153,4878,132
-9666681.79147292,3953519.7961153,4879,132
-9666681.79147292,3953519.7961153,4880,132
-9666681.79147292,3953519.7961153,4881,132
-9666681.79147292,3953519.7961153,4882,132
-9666681.79147292,3953519.7961153,4883,132
-9666681.79147292,3953519.7961153,4884,132
-9524040.33555514,3814760.09816776,4885,50
-9524040.33555514,3814760.09816776,4886,50
-9524040.33555514,3814760.09816776,4887,50
-9524040.33555514,3814760.09816776,4888,50
-9524040.33555514,3814760.09816776,4889,50
-9524040.33555514,3814760.09816776,4890,50
-9677199.25696307,4092718.09042148,4891,280
-9648887.37086961,3783983.02842189,4892,95
-9648887.37086961,3783983.02842189,4893,95
-9648887.37086961,3783983.02842189,4894,95
-9623748.09026377,3825217.56672886,4895,123
-9623748.09026377,3825217.56672886,4896,123
-9623748.09026377,3825217.56672886,4897,123
-9623748.09026377,3825217.56672886,4898,123
-9623748.09026377,3825217.56672886,4899,123
-9623748.09026377,3825217.56672886,4900,123
-9666185.30654398,3557138.20924318,4901,153
-9666185.30654398,3557138.20924318,4902,153
-9637472.67028367,4293820.63500444,4903,113
-9531017.84123806,3533115.09284927,4904,105
-9531017.84123806,3533115.09284927,4905,105
-9571186.36629591,3814326.38232221,4906,97
-9571186.36629591,3814326.38232221,4907,97
-9550932.89814098,3525716.68410331,4908,121
-9580936.84049449,4275656.68588557,4909,128
-9502970.8955327,3928233.66182327,4910,122
-9718781.53955399,3922345.11040252,4911,106
-9606571.49283437,3772031.13194853,4912,90
-9606571.49283437,3772031.13194853,4913,90
-9606571.49283437,3772031.13194853,4914,90
-9606571.49283437,3772031.13194853,4915,90
-9606571.49283437,3772031.13194853,4916,90
-9606571.49283437,3772031.13194853,4917,90
-9606571.49283437,3772031.13194853,4918,90
-9606571.49283437,3772031.13194853,4919,90
-9674101.23553429,3866158.77909174,4920,107
-9674101.23553429,3866158.77909174,4921,107
-9674101.23553429,3866158.77909174,4922,107
-9564324.63288341,3757447.11072431,4923,84
-9564324.63288341,3757447.11072431,4924,84
-9564324.63288341,3757447.11072431,4925,84
-9820765.77784934,3574357.04518253,4926,119
-9679427.87316875,3819274.84519385,4927,124
-9460370.03960102,4010647.6376183,4928,87
-9460370.03960102,4010647.6376183,4929,87
-9418828.9452217,3731969.72365332,4930,55
-9418828.9452217,3731969.72365332,4931,55
-9418828.9452217,3731969.72365332,4932,55
-9418828.9452217,3731969.72365332,4933,55
-9616722.71719981,3836046.10740248,4934,122
-9616722.71719981,3836046.10740248,4935,122
-9616722.717